seed,image_key,place_key,strategy,condition,random_repeat,shift_y,shift_x,paired_eligible,exclusion_reason,legal_random_locations,unique_random_placements,placement_seed,target_mask_tokens,mask_pixels,actual_area_fraction,clean_margin,perturbed_margin,clean_positive_sim,positive_sim,clean_negative_sim,negative_sim,clean_rank,perturbed_rank,margin_drop,descriptor_drift,positive_similarity_drop,rank_degradation,failure_flip,hit_at_1,hit_at_5,hit_at_10,applied_mask_pixels
0,Miami/Miami_0003418_2015_10_305_25.75781373645987_-80.25895705092262_8CBliO0XoMBZgkGQun9JUg.jpg,Miami:3418,attention,clean,-1,0,0,True,,4088,5,3248366653219435522,38,7448,0.1484375,0.2919233441352844,0.2919233441352844,0.4804275333881378,0.4804275333881378,0.1885041743516922,0.1885041743516922,1,1,0.0,0.0,0.0,0,0,1,1,1,0
0,Miami/Miami_0003418_2015_10_305_25.75781373645987_-80.25895705092262_8CBliO0XoMBZgkGQun9JUg.jpg,Miami:3418,fused,clean,-1,0,0,True,,4858,5,5267898687906403286,38,7448,0.1484375,0.2919233441352844,0.2919233441352844,0.4804275333881378,0.4804275333881378,0.1885041743516922,0.1885041743516922,1,1,0.0,0.0,0.0,0,0,1,1,1,0
0,Miami/Miami_0003418_2015_10_305_25.75781373645987_-80.25895705092262_8CBliO0XoMBZgkGQun9JUg.jpg,Miami:3418,attention,targeted,-1,0,0,True,,4088,5,3248366653219435522,38,7448,0.1484375,0.2919233441352844,0.1921948939561844,0.4804275333881378,0.37217193841934204,0.1885041743516922,0.17997704446315765,1,1,0.09972845017910004,0.21958380937576294,0.10825559496879578,0,0,1,1,1,7448
0,Miami/Miami_0003418_2015_10_305_25.75781373645987_-80.25895705092262_8CBliO0XoMBZgkGQun9JUg.jpg,Miami:3418,attention,random,0,96,-10,True,,4088,5,3248366653219435522,38,7448,0.1484375,0.2919233441352844,0.28507745265960693,0.4804275333881378,0.473602831363678,0.1885041743516922,0.18852537870407104,1,1,0.00684589147567749,0.07062965631484985,0.006824702024459839,0,0,1,1,1,7448
0,Miami/Miami_0003418_2015_10_305_25.75781373645987_-80.25895705092262_8CBliO0XoMBZgkGQun9JUg.jpg,Miami:3418,attention,random,1,96,-16,True,,4088,5,3248366653219435522,38,7448,0.1484375,0.2919233441352844,0.28228384256362915,0.4804275333881378,0.47498655319213867,0.1885041743516922,0.19270271062850952,1,1,0.009639501571655273,0.07626736164093018,0.0054409801959991455,0,0,1,1,1,7448
0,Miami/Miami_0003418_2015_10_305_25.75781373645987_-80.25895705092262_8CBliO0XoMBZgkGQun9JUg.jpg,Miami:3418,attention,random,2,-1,-22,True,,4088,5,3248366653219435522,38,7448,0.1484375,0.2919233441352844,0.20233577489852905,0.4804275333881378,0.4026036858558655,0.1885041743516922,0.20026791095733643,1,1,0.08958756923675537,0.27420151233673096,0.07782384753227234,0,0,1,1,1,7448
0,Miami/Miami_0003418_2015_10_305_25.75781373645987_-80.25895705092262_8CBliO0XoMBZgkGQun9JUg.jpg,Miami:3418,attention,random,3,78,-28,True,,4088,5,3248366653219435522,38,7448,0.1484375,0.2919233441352844,0.29410025477409363,0.4804275333881378,0.48142901062965393,0.1885041743516922,0.1873287558555603,1,1,-0.002176910638809204,0.09231090545654297,-0.0010014772415161133,0,0,1,1,1,7448
0,Miami/Miami_0003418_2015_10_305_25.75781373645987_-80.25895705092262_8CBliO0XoMBZgkGQun9JUg.jpg,Miami:3418,attention,random,4,107,-4,True,,4088,5,3248366653219435522,38,7448,0.1484375,0.2919233441352844,0.29820525646209717,0.4804275333881378,0.4900900721549988,0.1885041743516922,0.1918848305940628,1,1,-0.006281912326812744,0.05193692445755005,-0.009662538766860962,0,0,1,1,1,7448
0,Miami/Miami_0003418_2015_10_305_25.75781373645987_-80.25895705092262_8CBliO0XoMBZgkGQun9JUg.jpg,Miami:3418,fused,targeted,-1,0,0,True,,4858,5,5267898687906403286,38,7448,0.1484375,0.2919233441352844,0.1950242966413498,0.4804275333881378,0.3887283205986023,0.1885041743516922,0.1937040239572525,1,1,0.09689904749393463,0.22506588697433472,0.09169921278953552,0,0,1,1,1,7448
0,Miami/Miami_0003418_2015_10_305_25.75781373645987_-80.25895705092262_8CBliO0XoMBZgkGQun9JUg.jpg,Miami:3418,fused,random,0,-9,-4,True,,4858,5,5267898687906403286,38,7448,0.1484375,0.2919233441352844,0.1891215294599533,0.4804275333881378,0.3744121193885803,0.1885041743516922,0.18529058992862701,1,1,0.10280181467533112,0.26297032833099365,0.1060154139995575,0,0,1,1,1,7448
0,Miami/Miami_0003418_2015_10_305_25.75781373645987_-80.25895705092262_8CBliO0XoMBZgkGQun9JUg.jpg,Miami:3418,fused,random,1,40,-7,True,,4858,5,5267898687906403286,38,7448,0.1484375,0.2919233441352844,0.2777244448661804,0.4804275333881378,0.44801294803619385,0.1885041743516922,0.17028850317001343,1,1,0.014198899269104004,0.17200219631195068,0.03241458535194397,0,0,1,1,1,7448
0,Miami/Miami_0003418_2015_10_305_25.75781373645987_-80.25895705092262_8CBliO0XoMBZgkGQun9JUg.jpg,Miami:3418,fused,random,2,77,-25,True,,4858,5,5267898687906403286,38,7448,0.1484375,0.2919233441352844,0.29677852988243103,0.4804275333881378,0.48640069365501404,0.1885041743516922,0.189622163772583,1,1,-0.0048551857471466064,0.09118330478668213,-0.005973160266876221,0,0,1,1,1,7448
0,Miami/Miami_0003418_2015_10_305_25.75781373645987_-80.25895705092262_8CBliO0XoMBZgkGQun9JUg.jpg,Miami:3418,fused,random,3,78,-10,True,,4858,5,5267898687906403286,38,7448,0.1484375,0.2919233441352844,0.27490994334220886,0.4804275333881378,0.4705827534198761,0.1885041743516922,0.19567281007766724,1,1,0.01701340079307556,0.06973302364349365,0.009844779968261719,0,0,1,1,1,7448
0,Miami/Miami_0003418_2015_10_305_25.75781373645987_-80.25895705092262_8CBliO0XoMBZgkGQun9JUg.jpg,Miami:3418,fused,random,4,-1,13,True,,4858,5,5267898687906403286,38,7448,0.1484375,0.2919233441352844,0.17551995813846588,0.4804275333881378,0.36777418851852417,0.1885041743516922,0.1922542303800583,1,1,0.11640338599681854,0.2406100630760193,0.11265334486961365,0,0,1,1,1,7448
0,Miami/Miami_0006062_2007_12_310_25.77859697555733_-80.2419719939299_1QEWQpGyD5wT6Z2uUWbJNQ.jpg,Miami:6062,attention,clean,-1,0,0,True,,154,5,1043758602200557746,38,7448,0.1484375,-0.007329165935516357,-0.007329165935516357,0.42422163486480713,0.42422163486480713,0.4315508008003235,0.4315508008003235,2,2,0.0,0.0,0.0,0,0,0,1,1,0
0,Miami/Miami_0006062_2007_12_310_25.77859697555733_-80.2419719939299_1QEWQpGyD5wT6Z2uUWbJNQ.jpg,Miami:6062,fused,clean,-1,0,0,True,,7028,5,8462294034360609936,38,7448,0.1484375,-0.007329165935516357,-0.007329165935516357,0.42422163486480713,0.42422163486480713,0.4315508008003235,0.4315508008003235,2,2,0.0,0.0,0.0,0,0,0,1,1,0
0,Miami/Miami_0006062_2007_12_310_25.77859697555733_-80.2419719939299_1QEWQpGyD5wT6Z2uUWbJNQ.jpg,Miami:6062,attention,targeted,-1,0,0,True,,154,5,1043758602200557746,38,7448,0.1484375,-0.007329165935516357,-0.0005008280277252197,0.42422163486480713,0.3492874205112457,0.4315508008003235,0.34978824853897095,2,2,-0.006828337907791138,0.1683797836303711,0.0749342143535614,0,0,0,1,1,7448
0,Miami/Miami_0006062_2007_12_310_25.77859697555733_-80.2419719939299_1QEWQpGyD5wT6Z2uUWbJNQ.jpg,Miami:6062,attention,random,0,-113,0,True,,154,5,1043758602200557746,38,7448,0.1484375,-0.007329165935516357,0.009965181350708008,0.42422163486480713,0.37958958745002747,0.4315508008003235,0.36962440609931946,2,1,-0.017294347286224365,0.19371533393859863,0.04463204741477966,-1,0,1,1,1,7448
0,Miami/Miami_0006062_2007_12_310_25.77859697555733_-80.2419719939299_1QEWQpGyD5wT6Z2uUWbJNQ.jpg,Miami:6062,attention,random,1,-125,0,True,,154,5,1043758602200557746,38,7448,0.1484375,-0.007329165935516357,0.031166166067123413,0.42422163486480713,0.41849184036254883,0.4315508008003235,0.3873256742954254,2,1,-0.03849533200263977,0.10027486085891724,0.005729794502258301,-1,0,1,1,1,7448
0,Miami/Miami_0006062_2007_12_310_25.77859697555733_-80.2419719939299_1QEWQpGyD5wT6Z2uUWbJNQ.jpg,Miami:6062,attention,random,2,-59,0,True,,154,5,1043758602200557746,38,7448,0.1484375,-0.007329165935516357,-0.01590999960899353,0.42422163486480713,0.3954099416732788,0.4315508008003235,0.41131994128227234,2,2,0.008580833673477173,0.17280197143554688,0.02881169319152832,0,0,0,1,1,7448
0,Miami/Miami_0006062_2007_12_310_25.77859697555733_-80.2419719939299_1QEWQpGyD5wT6Z2uUWbJNQ.jpg,Miami:6062,attention,random,3,-93,0,True,,154,5,1043758602200557746,38,7448,0.1484375,-0.007329165935516357,0.0021713078022003174,0.42422163486480713,0.40220820903778076,0.4315508008003235,0.40003690123558044,2,1,-0.009500473737716675,0.175919771194458,0.022013425827026367,-1,0,1,1,1,7448
0,Miami/Miami_0006062_2007_12_310_25.77859697555733_-80.2419719939299_1QEWQpGyD5wT6Z2uUWbJNQ.jpg,Miami:6062,attention,random,4,-78,0,True,,154,5,1043758602200557746,38,7448,0.1484375,-0.007329165935516357,-0.0013005733489990234,0.42422163486480713,0.4027637839317322,0.4315508008003235,0.4040643572807312,2,2,-0.006028592586517334,0.17199265956878662,0.02145785093307495,0,0,0,1,1,7448
0,Miami/Miami_0006062_2007_12_310_25.77859697555733_-80.2419719939299_1QEWQpGyD5wT6Z2uUWbJNQ.jpg,Miami:6062,fused,targeted,-1,0,0,True,,7028,5,8462294034360609936,38,7448,0.1484375,-0.007329165935516357,-0.011146843433380127,0.42422163486480713,0.4035182595252991,0.4315508008003235,0.4146651029586792,2,2,0.0038176774978637695,0.15574568510055542,0.020703375339508057,0,0,0,1,1,7448
0,Miami/Miami_0006062_2007_12_310_25.77859697555733_-80.2419719939299_1QEWQpGyD5wT6Z2uUWbJNQ.jpg,Miami:6062,fused,random,0,-48,21,True,,7028,5,8462294034360609936,38,7448,0.1484375,-0.007329165935516357,0.004215627908706665,0.42422163486480713,0.4073086380958557,0.4315508008003235,0.40309301018714905,2,1,-0.011544793844223022,0.0955972671508789,0.016912996768951416,-1,0,1,1,1,7448
0,Miami/Miami_0006062_2007_12_310_25.77859697555733_-80.2419719939299_1QEWQpGyD5wT6Z2uUWbJNQ.jpg,Miami:6062,fused,random,1,-6,25,True,,7028,5,8462294034360609936,38,7448,0.1484375,-0.007329165935516357,0.003610938787460327,0.42422163486480713,0.4153960943222046,0.4315508008003235,0.41178515553474426,2,1,-0.010940104722976685,0.1893293857574463,0.008825540542602539,-1,0,1,1,1,7448
0,Miami/Miami_0006062_2007_12_310_25.77859697555733_-80.2419719939299_1QEWQpGyD5wT6Z2uUWbJNQ.jpg,Miami:6062,fused,random,2,-27,54,True,,7028,5,8462294034360609936,38,7448,0.1484375,-0.007329165935516357,-0.0015794932842254639,0.42422163486480713,0.4253583550453186,0.4315508008003235,0.42693784832954407,2,2,-0.0057496726512908936,0.11061215400695801,-0.0011367201805114746,0,0,0,1,1,7448
0,Miami/Miami_0006062_2007_12_310_25.77859697555733_-80.2419719939299_1QEWQpGyD5wT6Z2uUWbJNQ.jpg,Miami:6062,fused,random,3,-52,52,True,,7028,5,8462294034360609936,38,7448,0.1484375,-0.007329165935516357,0.0016901493072509766,0.42422163486480713,0.42382821440696716,0.4315508008003235,0.4221380650997162,2,1,-0.009019315242767334,0.08100616931915283,0.0003934204578399658,-1,0,1,1,1,7448
0,Miami/Miami_0006062_2007_12_310_25.77859697555733_-80.2419719939299_1QEWQpGyD5wT6Z2uUWbJNQ.jpg,Miami:6062,fused,random,4,5,42,True,,7028,5,8462294034360609936,38,7448,0.1484375,-0.007329165935516357,0.010609298944473267,0.42422163486480713,0.42450955510139465,0.4315508008003235,0.4139002561569214,2,1,-0.017938464879989624,0.16884273290634155,-0.0002879202365875244,-1,0,1,1,1,7448
0,Phoenix/Phoenix_0003753_2019_03_009_33.46150049290962_-112.1151121833792_LRU3HnLRpdJ087TMMObd8A.jpg,Phoenix:3753,attention,clean,-1,0,0,True,,2324,5,3819507934021997493,38,7448,0.1484375,0.2543315887451172,0.2543315887451172,0.6431194543838501,0.6431194543838501,0.3887878656387329,0.3887878656387329,1,1,0.0,0.0,0.0,0,0,1,1,1,0
0,Phoenix/Phoenix_0003753_2019_03_009_33.46150049290962_-112.1151121833792_LRU3HnLRpdJ087TMMObd8A.jpg,Phoenix:3753,fused,clean,-1,0,0,True,,2324,5,5861285326656893334,38,7448,0.1484375,0.2543315887451172,0.2543315887451172,0.6431194543838501,0.6431194543838501,0.3887878656387329,0.3887878656387329,1,1,0.0,0.0,0.0,0,0,1,1,1,0
0,Phoenix/Phoenix_0003753_2019_03_009_33.46150049290962_-112.1151121833792_LRU3HnLRpdJ087TMMObd8A.jpg,Phoenix:3753,attention,targeted,-1,0,0,True,,2324,5,3819507934021997493,38,7448,0.1484375,0.2543315887451172,0.11822068691253662,0.6431194543838501,0.4107540547847748,0.3887878656387329,0.29253336787223816,1,1,0.13611090183258057,0.43007147312164307,0.23236539959907532,0,0,1,1,1,7448
0,Phoenix/Phoenix_0003753_2019_03_009_33.46150049290962_-112.1151121833792_LRU3HnLRpdJ087TMMObd8A.jpg,Phoenix:3753,attention,random,0,-71,6,True,,2324,5,3819507934021997493,38,7448,0.1484375,0.2543315887451172,0.2512108385562897,0.6431194543838501,0.6184869408607483,0.3887878656387329,0.3672761023044586,1,1,0.0031207501888275146,0.0524066686630249,0.024632513523101807,0,0,1,1,1,7448
0,Phoenix/Phoenix_0003753_2019_03_009_33.46150049290962_-112.1151121833792_LRU3HnLRpdJ087TMMObd8A.jpg,Phoenix:3753,attention,random,1,-73,0,True,,2324,5,3819507934021997493,38,7448,0.1484375,0.2543315887451172,0.25497865676879883,0.6431194543838501,0.6265830993652344,0.3887878656387329,0.37160444259643555,1,1,-0.0006470680236816406,0.045335233211517334,0.016536355018615723,0,0,1,1,1,7448
0,Phoenix/Phoenix_0003753_2019_03_009_33.46150049290962_-112.1151121833792_LRU3HnLRpdJ087TMMObd8A.jpg,Phoenix:3753,attention,random,2,-22,3,True,,2324,5,3819507934021997493,38,7448,0.1484375,0.2543315887451172,0.18548792600631714,0.6431194543838501,0.5237650871276855,0.3887878656387329,0.3382771611213684,1,1,0.06884366273880005,0.24731242656707764,0.11935436725616455,0,0,1,1,1,7448
0,Phoenix/Phoenix_0003753_2019_03_009_33.46150049290962_-112.1151121833792_LRU3HnLRpdJ087TMMObd8A.jpg,Phoenix:3753,attention,random,3,-1,1,True,,2324,5,3819507934021997493,38,7448,0.1484375,0.2543315887451172,0.0967290997505188,0.6431194543838501,0.38606828451156616,0.3887878656387329,0.28933918476104736,1,1,0.1576024889945984,0.47484278678894043,0.25705116987228394,0,0,1,1,1,7448
0,Phoenix/Phoenix_0003753_2019_03_009_33.46150049290962_-112.1151121833792_LRU3HnLRpdJ087TMMObd8A.jpg,Phoenix:3753,attention,random,4,-44,6,True,,2324,5,3819507934021997493,38,7448,0.1484375,0.2543315887451172,0.24050164222717285,0.6431194543838501,0.5794855356216431,0.3887878656387329,0.3389838933944702,1,1,0.013829946517944336,0.09278714656829834,0.06363391876220703,0,0,1,1,1,7448
0,Phoenix/Phoenix_0003753_2019_03_009_33.46150049290962_-112.1151121833792_LRU3HnLRpdJ087TMMObd8A.jpg,Phoenix:3753,fused,targeted,-1,0,0,True,,2324,5,5861285326656893334,38,7448,0.1484375,0.2543315887451172,0.11886206269264221,0.6431194543838501,0.43969351053237915,0.3887878656387329,0.32083144783973694,1,1,0.13546952605247498,0.40490663051605225,0.20342594385147095,0,0,1,1,1,7448
0,Phoenix/Phoenix_0003753_2019_03_009_33.46150049290962_-112.1151121833792_LRU3HnLRpdJ087TMMObd8A.jpg,Phoenix:3753,fused,random,0,-16,9,True,,2324,5,5861285326656893334,38,7448,0.1484375,0.2543315887451172,0.18525969982147217,0.6431194543838501,0.4789489507675171,0.3887878656387329,0.2936892509460449,1,1,0.06907188892364502,0.32491278648376465,0.164170503616333,0,0,1,1,1,7448
0,Phoenix/Phoenix_0003753_2019_03_009_33.46150049290962_-112.1151121833792_LRU3HnLRpdJ087TMMObd8A.jpg,Phoenix:3753,fused,random,1,-3,13,True,,2324,5,5861285326656893334,38,7448,0.1484375,0.2543315887451172,0.13791966438293457,0.6431194543838501,0.4648313522338867,0.3887878656387329,0.32691168785095215,1,1,0.11641192436218262,0.4106907844543457,0.17828810214996338,0,0,1,1,1,7448
0,Phoenix/Phoenix_0003753_2019_03_009_33.46150049290962_-112.1151121833792_LRU3HnLRpdJ087TMMObd8A.jpg,Phoenix:3753,fused,random,2,-92,2,True,,2324,5,5861285326656893334,38,7448,0.1484375,0.2543315887451172,0.2492700219154358,0.6431194543838501,0.634341835975647,0.3887878656387329,0.3850718140602112,1,1,0.0050615668296813965,0.01350480318069458,0.008777618408203125,0,0,1,1,1,7448
0,Phoenix/Phoenix_0003753_2019_03_009_33.46150049290962_-112.1151121833792_LRU3HnLRpdJ087TMMObd8A.jpg,Phoenix:3753,fused,random,3,-32,0,True,,2324,5,5861285326656893334,38,7448,0.1484375,0.2543315887451172,0.23259389400482178,0.6431194543838501,0.5744715332984924,0.3887878656387329,0.34187763929367065,1,1,0.02173769474029541,0.09929919242858887,0.06864792108535767,0,0,1,1,1,7448
0,Phoenix/Phoenix_0003753_2019_03_009_33.46150049290962_-112.1151121833792_LRU3HnLRpdJ087TMMObd8A.jpg,Phoenix:3753,fused,random,4,-75,9,True,,2324,5,5861285326656893334,38,7448,0.1484375,0.2543315887451172,0.256352961063385,0.6431194543838501,0.626017689704895,0.3887878656387329,0.36966472864151,1,1,-0.0020213723182678223,0.0532718300819397,0.017101764678955078,0,0,1,1,1,7448
0,Phoenix/Phoenix_0004643_2011_03_048_33.47030520799914_-112.0870178971757_lrCgbcYXIkc9o_dB51V7Mg.jpg,Phoenix:4643,attention,clean,-1,0,0,True,,3682,5,7069478577916085285,38,7448,0.1484375,0.2014474868774414,0.2014474868774414,0.5041372776031494,0.5041372776031494,0.302689790725708,0.302689790725708,1,1,0.0,0.0,0.0,0,0,1,1,1,0
0,Phoenix/Phoenix_0004643_2011_03_048_33.47030520799914_-112.0870178971757_lrCgbcYXIkc9o_dB51V7Mg.jpg,Phoenix:4643,fused,clean,-1,0,0,True,,9016,5,3556207364335101016,38,7448,0.1484375,0.2014474868774414,0.2014474868774414,0.5041372776031494,0.5041372776031494,0.302689790725708,0.302689790725708,1,1,0.0,0.0,0.0,0,0,1,1,1,0
0,Phoenix/Phoenix_0004643_2011_03_048_33.47030520799914_-112.0870178971757_lrCgbcYXIkc9o_dB51V7Mg.jpg,Phoenix:4643,attention,targeted,-1,0,0,True,,3682,5,7069478577916085285,38,7448,0.1484375,0.2014474868774414,0.1729196310043335,0.5041372776031494,0.40686798095703125,0.302689790725708,0.23394834995269775,1,1,0.02852785587310791,0.3601232171058655,0.09726929664611816,0,0,1,1,1,7448
0,Phoenix/Phoenix_0004643_2011_03_048_33.47030520799914_-112.0870178971757_lrCgbcYXIkc9o_dB51V7Mg.jpg,Phoenix:4643,attention,random,0,-36,-20,True,,3682,5,7069478577916085285,38,7448,0.1484375,0.2014474868774414,0.16101300716400146,0.5041372776031494,0.46941137313842773,0.302689790725708,0.30839836597442627,1,1,0.04043447971343994,0.1285947561264038,0.03472590446472168,0,0,1,1,1,7448
0,Phoenix/Phoenix_0004643_2011_03_048_33.47030520799914_-112.0870178971757_lrCgbcYXIkc9o_dB51V7Mg.jpg,Phoenix:4643,attention,random,1,30,0,True,,3682,5,7069478577916085285,38,7448,0.1484375,0.2014474868774414,0.166517972946167,0.5041372776031494,0.43217378854751587,0.302689790725708,0.2656558156013489,1,1,0.034929513931274414,0.2548389434814453,0.07196348905563354,0,0,1,1,1,7448
0,Phoenix/Phoenix_0004643_2011_03_048_33.47030520799914_-112.0870178971757_lrCgbcYXIkc9o_dB51V7Mg.jpg,Phoenix:4643,attention,random,2,75,-14,True,,3682,5,7069478577916085285,38,7448,0.1484375,0.2014474868774414,0.16228553652763367,0.5041372776031494,0.4399147927761078,0.302689790725708,0.2776292562484741,1,1,0.03916195034980774,0.08780401945114136,0.06422248482704163,0,0,1,1,1,7448
0,Phoenix/Phoenix_0004643_2011_03_048_33.47030520799914_-112.0870178971757_lrCgbcYXIkc9o_dB51V7Mg.jpg,Phoenix:4643,attention,random,3,54,-27,True,,3682,5,7069478577916085285,38,7448,0.1484375,0.2014474868774414,0.15298646688461304,0.5041372776031494,0.4306202232837677,0.302689790725708,0.27763375639915466,1,1,0.04846101999282837,0.14275634288787842,0.07351705431938171,0,0,1,1,1,7448
0,Phoenix/Phoenix_0004643_2011_03_048_33.47030520799914_-112.0870178971757_lrCgbcYXIkc9o_dB51V7Mg.jpg,Phoenix:4643,attention,random,4,81,-10,True,,3682,5,7069478577916085285,38,7448,0.1484375,0.2014474868774414,0.18078464269638062,0.5041372776031494,0.4642307162284851,0.302689790725708,0.2834460735321045,1,1,0.02066284418106079,0.07554709911346436,0.03990656137466431,0,0,1,1,1,7448
0,Phoenix/Phoenix_0004643_2011_03_048_33.47030520799914_-112.0870178971757_lrCgbcYXIkc9o_dB51V7Mg.jpg,Phoenix:4643,fused,targeted,-1,0,0,True,,9016,5,3556207364335101016,38,7448,0.1484375,0.2014474868774414,0.1685783863067627,0.5041372776031494,0.39063936471939087,0.302689790725708,0.22206097841262817,1,1,0.03286910057067871,0.35607123374938965,0.11349791288375854,0,0,1,1,1,7448
0,Phoenix/Phoenix_0004643_2011_03_048_33.47030520799914_-112.0870178971757_lrCgbcYXIkc9o_dB51V7Mg.jpg,Phoenix:4643,fused,random,0,78,-22,True,,9016,5,3556207364335101016,38,7448,0.1484375,0.2014474868774414,0.18074703216552734,0.5041372776031494,0.46823248267173767,0.302689790725708,0.2874854505062103,1,1,0.020700454711914062,0.06678259372711182,0.03590479493141174,0,0,1,1,1,7448
0,Phoenix/Phoenix_0004643_2011_03_048_33.47030520799914_-112.0870178971757_lrCgbcYXIkc9o_dB51V7Mg.jpg,Phoenix:4643,fused,random,1,21,-38,True,,9016,5,3556207364335101016,38,7448,0.1484375,0.2014474868774414,0.2014046311378479,0.5041372776031494,0.46241116523742676,0.302689790725708,0.26100653409957886,1,1,4.285573959350586e-05,0.225327730178833,0.041726112365722656,0,0,1,1,1,7448
0,Phoenix/Phoenix_0004643_2011_03_048_33.47030520799914_-112.0870178971757_lrCgbcYXIkc9o_dB51V7Mg.jpg,Phoenix:4643,fused,random,2,45,-46,True,,9016,5,3556207364335101016,38,7448,0.1484375,0.2014474868774414,0.1958649754524231,0.5041372776031494,0.4590771198272705,0.302689790725708,0.2632121443748474,1,1,0.0055825114250183105,0.1351783275604248,0.045060157775878906,0,0,1,1,1,7448
0,Phoenix/Phoenix_0004643_2011_03_048_33.47030520799914_-112.0870178971757_lrCgbcYXIkc9o_dB51V7Mg.jpg,Phoenix:4643,fused,random,3,-29,-62,True,,9016,5,3556207364335101016,38,7448,0.1484375,0.2014474868774414,0.18116745352745056,0.5041372776031494,0.4788850247859955,0.302689790725708,0.2977175712585449,1,1,0.020280033349990845,0.17311936616897583,0.02525225281715393,0,0,1,1,1,7448
0,Phoenix/Phoenix_0004643_2011_03_048_33.47030520799914_-112.0870178971757_lrCgbcYXIkc9o_dB51V7Mg.jpg,Phoenix:4643,fused,random,4,44,-37,True,,9016,5,3556207364335101016,38,7448,0.1484375,0.2014474868774414,0.18158864974975586,0.5041372776031494,0.44526827335357666,0.302689790725708,0.2636796236038208,1,1,0.019858837127685547,0.1396399736404419,0.058869004249572754,0,0,1,1,1,7448
0,London/London_0000335_2016_05_067_51.48789482684779_-0.1461782484006166_BO76LUht10YEKsdQV820Dw.jpg,London:335,attention,clean,-1,0,0,True,,98,5,4942226508556350585,38,7448,0.1484375,0.34721022844314575,0.34721022844314575,0.5822930932044983,0.5822930932044983,0.23508287966251373,0.23508287966251373,1,1,0.0,0.0,0.0,0,0,1,1,1,0
0,London/London_0000335_2016_05_067_51.48789482684779_-0.1461782484006166_BO76LUht10YEKsdQV820Dw.jpg,London:335,fused,clean,-1,0,0,True,,5642,5,5406562015456908981,38,7448,0.1484375,0.34721022844314575,0.34721022844314575,0.5822930932044983,0.5822930932044983,0.23508287966251373,0.23508287966251373,1,1,0.0,0.0,0.0,0,0,1,1,1,0
0,London/London_0000335_2016_05_067_51.48789482684779_-0.1461782484006166_BO76LUht10YEKsdQV820Dw.jpg,London:335,attention,targeted,-1,0,0,True,,98,5,4942226508556350585,38,7448,0.1484375,0.34721022844314575,0.34493544697761536,0.5822930932044983,0.6168830990791321,0.23508287966251373,0.2719476521015167,1,1,0.0022747814655303955,0.1604858636856079,-0.03459000587463379,0,0,1,1,1,7448
0,London/London_0000335_2016_05_067_51.48789482684779_-0.1461782484006166_BO76LUht10YEKsdQV820Dw.jpg,London:335,attention,random,0,0,55,True,,98,5,4942226508556350585,38,7448,0.1484375,0.34721022844314575,0.3145965337753296,0.5822930932044983,0.556661069393158,0.23508287966251373,0.24206453561782837,1,1,0.03261369466781616,0.10853332281112671,0.025632023811340332,0,0,1,1,1,7448
0,London/London_0000335_2016_05_067_51.48789482684779_-0.1461782484006166_BO76LUht10YEKsdQV820Dw.jpg,London:335,attention,random,1,0,24,True,,98,5,4942226508556350585,38,7448,0.1484375,0.34721022844314575,0.3319321274757385,0.5822930932044983,0.60352623462677,0.23508287966251373,0.2715941071510315,1,1,0.015278100967407227,0.12217289209365845,-0.02123314142227173,0,0,1,1,1,7448
0,London/London_0000335_2016_05_067_51.48789482684779_-0.1461782484006166_BO76LUht10YEKsdQV820Dw.jpg,London:335,attention,random,2,0,45,True,,98,5,4942226508556350585,38,7448,0.1484375,0.34721022844314575,0.32629507780075073,0.5822930932044983,0.5581904649734497,0.23508287966251373,0.23189538717269897,1,1,0.02091515064239502,0.11118775606155396,0.024102628231048584,0,0,1,1,1,7448
0,London/London_0000335_2016_05_067_51.48789482684779_-0.1461782484006166_BO76LUht10YEKsdQV820Dw.jpg,London:335,attention,random,3,0,18,True,,98,5,4942226508556350585,38,7448,0.1484375,0.34721022844314575,0.33436375856399536,0.5822930932044983,0.6049192547798157,0.23508287966251373,0.2705554962158203,1,1,0.01284646987915039,0.13177871704101562,-0.022626161575317383,0,0,1,1,1,7448
0,London/London_0000335_2016_05_067_51.48789482684779_-0.1461782484006166_BO76LUht10YEKsdQV820Dw.jpg,London:335,attention,random,4,0,19,True,,98,5,4942226508556350585,38,7448,0.1484375,0.34721022844314575,0.33518558740615845,0.5822930932044983,0.6080216765403748,0.23508287966251373,0.2728360891342163,1,1,0.012024641036987305,0.12843918800354004,-0.025728583335876465,0,0,1,1,1,7448
0,London/London_0000335_2016_05_067_51.48789482684779_-0.1461782484006166_BO76LUht10YEKsdQV820Dw.jpg,London:335,fused,targeted,-1,0,0,True,,5642,5,5406562015456908981,38,7448,0.1484375,0.34721022844314575,0.3209227919578552,0.5822930932044983,0.6047543883323669,0.23508287966251373,0.2838315963745117,1,1,0.026287436485290527,0.14893460273742676,-0.022461295127868652,0,0,1,1,1,7448
0,London/London_0000335_2016_05_067_51.48789482684779_-0.1461782484006166_BO76LUht10YEKsdQV820Dw.jpg,London:335,fused,random,0,22,69,True,,5642,5,5406562015456908981,38,7448,0.1484375,0.34721022844314575,0.26888367533683777,0.5822930932044983,0.5402096509933472,0.23508287966251373,0.2713259756565094,1,1,0.07832655310630798,0.10285794734954834,0.04208344221115112,0,0,1,1,1,7448
0,London/London_0000335_2016_05_067_51.48789482684779_-0.1461782484006166_BO76LUht10YEKsdQV820Dw.jpg,London:335,fused,random,1,42,63,True,,5642,5,5406562015456908981,38,7448,0.1484375,0.34721022844314575,0.3002468943595886,0.5822930932044983,0.5564463138580322,0.23508287966251373,0.2561994194984436,1,1,0.04696333408355713,0.07861721515655518,0.025846779346466064,0,0,1,1,1,7448
0,London/London_0000335_2016_05_067_51.48789482684779_-0.1461782484006166_BO76LUht10YEKsdQV820Dw.jpg,London:335,fused,random,2,0,15,True,,5642,5,5406562015456908981,38,7448,0.1484375,0.34721022844314575,0.329010546207428,0.5822930932044983,0.6083887219429016,0.23508287966251373,0.27937817573547363,1,1,0.018199682235717773,0.13014793395996094,-0.02609562873840332,0,0,1,1,1,7448
0,London/London_0000335_2016_05_067_51.48789482684779_-0.1461782484006166_BO76LUht10YEKsdQV820Dw.jpg,London:335,fused,random,3,54,3,True,,5642,5,5406562015456908981,38,7448,0.1484375,0.34721022844314575,0.4406113624572754,0.5822930932044983,0.6924558281898499,0.23508287966251373,0.25184446573257446,1,1,-0.09340113401412964,0.19422805309295654,-0.11016273498535156,0,0,1,1,1,7448
0,London/London_0000335_2016_05_067_51.48789482684779_-0.1461782484006166_BO76LUht10YEKsdQV820Dw.jpg,London:335,fused,random,4,13,46,True,,5642,5,5406562015456908981,38,7448,0.1484375,0.34721022844314575,0.30239564180374146,0.5822930932044983,0.5622091293334961,0.23508287966251373,0.25981348752975464,1,1,0.0448145866394043,0.09538280963897705,0.020083963871002197,0,0,1,1,1,7448
0,Phoenix/Phoenix_0005083_2008_07_275_33.47396395855898_-112.0311795323781_S_DMrKvVR8Gh8zJrnr8i9g.jpg,Phoenix:5083,attention,clean,-1,0,0,True,,6062,5,4394595741941540288,38,7448,0.1484375,-0.05896666646003723,-0.05896666646003723,0.2593027949333191,0.2593027949333191,0.3182694613933563,0.3182694613933563,4,4,0.0,0.0,0.0,0,0,0,1,1,0
0,Phoenix/Phoenix_0005083_2008_07_275_33.47396395855898_-112.0311795323781_S_DMrKvVR8Gh8zJrnr8i9g.jpg,Phoenix:5083,fused,clean,-1,0,0,True,,8036,5,4868931854119215458,38,7448,0.1484375,-0.05896666646003723,-0.05896666646003723,0.2593027949333191,0.2593027949333191,0.3182694613933563,0.3182694613933563,4,4,0.0,0.0,0.0,0,0,0,1,1,0
0,Phoenix/Phoenix_0005083_2008_07_275_33.47396395855898_-112.0311795323781_S_DMrKvVR8Gh8zJrnr8i9g.jpg,Phoenix:5083,attention,targeted,-1,0,0,True,,6062,5,4394595741941540288,38,7448,0.1484375,-0.05896666646003723,-0.1572640836238861,0.2593027949333191,0.14464476704597473,0.3182694613933563,0.30190885066986084,4,200,0.09829741716384888,0.31306326389312744,0.11465802788734436,196,0,0,0,0,7448
0,Phoenix/Phoenix_0005083_2008_07_275_33.47396395855898_-112.0311795323781_S_DMrKvVR8Gh8zJrnr8i9g.jpg,Phoenix:5083,attention,random,0,-80,-32,True,,6062,5,4394595741941540288,38,7448,0.1484375,-0.05896666646003723,-0.04379674792289734,0.2593027949333191,0.2524571120738983,0.3182694613933563,0.29625385999679565,4,4,-0.015169918537139893,0.04788476228713989,0.006845682859420776,0,0,0,1,1,7448
0,Phoenix/Phoenix_0005083_2008_07_275_33.47396395855898_-112.0311795323781_S_DMrKvVR8Gh8zJrnr8i9g.jpg,Phoenix:5083,attention,random,1,17,-2,True,,6062,5,4394595741941540288,38,7448,0.1484375,-0.05896666646003723,-0.2257932424545288,0.2593027949333191,0.08898866921663284,0.3182694613933563,0.31478190422058105,4,1251,0.16682657599449158,0.479813814163208,0.17031412571668625,1247,0,0,0,0,7448
0,Phoenix/Phoenix_0005083_2008_07_275_33.47396395855898_-112.0311795323781_S_DMrKvVR8Gh8zJrnr8i9g.jpg,Phoenix:5083,attention,random,2,-23,-22,True,,6062,5,4394595741941540288,38,7448,0.1484375,-0.05896666646003723,-0.104397714138031,0.2593027949333191,0.20819926261901855,0.3182694613933563,0.31259697675704956,4,23,0.045431047677993774,0.17398756742477417,0.05110353231430054,19,0,0,0,0,7448
0,Phoenix/Phoenix_0005083_2008_07_275_33.47396395855898_-112.0311795323781_S_DMrKvVR8Gh8zJrnr8i9g.jpg,Phoenix:5083,attention,random,3,-11,-6,True,,6062,5,4394595741941540288,38,7448,0.1484375,-0.05896666646003723,-0.178606778383255,0.2593027949333191,0.1361483633518219,0.3182694613933563,0.3147551417350769,4,313,0.11964011192321777,0.2526492476463318,0.12315443158149719,309,0,0,0,0,7448
0,Phoenix/Phoenix_0005083_2008_07_275_33.47396395855898_-112.0311795323781_S_DMrKvVR8Gh8zJrnr8i9g.jpg,Phoenix:5083,attention,random,4,-40,-5,True,,6062,5,4394595741941540288,38,7448,0.1484375,-0.05896666646003723,-0.03746858239173889,0.2593027949333191,0.20821700990200043,0.3182694613933563,0.24568559229373932,4,6,-0.02149808406829834,0.17435896396636963,0.051085785031318665,2,0,0,0,1,7448
0,Phoenix/Phoenix_0005083_2008_07_275_33.47396395855898_-112.0311795323781_S_DMrKvVR8Gh8zJrnr8i9g.jpg,Phoenix:5083,fused,targeted,-1,0,0,True,,8036,5,4868931854119215458,38,7448,0.1484375,-0.05896666646003723,-0.13376586139202118,0.2593027949333191,0.16003961861133575,0.3182694613933563,0.29380548000335693,4,109,0.07479919493198395,0.32110846042633057,0.09926317632198334,105,0,0,0,0,7448
0,Phoenix/Phoenix_0005083_2008_07_275_33.47396395855898_-112.0311795323781_S_DMrKvVR8Gh8zJrnr8i9g.jpg,Phoenix:5083,fused,random,0,26,-25,True,,8036,5,4868931854119215458,38,7448,0.1484375,-0.05896666646003723,-0.08476048707962036,0.2593027949333191,0.2058585286140442,0.3182694613933563,0.29061901569366455,4,23,0.02579382061958313,0.2929805517196655,0.0534442663192749,19,0,0,0,0,7448
0,Phoenix/Phoenix_0005083_2008_07_275_33.47396395855898_-112.0311795323781_S_DMrKvVR8Gh8zJrnr8i9g.jpg,Phoenix:5083,fused,random,1,-84,-31,True,,8036,5,4868931854119215458,38,7448,0.1484375,-0.05896666646003723,-0.012149572372436523,0.2593027949333191,0.265815794467926,0.3182694613933563,0.27796536684036255,4,3,-0.04681709408760071,0.04507255554199219,-0.006512999534606934,-1,0,0,1,1,7448
0,Phoenix/Phoenix_0005083_2008_07_275_33.47396395855898_-112.0311795323781_S_DMrKvVR8Gh8zJrnr8i9g.jpg,Phoenix:5083,fused,random,2,-25,-52,True,,8036,5,4868931854119215458,38,7448,0.1484375,-0.05896666646003723,-0.1165037453174591,0.2593027949333191,0.19918093085289001,0.3182694613933563,0.3156846761703491,4,35,0.057537078857421875,0.1680431365966797,0.06012186408042908,31,0,0,0,0,7448
0,Phoenix/Phoenix_0005083_2008_07_275_33.47396395855898_-112.0311795323781_S_DMrKvVR8Gh8zJrnr8i9g.jpg,Phoenix:5083,fused,random,3,41,0,True,,8036,5,4868931854119215458,38,7448,0.1484375,-0.05896666646003723,-0.12031614780426025,0.2593027949333191,0.2189544439315796,0.3182694613933563,0.33927059173583984,4,24,0.06134948134422302,0.23494720458984375,0.0403483510017395,20,0,0,0,0,7448
0,Phoenix/Phoenix_0005083_2008_07_275_33.47396395855898_-112.0311795323781_S_DMrKvVR8Gh8zJrnr8i9g.jpg,Phoenix:5083,fused,random,4,-63,-24,True,,8036,5,4868931854119215458,38,7448,0.1484375,-0.05896666646003723,-0.026929497718811035,0.2593027949333191,0.25456002354621887,0.3182694613933563,0.2814895212650299,4,3,-0.032037168741226196,0.06710708141326904,0.00474277138710022,-1,0,0,1,1,7448
0,Bangkok/Bangkok_0001913_2020_09_280_13.73731626897177_100.4846479105927_tMaJYnfZZhMWbB4Uh23oqg.jpg,Bangkok:1913,attention,clean,-1,0,0,True,,8036,5,6691408109086915144,38,7448,0.1484375,0.24803882837295532,0.24803882837295532,0.43789535760879517,0.43789535760879517,0.18985652923583984,0.18985652923583984,1,1,0.0,0.0,0.0,0,0,1,1,1,0
0,Bangkok/Bangkok_0001913_2020_09_280_13.73731626897177_100.4846479105927_tMaJYnfZZhMWbB4Uh23oqg.jpg,Bangkok:1913,fused,clean,-1,0,0,True,,8036,5,8808099533615867735,38,7448,0.1484375,0.24803882837295532,0.24803882837295532,0.43789535760879517,0.43789535760879517,0.18985652923583984,0.18985652923583984,1,1,0.0,0.0,0.0,0,0,1,1,1,0
0,Bangkok/Bangkok_0001913_2020_09_280_13.73731626897177_100.4846479105927_tMaJYnfZZhMWbB4Uh23oqg.jpg,Bangkok:1913,attention,targeted,-1,0,0,True,,8036,5,6691408109086915144,38,7448,0.1484375,0.24803882837295532,0.15645533800125122,0.43789535760879517,0.32652419805526733,0.18985652923583984,0.1700688600540161,1,1,0.0915834903717041,0.4604150056838989,0.11137115955352783,0,0,1,1,1,7448
0,Bangkok/Bangkok_0001913_2020_09_280_13.73731626897177_100.4846479105927_tMaJYnfZZhMWbB4Uh23oqg.jpg,Bangkok:1913,attention,random,0,4,-25,True,,8036,5,6691408109086915144,38,7448,0.1484375,0.24803882837295532,0.06806039810180664,0.43789535760879517,0.29919540882110596,0.18985652923583984,0.23113501071929932,1,1,0.17997843027114868,0.49445199966430664,0.1386999487876892,0,0,1,1,1,7448
0,Bangkok/Bangkok_0001913_2020_09_280_13.73731626897177_100.4846479105927_tMaJYnfZZhMWbB4Uh23oqg.jpg,Bangkok:1913,attention,random,1,58,-8,True,,8036,5,6691408109086915144,38,7448,0.1484375,0.24803882837295532,0.18361760675907135,0.43789535760879517,0.3703155219554901,0.18985652923583984,0.18669791519641876,1,1,0.06442122161388397,0.13271784782409668,0.06757983565330505,0,0,1,1,1,7448
0,Bangkok/Bangkok_0001913_2020_09_280_13.73731626897177_100.4846479105927_tMaJYnfZZhMWbB4Uh23oqg.jpg,Bangkok:1913,attention,random,2,31,-2,True,,8036,5,6691408109086915144,38,7448,0.1484375,0.24803882837295532,0.14696522057056427,0.43789535760879517,0.378984272480011,0.18985652923583984,0.23201905190944672,1,1,0.10107360780239105,0.29803264141082764,0.05891108512878418,0,0,1,1,1,7448
0,Bangkok/Bangkok_0001913_2020_09_280_13.73731626897177_100.4846479105927_tMaJYnfZZhMWbB4Uh23oqg.jpg,Bangkok:1913,attention,random,3,1,-17,True,,8036,5,6691408109086915144,38,7448,0.1484375,0.24803882837295532,0.08666238188743591,0.43789535760879517,0.312940388917923,0.18985652923583984,0.22627800703048706,1,1,0.1613764464855194,0.43759602308273315,0.12495496869087219,0,0,1,1,1,7448
0,Bangkok/Bangkok_0001913_2020_09_280_13.73731626897177_100.4846479105927_tMaJYnfZZhMWbB4Uh23oqg.jpg,Bangkok:1913,attention,random,4,60,-5,True,,8036,5,6691408109086915144,38,7448,0.1484375,0.24803882837295532,0.15754303336143494,0.43789535760879517,0.3355732560157776,0.18985652923583984,0.17803022265434265,1,1,0.09049579501152039,0.15656006336212158,0.10232210159301758,0,0,1,1,1,7448
0,Bangkok/Bangkok_0001913_2020_09_280_13.73731626897177_100.4846479105927_tMaJYnfZZhMWbB4Uh23oqg.jpg,Bangkok:1913,fused,targeted,-1,0,0,True,,8036,5,8808099533615867735,38,7448,0.1484375,0.24803882837295532,0.11476388573646545,0.43789535760879517,0.30682411789894104,0.18985652923583984,0.19206023216247559,1,1,0.13327494263648987,0.4685859680175781,0.13107123970985413,0,0,1,1,1,7448
0,Bangkok/Bangkok_0001913_2020_09_280_13.73731626897177_100.4846479105927_tMaJYnfZZhMWbB4Uh23oqg.jpg,Bangkok:1913,fused,random,0,-13,-14,True,,8036,5,8808099533615867735,38,7448,0.1484375,0.24803882837295532,0.09772196412086487,0.43789535760879517,0.2841859757900238,0.18985652923583984,0.18646401166915894,1,1,0.15031686425209045,0.4727829694747925,0.15370938181877136,0,0,1,1,1,7448
0,Bangkok/Bangkok_0001913_2020_09_280_13.73731626897177_100.4846479105927_tMaJYnfZZhMWbB4Uh23oqg.jpg,Bangkok:1913,fused,random,1,63,-11,True,,8036,5,8808099533615867735,38,7448,0.1484375,0.24803882837295532,0.1852911412715912,0.43789535760879517,0.3960970640182495,0.18985652923583984,0.21080592274665833,1,1,0.06274768710136414,0.09045523405075073,0.041798293590545654,0,0,1,1,1,7448
0,Bangkok/Bangkok_0001913_2020_09_280_13.73731626897177_100.4846479105927_tMaJYnfZZhMWbB4Uh23oqg.jpg,Bangkok:1913,fused,random,2,19,-9,True,,8036,5,8808099533615867735,38,7448,0.1484375,0.24803882837295532,0.13026174902915955,0.43789535760879517,0.3551928997039795,0.18985652923583984,0.22493115067481995,1,1,0.11777707934379578,0.43474292755126953,0.08270245790481567,0,0,1,1,1,7448
0,Bangkok/Bangkok_0001913_2020_09_280_13.73731626897177_100.4846479105927_tMaJYnfZZhMWbB4Uh23oqg.jpg,Bangkok:1913,fused,random,3,30,-34,True,,8036,5,8808099533615867735,38,7448,0.1484375,0.24803882837295532,0.1314878761768341,0.43789535760879517,0.34142038226127625,0.18985652923583984,0.20993250608444214,1,1,0.11655095219612122,0.30033135414123535,0.09647497534751892,0,0,1,1,1,7448
0,Bangkok/Bangkok_0001913_2020_09_280_13.73731626897177_100.4846479105927_tMaJYnfZZhMWbB4Uh23oqg.jpg,Bangkok:1913,fused,random,4,-23,-8,True,,8036,5,8808099533615867735,38,7448,0.1484375,0.24803882837295532,0.19153694808483124,0.43789535760879517,0.36268383264541626,0.18985652923583984,0.17114688456058502,1,1,0.056501880288124084,0.412184476852417,0.0752115249633789,0,0,1,1,1,7448
0,London/London_0007829_2015_07_041_51.52399059065294_-0.1441573327157997_hFQVPMApSxhcZ_itBM8Tmw.jpg,London:7829,attention,clean,-1,0,0,True,,4858,5,7868812472245017702,38,7448,0.1484375,0.2403600811958313,0.2403600811958313,0.4690835475921631,0.4690835475921631,0.2287234663963318,0.2287234663963318,1,1,0.0,0.0,0.0,0,0,1,1,1,0
0,London/London_0007829_2015_07_041_51.52399059065294_-0.1441573327157997_hFQVPMApSxhcZ_itBM8Tmw.jpg,London:7829,fused,clean,-1,0,0,True,,8834,5,561401631389123793,38,7448,0.1484375,0.2403600811958313,0.2403600811958313,0.4690835475921631,0.4690835475921631,0.2287234663963318,0.2287234663963318,1,1,0.0,0.0,0.0,0,0,1,1,1,0
0,London/London_0007829_2015_07_041_51.52399059065294_-0.1441573327157997_hFQVPMApSxhcZ_itBM8Tmw.jpg,London:7829,attention,targeted,-1,0,0,True,,4858,5,7868812472245017702,38,7448,0.1484375,0.2403600811958313,0.22418321669101715,0.4690835475921631,0.4164782762527466,0.2287234663963318,0.19229505956172943,1,1,0.016176864504814148,0.2345026135444641,0.052605271339416504,0,0,1,1,1,7448
0,London/London_0007829_2015_07_041_51.52399059065294_-0.1441573327157997_hFQVPMApSxhcZ_itBM8Tmw.jpg,London:7829,attention,random,0,71,-37,True,,4858,5,7868812472245017702,38,7448,0.1484375,0.2403600811958313,0.2517157196998596,0.4690835475921631,0.46009859442710876,0.2287234663963318,0.20838288962841034,1,1,-0.01135563850402832,0.06194031238555908,0.008984953165054321,0,0,1,1,1,7448
0,London/London_0007829_2015_07_041_51.52399059065294_-0.1441573327157997_hFQVPMApSxhcZ_itBM8Tmw.jpg,London:7829,attention,random,1,98,-17,True,,4858,5,7868812472245017702,38,7448,0.1484375,0.2403600811958313,0.24798455834388733,0.4690835475921631,0.4649657607078552,0.2287234663963318,0.2169812023639679,1,1,-0.00762447714805603,0.052090227603912354,0.004117786884307861,0,0,1,1,1,7448
0,London/London_0007829_2015_07_041_51.52399059065294_-0.1441573327157997_hFQVPMApSxhcZ_itBM8Tmw.jpg,London:7829,attention,random,2,87,-16,True,,4858,5,7868812472245017702,38,7448,0.1484375,0.2403600811958313,0.2444090098142624,0.4690835475921631,0.46336230635643005,0.2287234663963318,0.21895329654216766,1,1,-0.004048928618431091,0.06889569759368896,0.005721241235733032,0,0,1,1,1,7448
0,London/London_0007829_2015_07_041_51.52399059065294_-0.1441573327157997_hFQVPMApSxhcZ_itBM8Tmw.jpg,London:7829,attention,random,3,80,0,True,,4858,5,7868812472245017702,38,7448,0.1484375,0.2403600811958313,0.25113755464553833,0.4690835475921631,0.46983441710472107,0.2287234663963318,0.21869686245918274,1,1,-0.010777473449707031,0.0603104829788208,-0.0007508695125579834,0,0,1,1,1,7448
0,London/London_0007829_2015_07_041_51.52399059065294_-0.1441573327157997_hFQVPMApSxhcZ_itBM8Tmw.jpg,London:7829,attention,random,4,45,-33,True,,4858,5,7868812472245017702,38,7448,0.1484375,0.2403600811958313,0.2452523410320282,0.4690835475921631,0.44985276460647583,0.2287234663963318,0.20460042357444763,1,1,-0.004892259836196899,0.0989999771118164,0.019230782985687256,0,0,1,1,1,7448
0,London/London_0007829_2015_07_041_51.52399059065294_-0.1441573327157997_hFQVPMApSxhcZ_itBM8Tmw.jpg,London:7829,fused,targeted,-1,0,0,True,,8834,5,561401631389123793,38,7448,0.1484375,0.2403600811958313,0.17608830332756042,0.4690835475921631,0.3611939251422882,0.2287234663963318,0.18510562181472778,1,1,0.06427177786827087,0.2975529432296753,0.10788962244987488,0,0,1,1,1,7448
0,London/London_0007829_2015_07_041_51.52399059065294_-0.1441573327157997_hFQVPMApSxhcZ_itBM8Tmw.jpg,London:7829,fused,random,0,18,0,True,,8834,5,561401631389123793,38,7448,0.1484375,0.2403600811958313,0.16467800736427307,0.4690835475921631,0.3570156395435333,0.2287234663963318,0.19233763217926025,1,1,0.07568207383155823,0.3965875506401062,0.11206790804862976,0,0,1,1,1,7448
0,London/London_0007829_2015_07_041_51.52399059065294_-0.1441573327157997_hFQVPMApSxhcZ_itBM8Tmw.jpg,London:7829,fused,random,1,111,-52,True,,8834,5,561401631389123793,38,7448,0.1484375,0.2403600811958313,0.2531587779521942,0.4690835475921631,0.464729368686676,0.2287234663963318,0.2115705907344818,1,1,-0.012798696756362915,0.043141305446624756,0.0043541789054870605,0,0,1,1,1,7448
0,London/London_0007829_2015_07_041_51.52399059065294_-0.1441573327157997_hFQVPMApSxhcZ_itBM8Tmw.jpg,London:7829,fused,random,2,-14,-40,True,,8834,5,561401631389123793,38,7448,0.1484375,0.2403600811958313,0.2002018392086029,0.4690835475921631,0.3732496201992035,0.2287234663963318,0.17304778099060059,1,1,0.040158241987228394,0.3241193890571594,0.0958339273929596,0,0,1,1,1,7448
0,London/London_0007829_2015_07_041_51.52399059065294_-0.1441573327157997_hFQVPMApSxhcZ_itBM8Tmw.jpg,London:7829,fused,random,3,109,-4,True,,8834,5,561401631389123793,38,7448,0.1484375,0.2403600811958313,0.24682222306728363,0.4690835475921631,0.4647449553012848,0.2287234663963318,0.21792273223400116,1,1,-0.0064621418714523315,0.03348267078399658,0.004338592290878296,0,0,1,1,1,7448
0,London/London_0007829_2015_07_041_51.52399059065294_-0.1441573327157997_hFQVPMApSxhcZ_itBM8Tmw.jpg,London:7829,fused,random,4,4,-9,True,,8834,5,561401631389123793,38,7448,0.1484375,0.2403600811958313,0.16580092906951904,0.4690835475921631,0.3628501296043396,0.2287234663963318,0.19704920053482056,1,1,0.07455915212631226,0.29519903659820557,0.10623341798782349,0,0,1,1,1,7448
0,PRG/PRG_0001726_2014_05_562_50.07604531735773_14.38727394964032_LplABiyKc4lq5cZpuMyNTQ.jpg,PRG:1726,attention,clean,-1,0,0,True,,4088,5,7763746547857353796,38,7448,0.1484375,0.09885165095329285,0.09885165095329285,0.329984188079834,0.329984188079834,0.23113253712654114,0.23113253712654114,1,1,0.0,0.0,0.0,0,0,1,1,1,0
0,PRG/PRG_0001726_2014_05_562_50.07604531735773_14.38727394964032_LplABiyKc4lq5cZpuMyNTQ.jpg,PRG:1726,fused,clean,-1,0,0,True,,4088,5,6814674575583551860,38,7448,0.1484375,0.09885165095329285,0.09885165095329285,0.329984188079834,0.329984188079834,0.23113253712654114,0.23113253712654114,1,1,0.0,0.0,0.0,0,0,1,1,1,0
0,PRG/PRG_0001726_2014_05_562_50.07604531735773_14.38727394964032_LplABiyKc4lq5cZpuMyNTQ.jpg,PRG:1726,attention,targeted,-1,0,0,True,,4088,5,7763746547857353796,38,7448,0.1484375,0.09885165095329285,-0.023347049951553345,0.329984188079834,0.24625498056411743,0.23113253712654114,0.2696020305156708,1,2,0.12219870090484619,0.37361544370651245,0.08372920751571655,1,1,0,1,1,7448
0,PRG/PRG_0001726_2014_05_562_50.07604531735773_14.38727394964032_LplABiyKc4lq5cZpuMyNTQ.jpg,PRG:1726,attention,random,0,-65,19,True,,4088,5,7763746547857353796,38,7448,0.1484375,0.09885165095329285,0.09037370979785919,0.329984188079834,0.31574001908302307,0.23113253712654114,0.22536630928516388,1,1,0.008477941155433655,0.14649474620819092,0.014244168996810913,0,0,1,1,1,7448
0,PRG/PRG_0001726_2014_05_562_50.07604531735773_14.38727394964032_LplABiyKc4lq5cZpuMyNTQ.jpg,PRG:1726,attention,random,1,-11,23,True,,4088,5,7763746547857353796,38,7448,0.1484375,0.09885165095329285,-0.06251192092895508,0.329984188079834,0.242201030254364,0.23113253712654114,0.3047129511833191,1,2,0.16136357188224792,0.42330366373062134,0.08778315782546997,1,1,0,1,1,7448
0,PRG/PRG_0001726_2014_05_562_50.07604531735773_14.38727394964032_LplABiyKc4lq5cZpuMyNTQ.jpg,PRG:1726,attention,random,2,-91,0,True,,4088,5,7763746547857353796,38,7448,0.1484375,0.09885165095329285,0.08212251961231232,0.329984188079834,0.3191893398761749,0.23113253712654114,0.2370668202638626,1,1,0.01672913134098053,0.03613412380218506,0.010794848203659058,0,0,1,1,1,7448
0,PRG/PRG_0001726_2014_05_562_50.07604531735773_14.38727394964032_LplABiyKc4lq5cZpuMyNTQ.jpg,PRG:1726,attention,random,3,-42,26,True,,4088,5,7763746547857353796,38,7448,0.1484375,0.09885165095329285,0.05425374209880829,0.329984188079834,0.289117693901062,0.23113253712654114,0.23486395180225372,1,1,0.04459790885448456,0.18392634391784668,0.04086649417877197,0,0,1,1,1,7448
0,PRG/PRG_0001726_2014_05_562_50.07604531735773_14.38727394964032_LplABiyKc4lq5cZpuMyNTQ.jpg,PRG:1726,attention,random,4,-88,13,True,,4088,5,7763746547857353796,38,7448,0.1484375,0.09885165095329285,0.08624215424060822,0.329984188079834,0.32506388425827026,0.23113253712654114,0.23882173001766205,1,1,0.012609496712684631,0.054568588733673096,0.004920303821563721,0,0,1,1,1,7448
0,PRG/PRG_0001726_2014_05_562_50.07604531735773_14.38727394964032_LplABiyKc4lq5cZpuMyNTQ.jpg,PRG:1726,fused,targeted,-1,0,0,True,,4088,5,6814674575583551860,38,7448,0.1484375,0.09885165095329285,-0.028710290789604187,0.329984188079834,0.2376069575548172,0.23113253712654114,0.2663172483444214,1,2,0.12756194174289703,0.37466633319854736,0.09237723052501678,1,1,0,1,1,7448
0,PRG/PRG_0001726_2014_05_562_50.07604531735773_14.38727394964032_LplABiyKc4lq5cZpuMyNTQ.jpg,PRG:1726,fused,random,0,-37,18,True,,4088,5,6814674575583551860,38,7448,0.1484375,0.09885165095329285,0.02425287663936615,0.329984188079834,0.2683704197406769,0.23113253712654114,0.24411754310131073,1,1,0.0745987743139267,0.24200856685638428,0.061613768339157104,0,0,1,1,1,7448
0,PRG/PRG_0001726_2014_05_562_50.07604531735773_14.38727394964032_LplABiyKc4lq5cZpuMyNTQ.jpg,PRG:1726,fused,random,1,-97,10,True,,4088,5,6814674575583551860,38,7448,0.1484375,0.09885165095329285,0.09881694614887238,0.329984188079834,0.3329625427722931,0.23113253712654114,0.23414559662342072,1,1,3.470480442047119e-05,0.03831976652145386,-0.0029783546924591064,0,0,1,1,1,7448
0,PRG/PRG_0001726_2014_05_562_50.07604531735773_14.38727394964032_LplABiyKc4lq5cZpuMyNTQ.jpg,PRG:1726,fused,random,2,19,16,True,,4088,5,6814674575583551860,38,7448,0.1484375,0.09885165095329285,0.04685172438621521,0.329984188079834,0.2971033453941345,0.23113253712654114,0.2502516210079193,1,1,0.05199992656707764,0.28342270851135254,0.03288084268569946,0,0,1,1,1,7448
0,PRG/PRG_0001726_2014_05_562_50.07604531735773_14.38727394964032_LplABiyKc4lq5cZpuMyNTQ.jpg,PRG:1726,fused,random,3,10,0,True,,4088,5,6814674575583551860,38,7448,0.1484375,0.09885165095329285,0.01261991262435913,0.329984188079834,0.2732548117637634,0.23113253712654114,0.2606348991394043,1,1,0.08623173832893372,0.3305858373641968,0.05672937631607056,0,0,1,1,1,7448
0,PRG/PRG_0001726_2014_05_562_50.07604531735773_14.38727394964032_LplABiyKc4lq5cZpuMyNTQ.jpg,PRG:1726,fused,random,4,35,10,True,,4088,5,6814674575583551860,38,7448,0.1484375,0.09885165095329285,0.08695843815803528,0.329984188079834,0.33816879987716675,0.23113253712654114,0.25121036171913147,1,1,0.011893212795257568,0.15665239095687866,-0.008184611797332764,0,0,1,1,1,7448
0,Miami/Miami_0002344_2015_05_343_25.74881715572547_-80.20603026970264_go2DNPFBrqj03ZbE_tIJiw.jpg,Miami:2344,attention,clean,-1,0,0,True,,6034,5,2892896014117458526,38,7448,0.1484375,0.26999199390411377,0.26999199390411377,0.47523075342178345,0.47523075342178345,0.20523875951766968,0.20523875951766968,1,1,0.0,0.0,0.0,0,0,1,1,1,0
0,Miami/Miami_0002344_2015_05_343_25.74881715572547_-80.20603026970264_go2DNPFBrqj03ZbE_tIJiw.jpg,Miami:2344,fused,clean,-1,0,0,True,,6034,5,1717800567902899759,38,7448,0.1484375,0.26999199390411377,0.26999199390411377,0.47523075342178345,0.47523075342178345,0.20523875951766968,0.20523875951766968,1,1,0.0,0.0,0.0,0,0,1,1,1,0
0,Miami/Miami_0002344_2015_05_343_25.74881715572547_-80.20603026970264_go2DNPFBrqj03ZbE_tIJiw.jpg,Miami:2344,attention,targeted,-1,0,0,True,,6034,5,2892896014117458526,38,7448,0.1484375,0.26999199390411377,0.19947828352451324,0.47523075342178345,0.43563297390937805,0.20523875951766968,0.2361546903848648,1,1,0.07051371037960052,0.27343177795410156,0.039597779512405396,0,0,1,1,1,7448
0,Miami/Miami_0002344_2015_05_343_25.74881715572547_-80.20603026970264_go2DNPFBrqj03ZbE_tIJiw.jpg,Miami:2344,attention,random,0,1,6,True,,6034,5,2892896014117458526,38,7448,0.1484375,0.26999199390411377,0.2036081850528717,0.47523075342178345,0.4354907274246216,0.20523875951766968,0.23188254237174988,1,1,0.06638380885124207,0.23558646440505981,0.039740025997161865,0,0,1,1,1,7448
0,Miami/Miami_0002344_2015_05_343_25.74881715572547_-80.20603026970264_go2DNPFBrqj03ZbE_tIJiw.jpg,Miami:2344,attention,random,1,-11,45,True,,6034,5,2892896014117458526,38,7448,0.1484375,0.26999199390411377,0.18442799150943756,0.47523075342178345,0.39468318223953247,0.20523875951766968,0.2102551907300949,1,1,0.08556400239467621,0.18197357654571533,0.08054757118225098,0,0,1,1,1,7448
0,Miami/Miami_0002344_2015_05_343_25.74881715572547_-80.20603026970264_go2DNPFBrqj03ZbE_tIJiw.jpg,Miami:2344,attention,random,2,38,24,True,,6034,5,2892896014117458526,38,7448,0.1484375,0.26999199390411377,0.24103787541389465,0.47523075342178345,0.4425889253616333,0.20523875951766968,0.20155104994773865,1,1,0.028954118490219116,0.127446711063385,0.032641828060150146,0,0,1,1,1,7448
0,Miami/Miami_0002344_2015_05_343_25.74881715572547_-80.20603026970264_go2DNPFBrqj03ZbE_tIJiw.jpg,Miami:2344,attention,random,3,34,21,True,,6034,5,2892896014117458526,38,7448,0.1484375,0.26999199390411377,0.24134933948516846,0.47523075342178345,0.4421952962875366,0.20523875951766968,0.20084595680236816,1,1,0.028642654418945312,0.1386837363243103,0.033035457134246826,0,0,1,1,1,7448
0,Miami/Miami_0002344_2015_05_343_25.74881715572547_-80.20603026970264_go2DNPFBrqj03ZbE_tIJiw.jpg,Miami:2344,attention,random,4,-26,26,True,,6034,5,2892896014117458526,38,7448,0.1484375,0.26999199390411377,0.23880960047245026,0.47523075342178345,0.4447951316833496,0.20523875951766968,0.20598553121089935,1,1,0.031182393431663513,0.18187767267227173,0.030435621738433838,0,0,1,1,1,7448
0,Miami/Miami_0002344_2015_05_343_25.74881715572547_-80.20603026970264_go2DNPFBrqj03ZbE_tIJiw.jpg,Miami:2344,fused,targeted,-1,0,0,True,,6034,5,1717800567902899759,38,7448,0.1484375,0.26999199390411377,0.21753212809562683,0.47523075342178345,0.453372597694397,0.20523875951766968,0.23584046959877014,1,1,0.05245986580848694,0.264178991317749,0.021858155727386475,0,0,1,1,1,7448
0,Miami/Miami_0002344_2015_05_343_25.74881715572547_-80.20603026970264_go2DNPFBrqj03ZbE_tIJiw.jpg,Miami:2344,fused,random,0,5,35,True,,6034,5,1717800567902899759,38,7448,0.1484375,0.26999199390411377,0.17025043070316315,0.47523075342178345,0.3739754855632782,0.20523875951766968,0.20372505486011505,1,1,0.09974156320095062,0.19194328784942627,0.10125526785850525,0,0,1,1,1,7448
0,Miami/Miami_0002344_2015_05_343_25.74881715572547_-80.20603026970264_go2DNPFBrqj03ZbE_tIJiw.jpg,Miami:2344,fused,random,1,31,36,True,,6034,5,1717800567902899759,38,7448,0.1484375,0.26999199390411377,0.22713536024093628,0.47523075342178345,0.4258093237876892,0.20523875951766968,0.19867396354675293,1,1,0.04285663366317749,0.12919968366622925,0.04942142963409424,0,0,1,1,1,7448
0,Miami/Miami_0002344_2015_05_343_25.74881715572547_-80.20603026970264_go2DNPFBrqj03ZbE_tIJiw.jpg,Miami:2344,fused,random,2,51,23,True,,6034,5,1717800567902899759,38,7448,0.1484375,0.26999199390411377,0.2400299310684204,0.47523075342178345,0.44004908204078674,0.20523875951766968,0.20001915097236633,1,1,0.02996206283569336,0.12424808740615845,0.035181671380996704,0,0,1,1,1,7448
0,Miami/Miami_0002344_2015_05_343_25.74881715572547_-80.20603026970264_go2DNPFBrqj03ZbE_tIJiw.jpg,Miami:2344,fused,random,3,15,53,True,,6034,5,1717800567902899759,38,7448,0.1484375,0.26999199390411377,0.20652472972869873,0.47523075342178345,0.40647128224372864,0.20523875951766968,0.1999465525150299,1,1,0.06346726417541504,0.22158682346343994,0.06875947117805481,0,0,1,1,1,7448
0,Miami/Miami_0002344_2015_05_343_25.74881715572547_-80.20603026970264_go2DNPFBrqj03ZbE_tIJiw.jpg,Miami:2344,fused,random,4,53,32,True,,6034,5,1717800567902899759,38,7448,0.1484375,0.26999199390411377,0.2550521492958069,0.47523075342178345,0.45160672068595886,0.20523875951766968,0.19655457139015198,1,1,0.014939844608306885,0.11079120635986328,0.023624032735824585,0,0,1,1,1,7448
0,PRG/PRG_0001607_2017_05_325_50.0729372608779_14.48156658650924_umGJIRhK4s67KlESaKxmyQ.jpg,PRG:1607,attention,clean,-1,0,0,True,,4088,5,1644370410678185444,38,7448,0.1484375,0.224037766456604,0.224037766456604,0.4968119263648987,0.4968119263648987,0.2727741599082947,0.2727741599082947,1,1,0.0,0.0,0.0,0,0,1,1,1,0
0,PRG/PRG_0001607_2017_05_325_50.0729372608779_14.48156658650924_umGJIRhK4s67KlESaKxmyQ.jpg,PRG:1607,fused,clean,-1,0,0,True,,1904,5,3186777139810232631,38,7448,0.1484375,0.224037766456604,0.224037766456604,0.4968119263648987,0.4968119263648987,0.2727741599082947,0.2727741599082947,1,1,0.0,0.0,0.0,0,0,1,1,1,0
0,PRG/PRG_0001607_2017_05_325_50.0729372608779_14.48156658650924_umGJIRhK4s67KlESaKxmyQ.jpg,PRG:1607,attention,targeted,-1,0,0,True,,4088,5,1644370410678185444,38,7448,0.1484375,0.224037766456604,0.18823829293251038,0.4968119263648987,0.45761027932167053,0.2727741599082947,0.26937198638916016,1,1,0.03579947352409363,0.20102500915527344,0.03920164704322815,0,0,1,1,1,7448
0,PRG/PRG_0001607_2017_05_325_50.0729372608779_14.48156658650924_umGJIRhK4s67KlESaKxmyQ.jpg,PRG:1607,attention,random,0,9,20,True,,4088,5,1644370410678185444,38,7448,0.1484375,0.224037766456604,0.2236812710762024,0.4968119263648987,0.4899613857269287,0.2727741599082947,0.2662801146507263,1,1,0.00035649538040161133,0.1991192102432251,0.006850540637969971,0,0,1,1,1,7448
0,PRG/PRG_0001607_2017_05_325_50.0729372608779_14.48156658650924_umGJIRhK4s67KlESaKxmyQ.jpg,PRG:1607,attention,random,1,-40,4,True,,4088,5,1644370410678185444,38,7448,0.1484375,0.224037766456604,0.21831828355789185,0.4968119263648987,0.4817160367965698,0.2727741599082947,0.263397753238678,1,1,0.005719482898712158,0.1257198452949524,0.015095889568328857,0,0,1,1,1,7448
0,PRG/PRG_0001607_2017_05_325_50.0729372608779_14.48156658650924_umGJIRhK4s67KlESaKxmyQ.jpg,PRG:1607,attention,random,2,-14,8,True,,4088,5,1644370410678185444,38,7448,0.1484375,0.224037766456604,0.25316321849823,0.4968119263648987,0.4959430694580078,0.2727741599082947,0.24277986586093903,1,1,-0.029125452041625977,0.1835341453552246,0.0008688569068908691,0,0,1,1,1,7448
0,PRG/PRG_0001607_2017_05_325_50.0729372608779_14.48156658650924_umGJIRhK4s67KlESaKxmyQ.jpg,PRG:1607,attention,random,3,-110,3,True,,4088,5,1644370410678185444,38,7448,0.1484375,0.224037766456604,0.25656312704086304,0.4968119263648987,0.5267280340194702,0.2727741599082947,0.2701649069786072,1,1,-0.03252536058425903,0.0644369125366211,-0.029916107654571533,0,0,1,1,1,7448
0,PRG/PRG_0001607_2017_05_325_50.0729372608779_14.48156658650924_umGJIRhK4s67KlESaKxmyQ.jpg,PRG:1607,attention,random,4,-87,16,True,,4088,5,1644370410678185444,38,7448,0.1484375,0.224037766456604,0.2439410388469696,0.4968119263648987,0.5025888681411743,0.2727741599082947,0.2586478292942047,1,1,-0.0199032723903656,0.07009828090667725,-0.005776941776275635,0,0,1,1,1,7448
0,PRG/PRG_0001607_2017_05_325_50.0729372608779_14.48156658650924_umGJIRhK4s67KlESaKxmyQ.jpg,PRG:1607,fused,targeted,-1,0,0,True,,1904,5,3186777139810232631,38,7448,0.1484375,0.224037766456604,0.21218599379062653,0.4968119263648987,0.4535294771194458,0.2727741599082947,0.24134348332881927,1,1,0.011851772665977478,0.20067143440246582,0.04328244924545288,0,0,1,1,1,7448
0,PRG/PRG_0001607_2017_05_325_50.0729372608779_14.48156658650924_umGJIRhK4s67KlESaKxmyQ.jpg,PRG:1607,fused,random,0,-85,-10,True,,1904,5,3186777139810232631,38,7448,0.1484375,0.224037766456604,0.2708421051502228,0.4968119263648987,0.5024785995483398,0.2727741599082947,0.23163649439811707,1,1,-0.046804338693618774,0.08394455909729004,-0.005666673183441162,0,0,1,1,1,7448
0,PRG/PRG_0001607_2017_05_325_50.0729372608779_14.48156658650924_umGJIRhK4s67KlESaKxmyQ.jpg,PRG:1607,fused,random,1,-90,-1,True,,1904,5,3186777139810232631,38,7448,0.1484375,0.224037766456604,0.2619995176792145,0.4968119263648987,0.49983465671539307,0.2727741599082947,0.2378351390361786,1,1,-0.037961751222610474,0.07302004098892212,-0.0030227303504943848,0,0,1,1,1,7448
0,PRG/PRG_0001607_2017_05_325_50.0729372608779_14.48156658650924_umGJIRhK4s67KlESaKxmyQ.jpg,PRG:1607,fused,random,2,-56,-11,True,,1904,5,3186777139810232631,38,7448,0.1484375,0.224037766456604,0.25283652544021606,0.4968119263648987,0.4815901517868042,0.2727741599082947,0.22875361144542694,1,1,-0.02879875898361206,0.11096113920211792,0.015221774578094482,0,0,1,1,1,7448
0,PRG/PRG_0001607_2017_05_325_50.0729372608779_14.48156658650924_umGJIRhK4s67KlESaKxmyQ.jpg,PRG:1607,fused,random,3,-10,-2,True,,1904,5,3186777139810232631,38,7448,0.1484375,0.224037766456604,0.24021068215370178,0.4968119263648987,0.4982239305973053,0.2727741599082947,0.2580132484436035,1,1,-0.01617291569709778,0.20766884088516235,-0.0014120042324066162,0,0,1,1,1,7448
0,PRG/PRG_0001607_2017_05_325_50.0729372608779_14.48156658650924_umGJIRhK4s67KlESaKxmyQ.jpg,PRG:1607,fused,random,4,-19,-13,True,,1904,5,3186777139810232631,38,7448,0.1484375,0.224037766456604,0.23375335335731506,0.4968119263648987,0.4883761405944824,0.2727741599082947,0.25462278723716736,1,1,-0.00971558690071106,0.20383071899414062,0.00843578577041626,0,0,1,1,1,7448
0,Miami/Miami_0007944_2009_06_314_25.79370903554045_-80.23565676016223_ByRdj6uGAvuqmeCLJ33FEg.jpg,Miami:7944,attention,clean,-1,0,0,True,,8414,5,3018289699789569438,38,7448,0.1484375,0.27488473057746887,0.27488473057746887,0.5047624111175537,0.5047624111175537,0.22987768054008484,0.22987768054008484,1,1,0.0,0.0,0.0,0,0,1,1,1,0
0,Miami/Miami_0007944_2009_06_314_25.79370903554045_-80.23565676016223_ByRdj6uGAvuqmeCLJ33FEg.jpg,Miami:7944,fused,clean,-1,0,0,True,,6440,5,7548689235029488505,38,7448,0.1484375,0.27488473057746887,0.27488473057746887,0.5047624111175537,0.5047624111175537,0.22987768054008484,0.22987768054008484,1,1,0.0,0.0,0.0,0,0,1,1,1,0
0,Miami/Miami_0007944_2009_06_314_25.79370903554045_-80.23565676016223_ByRdj6uGAvuqmeCLJ33FEg.jpg,Miami:7944,attention,targeted,-1,0,0,True,,8414,5,3018289699789569438,38,7448,0.1484375,0.27488473057746887,0.19471299648284912,0.5047624111175537,0.443519651889801,0.22987768054008484,0.2488066554069519,1,1,0.08017173409461975,0.216059148311615,0.061242759227752686,0,0,1,1,1,7448
0,Miami/Miami_0007944_2009_06_314_25.79370903554045_-80.23565676016223_ByRdj6uGAvuqmeCLJ33FEg.jpg,Miami:7944,attention,random,0,-15,-18,True,,8414,5,3018289699789569438,38,7448,0.1484375,0.27488473057746887,0.18654277920722961,0.5047624111175537,0.43357884883880615,0.22987768054008484,0.24703606963157654,1,1,0.08834195137023926,0.1444312334060669,0.07118356227874756,0,0,1,1,1,7448
0,Miami/Miami_0007944_2009_06_314_25.79370903554045_-80.23565676016223_ByRdj6uGAvuqmeCLJ33FEg.jpg,Miami:7944,attention,random,1,-18,-59,True,,8414,5,3018289699789569438,38,7448,0.1484375,0.27488473057746887,0.19696064293384552,0.5047624111175537,0.43507277965545654,0.22987768054008484,0.23811213672161102,1,1,0.07792408764362335,0.13188350200653076,0.06968963146209717,0,0,1,1,1,7448
0,Miami/Miami_0007944_2009_06_314_25.79370903554045_-80.23565676016223_ByRdj6uGAvuqmeCLJ33FEg.jpg,Miami:7944,attention,random,2,-7,-57,True,,8414,5,3018289699789569438,38,7448,0.1484375,0.27488473057746887,0.19642093777656555,0.5047624111175537,0.43420135974884033,0.22987768054008484,0.23778042197227478,1,1,0.07846379280090332,0.1364923119544983,0.07056105136871338,0,0,1,1,1,7448
0,Miami/Miami_0007944_2009_06_314_25.79370903554045_-80.23565676016223_ByRdj6uGAvuqmeCLJ33FEg.jpg,Miami:7944,attention,random,3,36,-54,True,,8414,5,3018289699789569438,38,7448,0.1484375,0.27488473057746887,0.23090827465057373,0.5047624111175537,0.44601136445999146,0.22987768054008484,0.21510308980941772,1,1,0.04397645592689514,0.14695608615875244,0.058751046657562256,0,0,1,1,1,7448
0,Miami/Miami_0007944_2009_06_314_25.79370903554045_-80.23565676016223_ByRdj6uGAvuqmeCLJ33FEg.jpg,Miami:7944,attention,random,4,-9,-52,True,,8414,5,3018289699789569438,38,7448,0.1484375,0.27488473057746887,0.22793379426002502,0.5047624111175537,0.45458725094795227,0.22987768054008484,0.22665345668792725,1,1,0.04695093631744385,0.1286379098892212,0.05017516016960144,0,0,1,1,1,7448
0,Miami/Miami_0007944_2009_06_314_25.79370903554045_-80.23565676016223_ByRdj6uGAvuqmeCLJ33FEg.jpg,Miami:7944,fused,targeted,-1,0,0,True,,6440,5,7548689235029488505,38,7448,0.1484375,0.27488473057746887,0.18921560049057007,0.5047624111175537,0.41593074798583984,0.22987768054008484,0.22671514749526978,1,1,0.0856691300868988,0.2319040298461914,0.08883166313171387,0,0,1,1,1,7448
0,Miami/Miami_0007944_2009_06_314_25.79370903554045_-80.23565676016223_ByRdj6uGAvuqmeCLJ33FEg.jpg,Miami:7944,fused,random,0,-58,-47,True,,6440,5,7548689235029488505,38,7448,0.1484375,0.27488473057746887,0.25304505228996277,0.5047624111175537,0.47838491201400757,0.22987768054008484,0.2253398597240448,1,1,0.021839678287506104,0.08565878868103027,0.026377499103546143,0,0,1,1,1,7448
0,Miami/Miami_0007944_2009_06_314_25.79370903554045_-80.23565676016223_ByRdj6uGAvuqmeCLJ33FEg.jpg,Miami:7944,fused,random,1,-61,-52,True,,6440,5,7548689235029488505,38,7448,0.1484375,0.27488473057746887,0.23305189609527588,0.5047624111175537,0.4715946912765503,0.22987768054008484,0.23854279518127441,1,1,0.04183283448219299,0.08992481231689453,0.03316771984100342,0,0,1,1,1,7448
0,Miami/Miami_0007944_2009_06_314_25.79370903554045_-80.23565676016223_ByRdj6uGAvuqmeCLJ33FEg.jpg,Miami:7944,fused,random,2,10,-35,True,,6440,5,7548689235029488505,38,7448,0.1484375,0.27488473057746887,0.20768670737743378,0.5047624111175537,0.43819597363471985,0.22987768054008484,0.23050926625728607,1,1,0.0671980232000351,0.17585694789886475,0.06656643748283386,0,0,1,1,1,7448
0,Miami/Miami_0007944_2009_06_314_25.79370903554045_-80.23565676016223_ByRdj6uGAvuqmeCLJ33FEg.jpg,Miami:7944,fused,random,3,-15,-4,True,,6440,5,7548689235029488505,38,7448,0.1484375,0.27488473057746887,0.16125622391700745,0.5047624111175537,0.4013471007347107,0.22987768054008484,0.24009087681770325,1,1,0.11362850666046143,0.19946491718292236,0.10341531038284302,0,0,1,1,1,7448
0,Miami/Miami_0007944_2009_06_314_25.79370903554045_-80.23565676016223_ByRdj6uGAvuqmeCLJ33FEg.jpg,Miami:7944,fused,random,4,-63,-51,True,,6440,5,7548689235029488505,38,7448,0.1484375,0.27488473057746887,0.24328508973121643,0.5047624111175537,0.47387152910232544,0.22987768054008484,0.230586439371109,1,1,0.03159964084625244,0.08966636657714844,0.03089088201522827,0,0,1,1,1,7448
0,Brussels/Brussels_0002724_2017_06_185_50.86295049549855_4.381024420969795_fDUHWny969o8POmoRxxfKQ.jpg,Brussels:2724,attention,clean,-1,0,0,True,,126,5,4592289032110624364,38,7448,0.1484375,0.41029590368270874,0.41029590368270874,0.568392813205719,0.568392813205719,0.15809689462184906,0.15809689462184906,1,1,0.0,0.0,0.0,0,0,1,1,1,0
0,Brussels/Brussels_0002724_2017_06_185_50.86295049549855_4.381024420969795_fDUHWny969o8POmoRxxfKQ.jpg,Brussels:2724,fused,clean,-1,0,0,True,,7238,5,4028863490594187965,38,7448,0.1484375,0.41029590368270874,0.41029590368270874,0.568392813205719,0.568392813205719,0.15809689462184906,0.15809689462184906,1,1,0.0,0.0,0.0,0,0,1,1,1,0
0,Brussels/Brussels_0002724_2017_06_185_50.86295049549855_4.381024420969795_fDUHWny969o8POmoRxxfKQ.jpg,Brussels:2724,attention,targeted,-1,0,0,True,,126,5,4592289032110624364,38,7448,0.1484375,0.41029590368270874,0.2819192409515381,0.568392813205719,0.4470183849334717,0.15809689462184906,0.1650991439819336,1,1,0.12837666273117065,0.35254764556884766,0.12137442827224731,0,0,1,1,1,7448
0,Brussels/Brussels_0002724_2017_06_185_50.86295049549855_4.381024420969795_fDUHWny969o8POmoRxxfKQ.jpg,Brussels:2724,attention,random,0,-35,0,True,,126,5,4592289032110624364,38,7448,0.1484375,0.41029590368270874,0.3499271273612976,0.568392813205719,0.4997560977935791,0.15809689462184906,0.1498289704322815,1,1,0.06036877632141113,0.18577218055725098,0.06863671541213989,0,0,1,1,1,7448
0,Brussels/Brussels_0002724_2017_06_185_50.86295049549855_4.381024420969795_fDUHWny969o8POmoRxxfKQ.jpg,Brussels:2724,attention,random,1,54,0,True,,126,5,4592289032110624364,38,7448,0.1484375,0.41029590368270874,0.363674521446228,0.568392813205719,0.4981781244277954,0.15809689462184906,0.1345035880804062,1,1,0.04662138223648071,0.11667108535766602,0.07021468877792358,0,0,1,1,1,7448
0,Brussels/Brussels_0002724_2017_06_185_50.86295049549855_4.381024420969795_fDUHWny969o8POmoRxxfKQ.jpg,Brussels:2724,attention,random,2,-26,0,True,,126,5,4592289032110624364,38,7448,0.1484375,0.41029590368270874,0.32670101523399353,0.568392813205719,0.47858619689941406,0.15809689462184906,0.15188518166542053,1,1,0.08359488844871521,0.25880444049835205,0.08980661630630493,0,0,1,1,1,7448
0,Brussels/Brussels_0002724_2017_06_185_50.86295049549855_4.381024420969795_fDUHWny969o8POmoRxxfKQ.jpg,Brussels:2724,attention,random,3,-13,0,True,,126,5,4592289032110624364,38,7448,0.1484375,0.41029590368270874,0.29749614000320435,0.568392813205719,0.4639565050601959,0.15809689462184906,0.16646036505699158,1,1,0.1127997636795044,0.2933849096298218,0.10443630814552307,0,0,1,1,1,7448
0,Brussels/Brussels_0002724_2017_06_185_50.86295049549855_4.381024420969795_fDUHWny969o8POmoRxxfKQ.jpg,Brussels:2724,attention,random,4,13,0,True,,126,5,4592289032110624364,38,7448,0.1484375,0.41029590368270874,0.3306048512458801,0.568392813205719,0.4747459590435028,0.15809689462184906,0.14414110779762268,1,1,0.07969105243682861,0.30147022008895874,0.09364685416221619,0,0,1,1,1,7448
0,Brussels/Brussels_0002724_2017_06_185_50.86295049549855_4.381024420969795_fDUHWny969o8POmoRxxfKQ.jpg,Brussels:2724,fused,targeted,-1,0,0,True,,7238,5,4028863490594187965,38,7448,0.1484375,0.41029590368270874,0.3037284016609192,0.568392813205719,0.4641511142253876,0.15809689462184906,0.16042271256446838,1,1,0.10656750202178955,0.29057085514068604,0.10424169898033142,0,0,1,1,1,7448
0,Brussels/Brussels_0002724_2017_06_185_50.86295049549855_4.381024420969795_fDUHWny969o8POmoRxxfKQ.jpg,Brussels:2724,fused,random,0,7,-51,True,,7238,5,4028863490594187965,38,7448,0.1484375,0.41029590368270874,0.35272467136383057,0.568392813205719,0.5117295980453491,0.15809689462184906,0.15900491178035736,1,1,0.057571232318878174,0.2733043432235718,0.05666321516036987,0,0,1,1,1,7448
0,Brussels/Brussels_0002724_2017_06_185_50.86295049549855_4.381024420969795_fDUHWny969o8POmoRxxfKQ.jpg,Brussels:2724,fused,random,1,48,-7,True,,7238,5,4028863490594187965,38,7448,0.1484375,0.41029590368270874,0.3284868597984314,0.568392813205719,0.4874070882797241,0.15809689462184906,0.15892021358013153,1,1,0.08180904388427734,0.1730174422264099,0.08098572492599487,0,0,1,1,1,7448
0,Brussels/Brussels_0002724_2017_06_185_50.86295049549855_4.381024420969795_fDUHWny969o8POmoRxxfKQ.jpg,Brussels:2724,fused,random,2,-70,-46,True,,7238,5,4028863490594187965,38,7448,0.1484375,0.41029590368270874,0.40108177065849304,0.568392813205719,0.5474854707717896,0.15809689462184906,0.1464037001132965,1,1,0.009214133024215698,0.05198925733566284,0.020907342433929443,0,0,1,1,1,7448
0,Brussels/Brussels_0002724_2017_06_185_50.86295049549855_4.381024420969795_fDUHWny969o8POmoRxxfKQ.jpg,Brussels:2724,fused,random,3,-8,-3,True,,7238,5,4028863490594187965,38,7448,0.1484375,0.41029590368270874,0.3091323673725128,0.568392813205719,0.4730015695095062,0.15809689462184906,0.1638692021369934,1,1,0.10116353631019592,0.349598228931427,0.09539124369621277,0,0,1,1,1,7448
0,Brussels/Brussels_0002724_2017_06_185_50.86295049549855_4.381024420969795_fDUHWny969o8POmoRxxfKQ.jpg,Brussels:2724,fused,random,4,28,-32,True,,7238,5,4028863490594187965,38,7448,0.1484375,0.41029590368270874,0.3498678207397461,0.568392813205719,0.495282918214798,0.15809689462184906,0.14541509747505188,1,1,0.060428082942962646,0.20746439695358276,0.07310989499092102,0,0,1,1,1,7448
0,MexicoCity/MexicoCity_0000439_2011_07_378_19.41700482193426_-99.13953347474336_TwJrfwIgXV4gdmu2v_RwPw.jpg,MexicoCity:439,attention,clean,-1,0,0,True,,4088,5,6473084759995809735,38,7448,0.1484375,0.1339389979839325,0.1339389979839325,0.3237398564815521,0.3237398564815521,0.18980085849761963,0.18980085849761963,1,1,0.0,0.0,0.0,0,0,1,1,1,0
0,MexicoCity/MexicoCity_0000439_2011_07_378_19.41700482193426_-99.13953347474336_TwJrfwIgXV4gdmu2v_RwPw.jpg,MexicoCity:439,fused,clean,-1,0,0,True,,4088,5,1737218915063235662,38,7448,0.1484375,0.1339389979839325,0.1339389979839325,0.3237398564815521,0.3237398564815521,0.18980085849761963,0.18980085849761963,1,1,0.0,0.0,0.0,0,0,1,1,1,0
0,MexicoCity/MexicoCity_0000439_2011_07_378_19.41700482193426_-99.13953347474336_TwJrfwIgXV4gdmu2v_RwPw.jpg,MexicoCity:439,attention,targeted,-1,0,0,True,,4088,5,6473084759995809735,38,7448,0.1484375,0.1339389979839325,0.08127810060977936,0.3237398564815521,0.2582956850528717,0.18980085849761963,0.17701758444309235,1,1,0.05266089737415314,0.41668111085891724,0.06544417142868042,0,0,1,1,1,7448
0,MexicoCity/MexicoCity_0000439_2011_07_378_19.41700482193426_-99.13953347474336_TwJrfwIgXV4gdmu2v_RwPw.jpg,MexicoCity:439,attention,random,0,62,-12,True,,4088,5,6473084759995809735,38,7448,0.1484375,0.1339389979839325,0.15396732091903687,0.3237398564815521,0.3175823986530304,0.18980085849761963,0.16361507773399353,1,1,-0.02002832293510437,0.1261940598487854,0.0061574578285217285,0,0,1,1,1,7448
0,MexicoCity/MexicoCity_0000439_2011_07_378_19.41700482193426_-99.13953347474336_TwJrfwIgXV4gdmu2v_RwPw.jpg,MexicoCity:439,attention,random,1,13,-1,True,,4088,5,6473084759995809735,38,7448,0.1484375,0.1339389979839325,0.04319661855697632,0.3237398564815521,0.22641700506210327,0.18980085849761963,0.18322038650512695,1,1,0.09074237942695618,0.4585007429122925,0.09732285141944885,0,0,1,1,1,7448
0,MexicoCity/MexicoCity_0000439_2011_07_378_19.41700482193426_-99.13953347474336_TwJrfwIgXV4gdmu2v_RwPw.jpg,MexicoCity:439,attention,random,2,-53,-3,True,,4088,5,6473084759995809735,38,7448,0.1484375,0.1339389979839325,0.12750092148780823,0.3237398564815521,0.3061809837818146,0.18980085849761963,0.17868006229400635,1,1,0.006438076496124268,0.09130030870437622,0.01755887269973755,0,0,1,1,1,7448
0,MexicoCity/MexicoCity_0000439_2011_07_378_19.41700482193426_-99.13953347474336_TwJrfwIgXV4gdmu2v_RwPw.jpg,MexicoCity:439,attention,random,3,-34,4,True,,4088,5,6473084759995809735,38,7448,0.1484375,0.1339389979839325,0.08615881204605103,0.3237398564815521,0.29358574748039246,0.18980085849761963,0.20742693543434143,1,1,0.04778018593788147,0.23023629188537598,0.030154109001159668,0,0,1,1,1,7448
0,MexicoCity/MexicoCity_0000439_2011_07_378_19.41700482193426_-99.13953347474336_TwJrfwIgXV4gdmu2v_RwPw.jpg,MexicoCity:439,attention,random,4,-45,6,True,,4088,5,6473084759995809735,38,7448,0.1484375,0.1339389979839325,0.10184255242347717,0.3237398564815521,0.29792338609695435,0.18980085849761963,0.19608083367347717,1,1,0.03209644556045532,0.12383496761322021,0.02581647038459778,0,0,1,1,1,7448
0,MexicoCity/MexicoCity_0000439_2011_07_378_19.41700482193426_-99.13953347474336_TwJrfwIgXV4gdmu2v_RwPw.jpg,MexicoCity:439,fused,targeted,-1,0,0,True,,4088,5,1737218915063235662,38,7448,0.1484375,0.1339389979839325,0.09681650996208191,0.3237398564815521,0.2734927237033844,0.18980085849761963,0.1766762137413025,1,1,0.037122488021850586,0.4190938472747803,0.050247132778167725,0,0,1,1,1,7448
0,MexicoCity/MexicoCity_0000439_2011_07_378_19.41700482193426_-99.13953347474336_TwJrfwIgXV4gdmu2v_RwPw.jpg,MexicoCity:439,fused,random,0,0,5,True,,4088,5,1737218915063235662,38,7448,0.1484375,0.1339389979839325,0.08268707990646362,0.3237398564815521,0.2527886629104614,0.18980085849761963,0.1701015830039978,1,1,0.05125191807746887,0.3991587162017822,0.0709511935710907,0,0,1,1,1,7448
0,MexicoCity/MexicoCity_0000439_2011_07_378_19.41700482193426_-99.13953347474336_TwJrfwIgXV4gdmu2v_RwPw.jpg,MexicoCity:439,fused,random,1,-44,8,True,,4088,5,1737218915063235662,38,7448,0.1484375,0.1339389979839325,0.08859391510486603,0.3237398564815521,0.30018746852874756,0.18980085849761963,0.21159355342388153,1,1,0.04534508287906647,0.17857158184051514,0.023552387952804565,0,0,1,1,1,7448
0,MexicoCity/MexicoCity_0000439_2011_07_378_19.41700482193426_-99.13953347474336_TwJrfwIgXV4gdmu2v_RwPw.jpg,MexicoCity:439,fused,random,2,-1,5,True,,4088,5,1737218915063235662,38,7448,0.1484375,0.1339389979839325,0.07581780850887299,0.3237398564815521,0.2544870972633362,0.18980085849761963,0.1786692887544632,1,1,0.05812118947505951,0.4275436997413635,0.06925275921821594,0,0,1,1,1,7448
0,MexicoCity/MexicoCity_0000439_2011_07_378_19.41700482193426_-99.13953347474336_TwJrfwIgXV4gdmu2v_RwPw.jpg,MexicoCity:439,fused,random,3,22,11,True,,4088,5,1737218915063235662,38,7448,0.1484375,0.1339389979839325,0.06446558237075806,0.3237398564815521,0.2209755778312683,0.18980085849761963,0.15650999546051025,1,1,0.06947341561317444,0.3406792879104614,0.10276427865028381,0,0,1,1,1,7448
0,MexicoCity/MexicoCity_0000439_2011_07_378_19.41700482193426_-99.13953347474336_TwJrfwIgXV4gdmu2v_RwPw.jpg,MexicoCity:439,fused,random,4,64,9,True,,4088,5,1737218915063235662,38,7448,0.1484375,0.1339389979839325,0.16616623103618622,0.3237398564815521,0.3441477417945862,0.18980085849761963,0.17798151075839996,1,1,-0.03222723305225372,0.13277441263198853,-0.020407885313034058,0,0,1,1,1,7448
0,London/London_0004974_2008_07_110_51.5100068580884_-0.1237108994429334_gMH1zaD6dwjZ7yNcwi_kqQ.jpg,London:4974,attention,clean,-1,0,0,True,,7028,5,273894779133828325,38,7448,0.1484375,0.26591697335243225,0.26591697335243225,0.4589889645576477,0.4589889645576477,0.19307199120521545,0.19307199120521545,1,1,0.0,0.0,0.0,0,0,1,1,1,0
0,London/London_0004974_2008_07_110_51.5100068580884_-0.1237108994429334_gMH1zaD6dwjZ7yNcwi_kqQ.jpg,London:4974,fused,clean,-1,0,0,True,,8414,5,8339031884491227799,38,7448,0.1484375,0.26591697335243225,0.26591697335243225,0.4589889645576477,0.4589889645576477,0.19307199120521545,0.19307199120521545,1,1,0.0,0.0,0.0,0,0,1,1,1,0
0,London/London_0004974_2008_07_110_51.5100068580884_-0.1237108994429334_gMH1zaD6dwjZ7yNcwi_kqQ.jpg,London:4974,attention,targeted,-1,0,0,True,,7028,5,273894779133828325,38,7448,0.1484375,0.26591697335243225,0.30387505888938904,0.4589889645576477,0.4838208854198456,0.19307199120521545,0.17994582653045654,1,1,-0.03795808553695679,0.19912195205688477,-0.024831920862197876,0,0,1,1,1,7448
0,London/London_0004974_2008_07_110_51.5100068580884_-0.1237108994429334_gMH1zaD6dwjZ7yNcwi_kqQ.jpg,London:4974,attention,random,0,25,5,True,,7028,5,273894779133828325,38,7448,0.1484375,0.26591697335243225,0.2893145680427551,0.4589889645576477,0.46545112133026123,0.19307199120521545,0.1761365532875061,1,1,-0.023397594690322876,0.2025439739227295,-0.006462156772613525,0,0,1,1,1,7448
0,London/London_0004974_2008_07_110_51.5100068580884_-0.1237108994429334_gMH1zaD6dwjZ7yNcwi_kqQ.jpg,London:4974,attention,random,1,6,23,True,,7028,5,273894779133828325,38,7448,0.1484375,0.26591697335243225,0.25730279088020325,0.4589889645576477,0.4451051950454712,0.19307199120521545,0.18780240416526794,1,1,0.008614182472229004,0.10822397470474243,0.013883769512176514,0,0,1,1,1,7448
0,London/London_0004974_2008_07_110_51.5100068580884_-0.1237108994429334_gMH1zaD6dwjZ7yNcwi_kqQ.jpg,London:4974,attention,random,2,14,70,True,,7028,5,273894779133828325,38,7448,0.1484375,0.26591697335243225,0.2412918508052826,0.4589889645576477,0.4174731969833374,0.19307199120521545,0.1761813461780548,1,1,0.024625122547149658,0.11058312654495239,0.0415157675743103,0,0,1,1,1,7448
0,London/London_0004974_2008_07_110_51.5100068580884_-0.1237108994429334_gMH1zaD6dwjZ7yNcwi_kqQ.jpg,London:4974,attention,random,3,-4,47,True,,7028,5,273894779133828325,38,7448,0.1484375,0.26591697335243225,0.23507541418075562,0.4589889645576477,0.4219023287296295,0.19307199120521545,0.1868269145488739,1,1,0.030841559171676636,0.10745292901992798,0.03708663582801819,0,0,1,1,1,7448
0,London/London_0004974_2008_07_110_51.5100068580884_-0.1237108994429334_gMH1zaD6dwjZ7yNcwi_kqQ.jpg,London:4974,attention,random,4,9,72,True,,7028,5,273894779133828325,38,7448,0.1484375,0.26591697335243225,0.22002586722373962,0.4589889645576477,0.40552693605422974,0.19307199120521545,0.1855010688304901,1,1,0.04589110612869263,0.1267012357711792,0.05346202850341797,0,0,1,1,1,7448
0,London/London_0004974_2008_07_110_51.5100068580884_-0.1237108994429334_gMH1zaD6dwjZ7yNcwi_kqQ.jpg,London:4974,fused,targeted,-1,0,0,True,,8414,5,8339031884491227799,38,7448,0.1484375,0.26591697335243225,0.2964728772640228,0.4589889645576477,0.4755571186542511,0.19307199120521545,0.17908424139022827,1,1,-0.030555903911590576,0.19537568092346191,-0.016568154096603394,0,0,1,1,1,7448
0,London/London_0004974_2008_07_110_51.5100068580884_-0.1237108994429334_gMH1zaD6dwjZ7yNcwi_kqQ.jpg,London:4974,fused,random,0,-5,82,True,,8414,5,8339031884491227799,38,7448,0.1484375,0.26591697335243225,0.2460387945175171,0.4589889645576477,0.4251266121864319,0.19307199120521545,0.1790878176689148,1,1,0.01987817883491516,0.11896556615829468,0.03386235237121582,0,0,1,1,1,7448
0,London/London_0004974_2008_07_110_51.5100068580884_-0.1237108994429334_gMH1zaD6dwjZ7yNcwi_kqQ.jpg,London:4974,fused,random,1,9,33,True,,8414,5,8339031884491227799,38,7448,0.1484375,0.26591697335243225,0.23083490133285522,0.4589889645576477,0.4203055799007416,0.19307199120521545,0.18947067856788635,1,1,0.035082072019577026,0.13165557384490967,0.03868338465690613,0,0,1,1,1,7448
0,London/London_0004974_2008_07_110_51.5100068580884_-0.1237108994429334_gMH1zaD6dwjZ7yNcwi_kqQ.jpg,London:4974,fused,random,2,23,17,True,,8414,5,8339031884491227799,38,7448,0.1484375,0.26591697335243225,0.2722846269607544,0.4589889645576477,0.4520092010498047,0.19307199120521545,0.1797245740890503,1,1,-0.0063676536083221436,0.12555432319641113,0.006979763507843018,0,0,1,1,1,7448
0,London/London_0004974_2008_07_110_51.5100068580884_-0.1237108994429334_gMH1zaD6dwjZ7yNcwi_kqQ.jpg,London:4974,fused,random,3,6,93,True,,8414,5,8339031884491227799,38,7448,0.1484375,0.26591697335243225,0.26073941588401794,0.4589889645576477,0.44625604152679443,0.19307199120521545,0.1855166256427765,1,1,0.005177557468414307,0.09818673133850098,0.012732923030853271,0,0,1,1,1,7448
0,London/London_0004974_2008_07_110_51.5100068580884_-0.1237108994429334_gMH1zaD6dwjZ7yNcwi_kqQ.jpg,London:4974,fused,random,4,-12,9,True,,8414,5,8339031884491227799,38,7448,0.1484375,0.26591697335243225,0.2618268132209778,0.4589889645576477,0.44167080521583557,0.19307199120521545,0.17984400689601898,1,1,0.004090160131454468,0.2049802541732788,0.017318159341812134,0,0,1,1,1,7448
0,Lisbon/Lisbon_0006805_2019_11_322_38.75718737248513_-9.165952628228716_nEJpwdYZ5tOiSVrF5b9QZw.jpg,Lisbon:6805,attention,clean,-1,0,0,True,,126,5,8457881632286975186,38,7448,0.1484375,0.16729861497879028,0.16729861497879028,0.5002257823944092,0.5002257823944092,0.3329271674156189,0.3329271674156189,1,1,0.0,0.0,0.0,0,0,1,1,1,0
0,Lisbon/Lisbon_0006805_2019_11_322_38.75718737248513_-9.165952628228716_nEJpwdYZ5tOiSVrF5b9QZw.jpg,Lisbon:6805,fused,clean,-1,0,0,True,,154,5,6898779443407842459,38,7448,0.1484375,0.16729861497879028,0.16729861497879028,0.5002257823944092,0.5002257823944092,0.3329271674156189,0.3329271674156189,1,1,0.0,0.0,0.0,0,0,1,1,1,0
0,Lisbon/Lisbon_0006805_2019_11_322_38.75718737248513_-9.165952628228716_nEJpwdYZ5tOiSVrF5b9QZw.jpg,Lisbon:6805,attention,targeted,-1,0,0,True,,126,5,8457881632286975186,38,7448,0.1484375,0.16729861497879028,0.16554468870162964,0.5002257823944092,0.4548351764678955,0.3329271674156189,0.28929048776626587,1,1,0.0017539262771606445,0.28774505853652954,0.04539060592651367,0,0,1,1,1,7448
0,Lisbon/Lisbon_0006805_2019_11_322_38.75718737248513_-9.165952628228716_nEJpwdYZ5tOiSVrF5b9QZw.jpg,Lisbon:6805,attention,random,0,38,0,True,,126,5,8457881632286975186,38,7448,0.1484375,0.16729861497879028,0.19014525413513184,0.5002257823944092,0.4662381112575531,0.3329271674156189,0.27609285712242126,1,1,-0.022846639156341553,0.129807710647583,0.03398767113685608,0,0,1,1,1,7448
0,Lisbon/Lisbon_0006805_2019_11_322_38.75718737248513_-9.165952628228716_nEJpwdYZ5tOiSVrF5b9QZw.jpg,Lisbon:6805,attention,random,1,97,0,True,,126,5,8457881632286975186,38,7448,0.1484375,0.16729861497879028,0.1597643792629242,0.5002257823944092,0.48920974135398865,0.3329271674156189,0.32944536209106445,1,1,0.007534235715866089,0.03015047311782837,0.011016041040420532,0,0,1,1,1,7448
0,Lisbon/Lisbon_0006805_2019_11_322_38.75718737248513_-9.165952628228716_nEJpwdYZ5tOiSVrF5b9QZw.jpg,Lisbon:6805,attention,random,2,-16,0,True,,126,5,8457881632286975186,38,7448,0.1484375,0.16729861497879028,0.11186763644218445,0.5002257823944092,0.41670000553131104,0.3329271674156189,0.3048323690891266,1,1,0.055430978536605835,0.23919963836669922,0.08352577686309814,0,0,1,1,1,7448
0,Lisbon/Lisbon_0006805_2019_11_322_38.75718737248513_-9.165952628228716_nEJpwdYZ5tOiSVrF5b9QZw.jpg,Lisbon:6805,attention,random,3,63,0,True,,126,5,8457881632286975186,38,7448,0.1484375,0.16729861497879028,0.16651731729507446,0.5002257823944092,0.4871549606323242,0.3329271674156189,0.32063764333724976,1,1,0.0007812976837158203,0.05881679058074951,0.013070821762084961,0,0,1,1,1,7448
0,Lisbon/Lisbon_0006805_2019_11_322_38.75718737248513_-9.165952628228716_nEJpwdYZ5tOiSVrF5b9QZw.jpg,Lisbon:6805,attention,random,4,31,0,True,,126,5,8457881632286975186,38,7448,0.1484375,0.16729861497879028,0.16591379046440125,0.5002257823944092,0.43628451228141785,0.3329271674156189,0.2703707218170166,1,1,0.001384824514389038,0.22237378358840942,0.06394127011299133,0,0,1,1,1,7448
0,Lisbon/Lisbon_0006805_2019_11_322_38.75718737248513_-9.165952628228716_nEJpwdYZ5tOiSVrF5b9QZw.jpg,Lisbon:6805,fused,targeted,-1,0,0,True,,154,5,6898779443407842459,38,7448,0.1484375,0.16729861497879028,0.14888110756874084,0.5002257823944092,0.45204687118530273,0.3329271674156189,0.3031657636165619,1,1,0.01841750741004944,0.2520124316215515,0.048178911209106445,0,0,1,1,1,7448
0,Lisbon/Lisbon_0006805_2019_11_322_38.75718737248513_-9.165952628228716_nEJpwdYZ5tOiSVrF5b9QZw.jpg,Lisbon:6805,fused,random,0,-50,0,True,,154,5,6898779443407842459,38,7448,0.1484375,0.16729861497879028,0.11985182762145996,0.5002257823944092,0.43494370579719543,0.3329271674156189,0.3150918781757355,1,1,0.04744678735733032,0.11128771305084229,0.06528207659721375,0,0,1,1,1,7448
0,Lisbon/Lisbon_0006805_2019_11_322_38.75718737248513_-9.165952628228716_nEJpwdYZ5tOiSVrF5b9QZw.jpg,Lisbon:6805,fused,random,1,-17,0,True,,154,5,6898779443407842459,38,7448,0.1484375,0.16729861497879028,0.12251824140548706,0.5002257823944092,0.4225134253501892,0.3329271674156189,0.29999518394470215,1,1,0.04478037357330322,0.23346972465515137,0.07771235704421997,0,0,1,1,1,7448
0,Lisbon/Lisbon_0006805_2019_11_322_38.75718737248513_-9.165952628228716_nEJpwdYZ5tOiSVrF5b9QZw.jpg,Lisbon:6805,fused,random,2,39,0,True,,154,5,6898779443407842459,38,7448,0.1484375,0.16729861497879028,0.15747782588005066,0.5002257823944092,0.45739471912384033,0.3329271674156189,0.2999168932437897,1,1,0.009820789098739624,0.11345189809799194,0.04283106327056885,0,0,1,1,1,7448
0,Lisbon/Lisbon_0006805_2019_11_322_38.75718737248513_-9.165952628228716_nEJpwdYZ5tOiSVrF5b9QZw.jpg,Lisbon:6805,fused,random,3,-5,0,True,,154,5,6898779443407842459,38,7448,0.1484375,0.16729861497879028,0.09688878059387207,0.5002257823944092,0.42319613695144653,0.3329271674156189,0.32630735635757446,1,1,0.07040983438491821,0.2837268114089966,0.07702964544296265,0,0,1,1,1,7448
0,Lisbon/Lisbon_0006805_2019_11_322_38.75718737248513_-9.165952628228716_nEJpwdYZ5tOiSVrF5b9QZw.jpg,Lisbon:6805,fused,random,4,11,0,True,,154,5,6898779443407842459,38,7448,0.1484375,0.16729861497879028,0.14265704154968262,0.5002257823944092,0.42810487747192383,0.3329271674156189,0.2854478359222412,1,1,0.024641573429107666,0.26393961906433105,0.07212090492248535,0,0,1,1,1,7448
0,Melbourne/Melbourne_0003842_2019_06_043_-37.8159344197178_144.9527839466469_EsUMIh4sTLBGQ0qzNUEeyw.jpg,Melbourne:3842,attention,clean,-1,0,0,True,,126,5,7423925094341859500,38,7448,0.1484375,0.2511054575443268,0.2511054575443268,0.43395596742630005,0.43395596742630005,0.18285050988197327,0.18285050988197327,1,1,0.0,0.0,0.0,0,0,1,1,1,0
0,Melbourne/Melbourne_0003842_2019_06_043_-37.8159344197178_144.9527839466469_EsUMIh4sTLBGQ0qzNUEeyw.jpg,Melbourne:3842,fused,clean,-1,0,0,True,,8834,5,6568527294111732468,38,7448,0.1484375,0.2511054575443268,0.2511054575443268,0.43395596742630005,0.43395596742630005,0.18285050988197327,0.18285050988197327,1,1,0.0,0.0,0.0,0,0,1,1,1,0
0,Melbourne/Melbourne_0003842_2019_06_043_-37.8159344197178_144.9527839466469_EsUMIh4sTLBGQ0qzNUEeyw.jpg,Melbourne:3842,attention,targeted,-1,0,0,True,,126,5,7423925094341859500,38,7448,0.1484375,0.2511054575443268,0.1501244306564331,0.43395596742630005,0.34677737951278687,0.18285050988197327,0.19665294885635376,1,1,0.10098102688789368,0.34977126121520996,0.08717858791351318,0,0,1,1,1,7448
0,Melbourne/Melbourne_0003842_2019_06_043_-37.8159344197178_144.9527839466469_EsUMIh4sTLBGQ0qzNUEeyw.jpg,Melbourne:3842,attention,random,0,-18,0,True,,126,5,7423925094341859500,38,7448,0.1484375,0.2511054575443268,0.18428558111190796,0.43395596742630005,0.3705730736255646,0.18285050988197327,0.18628749251365662,1,1,0.06681987643241882,0.24347221851348877,0.06338289380073547,0,0,1,1,1,7448
0,Melbourne/Melbourne_0003842_2019_06_043_-37.8159344197178_144.9527839466469_EsUMIh4sTLBGQ0qzNUEeyw.jpg,Melbourne:3842,attention,random,1,69,0,True,,126,5,7423925094341859500,38,7448,0.1484375,0.2511054575443268,0.2372947633266449,0.43395596742630005,0.4269576072692871,0.18285050988197327,0.1896628439426422,1,1,0.013810694217681885,0.05990326404571533,0.0069983601570129395,0,0,1,1,1,7448
0,Melbourne/Melbourne_0003842_2019_06_043_-37.8159344197178_144.9527839466469_EsUMIh4sTLBGQ0qzNUEeyw.jpg,Melbourne:3842,attention,random,2,66,0,True,,126,5,7423925094341859500,38,7448,0.1484375,0.2511054575443268,0.23483046889305115,0.43395596742630005,0.42241883277893066,0.18285050988197327,0.18758836388587952,1,1,0.016274988651275635,0.0659148097038269,0.011537134647369385,0,0,1,1,1,7448
0,Melbourne/Melbourne_0003842_2019_06_043_-37.8159344197178_144.9527839466469_EsUMIh4sTLBGQ0qzNUEeyw.jpg,Melbourne:3842,attention,random,3,-10,0,True,,126,5,7423925094341859500,38,7448,0.1484375,0.2511054575443268,0.1553674042224884,0.43395596742630005,0.36367514729499817,0.18285050988197327,0.20830774307250977,1,1,0.09573805332183838,0.30360209941864014,0.07028082013130188,0,0,1,1,1,7448
0,Melbourne/Melbourne_0003842_2019_06_043_-37.8159344197178_144.9527839466469_EsUMIh4sTLBGQ0qzNUEeyw.jpg,Melbourne:3842,attention,random,4,50,0,True,,126,5,7423925094341859500,38,7448,0.1484375,0.2511054575443268,0.21347621083259583,0.43395596742630005,0.40118247270584106,0.18285050988197327,0.18770626187324524,1,1,0.03762924671173096,0.09030556678771973,0.032773494720458984,0,0,1,1,1,7448
0,Melbourne/Melbourne_0003842_2019_06_043_-37.8159344197178_144.9527839466469_EsUMIh4sTLBGQ0qzNUEeyw.jpg,Melbourne:3842,fused,targeted,-1,0,0,True,,8834,5,6568527294111732468,38,7448,0.1484375,0.2511054575443268,0.14691108465194702,0.43395596742630005,0.3195436894893646,0.18285050988197327,0.1726326048374176,1,1,0.10419437289237976,0.3367425203323364,0.11441227793693542,0,0,1,1,1,7448
0,Melbourne/Melbourne_0003842_2019_06_043_-37.8159344197178_144.9527839466469_EsUMIh4sTLBGQ0qzNUEeyw.jpg,Melbourne:3842,fused,random,0,23,-17,True,,8834,5,6568527294111732468,38,7448,0.1484375,0.2511054575443268,0.1513577699661255,0.43395596742630005,0.3264387845993042,0.18285050988197327,0.1750810146331787,1,1,0.0997476875782013,0.2948821187019348,0.10751718282699585,0,0,1,1,1,7448
0,Melbourne/Melbourne_0003842_2019_06_043_-37.8159344197178_144.9527839466469_EsUMIh4sTLBGQ0qzNUEeyw.jpg,Melbourne:3842,fused,random,1,69,-44,True,,8834,5,6568527294111732468,38,7448,0.1484375,0.2511054575443268,0.2319004237651825,0.43395596742630005,0.42806583642959595,0.18285050988197327,0.19616541266441345,1,1,0.019205033779144287,0.04709506034851074,0.0058901309967041016,0,0,1,1,1,7448
0,Melbourne/Melbourne_0003842_2019_06_043_-37.8159344197178_144.9527839466469_EsUMIh4sTLBGQ0qzNUEeyw.jpg,Melbourne:3842,fused,random,2,21,-52,True,,8834,5,6568527294111732468,38,7448,0.1484375,0.2511054575443268,0.14385446906089783,0.43395596742630005,0.3250553011894226,0.18285050988197327,0.18120083212852478,1,1,0.10725098848342896,0.27650368213653564,0.10890066623687744,0,0,1,1,1,7448
0,Melbourne/Melbourne_0003842_2019_06_043_-37.8159344197178_144.9527839466469_EsUMIh4sTLBGQ0qzNUEeyw.jpg,Melbourne:3842,fused,random,3,55,-18,True,,8834,5,6568527294111732468,38,7448,0.1484375,0.2511054575443268,0.23578879237174988,0.43395596742630005,0.41550078988075256,0.18285050988197327,0.17971199750900269,1,1,0.015316665172576904,0.05258810520172119,0.018455177545547485,0,0,1,1,1,7448
0,Melbourne/Melbourne_0003842_2019_06_043_-37.8159344197178_144.9527839466469_EsUMIh4sTLBGQ0qzNUEeyw.jpg,Melbourne:3842,fused,random,4,0,-17,True,,8834,5,6568527294111732468,38,7448,0.1484375,0.2511054575443268,0.13060100376605988,0.43395596742630005,0.3125113844871521,0.18285050988197327,0.18191038072109222,1,1,0.1205044537782669,0.30576521158218384,0.12144458293914795,0,0,1,1,1,7448
0,London/London_0000318_2020_11_358_51.48738834442319_-0.1592927192988385_K7CRRcqqX7sWWgEuLL8BqA.jpg,London:318,attention,clean,-1,0,0,True,,4088,5,8699053023415736410,38,7448,0.1484375,0.22537952661514282,0.22537952661514282,0.5129648447036743,0.5129648447036743,0.2875853180885315,0.2875853180885315,1,1,0.0,0.0,0.0,0,0,1,1,1,0
0,London/London_0000318_2020_11_358_51.48738834442319_-0.1592927192988385_K7CRRcqqX7sWWgEuLL8BqA.jpg,London:318,fused,clean,-1,0,0,True,,8834,5,265835605627514428,38,7448,0.1484375,0.22537952661514282,0.22537952661514282,0.5129648447036743,0.5129648447036743,0.2875853180885315,0.2875853180885315,1,1,0.0,0.0,0.0,0,0,1,1,1,0
0,London/London_0000318_2020_11_358_51.48738834442319_-0.1592927192988385_K7CRRcqqX7sWWgEuLL8BqA.jpg,London:318,attention,targeted,-1,0,0,True,,4088,5,8699053023415736410,38,7448,0.1484375,0.22537952661514282,0.04672393202781677,0.5129648447036743,0.25541841983795166,0.2875853180885315,0.2086944878101349,1,1,0.17865559458732605,0.4369056224822998,0.25754642486572266,0,0,1,1,1,7448
0,London/London_0000318_2020_11_358_51.48738834442319_-0.1592927192988385_K7CRRcqqX7sWWgEuLL8BqA.jpg,London:318,attention,random,0,40,-19,True,,4088,5,8699053023415736410,38,7448,0.1484375,0.22537952661514282,0.20028269290924072,0.5129648447036743,0.4617725610733032,0.2875853180885315,0.2614898681640625,1,1,0.0250968337059021,0.16410481929779053,0.051192283630371094,0,0,1,1,1,7448
0,London/London_0000318_2020_11_358_51.48738834442319_-0.1592927192988385_K7CRRcqqX7sWWgEuLL8BqA.jpg,London:318,attention,random,1,-41,-13,True,,4088,5,8699053023415736410,38,7448,0.1484375,0.22537952661514282,0.17701126635074615,0.5129648447036743,0.4257049262523651,0.2875853180885315,0.24869365990161896,1,1,0.04836826026439667,0.22647571563720703,0.0872599184513092,0,0,1,1,1,7448
0,London/London_0000318_2020_11_358_51.48738834442319_-0.1592927192988385_K7CRRcqqX7sWWgEuLL8BqA.jpg,London:318,attention,random,2,46,-26,True,,4088,5,8699053023415736410,38,7448,0.1484375,0.22537952661514282,0.19041097164154053,0.5129648447036743,0.47480422258377075,0.2875853180885315,0.2843932509422302,1,1,0.034968554973602295,0.1283245086669922,0.038160622119903564,0,0,1,1,1,7448
0,London/London_0000318_2020_11_358_51.48738834442319_-0.1592927192988385_K7CRRcqqX7sWWgEuLL8BqA.jpg,London:318,attention,random,3,-69,-2,True,,4088,5,8699053023415736410,38,7448,0.1484375,0.22537952661514282,0.24265530705451965,0.5129648447036743,0.49674084782600403,0.2875853180885315,0.2540855407714844,1,1,-0.01727578043937683,0.08196163177490234,0.016223996877670288,0,0,1,1,1,7448
0,London/London_0000318_2020_11_358_51.48738834442319_-0.1592927192988385_K7CRRcqqX7sWWgEuLL8BqA.jpg,London:318,attention,random,4,52,-17,True,,4088,5,8699053023415736410,38,7448,0.1484375,0.22537952661514282,0.207737535238266,0.5129648447036743,0.47929421067237854,0.2875853180885315,0.27155667543411255,1,1,0.01764199137687683,0.1202654242515564,0.033670634031295776,0,0,1,1,1,7448
0,London/London_0000318_2020_11_358_51.48738834442319_-0.1592927192988385_K7CRRcqqX7sWWgEuLL8BqA.jpg,London:318,fused,targeted,-1,0,0,True,,8834,5,265835605627514428,38,7448,0.1484375,0.22537952661514282,0.02619902789592743,0.5129648447036743,0.24188154935836792,0.2875853180885315,0.2156825214624405,1,1,0.1991804987192154,0.42678892612457275,0.2710832953453064,0,0,1,1,1,7448
0,London/London_0000318_2020_11_358_51.48738834442319_-0.1592927192988385_K7CRRcqqX7sWWgEuLL8BqA.jpg,London:318,fused,random,0,14,6,True,,8834,5,265835605627514428,38,7448,0.1484375,0.22537952661514282,0.020562022924423218,0.5129648447036743,0.269478976726532,0.2875853180885315,0.24891695380210876,1,1,0.2048175036907196,0.4066324234008789,0.24348586797714233,0,0,1,1,1,7448
0,London/London_0000318_2020_11_358_51.48738834442319_-0.1592927192988385_K7CRRcqqX7sWWgEuLL8BqA.jpg,London:318,fused,random,1,-75,-2,True,,8834,5,265835605627514428,38,7448,0.1484375,0.22537952661514282,0.24556633830070496,0.5129648447036743,0.4973832964897156,0.2875853180885315,0.2518169581890106,1,1,-0.020186811685562134,0.07192927598953247,0.01558154821395874,0,0,1,1,1,7448
0,London/London_0000318_2020_11_358_51.48738834442319_-0.1592927192988385_K7CRRcqqX7sWWgEuLL8BqA.jpg,London:318,fused,random,2,52,-26,True,,8834,5,265835605627514428,38,7448,0.1484375,0.22537952661514282,0.21017858386039734,0.5129648447036743,0.49012458324432373,0.2875853180885315,0.2799459993839264,1,1,0.015200942754745483,0.10546553134918213,0.022840261459350586,0,0,1,1,1,7448
0,London/London_0000318_2020_11_358_51.48738834442319_-0.1592927192988385_K7CRRcqqX7sWWgEuLL8BqA.jpg,London:318,fused,random,3,-64,-32,True,,8834,5,265835605627514428,38,7448,0.1484375,0.22537952661514282,0.2214532196521759,0.5129648447036743,0.48655080795288086,0.2875853180885315,0.26509758830070496,1,1,0.003926306962966919,0.08362579345703125,0.026414036750793457,0,0,1,1,1,7448
0,London/London_0000318_2020_11_358_51.48738834442319_-0.1592927192988385_K7CRRcqqX7sWWgEuLL8BqA.jpg,London:318,fused,random,4,-81,-36,True,,8834,5,265835605627514428,38,7448,0.1484375,0.22537952661514282,0.231205016374588,0.5129648447036743,0.49383145570755005,0.2875853180885315,0.26262643933296204,1,1,-0.00582548975944519,0.04520934820175171,0.019133388996124268,0,0,1,1,1,7448
0,Miami/Miami_0003184_2009_05_207_25.75569119897607_-80.24595725212107_hgz_ew2LNpwK3ncWI4M7-Q.jpg,Miami:3184,attention,clean,-1,0,0,True,,10010,5,8583156807360751720,38,7448,0.1484375,0.11035531759262085,0.11035531759262085,0.504371166229248,0.504371166229248,0.3940158486366272,0.3940158486366272,1,1,0.0,0.0,0.0,0,0,1,1,1,0
0,Miami/Miami_0003184_2009_05_207_25.75569119897607_-80.24595725212107_hgz_ew2LNpwK3ncWI4M7-Q.jpg,Miami:3184,fused,clean,-1,0,0,True,,10010,5,5677542798867573672,38,7448,0.1484375,0.11035531759262085,0.11035531759262085,0.504371166229248,0.504371166229248,0.3940158486366272,0.3940158486366272,1,1,0.0,0.0,0.0,0,0,1,1,1,0
0,Miami/Miami_0003184_2009_05_207_25.75569119897607_-80.24595725212107_hgz_ew2LNpwK3ncWI4M7-Q.jpg,Miami:3184,attention,targeted,-1,0,0,True,,10010,5,8583156807360751720,38,7448,0.1484375,0.11035531759262085,0.03252401947975159,0.504371166229248,0.35997429490089417,0.3940158486366272,0.3274502754211426,1,1,0.07783129811286926,0.4075058698654175,0.14439687132835388,0,0,1,1,1,7448
0,Miami/Miami_0003184_2009_05_207_25.75569119897607_-80.24595725212107_hgz_ew2LNpwK3ncWI4M7-Q.jpg,Miami:3184,attention,random,0,79,30,True,,10010,5,8583156807360751720,38,7448,0.1484375,0.11035531759262085,0.10337132215499878,0.504371166229248,0.4826771020889282,0.3940158486366272,0.37930577993392944,1,1,0.00698399543762207,0.06289947032928467,0.021694064140319824,0,0,1,1,1,7448
0,Miami/Miami_0003184_2009_05_207_25.75569119897607_-80.24595725212107_hgz_ew2LNpwK3ncWI4M7-Q.jpg,Miami:3184,attention,random,1,5,5,True,,10010,5,8583156807360751720,38,7448,0.1484375,0.11035531759262085,0.06766402721405029,0.504371166229248,0.3865770697593689,0.3940158486366272,0.3189130425453186,1,1,0.04269129037857056,0.3794785737991333,0.11779409646987915,0,0,1,1,1,7448
0,Miami/Miami_0003184_2009_05_207_25.75569119897607_-80.24595725212107_hgz_ew2LNpwK3ncWI4M7-Q.jpg,Miami:3184,attention,random,2,21,49,True,,10010,5,8583156807360751720,38,7448,0.1484375,0.11035531759262085,0.06461751461029053,0.504371166229248,0.4731038808822632,0.3940158486366272,0.40848636627197266,1,1,0.04573780298233032,0.20012027025222778,0.03126728534698486,0,0,1,1,1,7448
0,Miami/Miami_0003184_2009_05_207_25.75569119897607_-80.24595725212107_hgz_ew2LNpwK3ncWI4M7-Q.jpg,Miami:3184,attention,random,3,-11,59,True,,10010,5,8583156807360751720,38,7448,0.1484375,0.11035531759262085,0.1162218451499939,0.504371166229248,0.4848416745662689,0.3940158486366272,0.368619829416275,1,1,-0.005866527557373047,0.20958352088928223,0.019529491662979126,0,0,1,1,1,7448
0,Miami/Miami_0003184_2009_05_207_25.75569119897607_-80.24595725212107_hgz_ew2LNpwK3ncWI4M7-Q.jpg,Miami:3184,attention,random,4,-26,13,True,,10010,5,8583156807360751720,38,7448,0.1484375,0.11035531759262085,0.09381699562072754,0.504371166229248,0.47271621227264404,0.3940158486366272,0.3788992166519165,1,1,0.01653832197189331,0.20318907499313354,0.031654953956604004,0,0,1,1,1,7448
0,Miami/Miami_0003184_2009_05_207_25.75569119897607_-80.24595725212107_hgz_ew2LNpwK3ncWI4M7-Q.jpg,Miami:3184,fused,targeted,-1,0,0,True,,10010,5,5677542798867573672,38,7448,0.1484375,0.11035531759262085,-0.005024552345275879,0.504371166229248,0.3791380226612091,0.3940158486366272,0.384162575006485,1,2,0.11537986993789673,0.3523401618003845,0.12523314356803894,1,1,0,1,1,7448
0,Miami/Miami_0003184_2009_05_207_25.75569119897607_-80.24595725212107_hgz_ew2LNpwK3ncWI4M7-Q.jpg,Miami:3184,fused,random,0,79,25,True,,10010,5,5677542798867573672,38,7448,0.1484375,0.11035531759262085,0.10794597864151001,0.504371166229248,0.4931188225746155,0.3940158486366272,0.38517284393310547,1,1,0.00240933895111084,0.05201238393783569,0.011252343654632568,0,0,1,1,1,7448
0,Miami/Miami_0003184_2009_05_207_25.75569119897607_-80.24595725212107_hgz_ew2LNpwK3ncWI4M7-Q.jpg,Miami:3184,fused,random,1,-52,25,True,,10010,5,5677542798867573672,38,7448,0.1484375,0.11035531759262085,0.09329718351364136,0.504371166229248,0.48443812131881714,0.3940158486366272,0.3911409378051758,1,1,0.017058134078979492,0.07133758068084717,0.019933044910430908,0,0,1,1,1,7448
0,Miami/Miami_0003184_2009_05_207_25.75569119897607_-80.24595725212107_hgz_ew2LNpwK3ncWI4M7-Q.jpg,Miami:3184,fused,random,2,61,18,True,,10010,5,5677542798867573672,38,7448,0.1484375,0.11035531759262085,0.10700392723083496,0.504371166229248,0.49660158157348633,0.3940158486366272,0.38959765434265137,1,1,0.0033513903617858887,0.07809066772460938,0.007769584655761719,0,0,1,1,1,7448
0,Miami/Miami_0003184_2009_05_207_25.75569119897607_-80.24595725212107_hgz_ew2LNpwK3ncWI4M7-Q.jpg,Miami:3184,fused,random,3,6,47,True,,10010,5,5677542798867573672,38,7448,0.1484375,0.11035531759262085,0.04660788178443909,0.504371166229248,0.4103254973888397,0.3940158486366272,0.36371761560440063,1,1,0.06374743580818176,0.26996898651123047,0.09404566884040833,0,0,1,1,1,7448
0,Miami/Miami_0003184_2009_05_207_25.75569119897607_-80.24595725212107_hgz_ew2LNpwK3ncWI4M7-Q.jpg,Miami:3184,fused,random,4,-40,4,True,,10010,5,5677542798867573672,38,7448,0.1484375,0.11035531759262085,0.10406461358070374,0.504371166229248,0.5000149011611938,0.3940158486366272,0.3959502875804901,1,1,0.006290704011917114,0.12081468105316162,0.004356265068054199,0,0,1,1,1,7448
0,Lisbon/Lisbon_0008315_2020_11_257_38.76920067293263_-9.176703960741298_y3MKFZ0HiAYXUi93YCYGxw.jpg,Lisbon:8315,attention,clean,-1,0,0,True,,140,5,4998506503449068771,38,7448,0.1484375,0.1003928929567337,0.1003928929567337,0.29786616563796997,0.29786616563796997,0.19747327268123627,0.19747327268123627,1,1,0.0,0.0,0.0,0,0,1,1,1,0
0,Lisbon/Lisbon_0008315_2020_11_257_38.76920067293263_-9.176703960741298_y3MKFZ0HiAYXUi93YCYGxw.jpg,Lisbon:8315,fused,clean,-1,0,0,True,,6062,5,8898599168516035048,38,7448,0.1484375,0.1003928929567337,0.1003928929567337,0.29786616563796997,0.29786616563796997,0.19747327268123627,0.19747327268123627,1,1,0.0,0.0,0.0,0,0,1,1,1,0
0,Lisbon/Lisbon_0008315_2020_11_257_38.76920067293263_-9.176703960741298_y3MKFZ0HiAYXUi93YCYGxw.jpg,Lisbon:8315,attention,targeted,-1,0,0,True,,140,5,4998506503449068771,38,7448,0.1484375,0.1003928929567337,0.05753207206726074,0.29786616563796997,0.2923584580421448,0.19747327268123627,0.23482638597488403,1,1,0.04286082088947296,0.3362712860107422,0.005507707595825195,0,0,1,1,1,7448
0,Lisbon/Lisbon_0008315_2020_11_257_38.76920067293263_-9.176703960741298_y3MKFZ0HiAYXUi93YCYGxw.jpg,Lisbon:8315,attention,random,0,1,0,True,,140,5,4998506503449068771,38,7448,0.1484375,0.1003928929567337,0.04072929918766022,0.29786616563796997,0.28831642866134644,0.19747327268123627,0.24758712947368622,1,1,0.059663593769073486,0.3527475595474243,0.009549736976623535,0,0,1,1,1,7448
0,Lisbon/Lisbon_0008315_2020_11_257_38.76920067293263_-9.176703960741298_y3MKFZ0HiAYXUi93YCYGxw.jpg,Lisbon:8315,attention,random,1,-30,0,True,,140,5,4998506503449068771,38,7448,0.1484375,0.1003928929567337,0.12438540160655975,0.29786616563796997,0.32802891731262207,0.19747327268123627,0.20364351570606232,1,1,-0.02399250864982605,0.18231260776519775,-0.0301627516746521,0,0,1,1,1,7448
0,Lisbon/Lisbon_0008315_2020_11_257_38.76920067293263_-9.176703960741298_y3MKFZ0HiAYXUi93YCYGxw.jpg,Lisbon:8315,attention,random,2,47,0,True,,140,5,4998506503449068771,38,7448,0.1484375,0.1003928929567337,0.07640263438224792,0.29786616563796997,0.2587382197380066,0.19747327268123627,0.18233558535575867,1,1,0.02399025857448578,0.17232072353363037,0.03912794589996338,0,0,1,1,1,7448
0,Lisbon/Lisbon_0008315_2020_11_257_38.76920067293263_-9.176703960741298_y3MKFZ0HiAYXUi93YCYGxw.jpg,Lisbon:8315,attention,random,3,11,0,True,,140,5,4998506503449068771,38,7448,0.1484375,0.1003928929567337,0.0697699636220932,0.29786616563796997,0.2522726356983185,0.19747327268123627,0.18250267207622528,1,1,0.030622929334640503,0.3310732841491699,0.04559352993965149,0,0,1,1,1,7448
0,Lisbon/Lisbon_0008315_2020_11_257_38.76920067293263_-9.176703960741298_y3MKFZ0HiAYXUi93YCYGxw.jpg,Lisbon:8315,attention,random,4,19,0,True,,140,5,4998506503449068771,38,7448,0.1484375,0.1003928929567337,0.03252588212490082,0.29786616563796997,0.2416498214006424,0.19747327268123627,0.20912393927574158,1,1,0.06786701083183289,0.30584466457366943,0.056216344237327576,0,0,1,1,1,7448
0,Lisbon/Lisbon_0008315_2020_11_257_38.76920067293263_-9.176703960741298_y3MKFZ0HiAYXUi93YCYGxw.jpg,Lisbon:8315,fused,targeted,-1,0,0,True,,6062,5,8898599168516035048,38,7448,0.1484375,0.1003928929567337,0.05509600043296814,0.29786616563796997,0.27606460452079773,0.19747327268123627,0.2209686040878296,1,1,0.045296892523765564,0.3520771265029907,0.02180156111717224,0,0,1,1,1,7448
0,Lisbon/Lisbon_0008315_2020_11_257_38.76920067293263_-9.176703960741298_y3MKFZ0HiAYXUi93YCYGxw.jpg,Lisbon:8315,fused,random,0,10,-39,True,,6062,5,8898599168516035048,38,7448,0.1484375,0.1003928929567337,0.08516117930412292,0.29786616563796997,0.2923041880130768,0.19747327268123627,0.20714300870895386,1,1,0.015231713652610779,0.2953169345855713,0.0055619776248931885,0,0,1,1,1,7448
0,Lisbon/Lisbon_0008315_2020_11_257_38.76920067293263_-9.176703960741298_y3MKFZ0HiAYXUi93YCYGxw.jpg,Lisbon:8315,fused,random,1,36,-39,True,,6062,5,8898599168516035048,38,7448,0.1484375,0.1003928929567337,0.10050128400325775,0.29786616563796997,0.30119043588638306,0.19747327268123627,0.2006891518831253,1,1,-0.00010839104652404785,0.2294871211051941,-0.003324270248413086,0,0,1,1,1,7448
0,Lisbon/Lisbon_0008315_2020_11_257_38.76920067293263_-9.176703960741298_y3MKFZ0HiAYXUi93YCYGxw.jpg,Lisbon:8315,fused,random,2,-28,-27,True,,6062,5,8898599168516035048,38,7448,0.1484375,0.1003928929567337,0.09388327598571777,0.29786616563796997,0.29402416944503784,0.19747327268123627,0.20014089345932007,1,1,0.00650961697101593,0.2150712013244629,0.003841996192932129,0,0,1,1,1,7448
0,Lisbon/Lisbon_0008315_2020_11_257_38.76920067293263_-9.176703960741298_y3MKFZ0HiAYXUi93YCYGxw.jpg,Lisbon:8315,fused,random,3,87,-29,True,,6062,5,8898599168516035048,38,7448,0.1484375,0.1003928929567337,0.09575454890727997,0.29786616563796997,0.2991190254688263,0.19747327268123627,0.20336447656154633,1,1,0.004638344049453735,0.03886520862579346,-0.0012528598308563232,0,0,1,1,1,7448
0,Lisbon/Lisbon_0008315_2020_11_257_38.76920067293263_-9.176703960741298_y3MKFZ0HiAYXUi93YCYGxw.jpg,Lisbon:8315,fused,random,4,57,-9,True,,6062,5,8898599168516035048,38,7448,0.1484375,0.1003928929567337,0.06600525975227356,0.29786616563796997,0.24608580768108368,0.19747327268123627,0.18008054792881012,1,1,0.034387633204460144,0.12263941764831543,0.05178035795688629,0,0,1,1,1,7448
0,Melbourne/Melbourne_0002721_2020_12_297_-37.8276097136056_145.005975146209_hFBqxmnfz8CyimAD48j58g.jpg,Melbourne:2721,attention,clean,-1,0,0,True,,8036,5,3032906388772136589,38,7448,0.1484375,0.2922401428222656,0.2922401428222656,0.4957503378391266,0.4957503378391266,0.20351019501686096,0.20351019501686096,1,1,0.0,0.0,0.0,0,0,1,1,1,0
0,Melbourne/Melbourne_0002721_2020_12_297_-37.8276097136056_145.005975146209_hFBqxmnfz8CyimAD48j58g.jpg,Melbourne:2721,fused,clean,-1,0,0,True,,8036,5,8897865308784258702,38,7448,0.1484375,0.2922401428222656,0.2922401428222656,0.4957503378391266,0.4957503378391266,0.20351019501686096,0.20351019501686096,1,1,0.0,0.0,0.0,0,0,1,1,1,0
0,Melbourne/Melbourne_0002721_2020_12_297_-37.8276097136056_145.005975146209_hFBqxmnfz8CyimAD48j58g.jpg,Melbourne:2721,attention,targeted,-1,0,0,True,,8036,5,3032906388772136589,38,7448,0.1484375,0.2922401428222656,0.21150073409080505,0.4957503378391266,0.4430479109287262,0.20351019501686096,0.23154717683792114,1,1,0.08073940873146057,0.2686516046524048,0.05270242691040039,0,0,1,1,1,7448
0,Melbourne/Melbourne_0002721_2020_12_297_-37.8276097136056_145.005975146209_hFBqxmnfz8CyimAD48j58g.jpg,Melbourne:2721,attention,random,0,-73,-51,True,,8036,5,3032906388772136589,38,7448,0.1484375,0.2922401428222656,0.26552000641822815,0.4957503378391266,0.4783836007118225,0.20351019501686096,0.21286359429359436,1,1,0.026720136404037476,0.04777759313583374,0.017366737127304077,0,0,1,1,1,7448
0,Melbourne/Melbourne_0002721_2020_12_297_-37.8276097136056_145.005975146209_hFBqxmnfz8CyimAD48j58g.jpg,Melbourne:2721,attention,random,1,-27,-25,True,,8036,5,3032906388772136589,38,7448,0.1484375,0.2922401428222656,0.2799142599105835,0.4957503378391266,0.4867967367172241,0.20351019501686096,0.20688247680664062,1,1,0.012325882911682129,0.10677891969680786,0.008953601121902466,0,0,1,1,1,7448
0,Melbourne/Melbourne_0002721_2020_12_297_-37.8276097136056_145.005975146209_hFBqxmnfz8CyimAD48j58g.jpg,Melbourne:2721,attention,random,2,-84,-36,True,,8036,5,3032906388772136589,38,7448,0.1484375,0.2922401428222656,0.2823065221309662,0.4957503378391266,0.4907814860343933,0.20351019501686096,0.20847496390342712,1,1,0.009933620691299438,0.036446571350097656,0.004968851804733276,0,0,1,1,1,7448
0,Melbourne/Melbourne_0002721_2020_12_297_-37.8276097136056_145.005975146209_hFBqxmnfz8CyimAD48j58g.jpg,Melbourne:2721,attention,random,3,-14,-55,True,,8036,5,3032906388772136589,38,7448,0.1484375,0.2922401428222656,0.28774353861808777,0.4957503378391266,0.4917403757572174,0.20351019501686096,0.20399683713912964,1,1,0.0044966042041778564,0.06425642967224121,0.00400996208190918,0,0,1,1,1,7448
0,Melbourne/Melbourne_0002721_2020_12_297_-37.8276097136056_145.005975146209_hFBqxmnfz8CyimAD48j58g.jpg,Melbourne:2721,attention,random,4,-45,-9,True,,8036,5,3032906388772136589,38,7448,0.1484375,0.2922401428222656,0.28421273827552795,0.4957503378391266,0.49083009362220764,0.20351019501686096,0.2066173553466797,1,1,0.008027404546737671,0.05099731683731079,0.004920244216918945,0,0,1,1,1,7448
0,Melbourne/Melbourne_0002721_2020_12_297_-37.8276097136056_145.005975146209_hFBqxmnfz8CyimAD48j58g.jpg,Melbourne:2721,fused,targeted,-1,0,0,True,,8036,5,8897865308784258702,38,7448,0.1484375,0.2922401428222656,0.2214447557926178,0.4957503378391266,0.45301616191864014,0.20351019501686096,0.23157140612602234,1,1,0.07079538702964783,0.27744030952453613,0.04273417592048645,0,0,1,1,1,7448
0,Melbourne/Melbourne_0002721_2020_12_297_-37.8276097136056_145.005975146209_hFBqxmnfz8CyimAD48j58g.jpg,Melbourne:2721,fused,random,0,55,-34,True,,8036,5,8897865308784258702,38,7448,0.1484375,0.2922401428222656,0.27454811334609985,0.4957503378391266,0.48713356256484985,0.20351019501686096,0.21258544921875,1,1,0.01769202947616577,0.09586453437805176,0.008616775274276733,0,0,1,1,1,7448
0,Melbourne/Melbourne_0002721_2020_12_297_-37.8276097136056_145.005975146209_hFBqxmnfz8CyimAD48j58g.jpg,Melbourne:2721,fused,random,1,11,-33,True,,8036,5,8897865308784258702,38,7448,0.1484375,0.2922401428222656,0.27293434739112854,0.4957503378391266,0.4845845103263855,0.20351019501686096,0.21165016293525696,1,1,0.019305795431137085,0.1482565999031067,0.011165827512741089,0,0,1,1,1,7448
0,Melbourne/Melbourne_0002721_2020_12_297_-37.8276097136056_145.005975146209_hFBqxmnfz8CyimAD48j58g.jpg,Melbourne:2721,fused,random,2,-18,-53,True,,8036,5,8897865308784258702,38,7448,0.1484375,0.2922401428222656,0.2972671687602997,0.4957503378391266,0.5028985738754272,0.20351019501686096,0.20563140511512756,1,1,-0.005027025938034058,0.09129071235656738,-0.007148236036300659,0,0,1,1,1,7448
0,Melbourne/Melbourne_0002721_2020_12_297_-37.8276097136056_145.005975146209_hFBqxmnfz8CyimAD48j58g.jpg,Melbourne:2721,fused,random,3,30,-29,True,,8036,5,8897865308784258702,38,7448,0.1484375,0.2922401428222656,0.26070457696914673,0.4957503378391266,0.48491010069847107,0.20351019501686096,0.22420550882816315,1,1,0.031535565853118896,0.13161450624465942,0.010840237140655518,0,0,1,1,1,7448
0,Melbourne/Melbourne_0002721_2020_12_297_-37.8276097136056_145.005975146209_hFBqxmnfz8CyimAD48j58g.jpg,Melbourne:2721,fused,random,4,-72,-20,True,,8036,5,8897865308784258702,38,7448,0.1484375,0.2922401428222656,0.27792471647262573,0.4957503378391266,0.48777198791503906,0.20351019501686096,0.20984728634357452,1,1,0.014315426349639893,0.042246341705322266,0.007978349924087524,0,0,1,1,1,7448
0,LosAngeles/LosAngeles_0000754_2014_05_380_34.05245173458859_-118.2349858907372_SDujteMlaTtthehk5PzeHw.jpg,LosAngeles:754,attention,clean,-1,0,0,True,,12768,5,23764841394968883,38,7448,0.1484375,0.19133543968200684,0.19133543968200684,0.42252784967422485,0.42252784967422485,0.23119240999221802,0.23119240999221802,1,1,0.0,0.0,0.0,0,0,1,1,1,0
0,LosAngeles/LosAngeles_0000754_2014_05_380_34.05245173458859_-118.2349858907372_SDujteMlaTtthehk5PzeHw.jpg,LosAngeles:754,fused,clean,-1,0,0,True,,12768,5,1851334846699200174,38,7448,0.1484375,0.19133543968200684,0.19133543968200684,0.42252784967422485,0.42252784967422485,0.23119240999221802,0.23119240999221802,1,1,0.0,0.0,0.0,0,0,1,1,1,0
0,LosAngeles/LosAngeles_0000754_2014_05_380_34.05245173458859_-118.2349858907372_SDujteMlaTtthehk5PzeHw.jpg,LosAngeles:754,attention,targeted,-1,0,0,True,,12768,5,23764841394968883,38,7448,0.1484375,0.19133543968200684,0.012704461812973022,0.42252784967422485,0.23175975680351257,0.23119240999221802,0.21905529499053955,1,1,0.1786309778690338,0.3303576707839966,0.19076809287071228,0,0,1,1,1,7448
0,LosAngeles/LosAngeles_0000754_2014_05_380_34.05245173458859_-118.2349858907372_SDujteMlaTtthehk5PzeHw.jpg,LosAngeles:754,attention,random,0,17,-13,True,,12768,5,23764841394968883,38,7448,0.1484375,0.19133543968200684,0.07272905111312866,0.42252784967422485,0.29662230610847473,0.23119240999221802,0.22389325499534607,1,1,0.11860638856887817,0.27751487493515015,0.12590554356575012,0,0,1,1,1,7448
0,LosAngeles/LosAngeles_0000754_2014_05_380_34.05245173458859_-118.2349858907372_SDujteMlaTtthehk5PzeHw.jpg,LosAngeles:754,attention,random,1,72,13,True,,12768,5,23764841394968883,38,7448,0.1484375,0.19133543968200684,0.1683686375617981,0.42252784967422485,0.38026902079582214,0.23119240999221802,0.21190038323402405,1,1,0.02296680212020874,0.15056967735290527,0.04225882887840271,0,0,1,1,1,7448
0,LosAngeles/LosAngeles_0000754_2014_05_380_34.05245173458859_-118.2349858907372_SDujteMlaTtthehk5PzeHw.jpg,LosAngeles:754,attention,random,2,102,-1,True,,12768,5,23764841394968883,38,7448,0.1484375,0.19133543968200684,0.19625847041606903,0.42252784967422485,0.4259902834892273,0.23119240999221802,0.22973181307315826,1,1,-0.004923030734062195,0.049869537353515625,-0.0034624338150024414,0,0,1,1,1,7448
0,LosAngeles/LosAngeles_0000754_2014_05_380_34.05245173458859_-118.2349858907372_SDujteMlaTtthehk5PzeHw.jpg,LosAngeles:754,attention,random,3,96,24,True,,12768,5,23764841394968883,38,7448,0.1484375,0.19133543968200684,0.19896063208580017,0.42252784967422485,0.41010981798171997,0.23119240999221802,0.2111491858959198,1,1,-0.007625192403793335,0.07302790880203247,0.012418031692504883,0,0,1,1,1,7448
0,LosAngeles/LosAngeles_0000754_2014_05_380_34.05245173458859_-118.2349858907372_SDujteMlaTtthehk5PzeHw.jpg,LosAngeles:754,attention,random,4,49,-17,True,,12768,5,23764841394968883,38,7448,0.1484375,0.19133543968200684,0.15292775630950928,0.42252784967422485,0.38862931728363037,0.23119240999221802,0.2357015609741211,1,1,0.03840768337249756,0.1857832670211792,0.03389853239059448,0,0,1,1,1,7448
0,LosAngeles/LosAngeles_0000754_2014_05_380_34.05245173458859_-118.2349858907372_SDujteMlaTtthehk5PzeHw.jpg,LosAngeles:754,fused,targeted,-1,0,0,True,,12768,5,1851334846699200174,38,7448,0.1484375,0.19133543968200684,0.019398078322410583,0.42252784967422485,0.24250777065753937,0.23119240999221802,0.22310969233512878,1,1,0.17193736135959625,0.3257334232330322,0.18002007901668549,0,0,1,1,1,7448
0,LosAngeles/LosAngeles_0000754_2014_05_380_34.05245173458859_-118.2349858907372_SDujteMlaTtthehk5PzeHw.jpg,LosAngeles:754,fused,random,0,6,30,True,,12768,5,1851334846699200174,38,7448,0.1484375,0.19133543968200684,0.10633012652397156,0.42252784967422485,0.30730941891670227,0.23119240999221802,0.2009792923927307,1,1,0.08500531315803528,0.29185813665390015,0.11521843075752258,0,0,1,1,1,7448
0,LosAngeles/LosAngeles_0000754_2014_05_380_34.05245173458859_-118.2349858907372_SDujteMlaTtthehk5PzeHw.jpg,LosAngeles:754,fused,random,1,68,68,True,,12768,5,1851334846699200174,38,7448,0.1484375,0.19133543968200684,0.16959771513938904,0.42252784967422485,0.3844299912452698,0.23119240999221802,0.21483227610588074,1,1,0.021737724542617798,0.11808937788009644,0.03809785842895508,0,0,1,1,1,7448
0,LosAngeles/LosAngeles_0000754_2014_05_380_34.05245173458859_-118.2349858907372_SDujteMlaTtthehk5PzeHw.jpg,LosAngeles:754,fused,random,2,86,6,True,,12768,5,1851334846699200174,38,7448,0.1484375,0.19133543968200684,0.17160664498806,0.42252784967422485,0.3841438293457031,0.23119240999221802,0.21253718435764313,1,1,0.01972879469394684,0.12666922807693481,0.03838402032852173,0,0,1,1,1,7448
0,LosAngeles/LosAngeles_0000754_2014_05_380_34.05245173458859_-118.2349858907372_SDujteMlaTtthehk5PzeHw.jpg,LosAngeles:754,fused,random,3,92,-3,True,,12768,5,1851334846699200174,38,7448,0.1484375,0.19133543968200684,0.18694429099559784,0.42252784967422485,0.41295793652534485,0.23119240999221802,0.226013645529747,1,1,0.004391148686408997,0.08081889152526855,0.009569913148880005,0,0,1,1,1,7448
0,LosAngeles/LosAngeles_0000754_2014_05_380_34.05245173458859_-118.2349858907372_SDujteMlaTtthehk5PzeHw.jpg,LosAngeles:754,fused,random,4,31,55,True,,12768,5,1851334846699200174,38,7448,0.1484375,0.19133543968200684,0.1987977921962738,0.42252784967422485,0.39364928007125854,0.23119240999221802,0.19485148787498474,1,1,-0.007462352514266968,0.2115236520767212,0.02887856960296631,0,0,1,1,1,7448
0,Phoenix/Phoenix_0003365_2020_12_333_33.45727603454981_-112.1172964940904_f89e0183Zih-5m5muYZMTQ.jpg,Phoenix:3365,attention,clean,-1,0,0,True,,4088,5,4100761551155854811,38,7448,0.1484375,0.09606820344924927,0.09606820344924927,0.47886496782302856,0.47886496782302856,0.3827967643737793,0.3827967643737793,1,1,0.0,0.0,0.0,0,0,1,1,1,0
0,Phoenix/Phoenix_0003365_2020_12_333_33.45727603454981_-112.1172964940904_f89e0183Zih-5m5muYZMTQ.jpg,Phoenix:3365,fused,clean,-1,0,0,True,,5460,5,1950663659154542658,38,7448,0.1484375,0.09606820344924927,0.09606820344924927,0.47886496782302856,0.47886496782302856,0.3827967643737793,0.3827967643737793,1,1,0.0,0.0,0.0,0,0,1,1,1,0
0,Phoenix/Phoenix_0003365_2020_12_333_33.45727603454981_-112.1172964940904_f89e0183Zih-5m5muYZMTQ.jpg,Phoenix:3365,attention,targeted,-1,0,0,True,,4088,5,4100761551155854811,38,7448,0.1484375,0.09606820344924927,0.06444379687309265,0.47886496782302856,0.39182671904563904,0.3827967643737793,0.3273829221725464,1,1,0.031624406576156616,0.28526151180267334,0.08703824877738953,0,0,1,1,1,7448
0,Phoenix/Phoenix_0003365_2020_12_333_33.45727603454981_-112.1172964940904_f89e0183Zih-5m5muYZMTQ.jpg,Phoenix:3365,attention,random,0,-10,-11,True,,4088,5,4100761551155854811,38,7448,0.1484375,0.09606820344924927,0.06286352872848511,0.47886496782302856,0.3619718551635742,0.3827967643737793,0.2991083264350891,1,1,0.03320467472076416,0.32676106691360474,0.11689311265945435,0,0,1,1,1,7448
0,Phoenix/Phoenix_0003365_2020_12_333_33.45727603454981_-112.1172964940904_f89e0183Zih-5m5muYZMTQ.jpg,Phoenix:3365,attention,random,1,0,4,True,,4088,5,4100761551155854811,38,7448,0.1484375,0.09606820344924927,0.034986913204193115,0.47886496782302856,0.3622593283653259,0.3827967643737793,0.3272724151611328,1,1,0.06108129024505615,0.3081654906272888,0.11660563945770264,0,0,1,1,1,7448
0,Phoenix/Phoenix_0003365_2020_12_333_33.45727603454981_-112.1172964940904_f89e0183Zih-5m5muYZMTQ.jpg,Phoenix:3365,attention,random,2,39,-6,True,,4088,5,4100761551155854811,38,7448,0.1484375,0.09606820344924927,0.1272355318069458,0.47886496782302856,0.45675697922706604,0.3827967643737793,0.32952144742012024,1,1,-0.031167328357696533,0.19067585468292236,0.022107988595962524,0,0,1,1,1,7448
0,Phoenix/Phoenix_0003365_2020_12_333_33.45727603454981_-112.1172964940904_f89e0183Zih-5m5muYZMTQ.jpg,Phoenix:3365,attention,random,3,67,6,True,,4088,5,4100761551155854811,38,7448,0.1484375,0.09606820344924927,0.12305015325546265,0.47886496782302856,0.4638538956642151,0.3827967643737793,0.34080374240875244,1,1,-0.02698194980621338,0.07517766952514648,0.015011072158813477,0,0,1,1,1,7448
0,Phoenix/Phoenix_0003365_2020_12_333_33.45727603454981_-112.1172964940904_f89e0183Zih-5m5muYZMTQ.jpg,Phoenix:3365,attention,random,4,-1,-3,True,,4088,5,4100761551155854811,38,7448,0.1484375,0.09606820344924927,0.026580482721328735,0.47886496782302856,0.33518511056900024,0.3827967643737793,0.3086046278476715,1,1,0.06948772072792053,0.30995792150497437,0.14367985725402832,0,0,1,1,1,7448
0,Phoenix/Phoenix_0003365_2020_12_333_33.45727603454981_-112.1172964940904_f89e0183Zih-5m5muYZMTQ.jpg,Phoenix:3365,fused,targeted,-1,0,0,True,,5460,5,1950663659154542658,38,7448,0.1484375,0.09606820344924927,0.021757423877716064,0.47886496782302856,0.3462112545967102,0.3827967643737793,0.32445383071899414,1,1,0.0743107795715332,0.30396008491516113,0.13265371322631836,0,0,1,1,1,7448
0,Phoenix/Phoenix_0003365_2020_12_333_33.45727603454981_-112.1172964940904_f89e0183Zih-5m5muYZMTQ.jpg,Phoenix:3365,fused,random,0,37,-5,True,,5460,5,1950663659154542658,38,7448,0.1484375,0.09606820344924927,0.1365138292312622,0.47886496782302856,0.4526544213294983,0.3827967643737793,0.3161405920982361,1,1,-0.04044562578201294,0.19512879848480225,0.026210546493530273,0,0,1,1,1,7448
0,Phoenix/Phoenix_0003365_2020_12_333_33.45727603454981_-112.1172964940904_f89e0183Zih-5m5muYZMTQ.jpg,Phoenix:3365,fused,random,1,68,0,True,,5460,5,1950663659154542658,38,7448,0.1484375,0.09606820344924927,0.11505424976348877,0.47886496782302856,0.4753926396369934,0.3827967643737793,0.36033838987350464,1,1,-0.018986046314239502,0.056461215019226074,0.0034723281860351562,0,0,1,1,1,7448
0,Phoenix/Phoenix_0003365_2020_12_333_33.45727603454981_-112.1172964940904_f89e0183Zih-5m5muYZMTQ.jpg,Phoenix:3365,fused,random,2,9,-14,True,,5460,5,1950663659154542658,38,7448,0.1484375,0.09606820344924927,0.11047804355621338,0.47886496782302856,0.4043084681034088,0.3827967643737793,0.29383042454719543,1,1,-0.014409840106964111,0.27006471157073975,0.07455649971961975,0,0,1,1,1,7448
0,Phoenix/Phoenix_0003365_2020_12_333_33.45727603454981_-112.1172964940904_f89e0183Zih-5m5muYZMTQ.jpg,Phoenix:3365,fused,random,3,-38,11,True,,5460,5,1950663659154542658,38,7448,0.1484375,0.09606820344924927,-0.025531858205795288,0.47886496782302856,0.3312411308288574,0.3827967643737793,0.3567729890346527,1,2,0.12160006165504456,0.21845388412475586,0.14762383699417114,1,1,0,1,1,7448
0,Phoenix/Phoenix_0003365_2020_12_333_33.45727603454981_-112.1172964940904_f89e0183Zih-5m5muYZMTQ.jpg,Phoenix:3365,fused,random,4,34,-9,True,,5460,5,1950663659154542658,38,7448,0.1484375,0.09606820344924927,0.14368033409118652,0.47886496782302856,0.45331764221191406,0.3827967643737793,0.30963730812072754,1,1,-0.047612130641937256,0.2250298261642456,0.025547325611114502,0,0,1,1,1,7448
0,BuenosAires/BuenosAires_0000445_2015_04_247_-34.61242474079832_-58.37104089216279_u8kNxyh6_Oqo08onZ_feQQ.jpg,BuenosAires:445,attention,clean,-1,0,0,True,,8036,5,456714580289940979,38,7448,0.1484375,0.2789222002029419,0.2789222002029419,0.531843900680542,0.531843900680542,0.2529217004776001,0.2529217004776001,1,1,0.0,0.0,0.0,0,0,1,1,1,0
0,BuenosAires/BuenosAires_0000445_2015_04_247_-34.61242474079832_-58.37104089216279_u8kNxyh6_Oqo08onZ_feQQ.jpg,BuenosAires:445,fused,clean,-1,0,0,True,,10010,5,2984689592661711416,38,7448,0.1484375,0.2789222002029419,0.2789222002029419,0.531843900680542,0.531843900680542,0.2529217004776001,0.2529217004776001,1,1,0.0,0.0,0.0,0,0,1,1,1,0
0,BuenosAires/BuenosAires_0000445_2015_04_247_-34.61242474079832_-58.37104089216279_u8kNxyh6_Oqo08onZ_feQQ.jpg,BuenosAires:445,attention,targeted,-1,0,0,True,,8036,5,456714580289940979,38,7448,0.1484375,0.2789222002029419,0.23140515387058258,0.531843900680542,0.4602915942668915,0.2529217004776001,0.2288864403963089,1,1,0.047517046332359314,0.364471435546875,0.07155230641365051,0,0,1,1,1,7448
0,BuenosAires/BuenosAires_0000445_2015_04_247_-34.61242474079832_-58.37104089216279_u8kNxyh6_Oqo08onZ_feQQ.jpg,BuenosAires:445,attention,random,0,-91,11,True,,8036,5,456714580289940979,38,7448,0.1484375,0.2789222002029419,0.2732807993888855,0.531843900680542,0.5303002595901489,0.2529217004776001,0.2570194602012634,1,1,0.0056414008140563965,0.05228531360626221,0.0015436410903930664,0,0,1,1,1,7448
0,BuenosAires/BuenosAires_0000445_2015_04_247_-34.61242474079832_-58.37104089216279_u8kNxyh6_Oqo08onZ_feQQ.jpg,BuenosAires:445,attention,random,1,3,56,True,,8036,5,456714580289940979,38,7448,0.1484375,0.2789222002029419,0.22681432962417603,0.531843900680542,0.48419439792633057,0.2529217004776001,0.25738006830215454,1,1,0.05210787057876587,0.2938544750213623,0.047649502754211426,0,0,1,1,1,7448
0,BuenosAires/BuenosAires_0000445_2015_04_247_-34.61242474079832_-58.37104089216279_u8kNxyh6_Oqo08onZ_feQQ.jpg,BuenosAires:445,attention,random,2,-29,36,True,,8036,5,456714580289940979,38,7448,0.1484375,0.2789222002029419,0.2258857786655426,0.531843900680542,0.4792865812778473,0.2529217004776001,0.2534008026123047,1,1,0.05303642153739929,0.18230915069580078,0.0525573194026947,0,0,1,1,1,7448
0,BuenosAires/BuenosAires_0000445_2015_04_247_-34.61242474079832_-58.37104089216279_u8kNxyh6_Oqo08onZ_feQQ.jpg,BuenosAires:445,attention,random,3,-78,13,True,,8036,5,456714580289940979,38,7448,0.1484375,0.2789222002029419,0.26744115352630615,0.531843900680542,0.527701199054718,0.2529217004776001,0.26026004552841187,1,1,0.011481046676635742,0.058120012283325195,0.004142701625823975,0,0,1,1,1,7448
0,BuenosAires/BuenosAires_0000445_2015_04_247_-34.61242474079832_-58.37104089216279_u8kNxyh6_Oqo08onZ_feQQ.jpg,BuenosAires:445,attention,random,4,-60,19,True,,8036,5,456714580289940979,38,7448,0.1484375,0.2789222002029419,0.25735294818878174,0.531843900680542,0.5222765803337097,0.2529217004776001,0.264923632144928,1,1,0.021569252014160156,0.08807837963104248,0.009567320346832275,0,0,1,1,1,7448
0,BuenosAires/BuenosAires_0000445_2015_04_247_-34.61242474079832_-58.37104089216279_u8kNxyh6_Oqo08onZ_feQQ.jpg,BuenosAires:445,fused,targeted,-1,0,0,True,,10010,5,2984689592661711416,38,7448,0.1484375,0.2789222002029419,0.1953723132610321,0.531843900680542,0.45340365171432495,0.2529217004776001,0.25803133845329285,1,1,0.08354988694190979,0.3440890908241272,0.07844024896621704,0,0,1,1,1,7448
0,BuenosAires/BuenosAires_0000445_2015_04_247_-34.61242474079832_-58.37104089216279_u8kNxyh6_Oqo08onZ_feQQ.jpg,BuenosAires:445,fused,random,0,20,65,True,,10010,5,2984689592661711416,38,7448,0.1484375,0.2789222002029419,0.2804737389087677,0.531843900680542,0.5097390413284302,0.2529217004776001,0.22926530241966248,1,1,-0.0015515387058258057,0.2531670331954956,0.022104859352111816,0,0,1,1,1,7448
0,BuenosAires/BuenosAires_0000445_2015_04_247_-34.61242474079832_-58.37104089216279_u8kNxyh6_Oqo08onZ_feQQ.jpg,BuenosAires:445,fused,random,1,26,12,True,,10010,5,2984689592661711416,38,7448,0.1484375,0.2789222002029419,0.2876548171043396,0.531843900680542,0.5115025043487549,0.2529217004776001,0.22384768724441528,1,1,-0.008732616901397705,0.2782243490219116,0.02034139633178711,0,0,1,1,1,7448
0,BuenosAires/BuenosAires_0000445_2015_04_247_-34.61242474079832_-58.37104089216279_u8kNxyh6_Oqo08onZ_feQQ.jpg,BuenosAires:445,fused,random,2,17,47,True,,10010,5,2984689592661711416,38,7448,0.1484375,0.2789222002029419,0.2918523848056793,0.531843900680542,0.5207661390304565,0.2529217004776001,0.22891375422477722,1,1,-0.012930184602737427,0.2813860774040222,0.01107776165008545,0,0,1,1,1,7448
0,BuenosAires/BuenosAires_0000445_2015_04_247_-34.61242474079832_-58.37104089216279_u8kNxyh6_Oqo08onZ_feQQ.jpg,BuenosAires:445,fused,random,3,-62,48,True,,10010,5,2984689592661711416,38,7448,0.1484375,0.2789222002029419,0.25042814016342163,0.531843900680542,0.5030918121337891,0.2529217004776001,0.25266367197036743,1,1,0.028494060039520264,0.07903456687927246,0.02875208854675293,0,0,1,1,1,7448
0,BuenosAires/BuenosAires_0000445_2015_04_247_-34.61242474079832_-58.37104089216279_u8kNxyh6_Oqo08onZ_feQQ.jpg,BuenosAires:445,fused,random,4,35,14,True,,10010,5,2984689592661711416,38,7448,0.1484375,0.2789222002029419,0.2811836004257202,0.531843900680542,0.4936620593070984,0.2529217004776001,0.21247845888137817,1,1,-0.0022614002227783203,0.28587937355041504,0.038181841373443604,0,0,1,1,1,7448
0,Bangkok/Bangkok_0001023_2017_11_374_13.72635845259701_100.5497549817964_BH4eo1LncXcJKFdN_r9mQA.jpg,Bangkok:1023,attention,clean,-1,0,0,True,,9016,5,3350719176581641169,38,7448,0.1484375,0.2660290598869324,0.2660290598869324,0.4433860182762146,0.4433860182762146,0.17735695838928223,0.17735695838928223,1,1,0.0,0.0,0.0,0,0,1,1,1,0
0,Bangkok/Bangkok_0001023_2017_11_374_13.72635845259701_100.5497549817964_BH4eo1LncXcJKFdN_r9mQA.jpg,Bangkok:1023,fused,clean,-1,0,0,True,,10794,5,6478574393847848886,38,7448,0.1484375,0.2660290598869324,0.2660290598869324,0.4433860182762146,0.4433860182762146,0.17735695838928223,0.17735695838928223,1,1,0.0,0.0,0.0,0,0,1,1,1,0
0,Bangkok/Bangkok_0001023_2017_11_374_13.72635845259701_100.5497549817964_BH4eo1LncXcJKFdN_r9mQA.jpg,Bangkok:1023,attention,targeted,-1,0,0,True,,9016,5,3350719176581641169,38,7448,0.1484375,0.2660290598869324,0.12658409774303436,0.4433860182762146,0.28219321370124817,0.17735695838928223,0.1556091159582138,1,1,0.139444962143898,0.3642212152481079,0.16119280457496643,0,0,1,1,1,7448
0,Bangkok/Bangkok_0001023_2017_11_374_13.72635845259701_100.5497549817964_BH4eo1LncXcJKFdN_r9mQA.jpg,Bangkok:1023,attention,random,0,33,-14,True,,9016,5,3350719176581641169,38,7448,0.1484375,0.2660290598869324,0.1874089241027832,0.4433860182762146,0.35760095715522766,0.17735695838928223,0.17019203305244446,1,1,0.07862013578414917,0.3051002025604248,0.08578506112098694,0,0,1,1,1,7448
0,Bangkok/Bangkok_0001023_2017_11_374_13.72635845259701_100.5497549817964_BH4eo1LncXcJKFdN_r9mQA.jpg,Bangkok:1023,attention,random,1,60,-14,True,,9016,5,3350719176581641169,38,7448,0.1484375,0.2660290598869324,0.27544164657592773,0.4433860182762146,0.44315606355667114,0.17735695838928223,0.16771440207958221,1,1,-0.009412586688995361,0.1317613124847412,0.00022995471954345703,0,0,1,1,1,7448
0,Bangkok/Bangkok_0001023_2017_11_374_13.72635845259701_100.5497549817964_BH4eo1LncXcJKFdN_r9mQA.jpg,Bangkok:1023,attention,random,2,70,12,True,,9016,5,3350719176581641169,38,7448,0.1484375,0.2660290598869324,0.27265268564224243,0.4433860182762146,0.4424496293067932,0.17735695838928223,0.16979694366455078,1,1,-0.006623625755310059,0.11140954494476318,0.0009363889694213867,0,0,1,1,1,7448
0,Bangkok/Bangkok_0001023_2017_11_374_13.72635845259701_100.5497549817964_BH4eo1LncXcJKFdN_r9mQA.jpg,Bangkok:1023,attention,random,3,-26,8,True,,9016,5,3350719176581641169,38,7448,0.1484375,0.2660290598869324,0.1589331030845642,0.4433860182762146,0.31664904952049255,0.17735695838928223,0.15771594643592834,1,1,0.10709595680236816,0.27487993240356445,0.12673696875572205,0,0,1,1,1,7448
0,Bangkok/Bangkok_0001023_2017_11_374_13.72635845259701_100.5497549817964_BH4eo1LncXcJKFdN_r9mQA.jpg,Bangkok:1023,attention,random,4,72,1,True,,9016,5,3350719176581641169,38,7448,0.1484375,0.2660290598869324,0.2695549726486206,0.4433860182762146,0.4378620386123657,0.17735695838928223,0.16830706596374512,1,1,-0.0035259127616882324,0.09771525859832764,0.005523979663848877,0,0,1,1,1,7448
0,Bangkok/Bangkok_0001023_2017_11_374_13.72635845259701_100.5497549817964_BH4eo1LncXcJKFdN_r9mQA.jpg,Bangkok:1023,fused,targeted,-1,0,0,True,,10794,5,6478574393847848886,38,7448,0.1484375,0.2660290598869324,0.10531216859817505,0.4433860182762146,0.2730942964553833,0.17735695838928223,0.16778212785720825,1,1,0.16071689128875732,0.41121727228164673,0.1702917218208313,0,0,1,1,1,7448
0,Bangkok/Bangkok_0001023_2017_11_374_13.72635845259701_100.5497549817964_BH4eo1LncXcJKFdN_r9mQA.jpg,Bangkok:1023,fused,random,0,50,58,True,,10794,5,6478574393847848886,38,7448,0.1484375,0.2660290598869324,0.2266676425933838,0.4433860182762146,0.4076104462146759,0.17735695838928223,0.18094280362129211,1,1,0.039361417293548584,0.19027066230773926,0.035775572061538696,0,0,1,1,1,7448
0,Bangkok/Bangkok_0001023_2017_11_374_13.72635845259701_100.5497549817964_BH4eo1LncXcJKFdN_r9mQA.jpg,Bangkok:1023,fused,random,1,3,56,True,,10794,5,6478574393847848886,38,7448,0.1484375,0.2660290598869324,0.1325012445449829,0.4433860182762146,0.28784117102622986,0.17735695838928223,0.15533992648124695,1,1,0.13352781534194946,0.3797910213470459,0.15554484724998474,0,0,1,1,1,7448
0,Bangkok/Bangkok_0001023_2017_11_374_13.72635845259701_100.5497549817964_BH4eo1LncXcJKFdN_r9mQA.jpg,Bangkok:1023,fused,random,2,-2,67,True,,10794,5,6478574393847848886,38,7448,0.1484375,0.2660290598869324,0.16940268874168396,0.4433860182762146,0.33084774017333984,0.17735695838928223,0.16144505143165588,1,1,0.09662637114524841,0.31213080883026123,0.11253827810287476,0,0,1,1,1,7448
0,Bangkok/Bangkok_0001023_2017_11_374_13.72635845259701_100.5497549817964_BH4eo1LncXcJKFdN_r9mQA.jpg,Bangkok:1023,fused,random,3,-40,-14,True,,10794,5,6478574393847848886,38,7448,0.1484375,0.2660290598869324,0.18750572204589844,0.4433860182762146,0.36162054538726807,0.17735695838928223,0.17411482334136963,1,1,0.07852333784103394,0.2026076316833496,0.08176547288894653,0,0,1,1,1,7448
0,Bangkok/Bangkok_0001023_2017_11_374_13.72635845259701_100.5497549817964_BH4eo1LncXcJKFdN_r9mQA.jpg,Bangkok:1023,fused,random,4,56,24,True,,10794,5,6478574393847848886,38,7448,0.1484375,0.2660290598869324,0.25637558102607727,0.4433860182762146,0.43116843700408936,0.17735695838928223,0.17479285597801208,1,1,0.009653478860855103,0.15154284238815308,0.012217581272125244,0,0,1,1,1,7448
0,Bangkok/Bangkok_0003924_2020_08_123_13.76052968481102_100.4979012510033_RkW8Ap4kPVy5-JQsESJFHw.jpg,Bangkok:3924,attention,clean,-1,0,0,True,,7238,5,3592664721308436523,38,7448,0.1484375,0.25096437335014343,0.25096437335014343,0.4328047037124634,0.4328047037124634,0.18184033036231995,0.18184033036231995,1,1,0.0,0.0,0.0,0,0,1,1,1,0
0,Bangkok/Bangkok_0003924_2020_08_123_13.76052968481102_100.4979012510033_RkW8Ap4kPVy5-JQsESJFHw.jpg,Bangkok:3924,fused,clean,-1,0,0,True,,8036,5,9119113276539423066,38,7448,0.1484375,0.25096437335014343,0.25096437335014343,0.4328047037124634,0.4328047037124634,0.18184033036231995,0.18184033036231995,1,1,0.0,0.0,0.0,0,0,1,1,1,0
0,Bangkok/Bangkok_0003924_2020_08_123_13.76052968481102_100.4979012510033_RkW8Ap4kPVy5-JQsESJFHw.jpg,Bangkok:3924,attention,targeted,-1,0,0,True,,7238,5,3592664721308436523,38,7448,0.1484375,0.25096437335014343,0.18556274473667145,0.4328047037124634,0.34170040488243103,0.18184033036231995,0.15613766014575958,1,1,0.06540162861347198,0.28426259756088257,0.09110429883003235,0,0,1,1,1,7448
0,Bangkok/Bangkok_0003924_2020_08_123_13.76052968481102_100.4979012510033_RkW8Ap4kPVy5-JQsESJFHw.jpg,Bangkok:3924,attention,random,0,-11,-32,True,,7238,5,3592664721308436523,38,7448,0.1484375,0.25096437335014343,0.2011156529188156,0.4328047037124634,0.3649729788303375,0.18184033036231995,0.1638573259115219,1,1,0.04984872043132782,0.24918228387832642,0.06783172488212585,0,0,1,1,1,7448
0,Bangkok/Bangkok_0003924_2020_08_123_13.76052968481102_100.4979012510033_RkW8Ap4kPVy5-JQsESJFHw.jpg,Bangkok:3924,attention,random,1,-8,-50,True,,7238,5,3592664721308436523,38,7448,0.1484375,0.25096437335014343,0.13696742057800293,0.4328047037124634,0.3172402083873749,0.18184033036231995,0.18027278780937195,1,1,0.1139969527721405,0.27554482221603394,0.1155644953250885,0,0,1,1,1,7448
0,Bangkok/Bangkok_0003924_2020_08_123_13.76052968481102_100.4979012510033_RkW8Ap4kPVy5-JQsESJFHw.jpg,Bangkok:3924,attention,random,2,1,-15,True,,7238,5,3592664721308436523,38,7448,0.1484375,0.25096437335014343,0.1977059245109558,0.4328047037124634,0.36999815702438354,0.18184033036231995,0.17229223251342773,1,1,0.05325844883918762,0.2653276324272156,0.06280654668807983,0,0,1,1,1,7448
0,Bangkok/Bangkok_0003924_2020_08_123_13.76052968481102_100.4979012510033_RkW8Ap4kPVy5-JQsESJFHw.jpg,Bangkok:3924,attention,random,3,57,-23,True,,7238,5,3592664721308436523,38,7448,0.1484375,0.25096437335014343,0.269583523273468,0.4328047037124634,0.44663918018341064,0.18184033036231995,0.17705567181110382,1,1,-0.018619149923324585,0.07278650999069214,-0.013834476470947266,0,0,1,1,1,7448
0,Bangkok/Bangkok_0003924_2020_08_123_13.76052968481102_100.4979012510033_RkW8Ap4kPVy5-JQsESJFHw.jpg,Bangkok:3924,attention,random,4,-30,-51,True,,7238,5,3592664721308436523,38,7448,0.1484375,0.25096437335014343,0.19196100533008575,0.4328047037124634,0.37834203243255615,0.18184033036231995,0.1863810271024704,1,1,0.05900336802005768,0.16475117206573486,0.05446267127990723,0,0,1,1,1,7448
0,Bangkok/Bangkok_0003924_2020_08_123_13.76052968481102_100.4979012510033_RkW8Ap4kPVy5-JQsESJFHw.jpg,Bangkok:3924,fused,targeted,-1,0,0,True,,8036,5,9119113276539423066,38,7448,0.1484375,0.25096437335014343,0.1760302186012268,0.4328047037124634,0.3345504105091095,0.18184033036231995,0.1585201919078827,1,1,0.07493415474891663,0.2838391065597534,0.09825429320335388,0,0,1,1,1,7448
0,Bangkok/Bangkok_0003924_2020_08_123_13.76052968481102_100.4979012510033_RkW8Ap4kPVy5-JQsESJFHw.jpg,Bangkok:3924,fused,random,0,-35,-7,True,,8036,5,9119113276539423066,38,7448,0.1484375,0.25096437335014343,0.18711690604686737,0.4328047037124634,0.3645479381084442,0.18184033036231995,0.17743103206157684,1,1,0.06384746730327606,0.17111057043075562,0.06825676560401917,0,0,1,1,1,7448
0,Bangkok/Bangkok_0003924_2020_08_123_13.76052968481102_100.4979012510033_RkW8Ap4kPVy5-JQsESJFHw.jpg,Bangkok:3924,fused,random,1,30,-27,True,,8036,5,9119113276539423066,38,7448,0.1484375,0.25096437335014343,0.22733762860298157,0.4328047037124634,0.4058637022972107,0.18184033036231995,0.17852607369422913,1,1,0.023626744747161865,0.18587684631347656,0.026941001415252686,0,0,1,1,1,7448
0,Bangkok/Bangkok_0003924_2020_08_123_13.76052968481102_100.4979012510033_RkW8Ap4kPVy5-JQsESJFHw.jpg,Bangkok:3924,fused,random,2,80,-33,True,,8036,5,9119113276539423066,38,7448,0.1484375,0.25096437335014343,0.25209489464759827,0.4328047037124634,0.44038259983062744,0.18184033036231995,0.18828770518302917,1,1,-0.001130521297454834,0.07005167007446289,-0.0075778961181640625,0,0,1,1,1,7448
0,Bangkok/Bangkok_0003924_2020_08_123_13.76052968481102_100.4979012510033_RkW8Ap4kPVy5-JQsESJFHw.jpg,Bangkok:3924,fused,random,3,51,-47,True,,8036,5,9119113276539423066,38,7448,0.1484375,0.25096437335014343,0.2411104142665863,0.4328047037124634,0.4294639229774475,0.18184033036231995,0.1883535087108612,1,1,0.009853959083557129,0.09291064739227295,0.003340780735015869,0,0,1,1,1,7448
0,Bangkok/Bangkok_0003924_2020_08_123_13.76052968481102_100.4979012510033_RkW8Ap4kPVy5-JQsESJFHw.jpg,Bangkok:3924,fused,random,4,1,-37,True,,8036,5,9119113276539423066,38,7448,0.1484375,0.25096437335014343,0.16215169429779053,0.4328047037124634,0.32482725381851196,0.18184033036231995,0.16267555952072144,1,1,0.0888126790523529,0.2845800518989563,0.10797744989395142,0,0,1,1,1,7448
0,PRG/PRG_0001254_2017_06_212_50.06679447507942_14.49619812702815_Nxa-wtOOkuxC25VNs-GAoQ.jpg,PRG:1254,attention,clean,-1,0,0,True,,9016,5,4716511280715837214,38,7448,0.1484375,0.2747645378112793,0.2747645378112793,0.4993281066417694,0.4993281066417694,0.22456355392932892,0.22456355392932892,1,1,0.0,0.0,0.0,0,0,1,1,1,0
0,PRG/PRG_0001254_2017_06_212_50.06679447507942_14.49619812702815_Nxa-wtOOkuxC25VNs-GAoQ.jpg,PRG:1254,fused,clean,-1,0,0,True,,8834,5,1960395044846113422,38,7448,0.1484375,0.2747645378112793,0.2747645378112793,0.4993281066417694,0.4993281066417694,0.22456355392932892,0.22456355392932892,1,1,0.0,0.0,0.0,0,0,1,1,1,0
0,PRG/PRG_0001254_2017_06_212_50.06679447507942_14.49619812702815_Nxa-wtOOkuxC25VNs-GAoQ.jpg,PRG:1254,attention,targeted,-1,0,0,True,,9016,5,4716511280715837214,38,7448,0.1484375,0.2747645378112793,0.23301059007644653,0.4993281066417694,0.44655096530914307,0.22456355392932892,0.21354037523269653,1,1,0.041753947734832764,0.37248384952545166,0.05277714133262634,0,0,1,1,1,7448
0,PRG/PRG_0001254_2017_06_212_50.06679447507942_14.49619812702815_Nxa-wtOOkuxC25VNs-GAoQ.jpg,PRG:1254,attention,random,0,40,12,True,,9016,5,4716511280715837214,38,7448,0.1484375,0.2747645378112793,0.20419365167617798,0.4993281066417694,0.43947088718414307,0.22456355392932892,0.2352772355079651,1,1,0.07057088613510132,0.16842436790466309,0.05985721945762634,0,0,1,1,1,7448
0,PRG/PRG_0001254_2017_06_212_50.06679447507942_14.49619812702815_Nxa-wtOOkuxC25VNs-GAoQ.jpg,PRG:1254,attention,random,1,53,27,True,,9016,5,4716511280715837214,38,7448,0.1484375,0.2747645378112793,0.2419305294752121,0.4993281066417694,0.4411696791648865,0.22456355392932892,0.19923914968967438,1,1,0.0328340083360672,0.14501285552978516,0.058158427476882935,0,0,1,1,1,7448
0,PRG/PRG_0001254_2017_06_212_50.06679447507942_14.49619812702815_Nxa-wtOOkuxC25VNs-GAoQ.jpg,PRG:1254,attention,random,2,42,4,True,,9016,5,4716511280715837214,38,7448,0.1484375,0.2747645378112793,0.21472325921058655,0.4993281066417694,0.4394799470901489,0.22456355392932892,0.22475668787956238,1,1,0.06004127860069275,0.18744760751724243,0.05984815955162048,0,0,1,1,1,7448
0,PRG/PRG_0001254_2017_06_212_50.06679447507942_14.49619812702815_Nxa-wtOOkuxC25VNs-GAoQ.jpg,PRG:1254,attention,random,3,-36,19,True,,9016,5,4716511280715837214,38,7448,0.1484375,0.2747645378112793,0.2832438349723816,0.4993281066417694,0.48614612221717834,0.22456355392932892,0.20290228724479675,1,1,-0.008479297161102295,0.2211354374885559,0.013181984424591064,0,0,1,1,1,7448
0,PRG/PRG_0001254_2017_06_212_50.06679447507942_14.49619812702815_Nxa-wtOOkuxC25VNs-GAoQ.jpg,PRG:1254,attention,random,4,-49,15,True,,9016,5,4716511280715837214,38,7448,0.1484375,0.2747645378112793,0.27823227643966675,0.4993281066417694,0.4898080825805664,0.22456355392932892,0.21157580614089966,1,1,-0.003467738628387451,0.12349998950958252,0.009520024061203003,0,0,1,1,1,7448
0,PRG/PRG_0001254_2017_06_212_50.06679447507942_14.49619812702815_Nxa-wtOOkuxC25VNs-GAoQ.jpg,PRG:1254,fused,targeted,-1,0,0,True,,8834,5,1960395044846113422,38,7448,0.1484375,0.2747645378112793,0.18149268627166748,0.4993281066417694,0.4376233220100403,0.22456355392932892,0.2561306357383728,1,1,0.09327185153961182,0.35118043422698975,0.061704784631729126,0,0,1,1,1,7448
0,PRG/PRG_0001254_2017_06_212_50.06679447507942_14.49619812702815_Nxa-wtOOkuxC25VNs-GAoQ.jpg,PRG:1254,fused,random,0,-25,29,True,,8834,5,1960395044846113422,38,7448,0.1484375,0.2747645378112793,0.17653843760490417,0.4993281066417694,0.4256604313850403,0.22456355392932892,0.2491219937801361,1,1,0.09822610020637512,0.28968095779418945,0.07366767525672913,0,0,1,1,1,7448
0,PRG/PRG_0001254_2017_06_212_50.06679447507942_14.49619812702815_Nxa-wtOOkuxC25VNs-GAoQ.jpg,PRG:1254,fused,random,1,69,37,True,,8834,5,1960395044846113422,38,7448,0.1484375,0.2747645378112793,0.26788294315338135,0.4993281066417694,0.44892990589141846,0.22456355392932892,0.1810469627380371,1,1,0.006881594657897949,0.07613682746887207,0.05039820075035095,0,0,1,1,1,7448
0,PRG/PRG_0001254_2017_06_212_50.06679447507942_14.49619812702815_Nxa-wtOOkuxC25VNs-GAoQ.jpg,PRG:1254,fused,random,2,-66,4,True,,8834,5,1960395044846113422,38,7448,0.1484375,0.2747645378112793,0.26656484603881836,0.4993281066417694,0.47911202907562256,0.22456355392932892,0.2125471979379654,1,1,0.008199691772460938,0.07599472999572754,0.02021607756614685,0,0,1,1,1,7448
0,PRG/PRG_0001254_2017_06_212_50.06679447507942_14.49619812702815_Nxa-wtOOkuxC25VNs-GAoQ.jpg,PRG:1254,fused,random,3,-2,-12,True,,8834,5,1960395044846113422,38,7448,0.1484375,0.2747645378112793,0.183454692363739,0.4993281066417694,0.4203680157661438,0.22456355392932892,0.23691332340240479,1,1,0.09130984544754028,0.36452293395996094,0.07896009087562561,0,0,1,1,1,7448
0,PRG/PRG_0001254_2017_06_212_50.06679447507942_14.49619812702815_Nxa-wtOOkuxC25VNs-GAoQ.jpg,PRG:1254,fused,random,4,60,19,True,,8834,5,1960395044846113422,38,7448,0.1484375,0.2747645378112793,0.25230541825294495,0.4993281066417694,0.44362112879753113,0.22456355392932892,0.19131571054458618,1,1,0.02245911955833435,0.09261274337768555,0.05570697784423828,0,0,1,1,1,7448
0,PRS/PRS_0004928_2014_08_515_48.90335183491303_2.439435637449179_P4KTKDxyo2u0VrYa_HAlYg.jpg,PRS:4928,attention,clean,-1,0,0,True,,6062,5,3355622864147421985,38,7448,0.1484375,0.21740296483039856,0.21740296483039856,0.39454784989356995,0.39454784989356995,0.1771448850631714,0.1771448850631714,1,1,0.0,0.0,0.0,0,0,1,1,1,0
0,PRS/PRS_0004928_2014_08_515_48.90335183491303_2.439435637449179_P4KTKDxyo2u0VrYa_HAlYg.jpg,PRS:4928,fused,clean,-1,0,0,True,,7238,5,772724241119435669,38,7448,0.1484375,0.21740296483039856,0.21740296483039856,0.39454784989356995,0.39454784989356995,0.1771448850631714,0.1771448850631714,1,1,0.0,0.0,0.0,0,0,1,1,1,0
0,PRS/PRS_0004928_2014_08_515_48.90335183491303_2.439435637449179_P4KTKDxyo2u0VrYa_HAlYg.jpg,PRS:4928,attention,targeted,-1,0,0,True,,6062,5,3355622864147421985,38,7448,0.1484375,0.21740296483039856,0.10215973854064941,0.39454784989356995,0.27798664569854736,0.1771448850631714,0.17582690715789795,1,1,0.11524322628974915,0.360331654548645,0.11656120419502258,0,0,1,1,1,7448
0,PRS/PRS_0004928_2014_08_515_48.90335183491303_2.439435637449179_P4KTKDxyo2u0VrYa_HAlYg.jpg,PRS:4928,attention,random,0,2,19,True,,6062,5,3355622864147421985,38,7448,0.1484375,0.21740296483039856,0.10341012477874756,0.39454784989356995,0.27244120836257935,0.1771448850631714,0.1690310835838318,1,1,0.113992840051651,0.3769862651824951,0.1221066415309906,0,0,1,1,1,7448
0,PRS/PRS_0004928_2014_08_515_48.90335183491303_2.439435637449179_P4KTKDxyo2u0VrYa_HAlYg.jpg,PRS:4928,attention,random,1,-65,7,True,,6062,5,3355622864147421985,38,7448,0.1484375,0.21740296483039856,0.20256055891513824,0.39454784989356995,0.3798947036266327,0.1771448850631714,0.17733414471149445,1,1,0.014842405915260315,0.05491667985916138,0.014653146266937256,0,0,1,1,1,7448
0,PRS/PRS_0004928_2014_08_515_48.90335183491303_2.439435637449179_P4KTKDxyo2u0VrYa_HAlYg.jpg,PRS:4928,attention,random,2,-40,11,True,,6062,5,3355622864147421985,38,7448,0.1484375,0.21740296483039856,0.17455336451530457,0.39454784989356995,0.3426719903945923,0.1771448850631714,0.16811862587928772,1,1,0.042849600315093994,0.1929687261581421,0.05187585949897766,0,0,1,1,1,7448
0,PRS/PRS_0004928_2014_08_515_48.90335183491303_2.439435637449179_P4KTKDxyo2u0VrYa_HAlYg.jpg,PRS:4928,attention,random,3,-74,-5,True,,6062,5,3355622864147421985,38,7448,0.1484375,0.21740296483039856,0.21521788835525513,0.39454784989356995,0.3906395435333252,0.1771448850631714,0.17542165517807007,1,1,0.0021850764751434326,0.03928720951080322,0.003908306360244751,0,0,1,1,1,7448
0,PRS/PRS_0004928_2014_08_515_48.90335183491303_2.439435637449179_P4KTKDxyo2u0VrYa_HAlYg.jpg,PRS:4928,attention,random,4,-28,28,True,,6062,5,3355622864147421985,38,7448,0.1484375,0.21740296483039856,0.1105400025844574,0.39454784989356995,0.2896384000778198,0.1771448850631714,0.17909839749336243,1,1,0.10686296224594116,0.2337247133255005,0.10490944981575012,0,0,1,1,1,7448
0,PRS/PRS_0004928_2014_08_515_48.90335183491303_2.439435637449179_P4KTKDxyo2u0VrYa_HAlYg.jpg,PRS:4928,fused,targeted,-1,0,0,True,,7238,5,772724241119435669,38,7448,0.1484375,0.21740296483039856,0.08783325552940369,0.39454784989356995,0.27562132477760315,0.1771448850631714,0.18778806924819946,1,1,0.12956970930099487,0.37464475631713867,0.1189265251159668,0,0,1,1,1,7448
0,PRS/PRS_0004928_2014_08_515_48.90335183491303_2.439435637449179_P4KTKDxyo2u0VrYa_HAlYg.jpg,PRS:4928,fused,random,0,22,12,True,,7238,5,772724241119435669,38,7448,0.1484375,0.21740296483039856,0.1345941126346588,0.39454784989356995,0.29228997230529785,0.1771448850631714,0.15769585967063904,1,1,0.08280885219573975,0.26239943504333496,0.1022578775882721,0,0,1,1,1,7448
0,PRS/PRS_0004928_2014_08_515_48.90335183491303_2.439435637449179_P4KTKDxyo2u0VrYa_HAlYg.jpg,PRS:4928,fused,random,1,-3,-6,True,,7238,5,772724241119435669,38,7448,0.1484375,0.21740296483039856,0.13382254540920258,0.39454784989356995,0.2989118695259094,0.1771448850631714,0.16508932411670685,1,1,0.08358041942119598,0.3793684244155884,0.09563598036766052,0,0,1,1,1,7448
0,PRS/PRS_0004928_2014_08_515_48.90335183491303_2.439435637449179_P4KTKDxyo2u0VrYa_HAlYg.jpg,PRS:4928,fused,random,2,42,-13,True,,7238,5,772724241119435669,38,7448,0.1484375,0.21740296483039856,0.1374332159757614,0.39454784989356995,0.3053484261035919,0.1771448850631714,0.1679152101278305,1,1,0.07996974885463715,0.21835863590240479,0.08919942378997803,0,0,1,1,1,7448
0,PRS/PRS_0004928_2014_08_515_48.90335183491303_2.439435637449179_P4KTKDxyo2u0VrYa_HAlYg.jpg,PRS:4928,fused,random,3,-7,-14,True,,7238,5,772724241119435669,38,7448,0.1484375,0.21740296483039856,0.1102806031703949,0.39454784989356995,0.2913983166217804,0.1771448850631714,0.1811177134513855,1,1,0.10712236166000366,0.35193467140197754,0.10314953327178955,0,0,1,1,1,7448
0,PRS/PRS_0004928_2014_08_515_48.90335183491303_2.439435637449179_P4KTKDxyo2u0VrYa_HAlYg.jpg,PRS:4928,fused,random,4,-39,5,True,,7238,5,772724241119435669,38,7448,0.1484375,0.21740296483039856,0.21351993083953857,0.39454784989356995,0.37030383944511414,0.1771448850631714,0.15678390860557556,1,1,0.0038830339908599854,0.13931012153625488,0.02424401044845581,0,0,1,1,1,7448
0,PRS/PRS_0000012_2019_07_140_48.79734863971899_2.273391669131452_CnDd1MtvDCJuEiGcZ9SVWw.jpg,PRS:12,attention,clean,-1,0,0,True,,4858,5,472080834247321236,38,7448,0.1484375,0.3424663543701172,0.3424663543701172,0.534452497959137,0.534452497959137,0.19198612868785858,0.19198612868785858,1,1,0.0,0.0,0.0,0,0,1,1,1,0
0,PRS/PRS_0000012_2019_07_140_48.79734863971899_2.273391669131452_CnDd1MtvDCJuEiGcZ9SVWw.jpg,PRS:12,fused,clean,-1,0,0,True,,3276,5,6591955082765920387,38,7448,0.1484375,0.3424663543701172,0.3424663543701172,0.534452497959137,0.534452497959137,0.19198612868785858,0.19198612868785858,1,1,0.0,0.0,0.0,0,0,1,1,1,0
0,PRS/PRS_0000012_2019_07_140_48.79734863971899_2.273391669131452_CnDd1MtvDCJuEiGcZ9SVWw.jpg,PRS:12,attention,targeted,-1,0,0,True,,4858,5,472080834247321236,38,7448,0.1484375,0.3424663543701172,0.3208913803100586,0.534452497959137,0.4696321189403534,0.19198612868785858,0.1487407386302948,1,1,0.021574974060058594,0.2637820839881897,0.06482037901878357,0,0,1,1,1,7448
0,PRS/PRS_0000012_2019_07_140_48.79734863971899_2.273391669131452_CnDd1MtvDCJuEiGcZ9SVWw.jpg,PRS:12,attention,random,0,7,-37,True,,4858,5,472080834247321236,38,7448,0.1484375,0.3424663543701172,0.28451278805732727,0.534452497959137,0.446274995803833,0.19198612868785858,0.16176220774650574,1,1,0.05795356631278992,0.24418842792510986,0.08817750215530396,0,0,1,1,1,7448
0,PRS/PRS_0000012_2019_07_140_48.79734863971899_2.273391669131452_CnDd1MtvDCJuEiGcZ9SVWw.jpg,PRS:12,attention,random,1,-14,-40,True,,4858,5,472080834247321236,38,7448,0.1484375,0.3424663543701172,0.32564249634742737,0.534452497959137,0.5141546726226807,0.19198612868785858,0.1885121762752533,1,1,0.01682385802268982,0.1349065899848938,0.0202978253364563,0,0,1,1,1,7448
0,PRS/PRS_0000012_2019_07_140_48.79734863971899_2.273391669131452_CnDd1MtvDCJuEiGcZ9SVWw.jpg,PRS:12,attention,random,2,8,-20,True,,4858,5,472080834247321236,38,7448,0.1484375,0.3424663543701172,0.28573915362358093,0.534452497959137,0.46088147163391113,0.19198612868785858,0.1751423180103302,1,1,0.056727200746536255,0.24026572704315186,0.07357102632522583,0,0,1,1,1,7448
0,PRS/PRS_0000012_2019_07_140_48.79734863971899_2.273391669131452_CnDd1MtvDCJuEiGcZ9SVWw.jpg,PRS:12,attention,random,3,41,-32,True,,4858,5,472080834247321236,38,7448,0.1484375,0.3424663543701172,0.34834736585617065,0.534452497959137,0.5164119005203247,0.19198612868785858,0.16806453466415405,1,1,-0.005881011486053467,0.1382887363433838,0.018040597438812256,0,0,1,1,1,7448
0,PRS/PRS_0000012_2019_07_140_48.79734863971899_2.273391669131452_CnDd1MtvDCJuEiGcZ9SVWw.jpg,PRS:12,attention,random,4,70,-28,True,,4858,5,472080834247321236,38,7448,0.1484375,0.3424663543701172,0.35992810130119324,0.534452497959137,0.5409054160118103,0.19198612868785858,0.18097731471061707,1,1,-0.01746174693107605,0.08312702178955078,-0.00645291805267334,0,0,1,1,1,7448
0,PRS/PRS_0000012_2019_07_140_48.79734863971899_2.273391669131452_CnDd1MtvDCJuEiGcZ9SVWw.jpg,PRS:12,fused,targeted,-1,0,0,True,,3276,5,6591955082765920387,38,7448,0.1484375,0.3424663543701172,0.3373450040817261,0.534452497959137,0.49093177914619446,0.19198612868785858,0.15358677506446838,1,1,0.005121350288391113,0.2612771987915039,0.043520718812942505,0,0,1,1,1,7448
0,PRS/PRS_0000012_2019_07_140_48.79734863971899_2.273391669131452_CnDd1MtvDCJuEiGcZ9SVWw.jpg,PRS:12,fused,random,0,66,-3,True,,3276,5,6591955082765920387,38,7448,0.1484375,0.3424663543701172,0.33055680990219116,0.534452497959137,0.5088731646537781,0.19198612868785858,0.1783163696527481,1,1,0.011909544467926025,0.11894524097442627,0.025579333305358887,0,0,1,1,1,7448
0,PRS/PRS_0000012_2019_07_140_48.79734863971899_2.273391669131452_CnDd1MtvDCJuEiGcZ9SVWw.jpg,PRS:12,fused,random,1,50,-11,True,,3276,5,6591955082765920387,38,7448,0.1484375,0.3424663543701172,0.34983140230178833,0.534452497959137,0.5287821888923645,0.19198612868785858,0.17895080149173737,1,1,-0.007365047931671143,0.10159385204315186,0.005670309066772461,0,0,1,1,1,7448
0,PRS/PRS_0000012_2019_07_140_48.79734863971899_2.273391669131452_CnDd1MtvDCJuEiGcZ9SVWw.jpg,PRS:12,fused,random,2,17,-21,True,,3276,5,6591955082765920387,38,7448,0.1484375,0.3424663543701172,0.34374454617500305,0.534452497959137,0.5143121480941772,0.19198612868785858,0.1705676019191742,1,1,-0.0012781918048858643,0.21226418018341064,0.020140349864959717,0,0,1,1,1,7448
0,PRS/PRS_0000012_2019_07_140_48.79734863971899_2.273391669131452_CnDd1MtvDCJuEiGcZ9SVWw.jpg,PRS:12,fused,random,3,43,-4,True,,3276,5,6591955082765920387,38,7448,0.1484375,0.3424663543701172,0.340177983045578,0.534452497959137,0.5077223777770996,0.19198612868785858,0.1675443947315216,1,1,0.0022883713245391846,0.1253376007080078,0.026730120182037354,0,0,1,1,1,7448
0,PRS/PRS_0000012_2019_07_140_48.79734863971899_2.273391669131452_CnDd1MtvDCJuEiGcZ9SVWw.jpg,PRS:12,fused,random,4,-35,-16,True,,3276,5,6591955082765920387,38,7448,0.1484375,0.3424663543701172,0.29684850573539734,0.534452497959137,0.4887227416038513,0.19198612868785858,0.19187423586845398,1,1,0.04561784863471985,0.1500033140182495,0.045729756355285645,0,0,1,1,1,7448
0,Miami/Miami_0003076_2015_10_107_25.75448966185336_-80.22504255688351_-sAOdkAfUrF2Y2R-8Boujg.jpg,Miami:3076,attention,clean,-1,0,0,True,,6062,5,6764438668942872594,38,7448,0.1484375,0.2178516387939453,0.2178516387939453,0.5961326360702515,0.5961326360702515,0.37828099727630615,0.37828099727630615,1,1,0.0,0.0,0.0,0,0,1,1,1,0
0,Miami/Miami_0003076_2015_10_107_25.75448966185336_-80.22504255688351_-sAOdkAfUrF2Y2R-8Boujg.jpg,Miami:3076,fused,clean,-1,0,0,True,,6062,5,3437539625992000833,38,7448,0.1484375,0.2178516387939453,0.2178516387939453,0.5961326360702515,0.5961326360702515,0.37828099727630615,0.37828099727630615,1,1,0.0,0.0,0.0,0,0,1,1,1,0
0,Miami/Miami_0003076_2015_10_107_25.75448966185336_-80.22504255688351_-sAOdkAfUrF2Y2R-8Boujg.jpg,Miami:3076,attention,targeted,-1,0,0,True,,6062,5,6764438668942872594,38,7448,0.1484375,0.2178516387939453,0.03631150722503662,0.5961326360702515,0.43321162462234497,0.37828099727630615,0.39690011739730835,1,1,0.1815401315689087,0.2995239496231079,0.1629210114479065,0,0,1,1,1,7448
0,Miami/Miami_0003076_2015_10_107_25.75448966185336_-80.22504255688351_-sAOdkAfUrF2Y2R-8Boujg.jpg,Miami:3076,attention,random,0,3,-13,True,,6062,5,6764438668942872594,38,7448,0.1484375,0.2178516387939453,0.043249696493148804,0.5961326360702515,0.4497489631175995,0.37828099727630615,0.4064992666244507,1,1,0.1746019423007965,0.251004695892334,0.14638367295265198,0,0,1,1,1,7448
0,Miami/Miami_0003076_2015_10_107_25.75448966185336_-80.22504255688351_-sAOdkAfUrF2Y2R-8Boujg.jpg,Miami:3076,attention,random,1,-22,-33,True,,6062,5,6764438668942872594,38,7448,0.1484375,0.2178516387939453,0.15051138401031494,0.5961326360702515,0.5445613265037537,0.37828099727630615,0.3940499424934387,1,1,0.06734025478363037,0.15863746404647827,0.0515713095664978,0,0,1,1,1,7448
0,Miami/Miami_0003076_2015_10_107_25.75448966185336_-80.22504255688351_-sAOdkAfUrF2Y2R-8Boujg.jpg,Miami:3076,attention,random,2,65,-23,True,,6062,5,6764438668942872594,38,7448,0.1484375,0.2178516387939453,0.15527695417404175,0.5961326360702515,0.5176452398300171,0.37828099727630615,0.36236828565597534,1,1,0.06257468461990356,0.1357477903366089,0.07848739624023438,0,0,1,1,1,7448
0,Miami/Miami_0003076_2015_10_107_25.75448966185336_-80.22504255688351_-sAOdkAfUrF2Y2R-8Boujg.jpg,Miami:3076,attention,random,3,30,-26,True,,6062,5,6764438668942872594,38,7448,0.1484375,0.2178516387939453,0.20068895816802979,0.5961326360702515,0.5596780180931091,0.37828099727630615,0.35898905992507935,1,1,0.017162680625915527,0.16937768459320068,0.036454617977142334,0,0,1,1,1,7448
0,Miami/Miami_0003076_2015_10_107_25.75448966185336_-80.22504255688351_-sAOdkAfUrF2Y2R-8Boujg.jpg,Miami:3076,attention,random,4,-20,-15,True,,6062,5,6764438668942872594,38,7448,0.1484375,0.2178516387939453,0.12233120203018188,0.5961326360702515,0.4836145043373108,0.37828099727630615,0.3612833023071289,1,1,0.09552043676376343,0.2070288062095642,0.11251813173294067,0,0,1,1,1,7448
0,Miami/Miami_0003076_2015_10_107_25.75448966185336_-80.22504255688351_-sAOdkAfUrF2Y2R-8Boujg.jpg,Miami:3076,fused,targeted,-1,0,0,True,,6062,5,3437539625992000833,38,7448,0.1484375,0.2178516387939453,-0.02143770456314087,0.5961326360702515,0.3895972967147827,0.37828099727630615,0.4110350012779236,1,2,0.23928934335708618,0.359830379486084,0.20653533935546875,1,1,0,1,1,7448
0,Miami/Miami_0003076_2015_10_107_25.75448966185336_-80.22504255688351_-sAOdkAfUrF2Y2R-8Boujg.jpg,Miami:3076,fused,random,0,24,-30,True,,6062,5,3437539625992000833,38,7448,0.1484375,0.2178516387939453,0.11049169301986694,0.5961326360702515,0.4762346148490906,0.37828099727630615,0.36574292182922363,1,1,0.10735994577407837,0.24822592735290527,0.11989802122116089,0,0,1,1,1,7448
0,Miami/Miami_0003076_2015_10_107_25.75448966185336_-80.22504255688351_-sAOdkAfUrF2Y2R-8Boujg.jpg,Miami:3076,fused,random,1,47,-24,True,,6062,5,3437539625992000833,38,7448,0.1484375,0.2178516387939453,0.18136364221572876,0.5961326360702515,0.519600510597229,0.37828099727630615,0.33823686838150024,1,1,0.03648799657821655,0.14922994375228882,0.07653212547302246,0,0,1,1,1,7448
0,Miami/Miami_0003076_2015_10_107_25.75448966185336_-80.22504255688351_-sAOdkAfUrF2Y2R-8Boujg.jpg,Miami:3076,fused,random,2,29,-22,True,,6062,5,3437539625992000833,38,7448,0.1484375,0.2178516387939453,0.1546735167503357,0.5961326360702515,0.5225416421890259,0.37828099727630615,0.3678681254386902,1,1,0.06317812204360962,0.19694304466247559,0.07359099388122559,0,0,1,1,1,7448
0,Miami/Miami_0003076_2015_10_107_25.75448966185336_-80.22504255688351_-sAOdkAfUrF2Y2R-8Boujg.jpg,Miami:3076,fused,random,3,-54,-39,True,,6062,5,3437539625992000833,38,7448,0.1484375,0.2178516387939453,0.20286816358566284,0.5961326360702515,0.5610001683235168,0.37828099727630615,0.358132004737854,1,1,0.01498347520828247,0.0772322416305542,0.03513246774673462,0,0,1,1,1,7448
0,Miami/Miami_0003076_2015_10_107_25.75448966185336_-80.22504255688351_-sAOdkAfUrF2Y2R-8Boujg.jpg,Miami:3076,fused,random,4,-9,-36,True,,6062,5,3437539625992000833,38,7448,0.1484375,0.2178516387939453,0.08376702666282654,0.5961326360702515,0.46842724084854126,0.37828099727630615,0.3846602141857147,1,1,0.13408461213111877,0.2188723087310791,0.1277053952217102,0,0,1,1,1,7448
0,BuenosAires/BuenosAires_0000579_2017_07_429_-34.60614875499967_-58.41611187509191_0lI430Zj2UJo2tDtu0coQA.jpg,BuenosAires:579,attention,clean,-1,0,0,True,,12768,5,5383102679971194741,38,7448,0.1484375,0.14875110983848572,0.14875110983848572,0.3442123532295227,0.3442123532295227,0.195461243391037,0.195461243391037,1,1,0.0,0.0,0.0,0,0,1,1,1,0
0,BuenosAires/BuenosAires_0000579_2017_07_429_-34.60614875499967_-58.41611187509191_0lI430Zj2UJo2tDtu0coQA.jpg,BuenosAires:579,fused,clean,-1,0,0,True,,14350,5,6750408240813617067,38,7448,0.1484375,0.14875110983848572,0.14875110983848572,0.3442123532295227,0.3442123532295227,0.195461243391037,0.195461243391037,1,1,0.0,0.0,0.0,0,0,1,1,1,0
0,BuenosAires/BuenosAires_0000579_2017_07_429_-34.60614875499967_-58.41611187509191_0lI430Zj2UJo2tDtu0coQA.jpg,BuenosAires:579,attention,targeted,-1,0,0,True,,12768,5,5383102679971194741,38,7448,0.1484375,0.14875110983848572,0.0784902274608612,0.3442123532295227,0.30072644352912903,0.195461243391037,0.22223621606826782,1,1,0.07026088237762451,0.3006131649017334,0.04348590970039368,0,0,1,1,1,7448
0,BuenosAires/BuenosAires_0000579_2017_07_429_-34.60614875499967_-58.41611187509191_0lI430Zj2UJo2tDtu0coQA.jpg,BuenosAires:579,attention,random,0,-13,2,True,,12768,5,5383102679971194741,38,7448,0.1484375,0.14875110983848572,0.034146249294281006,0.3442123532295227,0.30576246976852417,0.195461243391037,0.27161622047424316,1,1,0.11460486054420471,0.3128250241279602,0.038449883460998535,0,0,1,1,1,7448
0,BuenosAires/BuenosAires_0000579_2017_07_429_-34.60614875499967_-58.41611187509191_0lI430Zj2UJo2tDtu0coQA.jpg,BuenosAires:579,attention,random,1,16,39,True,,12768,5,5383102679971194741,38,7448,0.1484375,0.14875110983848572,0.12141337990760803,0.3442123532295227,0.3432774543762207,0.195461243391037,0.22186407446861267,1,1,0.027337729930877686,0.21102434396743774,0.000934898853302002,0,0,1,1,1,7448
0,BuenosAires/BuenosAires_0000579_2017_07_429_-34.60614875499967_-58.41611187509191_0lI430Zj2UJo2tDtu0coQA.jpg,BuenosAires:579,attention,random,2,35,58,True,,12768,5,5383102679971194741,38,7448,0.1484375,0.14875110983848572,0.1527964472770691,0.3442123532295227,0.3452368974685669,0.195461243391037,0.1924404501914978,1,1,-0.004045337438583374,0.16963350772857666,-0.0010245442390441895,0,0,1,1,1,7448
0,BuenosAires/BuenosAires_0000579_2017_07_429_-34.60614875499967_-58.41611187509191_0lI430Zj2UJo2tDtu0coQA.jpg,BuenosAires:579,attention,random,3,-15,52,True,,12768,5,5383102679971194741,38,7448,0.1484375,0.14875110983848572,0.12971198558807373,0.3442123532295227,0.3462766408920288,0.195461243391037,0.21656465530395508,1,1,0.019039124250411987,0.16606158018112183,-0.0020642876625061035,0,0,1,1,1,7448
0,BuenosAires/BuenosAires_0000579_2017_07_429_-34.60614875499967_-58.41611187509191_0lI430Zj2UJo2tDtu0coQA.jpg,BuenosAires:579,attention,random,4,-2,30,True,,12768,5,5383102679971194741,38,7448,0.1484375,0.14875110983848572,0.1045009046792984,0.3442123532295227,0.33917999267578125,0.195461243391037,0.23467908799648285,1,1,0.04425020515918732,0.24943560361862183,0.005032360553741455,0,0,1,1,1,7448
0,BuenosAires/BuenosAires_0000579_2017_07_429_-34.60614875499967_-58.41611187509191_0lI430Zj2UJo2tDtu0coQA.jpg,BuenosAires:579,fused,targeted,-1,0,0,True,,14350,5,6750408240813617067,38,7448,0.1484375,0.14875110983848572,0.08353619277477264,0.3442123532295227,0.30746227502822876,0.195461243391037,0.22392608225345612,1,1,0.06521491706371307,0.29621750116348267,0.036750078201293945,0,0,1,1,1,7448
0,BuenosAires/BuenosAires_0000579_2017_07_429_-34.60614875499967_-58.41611187509191_0lI430Zj2UJo2tDtu0coQA.jpg,BuenosAires:579,fused,random,0,35,107,True,,14350,5,6750408240813617067,38,7448,0.1484375,0.14875110983848572,0.13680680096149445,0.3442123532295227,0.3111626207828522,0.195461243391037,0.17435581982135773,1,1,0.011944308876991272,0.135026216506958,0.03304973244667053,0,0,1,1,1,7448
0,BuenosAires/BuenosAires_0000579_2017_07_429_-34.60614875499967_-58.41611187509191_0lI430Zj2UJo2tDtu0coQA.jpg,BuenosAires:579,fused,random,1,14,39,True,,14350,5,6750408240813617067,38,7448,0.1484375,0.14875110983848572,0.10827626287937164,0.3442123532295227,0.32872891426086426,0.195461243391037,0.22045265138149261,1,1,0.040474846959114075,0.21346354484558105,0.015483438968658447,0,0,1,1,1,7448
0,BuenosAires/BuenosAires_0000579_2017_07_429_-34.60614875499967_-58.41611187509191_0lI430Zj2UJo2tDtu0coQA.jpg,BuenosAires:579,fused,random,2,76,28,True,,14350,5,6750408240813617067,38,7448,0.1484375,0.14875110983848572,0.13839823007583618,0.3442123532295227,0.3326680660247803,0.195461243391037,0.1942698359489441,1,1,0.010352879762649536,0.13521236181259155,0.011544287204742432,0,0,1,1,1,7448
0,BuenosAires/BuenosAires_0000579_2017_07_429_-34.60614875499967_-58.41611187509191_0lI430Zj2UJo2tDtu0coQA.jpg,BuenosAires:579,fused,random,3,51,14,True,,14350,5,6750408240813617067,38,7448,0.1484375,0.14875110983848572,0.10434775054454803,0.3442123532295227,0.3249532878398895,0.195461243391037,0.2206055372953415,1,1,0.04440335929393768,0.2174299955368042,0.01925906538963318,0,0,1,1,1,7448
0,BuenosAires/BuenosAires_0000579_2017_07_429_-34.60614875499967_-58.41611187509191_0lI430Zj2UJo2tDtu0coQA.jpg,BuenosAires:579,fused,random,4,29,25,True,,14350,5,6750408240813617067,38,7448,0.1484375,0.14875110983848572,0.11048075556755066,0.3442123532295227,0.33553746342658997,0.195461243391037,0.2250567078590393,1,1,0.03827035427093506,0.2319602370262146,0.00867488980293274,0,0,1,1,1,7448
0,London/London_0001193_2012_08_101_51.49181398965143_-0.1518708460602027_I8f4h_8ZMt-gPEMeW4qHig.jpg,London:1193,attention,clean,-1,0,0,True,,168,5,8940863182909662500,38,7448,0.1484375,0.3494219183921814,0.3494219183921814,0.6298039555549622,0.6298039555549622,0.28038203716278076,0.28038203716278076,1,1,0.0,0.0,0.0,0,0,1,1,1,0
0,London/London_0001193_2012_08_101_51.49181398965143_-0.1518708460602027_I8f4h_8ZMt-gPEMeW4qHig.jpg,London:1193,fused,clean,-1,0,0,True,,8036,5,792505840246544831,38,7448,0.1484375,0.3494219183921814,0.3494219183921814,0.6298039555549622,0.6298039555549622,0.28038203716278076,0.28038203716278076,1,1,0.0,0.0,0.0,0,0,1,1,1,0
0,London/London_0001193_2012_08_101_51.49181398965143_-0.1518708460602027_I8f4h_8ZMt-gPEMeW4qHig.jpg,London:1193,attention,targeted,-1,0,0,True,,168,5,8940863182909662500,38,7448,0.1484375,0.3494219183921814,0.23423892259597778,0.6298039555549622,0.4996086359024048,0.28038203716278076,0.265369713306427,1,1,0.11518299579620361,0.2506988048553467,0.13019531965255737,0,0,1,1,1,7448
0,London/London_0001193_2012_08_101_51.49181398965143_-0.1518708460602027_I8f4h_8ZMt-gPEMeW4qHig.jpg,London:1193,attention,random,0,-62,0,True,,168,5,8940863182909662500,38,7448,0.1484375,0.3494219183921814,0.29890763759613037,0.6298039555549622,0.6067248582839966,0.28038203716278076,0.3078172206878662,1,1,0.050514280796051025,0.07906854152679443,0.023079097270965576,0,0,1,1,1,7448
0,London/London_0001193_2012_08_101_51.49181398965143_-0.1518708460602027_I8f4h_8ZMt-gPEMeW4qHig.jpg,London:1193,attention,random,1,-9,0,True,,168,5,8940863182909662500,38,7448,0.1484375,0.3494219183921814,0.22938960790634155,0.6298039555549622,0.5406897068023682,0.28038203716278076,0.3113000988960266,1,1,0.12003231048583984,0.22197580337524414,0.089114248752594,0,0,1,1,1,7448
0,London/London_0001193_2012_08_101_51.49181398965143_-0.1518708460602027_I8f4h_8ZMt-gPEMeW4qHig.jpg,London:1193,attention,random,2,42,0,True,,168,5,8940863182909662500,38,7448,0.1484375,0.3494219183921814,0.29661083221435547,0.6298039555549622,0.5838974714279175,0.28038203716278076,0.287286639213562,1,1,0.05281108617782593,0.1398215889930725,0.04590648412704468,0,0,1,1,1,7448
0,London/London_0001193_2012_08_101_51.49181398965143_-0.1518708460602027_I8f4h_8ZMt-gPEMeW4qHig.jpg,London:1193,attention,random,3,47,0,True,,168,5,8940863182909662500,38,7448,0.1484375,0.3494219183921814,0.2772778868675232,0.6298039555549622,0.5552912354469299,0.28038203716278076,0.27801334857940674,1,1,0.0721440315246582,0.17788684368133545,0.07451272010803223,0,0,1,1,1,7448
0,London/London_0001193_2012_08_101_51.49181398965143_-0.1518708460602027_I8f4h_8ZMt-gPEMeW4qHig.jpg,London:1193,attention,random,4,52,0,True,,168,5,8940863182909662500,38,7448,0.1484375,0.3494219183921814,0.2881937623023987,0.6298039555549622,0.5634527802467346,0.28038203716278076,0.27525901794433594,1,1,0.061228156089782715,0.1735290288925171,0.06635117530822754,0,0,1,1,1,7448
0,London/London_0001193_2012_08_101_51.49181398965143_-0.1518708460602027_I8f4h_8ZMt-gPEMeW4qHig.jpg,London:1193,fused,targeted,-1,0,0,True,,8036,5,792505840246544831,38,7448,0.1484375,0.3494219183921814,0.25219160318374634,0.6298039555549622,0.53228759765625,0.28038203716278076,0.28009599447250366,1,1,0.09723031520843506,0.20682430267333984,0.09751635789871216,0,0,1,1,1,7448
0,London/London_0001193_2012_08_101_51.49181398965143_-0.1518708460602027_I8f4h_8ZMt-gPEMeW4qHig.jpg,London:1193,fused,random,0,1,-6,True,,8036,5,792505840246544831,38,7448,0.1484375,0.3494219183921814,0.23503202199935913,0.6298039555549622,0.5321846008300781,0.28038203716278076,0.297152578830719,1,1,0.11438989639282227,0.18623840808868408,0.09761935472488403,0,0,1,1,1,7448
0,London/London_0001193_2012_08_101_51.49181398965143_-0.1518708460602027_I8f4h_8ZMt-gPEMeW4qHig.jpg,London:1193,fused,random,1,-46,-17,True,,8036,5,792505840246544831,38,7448,0.1484375,0.3494219183921814,0.28684335947036743,0.6298039555549622,0.5905243754386902,0.28038203716278076,0.30368101596832275,1,1,0.06257855892181396,0.09994584321975708,0.03927958011627197,0,0,1,1,1,7448
0,London/London_0001193_2012_08_101_51.49181398965143_-0.1518708460602027_I8f4h_8ZMt-gPEMeW4qHig.jpg,London:1193,fused,random,2,24,-18,True,,8036,5,792505840246544831,38,7448,0.1484375,0.3494219183921814,0.2578578591346741,0.6298039555549622,0.5427809357643127,0.28038203716278076,0.28492307662963867,1,1,0.09156405925750732,0.19093990325927734,0.08702301979064941,0,0,1,1,1,7448
0,London/London_0001193_2012_08_101_51.49181398965143_-0.1518708460602027_I8f4h_8ZMt-gPEMeW4qHig.jpg,London:1193,fused,random,3,-25,-48,True,,8036,5,792505840246544831,38,7448,0.1484375,0.3494219183921814,0.29815465211868286,0.6298039555549622,0.5946382284164429,0.28038203716278076,0.29648357629776,1,1,0.051267266273498535,0.10591495037078857,0.03516572713851929,0,0,1,1,1,7448
0,London/London_0001193_2012_08_101_51.49181398965143_-0.1518708460602027_I8f4h_8ZMt-gPEMeW4qHig.jpg,London:1193,fused,random,4,40,-56,True,,8036,5,792505840246544831,38,7448,0.1484375,0.3494219183921814,0.30815237760543823,0.6298039555549622,0.5709227323532104,0.28038203716278076,0.2627703547477722,1,1,0.041269540786743164,0.1374148726463318,0.05888122320175171,0,0,1,1,1,7448
0,PRS/PRS_0002578_2019_05_425_48.85569899238281_2.293861802212219_nJdpRxcFEfHXP9ndwtuJIw.jpg,PRS:2578,attention,clean,-1,0,0,True,,4858,5,3229197205901681917,38,7448,0.1484375,0.126735121011734,0.126735121011734,0.3074219822883606,0.3074219822883606,0.1806868612766266,0.1806868612766266,1,1,0.0,0.0,0.0,0,0,1,1,1,0
0,PRS/PRS_0002578_2019_05_425_48.85569899238281_2.293861802212219_nJdpRxcFEfHXP9ndwtuJIw.jpg,PRS:2578,fused,clean,-1,0,0,True,,4858,5,7785278112355288588,38,7448,0.1484375,0.126735121011734,0.126735121011734,0.3074219822883606,0.3074219822883606,0.1806868612766266,0.1806868612766266,1,1,0.0,0.0,0.0,0,0,1,1,1,0
0,PRS/PRS_0002578_2019_05_425_48.85569899238281_2.293861802212219_nJdpRxcFEfHXP9ndwtuJIw.jpg,PRS:2578,attention,targeted,-1,0,0,True,,4858,5,3229197205901681917,38,7448,0.1484375,0.126735121011734,0.11100763082504272,0.3074219822883606,0.3016897141933441,0.1806868612766266,0.1906820833683014,1,1,0.015727490186691284,0.42075467109680176,0.0057322680950164795,0,0,1,1,1,7448
0,PRS/PRS_0002578_2019_05_425_48.85569899238281_2.293861802212219_nJdpRxcFEfHXP9ndwtuJIw.jpg,PRS:2578,attention,random,0,23,37,True,,4858,5,3229197205901681917,38,7448,0.1484375,0.126735121011734,0.07991640269756317,0.3074219822883606,0.2562400996685028,0.1806868612766266,0.17632369697093964,1,1,0.04681871831417084,0.17623817920684814,0.05118188261985779,0,0,1,1,1,7448
0,PRS/PRS_0002578_2019_05_425_48.85569899238281_2.293861802212219_nJdpRxcFEfHXP9ndwtuJIw.jpg,PRS:2578,attention,random,1,-32,29,True,,4858,5,3229197205901681917,38,7448,0.1484375,0.126735121011734,0.10563433170318604,0.3074219822883606,0.2949395477771759,0.1806868612766266,0.18930521607398987,1,1,0.021100789308547974,0.2041785717010498,0.012482434511184692,0,0,1,1,1,7448
0,PRS/PRS_0002578_2019_05_425_48.85569899238281_2.293861802212219_nJdpRxcFEfHXP9ndwtuJIw.jpg,PRS:2578,attention,random,2,45,21,True,,4858,5,3229197205901681917,38,7448,0.1484375,0.126735121011734,0.07926496863365173,0.3074219822883606,0.26776525378227234,0.1806868612766266,0.1885002851486206,1,1,0.047470152378082275,0.218075692653656,0.03965672850608826,0,0,1,1,1,7448
0,PRS/PRS_0002578_2019_05_425_48.85569899238281_2.293861802212219_nJdpRxcFEfHXP9ndwtuJIw.jpg,PRS:2578,attention,random,3,25,8,True,,4858,5,3229197205901681917,38,7448,0.1484375,0.126735121011734,0.1205417811870575,0.3074219822883606,0.3105698525905609,0.1806868612766266,0.19002807140350342,1,1,0.006193339824676514,0.28928589820861816,-0.0031478703022003174,0,0,1,1,1,7448
0,PRS/PRS_0002578_2019_05_425_48.85569899238281_2.293861802212219_nJdpRxcFEfHXP9ndwtuJIw.jpg,PRS:2578,attention,random,4,-33,14,True,,4858,5,3229197205901681917,38,7448,0.1484375,0.126735121011734,0.11779814958572388,0.3074219822883606,0.2982570230960846,0.1806868612766266,0.18045887351036072,1,1,0.008936971426010132,0.31196320056915283,0.009164959192276001,0,0,1,1,1,7448
0,PRS/PRS_0002578_2019_05_425_48.85569899238281_2.293861802212219_nJdpRxcFEfHXP9ndwtuJIw.jpg,PRS:2578,fused,targeted,-1,0,0,True,,4858,5,7785278112355288588,38,7448,0.1484375,0.126735121011734,0.10663330554962158,0.3074219822883606,0.29570212960243225,0.1806868612766266,0.18906882405281067,1,1,0.020101815462112427,0.40594053268432617,0.011719852685928345,0,0,1,1,1,7448
0,PRS/PRS_0002578_2019_05_425_48.85569899238281_2.293861802212219_nJdpRxcFEfHXP9ndwtuJIw.jpg,PRS:2578,fused,random,0,51,6,True,,4858,5,7785278112355288588,38,7448,0.1484375,0.126735121011734,0.07952915132045746,0.3074219822883606,0.241255983710289,0.1806868612766266,0.16172683238983154,1,1,0.04720596969127655,0.24786078929901123,0.0661659985780716,0,0,1,1,1,7448
0,PRS/PRS_0002578_2019_05_425_48.85569899238281_2.293861802212219_nJdpRxcFEfHXP9ndwtuJIw.jpg,PRS:2578,fused,random,1,18,7,True,,4858,5,7785278112355288588,38,7448,0.1484375,0.126735121011734,0.08099263906478882,0.3074219822883606,0.293296754360199,0.1806868612766266,0.21230411529541016,1,1,0.04574248194694519,0.299203097820282,0.014125227928161621,0,0,1,1,1,7448
0,PRS/PRS_0002578_2019_05_425_48.85569899238281_2.293861802212219_nJdpRxcFEfHXP9ndwtuJIw.jpg,PRS:2578,fused,random,2,-30,33,True,,4858,5,7785278112355288588,38,7448,0.1484375,0.126735121011734,0.10670173168182373,0.3074219822883606,0.2801573872566223,0.1806868612766266,0.17345565557479858,1,1,0.02003338932991028,0.23399066925048828,0.02726459503173828,0,0,1,1,1,7448
0,PRS/PRS_0002578_2019_05_425_48.85569899238281_2.293861802212219_nJdpRxcFEfHXP9ndwtuJIw.jpg,PRS:2578,fused,random,3,10,32,True,,4858,5,7785278112355288588,38,7448,0.1484375,0.126735121011734,0.08448928594589233,0.3074219822883606,0.2504996657371521,0.1806868612766266,0.16601037979125977,1,1,0.042245835065841675,0.2597310543060303,0.056922316551208496,0,0,1,1,1,7448
0,PRS/PRS_0002578_2019_05_425_48.85569899238281_2.293861802212219_nJdpRxcFEfHXP9ndwtuJIw.jpg,PRS:2578,fused,random,4,26,38,True,,4858,5,7785278112355288588,38,7448,0.1484375,0.126735121011734,0.06491303443908691,0.3074219822883606,0.23995015025138855,0.1806868612766266,0.17503711581230164,1,1,0.061822086572647095,0.19205844402313232,0.06747183203697205,0,0,1,1,1,7448
0,Miami/Miami_0005316_2014_03_189_25.77282574108492_-80.23811393127853_pismP-H4QBntFBYVoV5CtA.jpg,Miami:5316,attention,clean,-1,0,0,True,,8036,5,856044158686519519,38,7448,0.1484375,0.1623060405254364,0.1623060405254364,0.4975700378417969,0.4975700378417969,0.3352639973163605,0.3352639973163605,1,1,0.0,0.0,0.0,0,0,1,1,1,0
0,Miami/Miami_0005316_2014_03_189_25.77282574108492_-80.23811393127853_pismP-H4QBntFBYVoV5CtA.jpg,Miami:5316,fused,clean,-1,0,0,True,,11984,5,2537828636690294645,38,7448,0.1484375,0.1623060405254364,0.1623060405254364,0.4975700378417969,0.4975700378417969,0.3352639973163605,0.3352639973163605,1,1,0.0,0.0,0.0,0,0,1,1,1,0
0,Miami/Miami_0005316_2014_03_189_25.77282574108492_-80.23811393127853_pismP-H4QBntFBYVoV5CtA.jpg,Miami:5316,attention,targeted,-1,0,0,True,,8036,5,856044158686519519,38,7448,0.1484375,0.1623060405254364,-0.044809550046920776,0.4975700378417969,0.31793132424354553,0.3352639973163605,0.3627408742904663,1,4,0.20711559057235718,0.38331329822540283,0.17963871359825134,3,1,0,1,1,7448
0,Miami/Miami_0005316_2014_03_189_25.77282574108492_-80.23811393127853_pismP-H4QBntFBYVoV5CtA.jpg,Miami:5316,attention,random,0,-41,10,True,,8036,5,856044158686519519,38,7448,0.1484375,0.1623060405254364,0.0846196711063385,0.4975700378417969,0.4262958765029907,0.3352639973163605,0.3416762053966522,1,1,0.0776863694190979,0.18008959293365479,0.07127416133880615,0,0,1,1,1,7448
0,Miami/Miami_0005316_2014_03_189_25.77282574108492_-80.23811393127853_pismP-H4QBntFBYVoV5CtA.jpg,Miami:5316,attention,random,1,52,-13,True,,8036,5,856044158686519519,38,7448,0.1484375,0.1623060405254364,0.10613921284675598,0.4975700378417969,0.42243051528930664,0.3352639973163605,0.31629130244255066,1,1,0.05616682767868042,0.16716253757476807,0.07513952255249023,0,0,1,1,1,7448
0,Miami/Miami_0005316_2014_03_189_25.77282574108492_-80.23811393127853_pismP-H4QBntFBYVoV5CtA.jpg,Miami:5316,attention,random,2,-31,-13,True,,8036,5,856044158686519519,38,7448,0.1484375,0.1623060405254364,0.03502306342124939,0.4975700378417969,0.3301662504673004,0.3352639973163605,0.295143187046051,1,1,0.127282977104187,0.3335370421409607,0.16740378737449646,0,0,1,1,1,7448
0,Miami/Miami_0005316_2014_03_189_25.77282574108492_-80.23811393127853_pismP-H4QBntFBYVoV5CtA.jpg,Miami:5316,attention,random,3,51,-15,True,,8036,5,856044158686519519,38,7448,0.1484375,0.1623060405254364,0.10111549496650696,0.4975700378417969,0.43222498893737793,0.3352639973163605,0.33110949397087097,1,1,0.06119054555892944,0.16897112131118774,0.06534504890441895,0,0,1,1,1,7448
0,Miami/Miami_0005316_2014_03_189_25.77282574108492_-80.23811393127853_pismP-H4QBntFBYVoV5CtA.jpg,Miami:5316,attention,random,4,-16,-30,True,,8036,5,856044158686519519,38,7448,0.1484375,0.1623060405254364,0.016527652740478516,0.4975700378417969,0.35312485694885254,0.3352639973163605,0.336597204208374,1,1,0.14577838778495789,0.34049534797668457,0.14444518089294434,0,0,1,1,1,7448
0,Miami/Miami_0005316_2014_03_189_25.77282574108492_-80.23811393127853_pismP-H4QBntFBYVoV5CtA.jpg,Miami:5316,fused,targeted,-1,0,0,True,,11984,5,2537828636690294645,38,7448,0.1484375,0.1623060405254364,-0.06402447819709778,0.4975700378417969,0.2874372899532318,0.3352639973163605,0.3514617681503296,1,5,0.22633051872253418,0.3945810794830322,0.21013274788856506,4,1,0,1,1,7448
0,Miami/Miami_0005316_2014_03_189_25.77282574108492_-80.23811393127853_pismP-H4QBntFBYVoV5CtA.jpg,Miami:5316,fused,random,0,-32,-39,True,,11984,5,2537828636690294645,38,7448,0.1484375,0.1623060405254364,0.07332828640937805,0.4975700378417969,0.3806155323982239,0.3352639973163605,0.3072872459888458,1,1,0.08897775411605835,0.22693508863449097,0.116954505443573,0,0,1,1,1,7448
0,Miami/Miami_0005316_2014_03_189_25.77282574108492_-80.23811393127853_pismP-H4QBntFBYVoV5CtA.jpg,Miami:5316,fused,random,1,96,-2,True,,11984,5,2537828636690294645,38,7448,0.1484375,0.1623060405254364,0.14420348405838013,0.4975700378417969,0.48358821868896484,0.3352639973163605,0.3393847346305847,1,1,0.018102556467056274,0.02529388666152954,0.013981819152832031,0,0,1,1,1,7448
0,Miami/Miami_0005316_2014_03_189_25.77282574108492_-80.23811393127853_pismP-H4QBntFBYVoV5CtA.jpg,Miami:5316,fused,random,2,48,-21,True,,11984,5,2537828636690294645,38,7448,0.1484375,0.1623060405254364,0.07643765211105347,0.4975700378417969,0.43432754278182983,0.3352639973163605,0.35788989067077637,1,1,0.08586838841438293,0.19193542003631592,0.06324249505996704,0,0,1,1,1,7448
0,Miami/Miami_0005316_2014_03_189_25.77282574108492_-80.23811393127853_pismP-H4QBntFBYVoV5CtA.jpg,Miami:5316,fused,random,3,66,-5,True,,11984,5,2537828636690294645,38,7448,0.1484375,0.1623060405254364,0.09132340550422668,0.4975700378417969,0.4344528317451477,0.3352639973163605,0.343129426240921,1,1,0.07098263502120972,0.10769844055175781,0.06311720609664917,0,0,1,1,1,7448
0,Miami/Miami_0005316_2014_03_189_25.77282574108492_-80.23811393127853_pismP-H4QBntFBYVoV5CtA.jpg,Miami:5316,fused,random,4,37,-8,True,,11984,5,2537828636690294645,38,7448,0.1484375,0.1623060405254364,0.011870712041854858,0.4975700378417969,0.3729129433631897,0.3352639973163605,0.36104223132133484,1,1,0.15043532848358154,0.2812466621398926,0.12465709447860718,0,0,1,1,1,7448
0,Lisbon/Lisbon_0000269_2019_09_149_38.70630249232123_-9.225974567673903_9rnWWozSFwnlWtMi0tjN6A.jpg,Lisbon:269,attention,clean,-1,0,0,True,,7238,5,4152314121094644007,38,7448,0.1484375,0.5035089254379272,0.5035089254379272,0.6389589905738831,0.6389589905738831,0.1354500651359558,0.1354500651359558,1,1,0.0,0.0,0.0,0,0,1,1,1,0
0,Lisbon/Lisbon_0000269_2019_09_149_38.70630249232123_-9.225974567673903_9rnWWozSFwnlWtMi0tjN6A.jpg,Lisbon:269,fused,clean,-1,0,0,True,,13174,5,5084815922625700429,38,7448,0.1484375,0.5035089254379272,0.5035089254379272,0.6389589905738831,0.6389589905738831,0.1354500651359558,0.1354500651359558,1,1,0.0,0.0,0.0,0,0,1,1,1,0
0,Lisbon/Lisbon_0000269_2019_09_149_38.70630249232123_-9.225974567673903_9rnWWozSFwnlWtMi0tjN6A.jpg,Lisbon:269,attention,targeted,-1,0,0,True,,7238,5,4152314121094644007,38,7448,0.1484375,0.5035089254379272,0.26689815521240234,0.6389589905738831,0.4227150082588196,0.1354500651359558,0.15581685304641724,1,1,0.2366107702255249,0.30351030826568604,0.21624398231506348,0,0,1,1,1,7448
0,Lisbon/Lisbon_0000269_2019_09_149_38.70630249232123_-9.225974567673903_9rnWWozSFwnlWtMi0tjN6A.jpg,Lisbon:269,attention,random,0,-37,21,True,,7238,5,4152314121094644007,38,7448,0.1484375,0.5035089254379272,0.3408961892127991,0.6389589905738831,0.4981416165828705,0.1354500651359558,0.1572454422712326,1,1,0.16261273622512817,0.2124769687652588,0.14081737399101257,0,0,1,1,1,7448
0,Lisbon/Lisbon_0000269_2019_09_149_38.70630249232123_-9.225974567673903_9rnWWozSFwnlWtMi0tjN6A.jpg,Lisbon:269,attention,random,1,47,15,True,,7238,5,4152314121094644007,38,7448,0.1484375,0.5035089254379272,0.37900519371032715,0.6389589905738831,0.5256166458129883,0.1354500651359558,0.14661145210266113,1,1,0.1245037317276001,0.18196076154708862,0.11334234476089478,0,0,1,1,1,7448
0,Lisbon/Lisbon_0000269_2019_09_149_38.70630249232123_-9.225974567673903_9rnWWozSFwnlWtMi0tjN6A.jpg,Lisbon:269,attention,random,2,33,28,True,,7238,5,4152314121094644007,38,7448,0.1484375,0.5035089254379272,0.35527756810188293,0.6389589905738831,0.49901682138442993,0.1354500651359558,0.143739253282547,1,1,0.1482313573360443,0.2053910493850708,0.13994216918945312,0,0,1,1,1,7448
0,Lisbon/Lisbon_0000269_2019_09_149_38.70630249232123_-9.225974567673903_9rnWWozSFwnlWtMi0tjN6A.jpg,Lisbon:269,attention,random,3,38,36,True,,7238,5,4152314121094644007,38,7448,0.1484375,0.5035089254379272,0.4145236015319824,0.6389589905738831,0.5546227693557739,0.1354500651359558,0.1400991678237915,1,1,0.08898532390594482,0.1487596035003662,0.08433622121810913,0,0,1,1,1,7448
0,Lisbon/Lisbon_0000269_2019_09_149_38.70630249232123_-9.225974567673903_9rnWWozSFwnlWtMi0tjN6A.jpg,Lisbon:269,attention,random,4,-38,8,True,,7238,5,4152314121094644007,38,7448,0.1484375,0.5035089254379272,0.35522890090942383,0.6389589905738831,0.5174830555915833,0.1354500651359558,0.16225416958332062,1,1,0.14828002452850342,0.2271619439125061,0.1214759349822998,0,0,1,1,1,7448
0,Lisbon/Lisbon_0000269_2019_09_149_38.70630249232123_-9.225974567673903_9rnWWozSFwnlWtMi0tjN6A.jpg,Lisbon:269,fused,targeted,-1,0,0,True,,13174,5,5084815922625700429,38,7448,0.1484375,0.5035089254379272,0.26049527525901794,0.6389589905738831,0.41543048620224,0.1354500651359558,0.15493521094322205,1,1,0.2430136501789093,0.31143730878829956,0.22352850437164307,0,0,1,1,1,7448
0,Lisbon/Lisbon_0000269_2019_09_149_38.70630249232123_-9.225974567673903_9rnWWozSFwnlWtMi0tjN6A.jpg,Lisbon:269,fused,random,0,-46,41,True,,13174,5,5084815922625700429,38,7448,0.1484375,0.5035089254379272,0.3993380665779114,0.6389589905738831,0.5547207593917847,0.1354500651359558,0.1553826928138733,1,1,0.10417085886001587,0.1962505578994751,0.08423823118209839,0,0,1,1,1,7448
0,Lisbon/Lisbon_0000269_2019_09_149_38.70630249232123_-9.225974567673903_9rnWWozSFwnlWtMi0tjN6A.jpg,Lisbon:269,fused,random,1,-42,-31,True,,13174,5,5084815922625700429,38,7448,0.1484375,0.5035089254379272,0.4265196621417999,0.6389589905738831,0.5872061252593994,0.1354500651359558,0.1606864631175995,1,1,0.07698926329612732,0.1284322738647461,0.05175286531448364,0,0,1,1,1,7448
0,Lisbon/Lisbon_0000269_2019_09_149_38.70630249232123_-9.225974567673903_9rnWWozSFwnlWtMi0tjN6A.jpg,Lisbon:269,fused,random,2,4,37,True,,13174,5,5084815922625700429,38,7448,0.1484375,0.5035089254379272,0.3184070289134979,0.6389589905738831,0.45997321605682373,0.1354500651359558,0.1415661871433258,1,1,0.18510189652442932,0.2479621171951294,0.17898577451705933,0,0,1,1,1,7448
0,Lisbon/Lisbon_0000269_2019_09_149_38.70630249232123_-9.225974567673903_9rnWWozSFwnlWtMi0tjN6A.jpg,Lisbon:269,fused,random,3,20,-41,True,,13174,5,5084815922625700429,38,7448,0.1484375,0.5035089254379272,0.3452959656715393,0.6389589905738831,0.4865933656692505,0.1354500651359558,0.14129741489887238,1,1,0.15821295976638794,0.2626013159751892,0.15236562490463257,0,0,1,1,1,7448
0,Lisbon/Lisbon_0000269_2019_09_149_38.70630249232123_-9.225974567673903_9rnWWozSFwnlWtMi0tjN6A.jpg,Lisbon:269,fused,random,4,4,38,True,,13174,5,5084815922625700429,38,7448,0.1484375,0.5035089254379272,0.31638628244400024,0.6389589905738831,0.4581562280654907,0.1354500651359558,0.14176994562149048,1,1,0.187122642993927,0.24971765279769897,0.18080276250839233,0,0,1,1,1,7448
0,Medellin/Medellin_0001270_2015_10_547_6.253760765175159_-75.55764043849227_nJ-4-BMThAfyj9RFO3asLA.jpg,Medellin:1270,attention,clean,-1,0,0,True,,4088,5,5311216478478300262,38,7448,0.1484375,0.33791983127593994,0.33791983127593994,0.503038227558136,0.503038227558136,0.16511841118335724,0.16511841118335724,1,1,0.0,0.0,0.0,0,0,1,1,1,0
0,Medellin/Medellin_0001270_2015_10_547_6.253760765175159_-75.55764043849227_nJ-4-BMThAfyj9RFO3asLA.jpg,Medellin:1270,fused,clean,-1,0,0,True,,6062,5,1120351428192429162,38,7448,0.1484375,0.33791983127593994,0.33791983127593994,0.503038227558136,0.503038227558136,0.16511841118335724,0.16511841118335724,1,1,0.0,0.0,0.0,0,0,1,1,1,0
0,Medellin/Medellin_0001270_2015_10_547_6.253760765175159_-75.55764043849227_nJ-4-BMThAfyj9RFO3asLA.jpg,Medellin:1270,attention,targeted,-1,0,0,True,,4088,5,5311216478478300262,38,7448,0.1484375,0.33791983127593994,0.1430586874485016,0.503038227558136,0.314486026763916,0.16511841118335724,0.17142733931541443,1,1,0.19486114382743835,0.3448042869567871,0.18855220079421997,0,0,1,1,1,7448
0,Medellin/Medellin_0001270_2015_10_547_6.253760765175159_-75.55764043849227_nJ-4-BMThAfyj9RFO3asLA.jpg,Medellin:1270,attention,random,0,-13,-1,True,,4088,5,5311216478478300262,38,7448,0.1484375,0.33791983127593994,0.2015763819217682,0.503038227558136,0.3638158440589905,0.16511841118335724,0.1622394621372223,1,1,0.13634344935417175,0.3229387402534485,0.1392223834991455,0,0,1,1,1,7448
0,Medellin/Medellin_0001270_2015_10_547_6.253760765175159_-75.55764043849227_nJ-4-BMThAfyj9RFO3asLA.jpg,Medellin:1270,attention,random,1,60,-11,True,,4088,5,5311216478478300262,38,7448,0.1484375,0.33791983127593994,0.30832386016845703,0.503038227558136,0.4696195721626282,0.16511841118335724,0.16129571199417114,1,1,0.02959597110748291,0.06982845067977905,0.03341865539550781,0,0,1,1,1,7448
0,Medellin/Medellin_0001270_2015_10_547_6.253760765175159_-75.55764043849227_nJ-4-BMThAfyj9RFO3asLA.jpg,Medellin:1270,attention,random,2,-36,-4,True,,4088,5,5311216478478300262,38,7448,0.1484375,0.33791983127593994,0.26898741722106934,0.503038227558136,0.44392043352127075,0.16511841118335724,0.17493301630020142,1,1,0.0689324140548706,0.2040419578552246,0.059117794036865234,0,0,1,1,1,7448
0,Medellin/Medellin_0001270_2015_10_547_6.253760765175159_-75.55764043849227_nJ-4-BMThAfyj9RFO3asLA.jpg,Medellin:1270,attention,random,3,2,-13,True,,4088,5,5311216478478300262,38,7448,0.1484375,0.33791983127593994,0.20892000198364258,0.503038227558136,0.37670329213142395,0.16511841118335724,0.16778329014778137,1,1,0.12899982929229736,0.2830485701560974,0.12633493542671204,0,0,1,1,1,7448
0,Medellin/Medellin_0001270_2015_10_547_6.253760765175159_-75.55764043849227_nJ-4-BMThAfyj9RFO3asLA.jpg,Medellin:1270,attention,random,4,28,-10,True,,4088,5,5311216478478300262,38,7448,0.1484375,0.33791983127593994,0.221181258559227,0.503038227558136,0.40089941024780273,0.16511841118335724,0.17971815168857574,1,1,0.11673857271671295,0.2085578441619873,0.10213881731033325,0,0,1,1,1,7448
0,Medellin/Medellin_0001270_2015_10_547_6.253760765175159_-75.55764043849227_nJ-4-BMThAfyj9RFO3asLA.jpg,Medellin:1270,fused,targeted,-1,0,0,True,,6062,5,1120351428192429162,38,7448,0.1484375,0.33791983127593994,0.17409244179725647,0.503038227558136,0.3494144082069397,0.16511841118335724,0.17532196640968323,1,1,0.16382738947868347,0.3228803277015686,0.1536238193511963,0,0,1,1,1,7448
0,Medellin/Medellin_0001270_2015_10_547_6.253760765175159_-75.55764043849227_nJ-4-BMThAfyj9RFO3asLA.jpg,Medellin:1270,fused,random,0,-8,-2,True,,6062,5,1120351428192429162,38,7448,0.1484375,0.33791983127593994,0.1731145977973938,0.503038227558136,0.3505178391933441,0.16511841118335724,0.17740324139595032,1,1,0.16480523347854614,0.2933497428894043,0.15252038836479187,0,0,1,1,1,7448
0,Medellin/Medellin_0001270_2015_10_547_6.253760765175159_-75.55764043849227_nJ-4-BMThAfyj9RFO3asLA.jpg,Medellin:1270,fused,random,1,23,-35,True,,6062,5,1120351428192429162,38,7448,0.1484375,0.33791983127593994,0.2659186124801636,0.503038227558136,0.43700820207595825,0.16511841118335724,0.17108960449695587,1,1,0.07200121879577637,0.21815812587738037,0.06603002548217773,0,0,1,1,1,7448
0,Medellin/Medellin_0001270_2015_10_547_6.253760765175159_-75.55764043849227_nJ-4-BMThAfyj9RFO3asLA.jpg,Medellin:1270,fused,random,2,-47,-31,True,,6062,5,1120351428192429162,38,7448,0.1484375,0.33791983127593994,0.32225972414016724,0.503038227558136,0.49104881286621094,0.16511841118335724,0.1687890738248825,1,1,0.015660107135772705,0.14630305767059326,0.011989414691925049,0,0,1,1,1,7448
0,Medellin/Medellin_0001270_2015_10_547_6.253760765175159_-75.55764043849227_nJ-4-BMThAfyj9RFO3asLA.jpg,Medellin:1270,fused,random,3,75,-24,True,,6062,5,1120351428192429162,38,7448,0.1484375,0.33791983127593994,0.3059175908565521,0.503038227558136,0.4767324924468994,0.16511841118335724,0.1708149015903473,1,1,0.03200224041938782,0.05338156223297119,0.026305735111236572,0,0,1,1,1,7448
0,Medellin/Medellin_0001270_2015_10_547_6.253760765175159_-75.55764043849227_nJ-4-BMThAfyj9RFO3asLA.jpg,Medellin:1270,fused,random,4,28,-9,True,,6062,5,1120351428192429162,38,7448,0.1484375,0.33791983127593994,0.23202019929885864,0.503038227558136,0.4041985869407654,0.16511841118335724,0.17217838764190674,1,1,0.1058996319770813,0.24975812435150146,0.0988396406173706,0,0,1,1,1,7448
0,PRS/PRS_0001491_2016_06_389_48.83143768368858_2.265066531510018_waN70onGjB4_TBCwY47LuQ.jpg,PRS:1491,attention,clean,-1,0,0,True,,11186,5,7722365213246367932,38,7448,0.1484375,0.3382455110549927,0.3382455110549927,0.4807106852531433,0.4807106852531433,0.14246517419815063,0.14246517419815063,1,1,0.0,0.0,0.0,0,0,1,1,1,0
0,PRS/PRS_0001491_2016_06_389_48.83143768368858_2.265066531510018_waN70onGjB4_TBCwY47LuQ.jpg,PRS:1491,fused,clean,-1,0,0,True,,12768,5,7488938727520546091,38,7448,0.1484375,0.3382455110549927,0.3382455110549927,0.4807106852531433,0.4807106852531433,0.14246517419815063,0.14246517419815063,1,1,0.0,0.0,0.0,0,0,1,1,1,0
0,PRS/PRS_0001491_2016_06_389_48.83143768368858_2.265066531510018_waN70onGjB4_TBCwY47LuQ.jpg,PRS:1491,attention,targeted,-1,0,0,True,,11186,5,7722365213246367932,38,7448,0.1484375,0.3382455110549927,0.23732484877109528,0.4807106852531433,0.3819994628429413,0.14246517419815063,0.144674614071846,1,1,0.1009206622838974,0.2529791593551636,0.09871122241020203,0,0,1,1,1,7448
0,PRS/PRS_0001491_2016_06_389_48.83143768368858_2.265066531510018_waN70onGjB4_TBCwY47LuQ.jpg,PRS:1491,attention,random,0,27,43,True,,11186,5,7722365213246367932,38,7448,0.1484375,0.3382455110549927,0.31363445520401,0.4807106852531433,0.4627425968647003,0.14246517419815063,0.1491081416606903,1,1,0.024611055850982666,0.19761312007904053,0.017968088388442993,0,0,1,1,1,7448
0,PRS/PRS_0001491_2016_06_389_48.83143768368858_2.265066531510018_waN70onGjB4_TBCwY47LuQ.jpg,PRS:1491,attention,random,1,54,34,True,,11186,5,7722365213246367932,38,7448,0.1484375,0.3382455110549927,0.3386945426464081,0.4807106852531433,0.4771251082420349,0.14246517419815063,0.13843056559562683,1,1,-0.0004490315914154053,0.12419480085372925,0.0035855770111083984,0,0,1,1,1,7448
0,PRS/PRS_0001491_2016_06_389_48.83143768368858_2.265066531510018_waN70onGjB4_TBCwY47LuQ.jpg,PRS:1491,attention,random,2,42,-10,True,,11186,5,7722365213246367932,38,7448,0.1484375,0.3382455110549927,0.3128562271595001,0.4807106852531433,0.4547182321548462,0.14246517419815063,0.14186200499534607,1,1,0.025389283895492554,0.1739574670791626,0.02599245309829712,0,0,1,1,1,7448
0,PRS/PRS_0001491_2016_06_389_48.83143768368858_2.265066531510018_waN70onGjB4_TBCwY47LuQ.jpg,PRS:1491,attention,random,3,58,53,True,,11186,5,7722365213246367932,38,7448,0.1484375,0.3382455110549927,0.3559868335723877,0.4807106852531433,0.4850420355796814,0.14246517419815063,0.1290552169084549,1,1,-0.01774132251739502,0.09603512287139893,-0.004331350326538086,0,0,1,1,1,7448
0,PRS/PRS_0001491_2016_06_389_48.83143768368858_2.265066531510018_waN70onGjB4_TBCwY47LuQ.jpg,PRS:1491,attention,random,4,-2,-11,True,,11186,5,7722365213246367932,38,7448,0.1484375,0.3382455110549927,0.2720375061035156,0.4807106852531433,0.41209954023361206,0.14246517419815063,0.14006201922893524,1,1,0.06620800495147705,0.2584521770477295,0.06861114501953125,0,0,1,1,1,7448
0,PRS/PRS_0001491_2016_06_389_48.83143768368858_2.265066531510018_waN70onGjB4_TBCwY47LuQ.jpg,PRS:1491,fused,targeted,-1,0,0,True,,12768,5,7488938727520546091,38,7448,0.1484375,0.3382455110549927,0.20411846041679382,0.4807106852531433,0.35427212715148926,0.14246517419815063,0.15015366673469543,1,1,0.13412705063819885,0.2571767568588257,0.12643855810165405,0,0,1,1,1,7448
0,PRS/PRS_0001491_2016_06_389_48.83143768368858_2.265066531510018_waN70onGjB4_TBCwY47LuQ.jpg,PRS:1491,fused,random,0,-17,26,True,,12768,5,7488938727520546091,38,7448,0.1484375,0.3382455110549927,0.30112481117248535,0.4807106852531433,0.4376794695854187,0.14246517419815063,0.13655465841293335,1,1,0.037120699882507324,0.19018077850341797,0.04303121566772461,0,0,1,1,1,7448
0,PRS/PRS_0001491_2016_06_389_48.83143768368858_2.265066531510018_waN70onGjB4_TBCwY47LuQ.jpg,PRS:1491,fused,random,1,16,12,True,,12768,5,7488938727520546091,38,7448,0.1484375,0.3382455110549927,0.2876403331756592,0.4807106852531433,0.4098871052265167,0.14246517419815063,0.12224677950143814,1,1,0.050605177879333496,0.23315560817718506,0.07082358002662659,0,0,1,1,1,7448
0,PRS/PRS_0001491_2016_06_389_48.83143768368858_2.265066531510018_waN70onGjB4_TBCwY47LuQ.jpg,PRS:1491,fused,random,2,11,16,True,,12768,5,7488938727520546091,38,7448,0.1484375,0.3382455110549927,0.28215253353118896,0.4807106852531433,0.40785831212997437,0.14246517419815063,0.1257057934999466,1,1,0.05609297752380371,0.22275471687316895,0.07285237312316895,0,0,1,1,1,7448
0,PRS/PRS_0001491_2016_06_389_48.83143768368858_2.265066531510018_waN70onGjB4_TBCwY47LuQ.jpg,PRS:1491,fused,random,3,-17,3,True,,12768,5,7488938727520546091,38,7448,0.1484375,0.3382455110549927,0.27809929847717285,0.4807106852531433,0.4325840473175049,0.14246517419815063,0.15448476374149323,1,1,0.060146212577819824,0.24048221111297607,0.04812663793563843,0,0,1,1,1,7448
0,PRS/PRS_0001491_2016_06_389_48.83143768368858_2.265066531510018_waN70onGjB4_TBCwY47LuQ.jpg,PRS:1491,fused,random,4,-34,8,True,,12768,5,7488938727520546091,38,7448,0.1484375,0.3382455110549927,0.2620992362499237,0.4807106852531433,0.4025649130344391,0.14246517419815063,0.14046567678451538,1,1,0.07614627480506897,0.2649737596511841,0.07814577221870422,0,0,1,1,1,7448
0,Lisbon/Lisbon_0003286_2018_08_204_38.72961100799655_-9.134018485510492_w7lLlHb_kydcCSyjiq3YJA.jpg,Lisbon:3286,attention,clean,-1,0,0,True,,12768,5,4737374463612639709,38,7448,0.1484375,0.2650067210197449,0.2650067210197449,0.471964955329895,0.471964955329895,0.20695823431015015,0.20695823431015015,1,1,0.0,0.0,0.0,0,0,1,1,1,0
0,Lisbon/Lisbon_0003286_2018_08_204_38.72961100799655_-9.134018485510492_w7lLlHb_kydcCSyjiq3YJA.jpg,Lisbon:3286,fused,clean,-1,0,0,True,,14350,5,8893348359796974209,38,7448,0.1484375,0.2650067210197449,0.2650067210197449,0.471964955329895,0.471964955329895,0.20695823431015015,0.20695823431015015,1,1,0.0,0.0,0.0,0,0,1,1,1,0
0,Lisbon/Lisbon_0003286_2018_08_204_38.72961100799655_-9.134018485510492_w7lLlHb_kydcCSyjiq3YJA.jpg,Lisbon:3286,attention,targeted,-1,0,0,True,,12768,5,4737374463612639709,38,7448,0.1484375,0.2650067210197449,0.09871205687522888,0.471964955329895,0.31862181425094604,0.20695823431015015,0.21990975737571716,1,1,0.166294664144516,0.3432474136352539,0.15334314107894897,0,0,1,1,1,7448
0,Lisbon/Lisbon_0003286_2018_08_204_38.72961100799655_-9.134018485510492_w7lLlHb_kydcCSyjiq3YJA.jpg,Lisbon:3286,attention,random,0,75,15,True,,12768,5,4737374463612639709,38,7448,0.1484375,0.2650067210197449,0.25391557812690735,0.471964955329895,0.45421385765075684,0.20695823431015015,0.2002982795238495,1,1,0.011091142892837524,0.17257988452911377,0.017751097679138184,0,0,1,1,1,7448
0,Lisbon/Lisbon_0003286_2018_08_204_38.72961100799655_-9.134018485510492_w7lLlHb_kydcCSyjiq3YJA.jpg,Lisbon:3286,attention,random,1,18,8,True,,12768,5,4737374463612639709,38,7448,0.1484375,0.2650067210197449,0.11942853033542633,0.471964955329895,0.3395678997039795,0.20695823431015015,0.22013936936855316,1,1,0.14557819068431854,0.31776970624923706,0.13239705562591553,0,0,1,1,1,7448
0,Lisbon/Lisbon_0003286_2018_08_204_38.72961100799655_-9.134018485510492_w7lLlHb_kydcCSyjiq3YJA.jpg,Lisbon:3286,attention,random,2,83,9,True,,12768,5,4737374463612639709,38,7448,0.1484375,0.2650067210197449,0.21282991766929626,0.471964955329895,0.42683809995651245,0.20695823431015015,0.2140081822872162,1,1,0.05217680335044861,0.15185099840164185,0.04512685537338257,0,0,1,1,1,7448
0,Lisbon/Lisbon_0003286_2018_08_204_38.72961100799655_-9.134018485510492_w7lLlHb_kydcCSyjiq3YJA.jpg,Lisbon:3286,attention,random,3,-25,55,True,,12768,5,4737374463612639709,38,7448,0.1484375,0.2650067210197449,0.23974785208702087,0.471964955329895,0.44718796014785767,0.20695823431015015,0.2074401080608368,1,1,0.025258868932724,0.1736907958984375,0.024776995182037354,0,0,1,1,1,7448
0,Lisbon/Lisbon_0003286_2018_08_204_38.72961100799655_-9.134018485510492_w7lLlHb_kydcCSyjiq3YJA.jpg,Lisbon:3286,attention,random,4,39,17,True,,12768,5,4737374463612639709,38,7448,0.1484375,0.2650067210197449,0.18718084692955017,0.471964955329895,0.3994440734386444,0.20695823431015015,0.21226322650909424,1,1,0.0778258740901947,0.22526633739471436,0.07252088189125061,0,0,1,1,1,7448
0,Lisbon/Lisbon_0003286_2018_08_204_38.72961100799655_-9.134018485510492_w7lLlHb_kydcCSyjiq3YJA.jpg,Lisbon:3286,fused,targeted,-1,0,0,True,,14350,5,8893348359796974209,38,7448,0.1484375,0.2650067210197449,0.09135527908802032,0.471964955329895,0.32103046774864197,0.20695823431015015,0.22967518866062164,1,1,0.17365144193172455,0.3417840003967285,0.15093448758125305,0,0,1,1,1,7448
0,Lisbon/Lisbon_0003286_2018_08_204_38.72961100799655_-9.134018485510492_w7lLlHb_kydcCSyjiq3YJA.jpg,Lisbon:3286,fused,random,0,-21,5,True,,14350,5,8893348359796974209,38,7448,0.1484375,0.2650067210197449,0.1290033459663391,0.471964955329895,0.36833348870277405,0.20695823431015015,0.23933014273643494,1,1,0.13600337505340576,0.28399789333343506,0.10363146662712097,0,0,1,1,1,7448
0,Lisbon/Lisbon_0003286_2018_08_204_38.72961100799655_-9.134018485510492_w7lLlHb_kydcCSyjiq3YJA.jpg,Lisbon:3286,fused,random,1,-16,57,True,,14350,5,8893348359796974209,38,7448,0.1484375,0.2650067210197449,0.2314102202653885,0.471964955329895,0.4329177141189575,0.20695823431015015,0.20150749385356903,1,1,0.033596500754356384,0.16959905624389648,0.0390472412109375,0,0,1,1,1,7448
0,Lisbon/Lisbon_0003286_2018_08_204_38.72961100799655_-9.134018485510492_w7lLlHb_kydcCSyjiq3YJA.jpg,Lisbon:3286,fused,random,2,81,29,True,,14350,5,8893348359796974209,38,7448,0.1484375,0.2650067210197449,0.2517373263835907,0.471964955329895,0.44240498542785645,0.20695823431015015,0.19066765904426575,1,1,0.013269394636154175,0.11279410123825073,0.029559969902038574,0,0,1,1,1,7448
0,Lisbon/Lisbon_0003286_2018_08_204_38.72961100799655_-9.134018485510492_w7lLlHb_kydcCSyjiq3YJA.jpg,Lisbon:3286,fused,random,3,83,30,True,,14350,5,8893348359796974209,38,7448,0.1484375,0.2650067210197449,0.24848796427249908,0.471964955329895,0.4400033950805664,0.20695823431015015,0.19151543080806732,1,1,0.01651875674724579,0.11840224266052246,0.03196156024932861,0,0,1,1,1,7448
0,Lisbon/Lisbon_0003286_2018_08_204_38.72961100799655_-9.134018485510492_w7lLlHb_kydcCSyjiq3YJA.jpg,Lisbon:3286,fused,random,4,22,75,True,,14350,5,8893348359796974209,38,7448,0.1484375,0.2650067210197449,0.2428606152534485,0.471964955329895,0.4476563036441803,0.20695823431015015,0.2047956883907318,1,1,0.022146105766296387,0.1678149700164795,0.02430865168571472,0,0,1,1,1,7448
0,Chicago/Chicago_0004848_2019_08_083_41.89985642907265_-87.65951792444012_DYtOaCRxdKh2fTNj0AkWVA.jpg,Chicago:4848,attention,clean,-1,0,0,True,,84,5,8023999334109712321,38,7448,0.1484375,0.15684419870376587,0.15684419870376587,0.44084686040878296,0.44084686040878296,0.2840026617050171,0.2840026617050171,1,1,0.0,0.0,0.0,0,0,1,1,1,0
0,Chicago/Chicago_0004848_2019_08_083_41.89985642907265_-87.65951792444012_DYtOaCRxdKh2fTNj0AkWVA.jpg,Chicago:4848,fused,clean,-1,0,0,True,,98,5,2761389276052519658,38,7448,0.1484375,0.15684419870376587,0.15684419870376587,0.44084686040878296,0.44084686040878296,0.2840026617050171,0.2840026617050171,1,1,0.0,0.0,0.0,0,0,1,1,1,0
0,Chicago/Chicago_0004848_2019_08_083_41.89985642907265_-87.65951792444012_DYtOaCRxdKh2fTNj0AkWVA.jpg,Chicago:4848,attention,targeted,-1,0,0,True,,84,5,8023999334109712321,38,7448,0.1484375,0.15684419870376587,0.08197548985481262,0.44084686040878296,0.3888944983482361,0.2840026617050171,0.30691900849342346,1,1,0.07486870884895325,0.19248604774475098,0.051952362060546875,0,0,1,1,1,7448
0,Chicago/Chicago_0004848_2019_08_083_41.89985642907265_-87.65951792444012_DYtOaCRxdKh2fTNj0AkWVA.jpg,Chicago:4848,attention,random,0,-54,0,True,,84,5,8023999334109712321,38,7448,0.1484375,0.15684419870376587,0.10302343964576721,0.44084686040878296,0.3987792432308197,0.2840026617050171,0.2957558035850525,1,1,0.05382075905799866,0.2069380283355713,0.04206761717796326,0,0,1,1,1,7448
0,Chicago/Chicago_0004848_2019_08_083_41.89985642907265_-87.65951792444012_DYtOaCRxdKh2fTNj0AkWVA.jpg,Chicago:4848,attention,random,1,-18,0,True,,84,5,8023999334109712321,38,7448,0.1484375,0.15684419870376587,0.07265874743461609,0.44084686040878296,0.3608129322528839,0.2840026617050171,0.2881541848182678,1,1,0.08418545126914978,0.13951271772384644,0.08003392815589905,0,0,1,1,1,7448
0,Chicago/Chicago_0004848_2019_08_083_41.89985642907265_-87.65951792444012_DYtOaCRxdKh2fTNj0AkWVA.jpg,Chicago:4848,attention,random,2,-20,0,True,,84,5,8023999334109712321,38,7448,0.1484375,0.15684419870376587,0.06423506140708923,0.44084686040878296,0.3532674014568329,0.2840026617050171,0.28903234004974365,1,1,0.09260913729667664,0.16358458995819092,0.08757945895195007,0,0,1,1,1,7448
0,Chicago/Chicago_0004848_2019_08_083_41.89985642907265_-87.65951792444012_DYtOaCRxdKh2fTNj0AkWVA.jpg,Chicago:4848,attention,random,3,-19,0,True,,84,5,8023999334109712321,38,7448,0.1484375,0.15684419870376587,0.06770706176757812,0.44084686040878296,0.3576016426086426,0.2840026617050171,0.28989458084106445,1,1,0.08913713693618774,0.1450290083885193,0.08324521780014038,0,0,1,1,1,7448
0,Chicago/Chicago_0004848_2019_08_083_41.89985642907265_-87.65951792444012_DYtOaCRxdKh2fTNj0AkWVA.jpg,Chicago:4848,attention,random,4,-65,0,True,,84,5,8023999334109712321,38,7448,0.1484375,0.15684419870376587,0.1172933578491211,0.44084686040878296,0.42432039976119995,0.2840026617050171,0.30702704191207886,1,1,0.039550840854644775,0.15489649772644043,0.016526460647583008,0,0,1,1,1,7448
0,Chicago/Chicago_0004848_2019_08_083_41.89985642907265_-87.65951792444012_DYtOaCRxdKh2fTNj0AkWVA.jpg,Chicago:4848,fused,targeted,-1,0,0,True,,98,5,2761389276052519658,38,7448,0.1484375,0.15684419870376587,0.03876453638076782,0.44084686040878296,0.3520653545856476,0.2840026617050171,0.31330081820487976,1,1,0.11807966232299805,0.20895934104919434,0.08878150582313538,0,0,1,1,1,7448
0,Chicago/Chicago_0004848_2019_08_083_41.89985642907265_-87.65951792444012_DYtOaCRxdKh2fTNj0AkWVA.jpg,Chicago:4848,fused,random,0,-19,0,True,,98,5,2761389276052519658,38,7448,0.1484375,0.15684419870376587,0.05728873610496521,0.44084686040878296,0.3530418872833252,0.2840026617050171,0.29575315117836,1,1,0.09955546259880066,0.14800739288330078,0.08780497312545776,0,0,1,1,1,7448
0,Chicago/Chicago_0004848_2019_08_083_41.89985642907265_-87.65951792444012_DYtOaCRxdKh2fTNj0AkWVA.jpg,Chicago:4848,fused,random,1,-55,0,True,,98,5,2761389276052519658,38,7448,0.1484375,0.15684419870376587,0.0803225040435791,0.44084686040878296,0.36636900901794434,0.2840026617050171,0.28604650497436523,1,1,0.07652169466018677,0.24972128868103027,0.07447785139083862,0,0,1,1,1,7448
0,Chicago/Chicago_0004848_2019_08_083_41.89985642907265_-87.65951792444012_DYtOaCRxdKh2fTNj0AkWVA.jpg,Chicago:4848,fused,random,2,-70,0,True,,98,5,2761389276052519658,38,7448,0.1484375,0.15684419870376587,0.14402854442596436,0.44084686040878296,0.4311240315437317,0.2840026617050171,0.28709548711776733,1,1,0.012815654277801514,0.23725318908691406,0.00972282886505127,0,0,1,1,1,7448
0,Chicago/Chicago_0004848_2019_08_083_41.89985642907265_-87.65951792444012_DYtOaCRxdKh2fTNj0AkWVA.jpg,Chicago:4848,fused,random,3,-69,0,True,,98,5,2761389276052519658,38,7448,0.1484375,0.15684419870376587,0.1438141167163849,0.44084686040878296,0.4396374821662903,0.2840026617050171,0.2958233654499054,1,1,0.013030081987380981,0.23001301288604736,0.0012093782424926758,0,0,1,1,1,7448
0,Chicago/Chicago_0004848_2019_08_083_41.89985642907265_-87.65951792444012_DYtOaCRxdKh2fTNj0AkWVA.jpg,Chicago:4848,fused,random,4,-61,0,True,,98,5,2761389276052519658,38,7448,0.1484375,0.15684419870376587,0.07709956169128418,0.44084686040878296,0.38851243257522583,0.2840026617050171,0.31141287088394165,1,1,0.07974463701248169,0.209278404712677,0.05233442783355713,0,0,1,1,1,7448
0,Lisbon/Lisbon_0002136_2009_06_347_38.72023594193512_-9.136975166079443_Kt5zNFxYdzLWsa_FonpyZA.jpg,Lisbon:2136,attention,clean,-1,0,0,True,,6062,5,4257540496629630469,38,7448,0.1484375,0.30244553089141846,0.30244553089141846,0.551334798336029,0.551334798336029,0.2488892525434494,0.2488892525434494,1,1,0.0,0.0,0.0,0,0,1,1,1,0
0,Lisbon/Lisbon_0002136_2009_06_347_38.72023594193512_-9.136975166079443_Kt5zNFxYdzLWsa_FonpyZA.jpg,Lisbon:2136,fused,clean,-1,0,0,True,,6664,5,3908344607802603470,38,7448,0.1484375,0.30244553089141846,0.30244553089141846,0.551334798336029,0.551334798336029,0.2488892525434494,0.2488892525434494,1,1,0.0,0.0,0.0,0,0,1,1,1,0
0,Lisbon/Lisbon_0002136_2009_06_347_38.72023594193512_-9.136975166079443_Kt5zNFxYdzLWsa_FonpyZA.jpg,Lisbon:2136,attention,targeted,-1,0,0,True,,6062,5,4257540496629630469,38,7448,0.1484375,0.30244553089141846,0.21118515729904175,0.551334798336029,0.4457929730415344,0.2488892525434494,0.23460781574249268,1,1,0.09126037359237671,0.30243241786956787,0.10554182529449463,0,0,1,1,1,7448
0,Lisbon/Lisbon_0002136_2009_06_347_38.72023594193512_-9.136975166079443_Kt5zNFxYdzLWsa_FonpyZA.jpg,Lisbon:2136,attention,random,0,79,-23,True,,6062,5,4257540496629630469,38,7448,0.1484375,0.30244553089141846,0.2619739770889282,0.551334798336029,0.516862154006958,0.2488892525434494,0.2548881769180298,1,1,0.040471553802490234,0.05328166484832764,0.034472644329071045,0,0,1,1,1,7448
0,Lisbon/Lisbon_0002136_2009_06_347_38.72023594193512_-9.136975166079443_Kt5zNFxYdzLWsa_FonpyZA.jpg,Lisbon:2136,attention,random,1,-38,-17,True,,6062,5,4257540496629630469,38,7448,0.1484375,0.30244553089141846,0.2509217858314514,0.551334798336029,0.4996342062950134,0.2488892525434494,0.248712420463562,1,1,0.05152374505996704,0.14445346593856812,0.051700592041015625,0,0,1,1,1,7448
0,Lisbon/Lisbon_0002136_2009_06_347_38.72023594193512_-9.136975166079443_Kt5zNFxYdzLWsa_FonpyZA.jpg,Lisbon:2136,attention,random,2,49,-16,True,,6062,5,4257540496629630469,38,7448,0.1484375,0.30244553089141846,0.20778921246528625,0.551334798336029,0.46886903047561646,0.2488892525434494,0.2610798180103302,1,1,0.0946563184261322,0.15522843599319458,0.0824657678604126,0,0,1,1,1,7448
0,Lisbon/Lisbon_0002136_2009_06_347_38.72023594193512_-9.136975166079443_Kt5zNFxYdzLWsa_FonpyZA.jpg,Lisbon:2136,attention,random,3,-45,-15,True,,6062,5,4257540496629630469,38,7448,0.1484375,0.30244553089141846,0.28983741998672485,0.551334798336029,0.5266551971435547,0.2488892525434494,0.23681777715682983,1,1,0.012608110904693604,0.08468550443649292,0.024679601192474365,0,0,1,1,1,7448
0,Lisbon/Lisbon_0002136_2009_06_347_38.72023594193512_-9.136975166079443_Kt5zNFxYdzLWsa_FonpyZA.jpg,Lisbon:2136,attention,random,4,-46,-19,True,,6062,5,4257540496629630469,38,7448,0.1484375,0.30244553089141846,0.2881917953491211,0.551334798336029,0.5292002558708191,0.2488892525434494,0.241008460521698,1,1,0.014253735542297363,0.0848657488822937,0.02213454246520996,0,0,1,1,1,7448
0,Lisbon/Lisbon_0002136_2009_06_347_38.72023594193512_-9.136975166079443_Kt5zNFxYdzLWsa_FonpyZA.jpg,Lisbon:2136,fused,targeted,-1,0,0,True,,6664,5,3908344607802603470,38,7448,0.1484375,0.30244553089141846,0.1908380091190338,0.551334798336029,0.45197054743766785,0.2488892525434494,0.26113253831863403,1,1,0.11160752177238464,0.27973830699920654,0.0993642508983612,0,0,1,1,1,7448
0,Lisbon/Lisbon_0002136_2009_06_347_38.72023594193512_-9.136975166079443_Kt5zNFxYdzLWsa_FonpyZA.jpg,Lisbon:2136,fused,random,0,66,-27,True,,6664,5,3908344607802603470,38,7448,0.1484375,0.30244553089141846,0.25783950090408325,0.551334798336029,0.5077875852584839,0.2488892525434494,0.24994808435440063,1,1,0.044606029987335205,0.09364652633666992,0.043547213077545166,0,0,1,1,1,7448
0,Lisbon/Lisbon_0002136_2009_06_347_38.72023594193512_-9.136975166079443_Kt5zNFxYdzLWsa_FonpyZA.jpg,Lisbon:2136,fused,random,1,73,-38,True,,6664,5,3908344607802603470,38,7448,0.1484375,0.30244553089141846,0.25657251477241516,0.551334798336029,0.511314868927002,0.2488892525434494,0.2547423541545868,1,1,0.045873016119003296,0.08506298065185547,0.0400199294090271,0,0,1,1,1,7448
0,Lisbon/Lisbon_0002136_2009_06_347_38.72023594193512_-9.136975166079443_Kt5zNFxYdzLWsa_FonpyZA.jpg,Lisbon:2136,fused,random,2,-33,-6,True,,6664,5,3908344607802603470,38,7448,0.1484375,0.30244553089141846,0.22735360264778137,0.551334798336029,0.4749533534049988,0.2488892525434494,0.2475997507572174,1,1,0.07509192824363708,0.1836782693862915,0.07638144493103027,0,0,1,1,1,7448
0,Lisbon/Lisbon_0002136_2009_06_347_38.72023594193512_-9.136975166079443_Kt5zNFxYdzLWsa_FonpyZA.jpg,Lisbon:2136,fused,random,3,21,-1,True,,6664,5,3908344607802603470,38,7448,0.1484375,0.30244553089141846,0.20919691026210785,0.551334798336029,0.4541177749633789,0.2488892525434494,0.24492086470127106,1,1,0.09324862062931061,0.22808438539505005,0.09721702337265015,0,0,1,1,1,7448
0,Lisbon/Lisbon_0002136_2009_06_347_38.72023594193512_-9.136975166079443_Kt5zNFxYdzLWsa_FonpyZA.jpg,Lisbon:2136,fused,random,4,-4,-15,True,,6664,5,3908344607802603470,38,7448,0.1484375,0.30244553089141846,0.19299635291099548,0.551334798336029,0.45795443654060364,0.2488892525434494,0.26495808362960815,1,1,0.10944917798042297,0.26490700244903564,0.09338036179542542,0,0,1,1,1,7448
0,Minneapolis/Minneapolis_0004228_2011_06_313_44.98418817920988_-93.2569366469068_iLO5p2MOvd3P3ihiwVswww.jpg,Minneapolis:4228,attention,clean,-1,0,0,True,,112,5,3387409526783715641,38,7448,0.1484375,0.12279540300369263,0.12279540300369263,0.5553745031356812,0.5553745031356812,0.4325791001319885,0.4325791001319885,1,1,0.0,0.0,0.0,0,0,1,1,1,0
0,Minneapolis/Minneapolis_0004228_2011_06_313_44.98418817920988_-93.2569366469068_iLO5p2MOvd3P3ihiwVswww.jpg,Minneapolis:4228,fused,clean,-1,0,0,True,,2114,5,6673001042053139618,38,7448,0.1484375,0.12279540300369263,0.12279540300369263,0.5553745031356812,0.5553745031356812,0.4325791001319885,0.4325791001319885,1,1,0.0,0.0,0.0,0,0,1,1,1,0
0,Minneapolis/Minneapolis_0004228_2011_06_313_44.98418817920988_-93.2569366469068_iLO5p2MOvd3P3ihiwVswww.jpg,Minneapolis:4228,attention,targeted,-1,0,0,True,,112,5,3387409526783715641,38,7448,0.1484375,0.12279540300369263,0.04816743731498718,0.5553745031356812,0.4368995428085327,0.4325791001319885,0.38873210549354553,1,1,0.07462796568870544,0.30807530879974365,0.11847496032714844,0,0,1,1,1,7448
0,Minneapolis/Minneapolis_0004228_2011_06_313_44.98418817920988_-93.2569366469068_iLO5p2MOvd3P3ihiwVswww.jpg,Minneapolis:4228,attention,random,0,-41,0,True,,112,5,3387409526783715641,38,7448,0.1484375,0.12279540300369263,0.07988262176513672,0.5553745031356812,0.5221365690231323,0.4325791001319885,0.4422539472579956,1,1,0.04291278123855591,0.13978952169418335,0.03323793411254883,0,0,1,1,1,7448
0,Minneapolis/Minneapolis_0004228_2011_06_313_44.98418817920988_-93.2569366469068_iLO5p2MOvd3P3ihiwVswww.jpg,Minneapolis:4228,attention,random,1,-13,0,True,,112,5,3387409526783715641,38,7448,0.1484375,0.12279540300369263,0.06424412131309509,0.5553745031356812,0.43004852533340454,0.4325791001319885,0.36580440402030945,1,1,0.058551281690597534,0.33032357692718506,0.1253259778022766,0,0,1,1,1,7448
0,Minneapolis/Minneapolis_0004228_2011_06_313_44.98418817920988_-93.2569366469068_iLO5p2MOvd3P3ihiwVswww.jpg,Minneapolis:4228,attention,random,2,18,0,True,,112,5,3387409526783715641,38,7448,0.1484375,0.12279540300369263,0.053304314613342285,0.5553745031356812,0.5107482671737671,0.4325791001319885,0.4574439525604248,1,1,0.06949108839035034,0.197365403175354,0.04462623596191406,0,0,1,1,1,7448
0,Minneapolis/Minneapolis_0004228_2011_06_313_44.98418817920988_-93.2569366469068_iLO5p2MOvd3P3ihiwVswww.jpg,Minneapolis:4228,attention,random,3,15,0,True,,112,5,3387409526783715641,38,7448,0.1484375,0.12279540300369263,0.05260127782821655,0.5553745031356812,0.4958094358444214,0.4325791001319885,0.44320815801620483,1,1,0.07019412517547607,0.21130722761154175,0.059565067291259766,0,0,1,1,1,7448
0,Minneapolis/Minneapolis_0004228_2011_06_313_44.98418817920988_-93.2569366469068_iLO5p2MOvd3P3ihiwVswww.jpg,Minneapolis:4228,attention,random,4,-51,0,True,,112,5,3387409526783715641,38,7448,0.1484375,0.12279540300369263,0.09336140751838684,0.5553745031356812,0.534003496170044,0.4325791001319885,0.4406420886516571,1,1,0.029433995485305786,0.12876272201538086,0.021371006965637207,0,0,1,1,1,7448
0,Minneapolis/Minneapolis_0004228_2011_06_313_44.98418817920988_-93.2569366469068_iLO5p2MOvd3P3ihiwVswww.jpg,Minneapolis:4228,fused,targeted,-1,0,0,True,,2114,5,6673001042053139618,38,7448,0.1484375,0.12279540300369263,0.12085351347923279,0.5553745031356812,0.4838261306285858,0.4325791001319885,0.362972617149353,1,1,0.0019418895244598389,0.3007197976112366,0.07154837250709534,0,0,1,1,1,7448
0,Minneapolis/Minneapolis_0004228_2011_06_313_44.98418817920988_-93.2569366469068_iLO5p2MOvd3P3ihiwVswww.jpg,Minneapolis:4228,fused,random,0,16,6,True,,2114,5,6673001042053139618,38,7448,0.1484375,0.12279540300369263,0.08767539262771606,0.5553745031356812,0.5334987640380859,0.4325791001319885,0.4458233714103699,1,1,0.03512001037597656,0.15933489799499512,0.021875739097595215,0,0,1,1,1,7448
0,Minneapolis/Minneapolis_0004228_2011_06_313_44.98418817920988_-93.2569366469068_iLO5p2MOvd3P3ihiwVswww.jpg,Minneapolis:4228,fused,random,1,-8,0,True,,2114,5,6673001042053139618,38,7448,0.1484375,0.12279540300369263,0.12003648281097412,0.5553745031356812,0.46648138761520386,0.4325791001319885,0.34644490480422974,1,1,0.002758920192718506,0.3183250427246094,0.0888931155204773,0,0,1,1,1,7448
0,Minneapolis/Minneapolis_0004228_2011_06_313_44.98418817920988_-93.2569366469068_iLO5p2MOvd3P3ihiwVswww.jpg,Minneapolis:4228,fused,random,2,12,0,True,,2114,5,6673001042053139618,38,7448,0.1484375,0.12279540300369263,0.09964680671691895,0.5553745031356812,0.5403908491134644,0.4325791001319885,0.4407440423965454,1,1,0.02314859628677368,0.17287492752075195,0.014983654022216797,0,0,1,1,1,7448
0,Minneapolis/Minneapolis_0004228_2011_06_313_44.98418817920988_-93.2569366469068_iLO5p2MOvd3P3ihiwVswww.jpg,Minneapolis:4228,fused,random,3,47,14,True,,2114,5,6673001042053139618,38,7448,0.1484375,0.12279540300369263,0.09283876419067383,0.5553745031356812,0.5385779142379761,0.4325791001319885,0.44573915004730225,1,1,0.0299566388130188,0.06239914894104004,0.016796588897705078,0,0,1,1,1,7448
0,Minneapolis/Minneapolis_0004228_2011_06_313_44.98418817920988_-93.2569366469068_iLO5p2MOvd3P3ihiwVswww.jpg,Minneapolis:4228,fused,random,4,-68,6,True,,2114,5,6673001042053139618,38,7448,0.1484375,0.12279540300369263,0.08957627415657043,0.5553745031356812,0.5062812566757202,0.4325791001319885,0.4167049825191498,1,1,0.03321912884712219,0.10526430606842041,0.04909324645996094,0,0,1,1,1,7448
0,Chicago/Chicago_0002267_2012_10_314_41.86723397280636_-87.63348817325631_hPPoQ3mRPnHOfBHE_v1AHQ.jpg,Chicago:2267,attention,clean,-1,0,0,True,,140,5,4936731149829213779,38,7448,0.1484375,0.2911835312843323,0.2911835312843323,0.5187461376190186,0.5187461376190186,0.22756262123584747,0.22756262123584747,1,1,0.0,0.0,0.0,0,0,1,1,1,0
0,Chicago/Chicago_0002267_2012_10_314_41.86723397280636_-87.63348817325631_hPPoQ3mRPnHOfBHE_v1AHQ.jpg,Chicago:2267,fused,clean,-1,0,0,True,,4088,5,1547093842549355608,38,7448,0.1484375,0.2911835312843323,0.2911835312843323,0.5187461376190186,0.5187461376190186,0.22756262123584747,0.22756262123584747,1,1,0.0,0.0,0.0,0,0,1,1,1,0
0,Chicago/Chicago_0002267_2012_10_314_41.86723397280636_-87.63348817325631_hPPoQ3mRPnHOfBHE_v1AHQ.jpg,Chicago:2267,attention,targeted,-1,0,0,True,,140,5,4936731149829213779,38,7448,0.1484375,0.2911835312843323,0.10478973388671875,0.5187461376190186,0.32181090116500854,0.22756262123584747,0.2170211672782898,1,1,0.18639379739761353,0.4182429313659668,0.19693523645401,0,0,1,1,1,7448
0,Chicago/Chicago_0002267_2012_10_314_41.86723397280636_-87.63348817325631_hPPoQ3mRPnHOfBHE_v1AHQ.jpg,Chicago:2267,attention,random,0,-12,0,True,,140,5,4936731149829213779,38,7448,0.1484375,0.2911835312843323,0.13731589913368225,0.5187461376190186,0.338192880153656,0.22756262123584747,0.20087698101997375,1,1,0.15386763215065002,0.3935253620147705,0.18055325746536255,0,0,1,1,1,7448
0,Chicago/Chicago_0002267_2012_10_314_41.86723397280636_-87.63348817325631_hPPoQ3mRPnHOfBHE_v1AHQ.jpg,Chicago:2267,attention,random,1,31,0,True,,140,5,4936731149829213779,38,7448,0.1484375,0.2911835312843323,0.24229764938354492,0.5187461376190186,0.42362040281295776,0.22756262123584747,0.18132275342941284,1,1,0.048885881900787354,0.22211182117462158,0.09512573480606079,0,0,1,1,1,7448
0,Chicago/Chicago_0002267_2012_10_314_41.86723397280636_-87.63348817325631_hPPoQ3mRPnHOfBHE_v1AHQ.jpg,Chicago:2267,attention,random,2,-55,0,True,,140,5,4936731149829213779,38,7448,0.1484375,0.2911835312843323,0.2700009047985077,0.5187461376190186,0.47742539644241333,0.22756262123584747,0.20742449164390564,1,1,0.021182626485824585,0.10726618766784668,0.041320741176605225,0,0,1,1,1,7448
0,Chicago/Chicago_0002267_2012_10_314_41.86723397280636_-87.63348817325631_hPPoQ3mRPnHOfBHE_v1AHQ.jpg,Chicago:2267,attention,random,3,-36,0,True,,140,5,4936731149829213779,38,7448,0.1484375,0.2911835312843323,0.259841650724411,0.5187461376190186,0.4597565829753876,0.22756262123584747,0.19991493225097656,1,1,0.031341880559921265,0.16144990921020508,0.05898955464363098,0,0,1,1,1,7448
0,Chicago/Chicago_0002267_2012_10_314_41.86723397280636_-87.63348817325631_hPPoQ3mRPnHOfBHE_v1AHQ.jpg,Chicago:2267,attention,random,4,32,0,True,,140,5,4936731149829213779,38,7448,0.1484375,0.2911835312843323,0.25040388107299805,0.5187461376190186,0.42710667848587036,0.22756262123584747,0.1767028123140335,1,1,0.04077965021133423,0.21773511171340942,0.0916394591331482,0,0,1,1,1,7448
0,Chicago/Chicago_0002267_2012_10_314_41.86723397280636_-87.63348817325631_hPPoQ3mRPnHOfBHE_v1AHQ.jpg,Chicago:2267,fused,targeted,-1,0,0,True,,4088,5,1547093842549355608,38,7448,0.1484375,0.2911835312843323,0.1155192106962204,0.5187461376190186,0.3358253240585327,0.22756262123584747,0.22030611336231232,1,1,0.17566432058811188,0.33539533615112305,0.18292081356048584,0,0,1,1,1,7448
0,Chicago/Chicago_0002267_2012_10_314_41.86723397280636_-87.63348817325631_hPPoQ3mRPnHOfBHE_v1AHQ.jpg,Chicago:2267,fused,random,0,18,-24,True,,4088,5,1547093842549355608,38,7448,0.1484375,0.2911835312843323,0.2482469379901886,0.5187461376190186,0.4191508889198303,0.22756262123584747,0.17090395092964172,1,1,0.04293659329414368,0.24770855903625488,0.09959524869918823,0,0,1,1,1,7448
0,Chicago/Chicago_0002267_2012_10_314_41.86723397280636_-87.63348817325631_hPPoQ3mRPnHOfBHE_v1AHQ.jpg,Chicago:2267,fused,random,1,44,-26,True,,4088,5,1547093842549355608,38,7448,0.1484375,0.2911835312843323,0.25282537937164307,0.5187461376190186,0.4729779362678528,0.22756262123584747,0.22015255689620972,1,1,0.03835815191268921,0.13100916147232056,0.04576820135116577,0,0,1,1,1,7448
0,Chicago/Chicago_0002267_2012_10_314_41.86723397280636_-87.63348817325631_hPPoQ3mRPnHOfBHE_v1AHQ.jpg,Chicago:2267,fused,random,2,-56,-17,True,,4088,5,1547093842549355608,38,7448,0.1484375,0.2911835312843323,0.24054542183876038,0.5187461376190186,0.45593294501304626,0.22756262123584747,0.2153875231742859,1,1,0.0506381094455719,0.11861169338226318,0.06281319260597229,0,0,1,1,1,7448
0,Chicago/Chicago_0002267_2012_10_314_41.86723397280636_-87.63348817325631_hPPoQ3mRPnHOfBHE_v1AHQ.jpg,Chicago:2267,fused,random,3,-54,-25,True,,4088,5,1547093842549355608,38,7448,0.1484375,0.2911835312843323,0.24666696786880493,0.5187461376190186,0.4543576240539551,0.22756262123584747,0.20769065618515015,1,1,0.044516563415527344,0.12361288070678711,0.06438851356506348,0,0,1,1,1,7448
0,Chicago/Chicago_0002267_2012_10_314_41.86723397280636_-87.63348817325631_hPPoQ3mRPnHOfBHE_v1AHQ.jpg,Chicago:2267,fused,random,4,-55,-11,True,,4088,5,1547093842549355608,38,7448,0.1484375,0.2911835312843323,0.23180711269378662,0.5187461376190186,0.4379903972148895,0.22756262123584747,0.2061832845211029,1,1,0.059376418590545654,0.13094371557235718,0.08075574040412903,0,0,1,1,1,7448
0,Boston/Boston_0005052_2018_06_314_42.36505539308296_-71.11298665919537_SVYFa5d_BvTs3me9F5MdaQ.jpg,Boston:5052,attention,clean,-1,0,0,True,,4088,5,15943058895007039,38,7448,0.1484375,0.32944977283477783,0.32944977283477783,0.46875160932540894,0.46875160932540894,0.1393018364906311,0.1393018364906311,1,1,0.0,0.0,0.0,0,0,1,1,1,0
0,Boston/Boston_0005052_2018_06_314_42.36505539308296_-71.11298665919537_SVYFa5d_BvTs3me9F5MdaQ.jpg,Boston:5052,fused,clean,-1,0,0,True,,8036,5,2827848937358962940,38,7448,0.1484375,0.32944977283477783,0.32944977283477783,0.46875160932540894,0.46875160932540894,0.1393018364906311,0.1393018364906311,1,1,0.0,0.0,0.0,0,0,1,1,1,0
0,Boston/Boston_0005052_2018_06_314_42.36505539308296_-71.11298665919537_SVYFa5d_BvTs3me9F5MdaQ.jpg,Boston:5052,attention,targeted,-1,0,0,True,,4088,5,15943058895007039,38,7448,0.1484375,0.32944977283477783,0.13015034794807434,0.46875160932540894,0.290446400642395,0.1393018364906311,0.16029605269432068,1,1,0.1992994248867035,0.4670844078063965,0.17830520868301392,0,0,1,1,1,7448
0,Boston/Boston_0005052_2018_06_314_42.36505539308296_-71.11298665919537_SVYFa5d_BvTs3me9F5MdaQ.jpg,Boston:5052,attention,random,0,24,-16,True,,4088,5,15943058895007039,38,7448,0.1484375,0.32944977283477783,0.21312740445137024,0.46875160932540894,0.360116183757782,0.1393018364906311,0.14698877930641174,1,1,0.11632236838340759,0.38646912574768066,0.10863542556762695,0,0,1,1,1,7448
0,Boston/Boston_0005052_2018_06_314_42.36505539308296_-71.11298665919537_SVYFa5d_BvTs3me9F5MdaQ.jpg,Boston:5052,attention,random,1,-70,-21,True,,4088,5,15943058895007039,38,7448,0.1484375,0.32944977283477783,0.3008054196834564,0.46875160932540894,0.45988452434539795,0.1393018364906311,0.15907910466194153,1,1,0.02864435315132141,0.08396553993225098,0.008867084980010986,0,0,1,1,1,7448
0,Boston/Boston_0005052_2018_06_314_42.36505539308296_-71.11298665919537_SVYFa5d_BvTs3me9F5MdaQ.jpg,Boston:5052,attention,random,2,-19,-2,True,,4088,5,15943058895007039,38,7448,0.1484375,0.32944977283477783,0.17137756943702698,0.46875160932540894,0.34471091628074646,0.1393018364906311,0.17333334684371948,1,1,0.15807220339775085,0.3426946997642517,0.12404069304466248,0,0,1,1,1,7448
0,Boston/Boston_0005052_2018_06_314_42.36505539308296_-71.11298665919537_SVYFa5d_BvTs3me9F5MdaQ.jpg,Boston:5052,attention,random,3,31,-26,True,,4088,5,15943058895007039,38,7448,0.1484375,0.32944977283477783,0.2525749206542969,0.46875160932540894,0.39977991580963135,0.1393018364906311,0.14720499515533447,1,1,0.07687485218048096,0.2544456124305725,0.06897169351577759,0,0,1,1,1,7448
0,Boston/Boston_0005052_2018_06_314_42.36505539308296_-71.11298665919537_SVYFa5d_BvTs3me9F5MdaQ.jpg,Boston:5052,attention,random,4,31,-23,True,,4088,5,15943058895007039,38,7448,0.1484375,0.32944977283477783,0.2572271227836609,0.46875160932540894,0.40788474678993225,0.1393018364906311,0.15065762400627136,1,1,0.07222265005111694,0.26692110300064087,0.060866862535476685,0,0,1,1,1,7448
0,Boston/Boston_0005052_2018_06_314_42.36505539308296_-71.11298665919537_SVYFa5d_BvTs3me9F5MdaQ.jpg,Boston:5052,fused,targeted,-1,0,0,True,,8036,5,2827848937358962940,38,7448,0.1484375,0.32944977283477783,0.1314871609210968,0.46875160932540894,0.2846870720386505,0.1393018364906311,0.1531999111175537,1,1,0.19796261191368103,0.4704059362411499,0.18406453728675842,0,0,1,1,1,7448
0,Boston/Boston_0005052_2018_06_314_42.36505539308296_-71.11298665919537_SVYFa5d_BvTs3me9F5MdaQ.jpg,Boston:5052,fused,random,0,-39,6,True,,8036,5,2827848937358962940,38,7448,0.1484375,0.32944977283477783,0.23554359376430511,0.46875160932540894,0.3647211492061615,0.1393018364906311,0.12917755544185638,1,1,0.09390617907047272,0.24561989307403564,0.10403046011924744,0,0,1,1,1,7448
0,Boston/Boston_0005052_2018_06_314_42.36505539308296_-71.11298665919537_SVYFa5d_BvTs3me9F5MdaQ.jpg,Boston:5052,fused,random,1,1,-21,True,,8036,5,2827848937358962940,38,7448,0.1484375,0.32944977283477783,0.15217334032058716,0.46875160932540894,0.3019227385520935,0.1393018364906311,0.14974939823150635,1,1,0.17727643251419067,0.4128258228302002,0.16682887077331543,0,0,1,1,1,7448
0,Boston/Boston_0005052_2018_06_314_42.36505539308296_-71.11298665919537_SVYFa5d_BvTs3me9F5MdaQ.jpg,Boston:5052,fused,random,2,43,-36,True,,8036,5,2827848937358962940,38,7448,0.1484375,0.32944977283477783,0.25214070081710815,0.46875160932540894,0.4066523313522339,0.1393018364906311,0.15451161563396454,1,1,0.07730907201766968,0.19370174407958984,0.06209927797317505,0,0,1,1,1,7448
0,Boston/Boston_0005052_2018_06_314_42.36505539308296_-71.11298665919537_SVYFa5d_BvTs3me9F5MdaQ.jpg,Boston:5052,fused,random,3,-67,-14,True,,8036,5,2827848937358962940,38,7448,0.1484375,0.32944977283477783,0.2919332683086395,0.46875160932540894,0.45006126165390015,0.1393018364906311,0.15812799334526062,1,1,0.037516504526138306,0.13106417655944824,0.01869034767150879,0,0,1,1,1,7448
0,Boston/Boston_0005052_2018_06_314_42.36505539308296_-71.11298665919537_SVYFa5d_BvTs3me9F5MdaQ.jpg,Boston:5052,fused,random,4,38,-26,True,,8036,5,2827848937358962940,38,7448,0.1484375,0.32944977283477783,0.23239222168922424,0.46875160932540894,0.36926525831222534,0.1393018364906311,0.1368730366230011,1,1,0.09705755114555359,0.215617835521698,0.0994863510131836,0,0,1,1,1,7448
0,PRS/PRS_0001142_2016_06_280_48.82129016906214_2.375444667349463_wVEZq-0rZXxJ06zrGVmqgg.jpg,PRS:1142,attention,clean,-1,0,0,True,,3682,5,5792698044633487736,38,7448,0.1484375,0.18962359428405762,0.18962359428405762,0.37857264280319214,0.37857264280319214,0.18894904851913452,0.18894904851913452,1,1,0.0,0.0,0.0,0,0,1,1,1,0
0,PRS/PRS_0001142_2016_06_280_48.82129016906214_2.375444667349463_wVEZq-0rZXxJ06zrGVmqgg.jpg,PRS:1142,fused,clean,-1,0,0,True,,1904,5,6746933923228866111,38,7448,0.1484375,0.18962359428405762,0.18962359428405762,0.37857264280319214,0.37857264280319214,0.18894904851913452,0.18894904851913452,1,1,0.0,0.0,0.0,0,0,1,1,1,0
0,PRS/PRS_0001142_2016_06_280_48.82129016906214_2.375444667349463_wVEZq-0rZXxJ06zrGVmqgg.jpg,PRS:1142,attention,targeted,-1,0,0,True,,3682,5,5792698044633487736,38,7448,0.1484375,0.18962359428405762,0.08369846642017365,0.37857264280319214,0.262969434261322,0.18894904851913452,0.17927096784114838,1,1,0.10592512786388397,0.38224244117736816,0.11560320854187012,0,0,1,1,1,7448
0,PRS/PRS_0001142_2016_06_280_48.82129016906214_2.375444667349463_wVEZq-0rZXxJ06zrGVmqgg.jpg,PRS:1142,attention,random,0,24,-15,True,,3682,5,5792698044633487736,38,7448,0.1484375,0.18962359428405762,0.048439934849739075,0.37857264280319214,0.23817910254001617,0.18894904851913452,0.1897391676902771,1,1,0.14118365943431854,0.3498290777206421,0.14039354026317596,0,0,1,1,1,7448
0,PRS/PRS_0001142_2016_06_280_48.82129016906214_2.375444667349463_wVEZq-0rZXxJ06zrGVmqgg.jpg,PRS:1142,attention,random,1,24,-14,True,,3682,5,5792698044633487736,38,7448,0.1484375,0.18962359428405762,0.03517962992191315,0.37857264280319214,0.2369941920042038,0.18894904851913452,0.20181456208229065,1,1,0.15444396436214447,0.30285215377807617,0.14157845079898834,0,0,1,1,1,7448
0,PRS/PRS_0001142_2016_06_280_48.82129016906214_2.375444667349463_wVEZq-0rZXxJ06zrGVmqgg.jpg,PRS:1142,attention,random,2,66,-23,True,,3682,5,5792698044633487736,38,7448,0.1484375,0.18962359428405762,0.20044095814228058,0.37857264280319214,0.363925039768219,0.18894904851913452,0.16348408162593842,1,1,-0.010817363858222961,0.16152727603912354,0.014647603034973145,0,0,1,1,1,7448
0,PRS/PRS_0001142_2016_06_280_48.82129016906214_2.375444667349463_wVEZq-0rZXxJ06zrGVmqgg.jpg,PRS:1142,attention,random,3,47,0,True,,3682,5,5792698044633487736,38,7448,0.1484375,0.18962359428405762,0.13130488991737366,0.37857264280319214,0.28853756189346313,0.18894904851913452,0.15723267197608948,1,1,0.05831870436668396,0.24456965923309326,0.090035080909729,0,0,1,1,1,7448
0,PRS/PRS_0001142_2016_06_280_48.82129016906214_2.375444667349463_wVEZq-0rZXxJ06zrGVmqgg.jpg,PRS:1142,attention,random,4,84,-16,True,,3682,5,5792698044633487736,38,7448,0.1484375,0.18962359428405762,0.18221980333328247,0.37857264280319214,0.36435091495513916,0.18894904851913452,0.1821311116218567,1,1,0.0074037909507751465,0.05317401885986328,0.014221727848052979,0,0,1,1,1,7448
0,PRS/PRS_0001142_2016_06_280_48.82129016906214_2.375444667349463_wVEZq-0rZXxJ06zrGVmqgg.jpg,PRS:1142,fused,targeted,-1,0,0,True,,1904,5,6746933923228866111,38,7448,0.1484375,0.18962359428405762,0.06069999933242798,0.37857264280319214,0.24997246265411377,0.18894904851913452,0.1892724633216858,1,1,0.12892359495162964,0.3444103002548218,0.12860018014907837,0,0,1,1,1,7448
0,PRS/PRS_0001142_2016_06_280_48.82129016906214_2.375444667349463_wVEZq-0rZXxJ06zrGVmqgg.jpg,PRS:1142,fused,random,0,-11,-2,True,,1904,5,6746933923228866111,38,7448,0.1484375,0.18962359428405762,0.11043152213096619,0.37857264280319214,0.2802320122718811,0.18894904851913452,0.16980049014091492,1,1,0.07919207215309143,0.3021587133407593,0.09834063053131104,0,0,1,1,1,7448
0,PRS/PRS_0001142_2016_06_280_48.82129016906214_2.375444667349463_wVEZq-0rZXxJ06zrGVmqgg.jpg,PRS:1142,fused,random,1,55,-11,True,,1904,5,6746933923228866111,38,7448,0.1484375,0.18962359428405762,0.20348112285137177,0.37857264280319214,0.36622992157936096,0.18894904851913452,0.1627487987279892,1,1,-0.013857528567314148,0.1215747594833374,0.012342721223831177,0,0,1,1,1,7448
0,PRS/PRS_0001142_2016_06_280_48.82129016906214_2.375444667349463_wVEZq-0rZXxJ06zrGVmqgg.jpg,PRS:1142,fused,random,2,-41,-1,True,,1904,5,6746933923228866111,38,7448,0.1484375,0.18962359428405762,0.12157998979091644,0.37857264280319214,0.33687910437583923,0.18894904851913452,0.2152991145849228,1,1,0.06804360449314117,0.21396923065185547,0.041693538427352905,0,0,1,1,1,7448
0,PRS/PRS_0001142_2016_06_280_48.82129016906214_2.375444667349463_wVEZq-0rZXxJ06zrGVmqgg.jpg,PRS:1142,fused,random,3,-26,-12,True,,1904,5,6746933923228866111,38,7448,0.1484375,0.18962359428405762,0.15005438029766083,0.37857264280319214,0.34178632497787476,0.18894904851913452,0.19173194468021393,1,1,0.03956921398639679,0.19452863931655884,0.03678631782531738,0,0,1,1,1,7448
0,PRS/PRS_0001142_2016_06_280_48.82129016906214_2.375444667349463_wVEZq-0rZXxJ06zrGVmqgg.jpg,PRS:1142,fused,random,4,62,-4,True,,1904,5,6746933923228866111,38,7448,0.1484375,0.18962359428405762,0.19097813963890076,0.37857264280319214,0.372244656085968,0.18894904851913452,0.18126651644706726,1,1,-0.0013545453548431396,0.10344940423965454,0.006327986717224121,0,0,1,1,1,7448
0,Minneapolis/Minneapolis_0004527_2014_09_082_44.98729080284852_-93.2346037611254_QGU_W0Fnn1mP_TZE5cOj8Q.jpg,Minneapolis:4527,attention,clean,-1,0,0,True,,112,5,6449739978284998074,38,7448,0.1484375,0.14205875992774963,0.14205875992774963,0.3517166078090668,0.3517166078090668,0.20965784788131714,0.20965784788131714,1,1,0.0,0.0,0.0,0,0,1,1,1,0
0,Minneapolis/Minneapolis_0004527_2014_09_082_44.98729080284852_-93.2346037611254_QGU_W0Fnn1mP_TZE5cOj8Q.jpg,Minneapolis:4527,fused,clean,-1,0,0,True,,112,5,4819208122778675017,38,7448,0.1484375,0.14205875992774963,0.14205875992774963,0.3517166078090668,0.3517166078090668,0.20965784788131714,0.20965784788131714,1,1,0.0,0.0,0.0,0,0,1,1,1,0
0,Minneapolis/Minneapolis_0004527_2014_09_082_44.98729080284852_-93.2346037611254_QGU_W0Fnn1mP_TZE5cOj8Q.jpg,Minneapolis:4527,attention,targeted,-1,0,0,True,,112,5,6449739978284998074,38,7448,0.1484375,0.14205875992774963,0.05259732902050018,0.3517166078090668,0.26059889793395996,0.20965784788131714,0.20800156891345978,1,1,0.08946143090724945,0.34239840507507324,0.09111770987510681,0,0,1,1,1,7448
0,Minneapolis/Minneapolis_0004527_2014_09_082_44.98729080284852_-93.2346037611254_QGU_W0Fnn1mP_TZE5cOj8Q.jpg,Minneapolis:4527,attention,random,0,26,0,True,,112,5,6449739978284998074,38,7448,0.1484375,0.14205875992774963,0.06704053282737732,0.3517166078090668,0.29073214530944824,0.20965784788131714,0.22369161248207092,1,1,0.07501822710037231,0.25017184019088745,0.06098446249961853,0,0,1,1,1,7448
0,Minneapolis/Minneapolis_0004527_2014_09_082_44.98729080284852_-93.2346037611254_QGU_W0Fnn1mP_TZE5cOj8Q.jpg,Minneapolis:4527,attention,random,1,14,0,True,,112,5,6449739978284998074,38,7448,0.1484375,0.14205875992774963,0.06778737902641296,0.3517166078090668,0.2591274082660675,0.20965784788131714,0.19134002923965454,1,1,0.07427138090133667,0.3291807174682617,0.09258919954299927,0,0,1,1,1,7448
0,Minneapolis/Minneapolis_0004527_2014_09_082_44.98729080284852_-93.2346037611254_QGU_W0Fnn1mP_TZE5cOj8Q.jpg,Minneapolis:4527,attention,random,2,-8,0,True,,112,5,6449739978284998074,38,7448,0.1484375,0.14205875992774963,0.08757394552230835,0.3517166078090668,0.28823164105415344,0.20965784788131714,0.2006576955318451,1,1,0.054484814405441284,0.26829206943511963,0.06348496675491333,0,0,1,1,1,7448
0,Minneapolis/Minneapolis_0004527_2014_09_082_44.98729080284852_-93.2346037611254_QGU_W0Fnn1mP_TZE5cOj8Q.jpg,Minneapolis:4527,attention,random,3,97,0,True,,112,5,6449739978284998074,38,7448,0.1484375,0.14205875992774963,0.16710732877254486,0.3517166078090668,0.3433564305305481,0.20965784788131714,0.17624910175800323,1,1,-0.025048568844795227,0.12395864725112915,0.008360177278518677,0,0,1,1,1,7448
0,Minneapolis/Minneapolis_0004527_2014_09_082_44.98729080284852_-93.2346037611254_QGU_W0Fnn1mP_TZE5cOj8Q.jpg,Minneapolis:4527,attention,random,4,89,0,True,,112,5,6449739978284998074,38,7448,0.1484375,0.14205875992774963,0.1681532859802246,0.3517166078090668,0.35156044363975525,0.20965784788131714,0.18340715765953064,1,1,-0.026094526052474976,0.13237512111663818,0.00015616416931152344,0,0,1,1,1,7448
0,Minneapolis/Minneapolis_0004527_2014_09_082_44.98729080284852_-93.2346037611254_QGU_W0Fnn1mP_TZE5cOj8Q.jpg,Minneapolis:4527,fused,targeted,-1,0,0,True,,112,5,4819208122778675017,38,7448,0.1484375,0.14205875992774963,0.043052539229393005,0.3517166078090668,0.25901854038238525,0.20965784788131714,0.21596600115299225,1,1,0.09900622069835663,0.33019113540649414,0.09269806742668152,0,0,1,1,1,7448
0,Minneapolis/Minneapolis_0004527_2014_09_082_44.98729080284852_-93.2346037611254_QGU_W0Fnn1mP_TZE5cOj8Q.jpg,Minneapolis:4527,fused,random,0,44,0,True,,112,5,4819208122778675017,38,7448,0.1484375,0.14205875992774963,0.0775119960308075,0.3517166078090668,0.27753010392189026,0.20965784788131714,0.20001810789108276,1,1,0.06454676389694214,0.15527749061584473,0.07418650388717651,0,0,1,1,1,7448
0,Minneapolis/Minneapolis_0004527_2014_09_082_44.98729080284852_-93.2346037611254_QGU_W0Fnn1mP_TZE5cOj8Q.jpg,Minneapolis:4527,fused,random,1,59,0,True,,112,5,4819208122778675017,38,7448,0.1484375,0.14205875992774963,0.10413017868995667,0.3517166078090668,0.3163776993751526,0.20965784788131714,0.21224752068519592,1,1,0.03792858123779297,0.127419114112854,0.035338908433914185,0,0,1,1,1,7448
0,Minneapolis/Minneapolis_0004527_2014_09_082_44.98729080284852_-93.2346037611254_QGU_W0Fnn1mP_TZE5cOj8Q.jpg,Minneapolis:4527,fused,random,2,93,0,True,,112,5,4819208122778675017,38,7448,0.1484375,0.14205875992774963,0.16223162412643433,0.3517166078090668,0.34094831347465515,0.20965784788131714,0.17871668934822083,1,1,-0.020172864198684692,0.10905975103378296,0.010768294334411621,0,0,1,1,1,7448
0,Minneapolis/Minneapolis_0004527_2014_09_082_44.98729080284852_-93.2346037611254_QGU_W0Fnn1mP_TZE5cOj8Q.jpg,Minneapolis:4527,fused,random,3,96,0,True,,112,5,4819208122778675017,38,7448,0.1484375,0.14205875992774963,0.15816956758499146,0.3517166078090668,0.3470640778541565,0.20965784788131714,0.18889451026916504,1,1,-0.01611080765724182,0.10043323040008545,0.004652529954910278,0,0,1,1,1,7448
0,Minneapolis/Minneapolis_0004527_2014_09_082_44.98729080284852_-93.2346037611254_QGU_W0Fnn1mP_TZE5cOj8Q.jpg,Minneapolis:4527,fused,random,4,2,0,True,,112,5,4819208122778675017,38,7448,0.1484375,0.14205875992774963,0.06028105318546295,0.3517166078090668,0.2757638990879059,0.20965784788131714,0.21548284590244293,1,1,0.08177770674228668,0.3232766389846802,0.07595270872116089,0,0,1,1,1,7448
0,Lisbon/Lisbon_0002254_2018_08_125_38.72122075825323_-9.145946623180366_XtKF4_9nKqoKwbRpyxyOug.jpg,Lisbon:2254,attention,clean,-1,0,0,True,,2324,5,7425990119301221198,38,7448,0.1484375,0.14309370517730713,0.14309370517730713,0.44066673517227173,0.44066673517227173,0.2975730299949646,0.2975730299949646,1,1,0.0,0.0,0.0,0,0,1,1,1,0
0,Lisbon/Lisbon_0002254_2018_08_125_38.72122075825323_-9.145946623180366_XtKF4_9nKqoKwbRpyxyOug.jpg,Lisbon:2254,fused,clean,-1,0,0,True,,2324,5,6841013634805346426,38,7448,0.1484375,0.14309370517730713,0.14309370517730713,0.44066673517227173,0.44066673517227173,0.2975730299949646,0.2975730299949646,1,1,0.0,0.0,0.0,0,0,1,1,1,0
0,Lisbon/Lisbon_0002254_2018_08_125_38.72122075825323_-9.145946623180366_XtKF4_9nKqoKwbRpyxyOug.jpg,Lisbon:2254,attention,targeted,-1,0,0,True,,2324,5,7425990119301221198,38,7448,0.1484375,0.14309370517730713,0.1261935830116272,0.44066673517227173,0.38917142152786255,0.2975730299949646,0.26297783851623535,1,1,0.01690012216567993,0.27001845836639404,0.05149531364440918,0,0,1,1,1,7448
0,Lisbon/Lisbon_0002254_2018_08_125_38.72122075825323_-9.145946623180366_XtKF4_9nKqoKwbRpyxyOug.jpg,Lisbon:2254,attention,random,0,-69,3,True,,2324,5,7425990119301221198,38,7448,0.1484375,0.14309370517730713,0.1419050097465515,0.44066673517227173,0.44734108448028564,0.2975730299949646,0.30543607473373413,1,1,0.0011886954307556152,0.11826175451278687,-0.006674349308013916,0,0,1,1,1,7448
0,Lisbon/Lisbon_0002254_2018_08_125_38.72122075825323_-9.145946623180366_XtKF4_9nKqoKwbRpyxyOug.jpg,Lisbon:2254,attention,random,1,-68,11,True,,2324,5,7425990119301221198,38,7448,0.1484375,0.14309370517730713,0.14713966846466064,0.44066673517227173,0.4399285316467285,0.2975730299949646,0.29278886318206787,1,1,-0.004045963287353516,0.09669846296310425,0.0007382035255432129,0,0,1,1,1,7448
0,Lisbon/Lisbon_0002254_2018_08_125_38.72122075825323_-9.145946623180366_XtKF4_9nKqoKwbRpyxyOug.jpg,Lisbon:2254,attention,random,2,-55,2,True,,2324,5,7425990119301221198,38,7448,0.1484375,0.14309370517730713,0.13447892665863037,0.44066673517227173,0.4328334629535675,0.2975730299949646,0.29835453629493713,1,1,0.008614778518676758,0.12916117906570435,0.007833272218704224,0,0,1,1,1,7448
0,Lisbon/Lisbon_0002254_2018_08_125_38.72122075825323_-9.145946623180366_XtKF4_9nKqoKwbRpyxyOug.jpg,Lisbon:2254,attention,random,3,-83,9,True,,2324,5,7425990119301221198,38,7448,0.1484375,0.14309370517730713,0.12664881348609924,0.44066673517227173,0.4423843324184418,0.2975730299949646,0.31573551893234253,1,1,0.016444891691207886,0.10342085361480713,-0.001717597246170044,0,0,1,1,1,7448
0,Lisbon/Lisbon_0002254_2018_08_125_38.72122075825323_-9.145946623180366_XtKF4_9nKqoKwbRpyxyOug.jpg,Lisbon:2254,attention,random,4,-75,8,True,,2324,5,7425990119301221198,38,7448,0.1484375,0.14309370517730713,0.12725716829299927,0.44066673517227173,0.4428362250328064,0.2975730299949646,0.31557905673980713,1,1,0.01583653688430786,0.10868608951568604,-0.002169489860534668,0,0,1,1,1,7448
0,Lisbon/Lisbon_0002254_2018_08_125_38.72122075825323_-9.145946623180366_XtKF4_9nKqoKwbRpyxyOug.jpg,Lisbon:2254,fused,targeted,-1,0,0,True,,2324,5,6841013634805346426,38,7448,0.1484375,0.14309370517730713,0.12253117561340332,0.44066673517227173,0.3925168514251709,0.2975730299949646,0.2699856758117676,1,1,0.02056252956390381,0.2560957074165344,0.04814988374710083,0,0,1,1,1,7448
0,Lisbon/Lisbon_0002254_2018_08_125_38.72122075825323_-9.145946623180366_XtKF4_9nKqoKwbRpyxyOug.jpg,Lisbon:2254,fused,random,0,-66,6,True,,2324,5,6841013634805346426,38,7448,0.1484375,0.14309370517730713,0.14306798577308655,0.44066673517227173,0.43595370650291443,0.2975730299949646,0.2928857207298279,1,1,2.5719404220581055e-05,0.10960793495178223,0.0047130286693573,0,0,1,1,1,7448
0,Lisbon/Lisbon_0002254_2018_08_125_38.72122075825323_-9.145946623180366_XtKF4_9nKqoKwbRpyxyOug.jpg,Lisbon:2254,fused,random,1,22,14,True,,2324,5,6841013634805346426,38,7448,0.1484375,0.14309370517730713,0.1310344934463501,0.44066673517227173,0.4140762686729431,0.2975730299949646,0.283041775226593,1,1,0.012059211730957031,0.2030683159828186,0.026590466499328613,0,0,1,1,1,7448
0,Lisbon/Lisbon_0002254_2018_08_125_38.72122075825323_-9.145946623180366_XtKF4_9nKqoKwbRpyxyOug.jpg,Lisbon:2254,fused,random,2,-2,5,True,,2324,5,6841013634805346426,38,7448,0.1484375,0.14309370517730713,0.10588377714157104,0.44066673517227173,0.37708580493927,0.2975730299949646,0.271202027797699,1,1,0.037209928035736084,0.3257206678390503,0.06358093023300171,0,0,1,1,1,7448
0,Lisbon/Lisbon_0002254_2018_08_125_38.72122075825323_-9.145946623180366_XtKF4_9nKqoKwbRpyxyOug.jpg,Lisbon:2254,fused,random,3,-48,7,True,,2324,5,6841013634805346426,38,7448,0.1484375,0.14309370517730713,0.19100603461265564,0.44066673517227173,0.4445028603076935,0.2975730299949646,0.25349682569503784,1,1,-0.04791232943534851,0.13681161403656006,-0.003836125135421753,0,0,1,1,1,7448
0,Lisbon/Lisbon_0002254_2018_08_125_38.72122075825323_-9.145946623180366_XtKF4_9nKqoKwbRpyxyOug.jpg,Lisbon:2254,fused,random,4,-107,6,True,,2324,5,6841013634805346426,38,7448,0.1484375,0.14309370517730713,0.10715681314468384,0.44066673517227173,0.4111010730266571,0.2975730299949646,0.30394425988197327,1,1,0.03593689203262329,0.09524333477020264,0.029565662145614624,0,0,1,1,1,7448
0,Brussels/Brussels_0001498_2014_09_230_50.84745950555936_4.325975181358101_CE61ndURNXaCmtsrU8srKw.jpg,Brussels:1498,attention,clean,-1,0,0,True,,2870,5,1577438915470870975,38,7448,0.1484375,0.32499486207962036,0.32499486207962036,0.5432161092758179,0.5432161092758179,0.2182212620973587,0.2182212620973587,1,1,0.0,0.0,0.0,0,0,1,1,1,0
0,Brussels/Brussels_0001498_2014_09_230_50.84745950555936_4.325975181358101_CE61ndURNXaCmtsrU8srKw.jpg,Brussels:1498,fused,clean,-1,0,0,True,,3276,5,8506495610985372119,38,7448,0.1484375,0.32499486207962036,0.32499486207962036,0.5432161092758179,0.5432161092758179,0.2182212620973587,0.2182212620973587,1,1,0.0,0.0,0.0,0,0,1,1,1,0
0,Brussels/Brussels_0001498_2014_09_230_50.84745950555936_4.325975181358101_CE61ndURNXaCmtsrU8srKw.jpg,Brussels:1498,attention,targeted,-1,0,0,True,,2870,5,1577438915470870975,38,7448,0.1484375,0.32499486207962036,0.23260125517845154,0.5432161092758179,0.49887311458587646,0.2182212620973587,0.2662718594074249,1,1,0.09239360690116882,0.18398243188858032,0.044342994689941406,0,0,1,1,1,7448
0,Brussels/Brussels_0001498_2014_09_230_50.84745950555936_4.325975181358101_CE61ndURNXaCmtsrU8srKw.jpg,Brussels:1498,attention,random,0,1,3,True,,2870,5,1577438915470870975,38,7448,0.1484375,0.32499486207962036,0.2363569587469101,0.5432161092758179,0.47338053584098816,0.2182212620973587,0.23702357709407806,1,1,0.08863790333271027,0.20815086364746094,0.06983557343482971,0,0,1,1,1,7448
0,Brussels/Brussels_0001498_2014_09_230_50.84745950555936_4.325975181358101_CE61ndURNXaCmtsrU8srKw.jpg,Brussels:1498,attention,random,1,-2,55,True,,2870,5,1577438915470870975,38,7448,0.1484375,0.32499486207962036,0.27542823553085327,0.5432161092758179,0.49450457096099854,0.2182212620973587,0.21907633543014526,1,1,0.04956662654876709,0.0919121503829956,0.048711538314819336,0,0,1,1,1,7448
0,Brussels/Brussels_0001498_2014_09_230_50.84745950555936_4.325975181358101_CE61ndURNXaCmtsrU8srKw.jpg,Brussels:1498,attention,random,2,6,82,True,,2870,5,1577438915470870975,38,7448,0.1484375,0.32499486207962036,0.27803802490234375,0.5432161092758179,0.4888462424278259,0.2182212620973587,0.21080821752548218,1,1,0.04695683717727661,0.09010505676269531,0.05436986684799194,0,0,1,1,1,7448
0,Brussels/Brussels_0001498_2014_09_230_50.84745950555936_4.325975181358101_CE61ndURNXaCmtsrU8srKw.jpg,Brussels:1498,attention,random,3,-1,63,True,,2870,5,1577438915470870975,38,7448,0.1484375,0.32499486207962036,0.27609360218048096,0.5432161092758179,0.49703752994537354,0.2182212620973587,0.22094391286373138,1,1,0.048901259899139404,0.09107065200805664,0.046178579330444336,0,0,1,1,1,7448
0,Brussels/Brussels_0001498_2014_09_230_50.84745950555936_4.325975181358101_CE61ndURNXaCmtsrU8srKw.jpg,Brussels:1498,attention,random,4,-3,91,True,,2870,5,1577438915470870975,38,7448,0.1484375,0.32499486207962036,0.3320297300815582,0.5432161092758179,0.5315054655075073,0.2182212620973587,0.1994757354259491,1,1,-0.007034868001937866,0.08181107044219971,0.011710643768310547,0,0,1,1,1,7448
0,Brussels/Brussels_0001498_2014_09_230_50.84745950555936_4.325975181358101_CE61ndURNXaCmtsrU8srKw.jpg,Brussels:1498,fused,targeted,-1,0,0,True,,3276,5,8506495610985372119,38,7448,0.1484375,0.32499486207962036,0.21207401156425476,0.5432161092758179,0.47792068123817444,0.2182212620973587,0.2658466696739197,1,1,0.1129208505153656,0.1943495273590088,0.06529542803764343,0,0,1,1,1,7448
0,Brussels/Brussels_0001498_2014_09_230_50.84745950555936_4.325975181358101_CE61ndURNXaCmtsrU8srKw.jpg,Brussels:1498,fused,random,0,0,106,True,,3276,5,8506495610985372119,38,7448,0.1484375,0.32499486207962036,0.3187755346298218,0.5432161092758179,0.5240129828453064,0.2182212620973587,0.20523744821548462,1,1,0.006219327449798584,0.07733738422393799,0.019203126430511475,0,0,1,1,1,7448
0,Brussels/Brussels_0001498_2014_09_230_50.84745950555936_4.325975181358101_CE61ndURNXaCmtsrU8srKw.jpg,Brussels:1498,fused,random,1,8,40,True,,3276,5,8506495610985372119,38,7448,0.1484375,0.32499486207962036,0.27141836285591125,0.5432161092758179,0.49406957626342773,0.2182212620973587,0.22265121340751648,1,1,0.053576499223709106,0.1059306263923645,0.04914653301239014,0,0,1,1,1,7448
0,Brussels/Brussels_0001498_2014_09_230_50.84745950555936_4.325975181358101_CE61ndURNXaCmtsrU8srKw.jpg,Brussels:1498,fused,random,2,-8,80,True,,3276,5,8506495610985372119,38,7448,0.1484375,0.32499486207962036,0.29442575573921204,0.5432161092758179,0.5051227807998657,0.2182212620973587,0.2106970250606537,1,1,0.030569106340408325,0.08326888084411621,0.03809332847595215,0,0,1,1,1,7448
0,Brussels/Brussels_0001498_2014_09_230_50.84745950555936_4.325975181358101_CE61ndURNXaCmtsrU8srKw.jpg,Brussels:1498,fused,random,3,-9,25,True,,3276,5,8506495610985372119,38,7448,0.1484375,0.32499486207962036,0.2278866022825241,0.5432161092758179,0.46403783559799194,0.2182212620973587,0.23615123331546783,1,1,0.09710825979709625,0.16186821460723877,0.07917827367782593,0,0,1,1,1,7448
0,Brussels/Brussels_0001498_2014_09_230_50.84745950555936_4.325975181358101_CE61ndURNXaCmtsrU8srKw.jpg,Brussels:1498,fused,random,4,-9,24,True,,3276,5,8506495610985372119,38,7448,0.1484375,0.32499486207962036,0.23492324352264404,0.5432161092758179,0.4712299704551697,0.2182212620973587,0.23630672693252563,1,1,0.09007161855697632,0.15917706489562988,0.0719861388206482,0,0,1,1,1,7448
0,TRT/TRT_0000659_2015_07_197_43.6575598958716_-79.36216612772633_9nwfmGZpmJNXXbwkVMwWfQ.jpg,TRT:659,attention,clean,-1,0,0,True,,4494,5,4388766352382794069,38,7448,0.1484375,0.349867582321167,0.349867582321167,0.5069745779037476,0.5069745779037476,0.15710699558258057,0.15710699558258057,1,1,0.0,0.0,0.0,0,0,1,1,1,0
0,TRT/TRT_0000659_2015_07_197_43.6575598958716_-79.36216612772633_9nwfmGZpmJNXXbwkVMwWfQ.jpg,TRT:659,fused,clean,-1,0,0,True,,10010,5,5918817203906419676,38,7448,0.1484375,0.349867582321167,0.349867582321167,0.5069745779037476,0.5069745779037476,0.15710699558258057,0.15710699558258057,1,1,0.0,0.0,0.0,0,0,1,1,1,0
0,TRT/TRT_0000659_2015_07_197_43.6575598958716_-79.36216612772633_9nwfmGZpmJNXXbwkVMwWfQ.jpg,TRT:659,attention,targeted,-1,0,0,True,,4494,5,4388766352382794069,38,7448,0.1484375,0.349867582321167,0.08327822387218475,0.5069745779037476,0.2806156277656555,0.15710699558258057,0.19733740389347076,1,1,0.26658935844898224,0.5345156192779541,0.22635895013809204,0,0,1,1,1,7448
0,TRT/TRT_0000659_2015_07_197_43.6575598958716_-79.36216612772633_9nwfmGZpmJNXXbwkVMwWfQ.jpg,TRT:659,attention,random,0,16,19,True,,4494,5,4388766352382794069,38,7448,0.1484375,0.349867582321167,0.07917636632919312,0.5069745779037476,0.259138286113739,0.15710699558258057,0.1799619197845459,1,1,0.2706912159919739,0.499042272567749,0.24783629179000854,0,0,1,1,1,7448
0,TRT/TRT_0000659_2015_07_197_43.6575598958716_-79.36216612772633_9nwfmGZpmJNXXbwkVMwWfQ.jpg,TRT:659,attention,random,1,24,18,True,,4494,5,4388766352382794069,38,7448,0.1484375,0.349867582321167,0.11425381898880005,0.5069745779037476,0.27876368165016174,0.15710699558258057,0.1645098626613617,1,1,0.23561376333236694,0.5128195881843567,0.22821089625358582,0,0,1,1,1,7448
0,TRT/TRT_0000659_2015_07_197_43.6575598958716_-79.36216612772633_9nwfmGZpmJNXXbwkVMwWfQ.jpg,TRT:659,attention,random,2,-10,1,True,,4494,5,4388766352382794069,38,7448,0.1484375,0.349867582321167,0.09235915541648865,0.5069745779037476,0.26422804594039917,0.15710699558258057,0.17186889052391052,1,1,0.25750842690467834,0.5356876850128174,0.2427465319633484,0,0,1,1,1,7448
0,TRT/TRT_0000659_2015_07_197_43.6575598958716_-79.36216612772633_9nwfmGZpmJNXXbwkVMwWfQ.jpg,TRT:659,attention,random,3,23,14,True,,4494,5,4388766352382794069,38,7448,0.1484375,0.349867582321167,0.11371511220932007,0.5069745779037476,0.280825674533844,0.15710699558258057,0.16711056232452393,1,1,0.23615247011184692,0.5315842032432556,0.22614890336990356,0,0,1,1,1,7448
0,TRT/TRT_0000659_2015_07_197_43.6575598958716_-79.36216612772633_9nwfmGZpmJNXXbwkVMwWfQ.jpg,TRT:659,attention,random,4,33,23,True,,4494,5,4388766352382794069,38,7448,0.1484375,0.349867582321167,0.2697763442993164,0.5069745779037476,0.43040791153907776,0.15710699558258057,0.16063158214092255,1,1,0.08009123802185059,0.22830456495285034,0.0765666663646698,0,0,1,1,1,7448
0,TRT/TRT_0000659_2015_07_197_43.6575598958716_-79.36216612772633_9nwfmGZpmJNXXbwkVMwWfQ.jpg,TRT:659,fused,targeted,-1,0,0,True,,10010,5,5918817203906419676,38,7448,0.1484375,0.349867582321167,0.10253165662288666,0.5069745779037476,0.26439225673675537,0.15710699558258057,0.1618606001138687,1,1,0.24733592569828033,0.5440490245819092,0.2425823211669922,0,0,1,1,1,7448
0,TRT/TRT_0000659_2015_07_197_43.6575598958716_-79.36216612772633_9nwfmGZpmJNXXbwkVMwWfQ.jpg,TRT:659,fused,random,0,52,21,True,,10010,5,5918817203906419676,38,7448,0.1484375,0.349867582321167,0.3039698004722595,0.5069745779037476,0.4565463662147522,0.15710699558258057,0.15257658064365387,1,1,0.04589778184890747,0.10934948921203613,0.05042821168899536,0,0,1,1,1,7448
0,TRT/TRT_0000659_2015_07_197_43.6575598958716_-79.36216612772633_9nwfmGZpmJNXXbwkVMwWfQ.jpg,TRT:659,fused,random,1,13,6,True,,10010,5,5918817203906419676,38,7448,0.1484375,0.349867582321167,0.09007324278354645,0.5069745779037476,0.2627973258495331,0.15710699558258057,0.17272408306598663,1,1,0.25979433953762054,0.5167169570922852,0.24417725205421448,0,0,1,1,1,7448
0,TRT/TRT_0000659_2015_07_197_43.6575598958716_-79.36216612772633_9nwfmGZpmJNXXbwkVMwWfQ.jpg,TRT:659,fused,random,2,-11,47,True,,10010,5,5918817203906419676,38,7448,0.1484375,0.349867582321167,0.139134019613266,0.5069745779037476,0.2956676483154297,0.15710699558258057,0.1565336287021637,1,1,0.210733562707901,0.4387663006782532,0.21130692958831787,0,0,1,1,1,7448
0,TRT/TRT_0000659_2015_07_197_43.6575598958716_-79.36216612772633_9nwfmGZpmJNXXbwkVMwWfQ.jpg,TRT:659,fused,random,3,18,55,True,,10010,5,5918817203906419676,38,7448,0.1484375,0.349867582321167,0.1626206636428833,0.5069745779037476,0.3522108197212219,0.15710699558258057,0.18959015607833862,1,1,0.1872469186782837,0.3467954993247986,0.15476375818252563,0,0,1,1,1,7448
0,TRT/TRT_0000659_2015_07_197_43.6575598958716_-79.36216612772633_9nwfmGZpmJNXXbwkVMwWfQ.jpg,TRT:659,fused,random,4,-21,29,True,,10010,5,5918817203906419676,38,7448,0.1484375,0.349867582321167,0.16047848761081696,0.5069745779037476,0.30937275290489197,0.15710699558258057,0.148894265294075,1,1,0.18938909471035004,0.44629472494125366,0.1976018249988556,0,0,1,1,1,7448
0,Madrid/Madrid_0001058_2015_06_303_40.4122259812777_-3.700246130636049_4_GepaP2fz-eLGbr6VkoVQ.jpg,Madrid:1058,attention,clean,-1,0,0,True,,112,3,6664996993299472428,38,7448,0.1484375,0.306358277797699,0.306358277797699,0.5635150074958801,0.5635150074958801,0.25715672969818115,0.25715672969818115,1,1,0.0,0.0,0.0,0,0,1,1,1,0
0,Madrid/Madrid_0001058_2015_06_303_40.4122259812777_-3.700246130636049_4_GepaP2fz-eLGbr6VkoVQ.jpg,Madrid:1058,fused,clean,-1,0,0,True,,11186,5,8091013555268485879,38,7448,0.1484375,0.306358277797699,0.306358277797699,0.5635150074958801,0.5635150074958801,0.25715672969818115,0.25715672969818115,1,1,0.0,0.0,0.0,0,0,1,1,1,0
0,Madrid/Madrid_0001058_2015_06_303_40.4122259812777_-3.700246130636049_4_GepaP2fz-eLGbr6VkoVQ.jpg,Madrid:1058,attention,targeted,-1,0,0,True,,112,3,6664996993299472428,38,7448,0.1484375,0.306358277797699,0.26729243993759155,0.5635150074958801,0.5282199382781982,0.25715672969818115,0.2609274983406067,1,1,0.03906583786010742,0.2995869517326355,0.035295069217681885,0,0,1,1,1,7448
0,Madrid/Madrid_0001058_2015_06_303_40.4122259812777_-3.700246130636049_4_GepaP2fz-eLGbr6VkoVQ.jpg,Madrid:1058,attention,random,0,0,-57,True,,112,3,6664996993299472428,38,7448,0.1484375,0.306358277797699,0.2399325966835022,0.5635150074958801,0.5046024322509766,0.25715672969818115,0.26466983556747437,1,1,0.06642568111419678,0.1251700520515442,0.058912575244903564,0,0,1,1,1,7448
0,Madrid/Madrid_0001058_2015_06_303_40.4122259812777_-3.700246130636049_4_GepaP2fz-eLGbr6VkoVQ.jpg,Madrid:1058,attention,random,1,0,-7,True,,112,3,6664996993299472428,38,7448,0.1484375,0.306358277797699,0.256339967250824,0.5635150074958801,0.5197760462760925,0.25715672969818115,0.26343607902526855,1,1,0.050018310546875,0.24781185388565063,0.0437389612197876,0,0,1,1,1,7448
0,Madrid/Madrid_0001058_2015_06_303_40.4122259812777_-3.700246130636049_4_GepaP2fz-eLGbr6VkoVQ.jpg,Madrid:1058,attention,random,2,0,-86,True,,112,3,6664996993299472428,38,7448,0.1484375,0.306358277797699,0.2652852535247803,0.5635150074958801,0.5368537902832031,0.25715672969818115,0.27156853675842285,1,1,0.0410730242729187,0.07504087686538696,0.026661217212677002,0,0,1,1,1,7448
0,Madrid/Madrid_0001058_2015_06_303_40.4122259812777_-3.700246130636049_4_GepaP2fz-eLGbr6VkoVQ.jpg,Madrid:1058,attention,random,3,0,-7,True,,112,3,6664996993299472428,38,7448,0.1484375,0.306358277797699,0.256339967250824,0.5635150074958801,0.5197760462760925,0.25715672969818115,0.26343607902526855,1,1,0.050018310546875,0.24781185388565063,0.0437389612197876,0,0,1,1,1,7448
0,Madrid/Madrid_0001058_2015_06_303_40.4122259812777_-3.700246130636049_4_GepaP2fz-eLGbr6VkoVQ.jpg,Madrid:1058,attention,random,4,0,-57,True,,112,3,6664996993299472428,38,7448,0.1484375,0.306358277797699,0.2399325966835022,0.5635150074958801,0.5046024322509766,0.25715672969818115,0.26466983556747437,1,1,0.06642568111419678,0.1251700520515442,0.058912575244903564,0,0,1,1,1,7448
0,Madrid/Madrid_0001058_2015_06_303_40.4122259812777_-3.700246130636049_4_GepaP2fz-eLGbr6VkoVQ.jpg,Madrid:1058,fused,targeted,-1,0,0,True,,11186,5,8091013555268485879,38,7448,0.1484375,0.306358277797699,0.23147699236869812,0.5635150074958801,0.49402615427970886,0.25715672969818115,0.26254916191101074,1,1,0.07488128542900085,0.23876738548278809,0.06948885321617126,0,0,1,1,1,7448
0,Madrid/Madrid_0001058_2015_06_303_40.4122259812777_-3.700246130636049_4_GepaP2fz-eLGbr6VkoVQ.jpg,Madrid:1058,fused,random,0,74,-60,True,,11186,5,8091013555268485879,38,7448,0.1484375,0.306358277797699,0.26847541332244873,0.5635150074958801,0.5257331132888794,0.25715672969818115,0.25725769996643066,1,1,0.037882864475250244,0.06946194171905518,0.03778189420700073,0,0,1,1,1,7448
0,Madrid/Madrid_0001058_2015_06_303_40.4122259812777_-3.700246130636049_4_GepaP2fz-eLGbr6VkoVQ.jpg,Madrid:1058,fused,random,1,58,-66,True,,11186,5,8091013555268485879,38,7448,0.1484375,0.306358277797699,0.25959163904190063,0.5635150074958801,0.5242493152618408,0.25715672969818115,0.2646576762199402,1,1,0.04676663875579834,0.047956883907318115,0.03926569223403931,0,0,1,1,1,7448
0,Madrid/Madrid_0001058_2015_06_303_40.4122259812777_-3.700246130636049_4_GepaP2fz-eLGbr6VkoVQ.jpg,Madrid:1058,fused,random,2,63,-39,True,,11186,5,8091013555268485879,38,7448,0.1484375,0.306358277797699,0.2672855257987976,0.5635150074958801,0.5348206758499146,0.25715672969818115,0.26753515005111694,1,1,0.03907275199890137,0.06014525890350342,0.028694331645965576,0,0,1,1,1,7448
0,Madrid/Madrid_0001058_2015_06_303_40.4122259812777_-3.700246130636049_4_GepaP2fz-eLGbr6VkoVQ.jpg,Madrid:1058,fused,random,3,3,-98,True,,11186,5,8091013555268485879,38,7448,0.1484375,0.306358277797699,0.2586689591407776,0.5635150074958801,0.5313395857810974,0.25715672969818115,0.2726706266403198,1,1,0.04768931865692139,0.04292452335357666,0.032175421714782715,0,0,1,1,1,7448
0,Madrid/Madrid_0001058_2015_06_303_40.4122259812777_-3.700246130636049_4_GepaP2fz-eLGbr6VkoVQ.jpg,Madrid:1058,fused,random,4,48,-79,True,,11186,5,8091013555268485879,38,7448,0.1484375,0.306358277797699,0.26959556341171265,0.5635150074958801,0.5368280410766602,0.25715672969818115,0.2672324776649475,1,1,0.03676271438598633,0.04481971263885498,0.02668696641921997,0,0,1,1,1,7448
0,Phoenix/Phoenix_0000325_2015_06_021_33.42581825948063_-112.0850365007273_45x-7DRlWxNEN6e5y5VxUA.jpg,Phoenix:325,attention,clean,-1,0,0,True,,5460,5,1558526400367535345,38,7448,0.1484375,0.11053955554962158,0.11053955554962158,0.4557231664657593,0.4557231664657593,0.3451836109161377,0.3451836109161377,1,1,0.0,0.0,0.0,0,0,1,1,1,0
0,Phoenix/Phoenix_0000325_2015_06_021_33.42581825948063_-112.0850365007273_45x-7DRlWxNEN6e5y5VxUA.jpg,Phoenix:325,fused,clean,-1,0,0,True,,5460,5,1831550947608713899,38,7448,0.1484375,0.11053955554962158,0.11053955554962158,0.4557231664657593,0.4557231664657593,0.3451836109161377,0.3451836109161377,1,1,0.0,0.0,0.0,0,0,1,1,1,0
0,Phoenix/Phoenix_0000325_2015_06_021_33.42581825948063_-112.0850365007273_45x-7DRlWxNEN6e5y5VxUA.jpg,Phoenix:325,attention,targeted,-1,0,0,True,,5460,5,1558526400367535345,38,7448,0.1484375,0.11053955554962158,-0.00632089376449585,0.4557231664657593,0.3558500409126282,0.3451836109161377,0.362170934677124,1,2,0.11686044931411743,0.41456395387649536,0.0998731255531311,1,1,0,1,1,7448
0,Phoenix/Phoenix_0000325_2015_06_021_33.42581825948063_-112.0850365007273_45x-7DRlWxNEN6e5y5VxUA.jpg,Phoenix:325,attention,random,0,63,3,True,,5460,5,1558526400367535345,38,7448,0.1484375,0.11053955554962158,0.1088227927684784,0.4557231664657593,0.4518658220767975,0.3451836109161377,0.3430430293083191,1,1,0.0017167627811431885,0.0721285343170166,0.003857344388961792,0,0,1,1,1,7448
0,Phoenix/Phoenix_0000325_2015_06_021_33.42581825948063_-112.0850365007273_45x-7DRlWxNEN6e5y5VxUA.jpg,Phoenix:325,attention,random,1,-19,42,True,,5460,5,1558526400367535345,38,7448,0.1484375,0.11053955554962158,0.07882675528526306,0.4557231664657593,0.3519649803638458,0.3451836109161377,0.27313822507858276,1,1,0.03171280026435852,0.263982892036438,0.10375818610191345,0,0,1,1,1,7448
0,Phoenix/Phoenix_0000325_2015_06_021_33.42581825948063_-112.0850365007273_45x-7DRlWxNEN6e5y5VxUA.jpg,Phoenix:325,attention,random,2,62,35,True,,5460,5,1558526400367535345,38,7448,0.1484375,0.11053955554962158,0.13767603039741516,0.4557231664657593,0.4619829058647156,0.3451836109161377,0.3243068754673004,1,1,-0.02713647484779358,0.09287595748901367,-0.006259739398956299,0,0,1,1,1,7448
0,Phoenix/Phoenix_0000325_2015_06_021_33.42581825948063_-112.0850365007273_45x-7DRlWxNEN6e5y5VxUA.jpg,Phoenix:325,attention,random,3,-16,21,True,,5460,5,1558526400367535345,38,7448,0.1484375,0.11053955554962158,0.017032653093338013,0.4557231664657593,0.3197609484195709,0.3451836109161377,0.3027282953262329,1,1,0.09350690245628357,0.3772916793823242,0.13596221804618835,0,0,1,1,1,7448
0,Phoenix/Phoenix_0000325_2015_06_021_33.42581825948063_-112.0850365007273_45x-7DRlWxNEN6e5y5VxUA.jpg,Phoenix:325,attention,random,4,-7,26,True,,5460,5,1558526400367535345,38,7448,0.1484375,0.11053955554962158,0.046118319034576416,0.4557231664657593,0.34449467062950134,0.3451836109161377,0.2983763515949249,1,1,0.06442123651504517,0.3970188498497009,0.11122849583625793,0,0,1,1,1,7448
0,Phoenix/Phoenix_0000325_2015_06_021_33.42581825948063_-112.0850365007273_45x-7DRlWxNEN6e5y5VxUA.jpg,Phoenix:325,fused,targeted,-1,0,0,True,,5460,5,1831550947608713899,38,7448,0.1484375,0.11053955554962158,0.01790967583656311,0.4557231664657593,0.3881600499153137,0.3451836109161377,0.3702503740787506,1,1,0.09262987971305847,0.424511194229126,0.06756311655044556,0,0,1,1,1,7448
0,Phoenix/Phoenix_0000325_2015_06_021_33.42581825948063_-112.0850365007273_45x-7DRlWxNEN6e5y5VxUA.jpg,Phoenix:325,fused,random,0,-35,35,True,,5460,5,1831550947608713899,38,7448,0.1484375,0.11053955554962158,0.04724079370498657,0.4557231664657593,0.3855040669441223,0.3451836109161377,0.33826327323913574,1,1,0.06329876184463501,0.15116667747497559,0.07021909952163696,0,0,1,1,1,7448
0,Phoenix/Phoenix_0000325_2015_06_021_33.42581825948063_-112.0850365007273_45x-7DRlWxNEN6e5y5VxUA.jpg,Phoenix:325,fused,random,1,29,29,True,,5460,5,1831550947608713899,38,7448,0.1484375,0.11053955554962158,0.14667797088623047,0.4557231664657593,0.3997423052787781,0.3451836109161377,0.2530643343925476,1,1,-0.03613841533660889,0.3168834447860718,0.0559808611869812,0,0,1,1,1,7448
0,Phoenix/Phoenix_0000325_2015_06_021_33.42581825948063_-112.0850365007273_45x-7DRlWxNEN6e5y5VxUA.jpg,Phoenix:325,fused,random,2,11,39,True,,5460,5,1831550947608713899,38,7448,0.1484375,0.11053955554962158,0.08656638860702515,0.4557231664657593,0.35794395208358765,0.3451836109161377,0.2713775634765625,1,1,0.023973166942596436,0.38758474588394165,0.09777921438217163,0,0,1,1,1,7448
0,Phoenix/Phoenix_0000325_2015_06_021_33.42581825948063_-112.0850365007273_45x-7DRlWxNEN6e5y5VxUA.jpg,Phoenix:325,fused,random,3,70,18,True,,5460,5,1831550947608713899,38,7448,0.1484375,0.11053955554962158,0.13313895463943481,0.4557231664657593,0.4709499478340149,0.3451836109161377,0.3378109931945801,1,1,-0.022599399089813232,0.06642675399780273,-0.015226781368255615,0,0,1,1,1,7448
0,Phoenix/Phoenix_0000325_2015_06_021_33.42581825948063_-112.0850365007273_45x-7DRlWxNEN6e5y5VxUA.jpg,Phoenix:325,fused,random,4,43,40,True,,5460,5,1831550947608713899,38,7448,0.1484375,0.11053955554962158,0.12706312537193298,0.4557231664657593,0.42369332909584045,0.3451836109161377,0.29663020372390747,1,1,-0.0165235698223114,0.23731297254562378,0.03202983736991882,0,0,1,1,1,7448
1,Phoenix/Phoenix_0005556_2009_04_271_33.47930167292864_-112.0379044065707_5vpTbxl6c_TjHL9dqfoekQ.jpg,Phoenix:5556,attention,clean,-1,0,0,True,,3248,5,1009142091850815525,38,7448,0.1484375,0.31144022941589355,0.31144022941589355,0.6820271015167236,0.6820271015167236,0.3705868721008301,0.3705868721008301,1,1,0.0,0.0,0.0,0,0,1,1,1,0
1,Phoenix/Phoenix_0005556_2009_04_271_33.47930167292864_-112.0379044065707_5vpTbxl6c_TjHL9dqfoekQ.jpg,Phoenix:5556,fused,clean,-1,0,0,True,,5642,5,3366360286495844360,38,7448,0.1484375,0.31144022941589355,0.31144022941589355,0.6820271015167236,0.6820271015167236,0.3705868721008301,0.3705868721008301,1,1,0.0,0.0,0.0,0,0,1,1,1,0
1,Phoenix/Phoenix_0005556_2009_04_271_33.47930167292864_-112.0379044065707_5vpTbxl6c_TjHL9dqfoekQ.jpg,Phoenix:5556,attention,targeted,-1,0,0,True,,3248,5,1009142091850815525,38,7448,0.1484375,0.31144022941589355,0.29901546239852905,0.6820271015167236,0.648108720779419,0.3705868721008301,0.3490932583808899,1,1,0.012424767017364502,0.14934509992599487,0.03391838073730469,0,0,1,1,1,7448
1,Phoenix/Phoenix_0005556_2009_04_271_33.47930167292864_-112.0379044065707_5vpTbxl6c_TjHL9dqfoekQ.jpg,Phoenix:5556,attention,random,0,26,6,True,,3248,5,1009142091850815525,38,7448,0.1484375,0.31144022941589355,0.2954840660095215,0.6820271015167236,0.6634103059768677,0.3705868721008301,0.3679262399673462,1,1,0.01595616340637207,0.13289451599121094,0.018616795539855957,0,0,1,1,1,7448
1,Phoenix/Phoenix_0005556_2009_04_271_33.47930167292864_-112.0379044065707_5vpTbxl6c_TjHL9dqfoekQ.jpg,Phoenix:5556,attention,random,1,5,30,True,,3248,5,1009142091850815525,38,7448,0.1484375,0.31144022941589355,0.2825026512145996,0.6820271015167236,0.6286306381225586,0.3705868721008301,0.346127986907959,1,1,0.028937578201293945,0.153184711933136,0.05339646339416504,0,0,1,1,1,7448
1,Phoenix/Phoenix_0005556_2009_04_271_33.47930167292864_-112.0379044065707_5vpTbxl6c_TjHL9dqfoekQ.jpg,Phoenix:5556,attention,random,2,4,11,True,,3248,5,1009142091850815525,38,7448,0.1484375,0.31144022941589355,0.307420939207077,0.6820271015167236,0.6309477090835571,0.3705868721008301,0.3235267698764801,1,1,0.004019290208816528,0.19791418313980103,0.051079392433166504,0,0,1,1,1,7448
1,Phoenix/Phoenix_0005556_2009_04_271_33.47930167292864_-112.0379044065707_5vpTbxl6c_TjHL9dqfoekQ.jpg,Phoenix:5556,attention,random,3,55,30,True,,3248,5,1009142091850815525,38,7448,0.1484375,0.31144022941589355,0.2837854027748108,0.6820271015167236,0.6644482016563416,0.3705868721008301,0.38066279888153076,1,1,0.027654826641082764,0.10115480422973633,0.01757889986038208,0,0,1,1,1,7448
1,Phoenix/Phoenix_0005556_2009_04_271_33.47930167292864_-112.0379044065707_5vpTbxl6c_TjHL9dqfoekQ.jpg,Phoenix:5556,attention,random,4,10,49,True,,3248,5,1009142091850815525,38,7448,0.1484375,0.31144022941589355,0.29454755783081055,0.6820271015167236,0.6316611766815186,0.3705868721008301,0.337113618850708,1,1,0.016892671585083008,0.13023412227630615,0.05036592483520508,0,0,1,1,1,7448
1,Phoenix/Phoenix_0005556_2009_04_271_33.47930167292864_-112.0379044065707_5vpTbxl6c_TjHL9dqfoekQ.jpg,Phoenix:5556,fused,targeted,-1,0,0,True,,5642,5,3366360286495844360,38,7448,0.1484375,0.31144022941589355,0.3041543960571289,0.6820271015167236,0.6309313774108887,0.3705868721008301,0.32677698135375977,1,1,0.0072858333587646484,0.12932950258255005,0.05109572410583496,0,0,1,1,1,7448
1,Phoenix/Phoenix_0005556_2009_04_271_33.47930167292864_-112.0379044065707_5vpTbxl6c_TjHL9dqfoekQ.jpg,Phoenix:5556,fused,random,0,7,-29,True,,5642,5,3366360286495844360,38,7448,0.1484375,0.31144022941589355,0.3188275694847107,0.6820271015167236,0.6590706706047058,0.3705868721008301,0.3402431011199951,1,1,-0.007387340068817139,0.12158465385437012,0.022956430912017822,0,0,1,1,1,7448
1,Phoenix/Phoenix_0005556_2009_04_271_33.47930167292864_-112.0379044065707_5vpTbxl6c_TjHL9dqfoekQ.jpg,Phoenix:5556,fused,random,1,41,-11,True,,5642,5,3366360286495844360,38,7448,0.1484375,0.31144022941589355,0.3068693280220032,0.6820271015167236,0.646454930305481,0.3705868721008301,0.3395856022834778,1,1,0.004570901393890381,0.08089196681976318,0.035572171211242676,0,0,1,1,1,7448
1,Phoenix/Phoenix_0005556_2009_04_271_33.47930167292864_-112.0379044065707_5vpTbxl6c_TjHL9dqfoekQ.jpg,Phoenix:5556,fused,random,2,22,0,True,,5642,5,3366360286495844360,38,7448,0.1484375,0.31144022941589355,0.30071815848350525,0.6820271015167236,0.6436600089073181,0.3705868721008301,0.34294185042381287,1,1,0.010722070932388306,0.12167966365814209,0.03836709260940552,0,0,1,1,1,7448
1,Phoenix/Phoenix_0005556_2009_04_271_33.47930167292864_-112.0379044065707_5vpTbxl6c_TjHL9dqfoekQ.jpg,Phoenix:5556,fused,random,3,23,-14,True,,5642,5,3366360286495844360,38,7448,0.1484375,0.31144022941589355,0.3268669843673706,0.6820271015167236,0.6565077304840088,0.3705868721008301,0.3296407461166382,1,1,-0.01542675495147705,0.11026054620742798,0.025519371032714844,0,0,1,1,1,7448
1,Phoenix/Phoenix_0005556_2009_04_271_33.47930167292864_-112.0379044065707_5vpTbxl6c_TjHL9dqfoekQ.jpg,Phoenix:5556,fused,random,4,14,-33,True,,5642,5,3366360286495844360,38,7448,0.1484375,0.31144022941589355,0.3336033225059509,0.6820271015167236,0.6837192177772522,0.3705868721008301,0.35011589527130127,1,1,-0.022163093090057373,0.0893431305885315,-0.0016921162605285645,0,0,1,1,1,7448
1,Rome/Rome_0002322_2020_09_206_41.90414397804343_12.50668424079407_30YSM08CpegQ-aKwG6pKjg.jpg,Rome:2322,attention,clean,-1,0,0,True,,2870,5,2522220574792232814,38,7448,0.1484375,0.23039425909519196,0.23039425909519196,0.4354199469089508,0.4354199469089508,0.20502568781375885,0.20502568781375885,1,1,0.0,0.0,0.0,0,0,1,1,1,0
1,Rome/Rome_0002322_2020_09_206_41.90414397804343_12.50668424079407_30YSM08CpegQ-aKwG6pKjg.jpg,Rome:2322,fused,clean,-1,0,0,True,,2870,5,1439580900423909698,38,7448,0.1484375,0.23039425909519196,0.23039425909519196,0.4354199469089508,0.4354199469089508,0.20502568781375885,0.20502568781375885,1,1,0.0,0.0,0.0,0,0,1,1,1,0
1,Rome/Rome_0002322_2020_09_206_41.90414397804343_12.50668424079407_30YSM08CpegQ-aKwG6pKjg.jpg,Rome:2322,attention,targeted,-1,0,0,True,,2870,5,2522220574792232814,38,7448,0.1484375,0.23039425909519196,0.18847236037254333,0.4354199469089508,0.35577037930488586,0.20502568781375885,0.16729801893234253,1,1,0.04192189872264862,0.33421021699905396,0.07964956760406494,0,0,1,1,1,7448
1,Rome/Rome_0002322_2020_09_206_41.90414397804343_12.50668424079407_30YSM08CpegQ-aKwG6pKjg.jpg,Rome:2322,attention,random,0,-20,-17,True,,2870,5,2522220574792232814,38,7448,0.1484375,0.23039425909519196,0.21751433610916138,0.4354199469089508,0.3789072036743164,0.20502568781375885,0.16139286756515503,1,1,0.012879922986030579,0.26178789138793945,0.0565127432346344,0,0,1,1,1,7448
1,Rome/Rome_0002322_2020_09_206_41.90414397804343_12.50668424079407_30YSM08CpegQ-aKwG6pKjg.jpg,Rome:2322,attention,random,1,-34,-11,True,,2870,5,2522220574792232814,38,7448,0.1484375,0.23039425909519196,0.19332511723041534,0.4354199469089508,0.3759872317314148,0.20502568781375885,0.18266211450099945,1,1,0.03706914186477661,0.23025107383728027,0.05943271517753601,0,0,1,1,1,7448
1,Rome/Rome_0002322_2020_09_206_41.90414397804343_12.50668424079407_30YSM08CpegQ-aKwG6pKjg.jpg,Rome:2322,attention,random,2,-29,-8,True,,2870,5,2522220574792232814,38,7448,0.1484375,0.23039425909519196,0.22800865769386292,0.4354199469089508,0.4038197100162506,0.20502568781375885,0.1758110523223877,1,1,0.0023856014013290405,0.22652071714401245,0.031600236892700195,0,0,1,1,1,7448
1,Rome/Rome_0002322_2020_09_206_41.90414397804343_12.50668424079407_30YSM08CpegQ-aKwG6pKjg.jpg,Rome:2322,attention,random,3,47,-27,True,,2870,5,2522220574792232814,38,7448,0.1484375,0.23039425909519196,0.21480463445186615,0.4354199469089508,0.42950743436813354,0.20502568781375885,0.2147027999162674,1,1,0.015589624643325806,0.11639219522476196,0.005912512540817261,0,0,1,1,1,7448
1,Rome/Rome_0002322_2020_09_206_41.90414397804343_12.50668424079407_30YSM08CpegQ-aKwG6pKjg.jpg,Rome:2322,attention,random,4,53,-21,True,,2870,5,2522220574792232814,38,7448,0.1484375,0.23039425909519196,0.2103266417980194,0.4354199469089508,0.4081307649612427,0.20502568781375885,0.19780412316322327,1,1,0.020067617297172546,0.1452350616455078,0.02728918194770813,0,0,1,1,1,7448
1,Rome/Rome_0002322_2020_09_206_41.90414397804343_12.50668424079407_30YSM08CpegQ-aKwG6pKjg.jpg,Rome:2322,fused,targeted,-1,0,0,True,,2870,5,1439580900423909698,38,7448,0.1484375,0.23039425909519196,0.20411831140518188,0.4354199469089508,0.3675805926322937,0.20502568781375885,0.16346228122711182,1,1,0.02627594769001007,0.3299335837364197,0.0678393542766571,0,0,1,1,1,7448
1,Rome/Rome_0002322_2020_09_206_41.90414397804343_12.50668424079407_30YSM08CpegQ-aKwG6pKjg.jpg,Rome:2322,fused,random,0,-18,-16,True,,2870,5,1439580900423909698,38,7448,0.1484375,0.23039425909519196,0.2175697684288025,0.4354199469089508,0.3845272362232208,0.20502568781375885,0.16695746779441833,1,1,0.012824490666389465,0.2624744176864624,0.05089271068572998,0,0,1,1,1,7448
1,Rome/Rome_0002322_2020_09_206_41.90414397804343_12.50668424079407_30YSM08CpegQ-aKwG6pKjg.jpg,Rome:2322,fused,random,1,26,-25,True,,2870,5,1439580900423909698,38,7448,0.1484375,0.23039425909519196,0.2524729073047638,0.4354199469089508,0.43426966667175293,0.20502568781375885,0.18179675936698914,1,1,-0.02207864820957184,0.1838231086730957,0.001150280237197876,0,0,1,1,1,7448
1,Rome/Rome_0002322_2020_09_206_41.90414397804343_12.50668424079407_30YSM08CpegQ-aKwG6pKjg.jpg,Rome:2322,fused,random,2,14,-15,True,,2870,5,1439580900423909698,38,7448,0.1484375,0.23039425909519196,0.255182683467865,0.4354199469089508,0.41720902919769287,0.20502568781375885,0.16202634572982788,1,1,-0.024788424372673035,0.2778506278991699,0.018210917711257935,0,0,1,1,1,7448
1,Rome/Rome_0002322_2020_09_206_41.90414397804343_12.50668424079407_30YSM08CpegQ-aKwG6pKjg.jpg,Rome:2322,fused,random,3,-2,-28,True,,2870,5,1439580900423909698,38,7448,0.1484375,0.23039425909519196,0.24701973795890808,0.4354199469089508,0.41707929968833923,0.20502568781375885,0.17005956172943115,1,1,-0.016625478863716125,0.21791410446166992,0.018340647220611572,0,0,1,1,1,7448
1,Rome/Rome_0002322_2020_09_206_41.90414397804343_12.50668424079407_30YSM08CpegQ-aKwG6pKjg.jpg,Rome:2322,fused,random,4,-24,-10,True,,2870,5,1439580900423909698,38,7448,0.1484375,0.23039425909519196,0.2213183045387268,0.4354199469089508,0.3908601701259613,0.20502568781375885,0.1695418655872345,1,1,0.009075954556465149,0.28994810581207275,0.0445597767829895,0,0,1,1,1,7448
1,Miami/Miami_0001396_2018_04_116_25.74180569451551_-80.28432920772919_0ByBlRPYNF4yHQ47sFy7nQ.jpg,Miami:1396,attention,clean,-1,0,0,True,,10010,5,3236916950231879219,38,7448,0.1484375,0.26390060782432556,0.26390060782432556,0.5661547183990479,0.5661547183990479,0.3022541105747223,0.3022541105747223,1,1,0.0,0.0,0.0,0,0,1,1,1,0
1,Miami/Miami_0001396_2018_04_116_25.74180569451551_-80.28432920772919_0ByBlRPYNF4yHQ47sFy7nQ.jpg,Miami:1396,fused,clean,-1,0,0,True,,11984,5,6147470899961672920,38,7448,0.1484375,0.26390060782432556,0.26390060782432556,0.5661547183990479,0.5661547183990479,0.3022541105747223,0.3022541105747223,1,1,0.0,0.0,0.0,0,0,1,1,1,0
1,Miami/Miami_0001396_2018_04_116_25.74180569451551_-80.28432920772919_0ByBlRPYNF4yHQ47sFy7nQ.jpg,Miami:1396,attention,targeted,-1,0,0,True,,10010,5,3236916950231879219,38,7448,0.1484375,0.26390060782432556,0.21791142225265503,0.5661547183990479,0.4843030571937561,0.3022541105747223,0.2663916349411011,1,1,0.04598918557167053,0.27701008319854736,0.08185166120529175,0,0,1,1,1,7448
1,Miami/Miami_0001396_2018_04_116_25.74180569451551_-80.28432920772919_0ByBlRPYNF4yHQ47sFy7nQ.jpg,Miami:1396,attention,random,0,33,-35,True,,10010,5,3236916950231879219,38,7448,0.1484375,0.26390060782432556,0.24003085494041443,0.5661547183990479,0.5028469562530518,0.3022541105747223,0.26281610131263733,1,1,0.023869752883911133,0.24094462394714355,0.0633077621459961,0,0,1,1,1,7448
1,Miami/Miami_0001396_2018_04_116_25.74180569451551_-80.28432920772919_0ByBlRPYNF4yHQ47sFy7nQ.jpg,Miami:1396,attention,random,1,-34,-23,True,,10010,5,3236916950231879219,38,7448,0.1484375,0.26390060782432556,0.1420271396636963,0.5661547183990479,0.4679960608482361,0.3022541105747223,0.3259689211845398,1,1,0.12187346816062927,0.2255784273147583,0.09815865755081177,0,0,1,1,1,7448
1,Miami/Miami_0001396_2018_04_116_25.74180569451551_-80.28432920772919_0ByBlRPYNF4yHQ47sFy7nQ.jpg,Miami:1396,attention,random,2,52,-37,True,,10010,5,3236916950231879219,38,7448,0.1484375,0.26390060782432556,0.2769899070262909,0.5661547183990479,0.5546101331710815,0.3022541105747223,0.27762022614479065,1,1,-0.013089299201965332,0.1193094253540039,0.011544585227966309,0,0,1,1,1,7448
1,Miami/Miami_0001396_2018_04_116_25.74180569451551_-80.28432920772919_0ByBlRPYNF4yHQ47sFy7nQ.jpg,Miami:1396,attention,random,3,17,-26,True,,10010,5,3236916950231879219,38,7448,0.1484375,0.26390060782432556,0.17577001452445984,0.5661547183990479,0.45501968264579773,0.3022541105747223,0.2792496681213379,1,1,0.08813059329986572,0.28244471549987793,0.11113503575325012,0,0,1,1,1,7448
1,Miami/Miami_0001396_2018_04_116_25.74180569451551_-80.28432920772919_0ByBlRPYNF4yHQ47sFy7nQ.jpg,Miami:1396,attention,random,4,10,4,True,,10010,5,3236916950231879219,38,7448,0.1484375,0.26390060782432556,0.18821370601654053,0.5661547183990479,0.45218420028686523,0.3022541105747223,0.2639704942703247,1,1,0.07568690180778503,0.31502705812454224,0.11397051811218262,0,0,1,1,1,7448
1,Miami/Miami_0001396_2018_04_116_25.74180569451551_-80.28432920772919_0ByBlRPYNF4yHQ47sFy7nQ.jpg,Miami:1396,fused,targeted,-1,0,0,True,,11984,5,6147470899961672920,38,7448,0.1484375,0.26390060782432556,0.19696137309074402,0.5661547183990479,0.46454399824142456,0.3022541105747223,0.26758262515068054,1,1,0.06693923473358154,0.28913652896881104,0.10161072015762329,0,0,1,1,1,7448
1,Miami/Miami_0001396_2018_04_116_25.74180569451551_-80.28432920772919_0ByBlRPYNF4yHQ47sFy7nQ.jpg,Miami:1396,fused,random,0,-1,6,True,,11984,5,6147470899961672920,38,7448,0.1484375,0.26390060782432556,0.18955755233764648,0.5661547183990479,0.4589763879776001,0.3022541105747223,0.2694188356399536,1,1,0.07434305548667908,0.281324565410614,0.10717833042144775,0,0,1,1,1,7448
1,Miami/Miami_0001396_2018_04_116_25.74180569451551_-80.28432920772919_0ByBlRPYNF4yHQ47sFy7nQ.jpg,Miami:1396,fused,random,1,-71,-45,True,,11984,5,6147470899961672920,38,7448,0.1484375,0.26390060782432556,0.27453112602233887,0.5661547183990479,0.5271553993225098,0.3022541105747223,0.2526242733001709,1,1,-0.010630518198013306,0.1044580340385437,0.038999319076538086,0,0,1,1,1,7448
1,Miami/Miami_0001396_2018_04_116_25.74180569451551_-80.28432920772919_0ByBlRPYNF4yHQ47sFy7nQ.jpg,Miami:1396,fused,random,2,55,11,True,,11984,5,6147470899961672920,38,7448,0.1484375,0.26390060782432556,0.2460418939590454,0.5661547183990479,0.5291350483894348,0.3022541105747223,0.2830931544303894,1,1,0.01785871386528015,0.10499387979507446,0.03701967000961304,0,0,1,1,1,7448
1,Miami/Miami_0001396_2018_04_116_25.74180569451551_-80.28432920772919_0ByBlRPYNF4yHQ47sFy7nQ.jpg,Miami:1396,fused,random,3,41,-19,True,,11984,5,6147470899961672920,38,7448,0.1484375,0.26390060782432556,0.24537891149520874,0.5661547183990479,0.5357034206390381,0.3022541105747223,0.29032450914382935,1,1,0.01852169632911682,0.16145825386047363,0.030451297760009766,0,0,1,1,1,7448
1,Miami/Miami_0001396_2018_04_116_25.74180569451551_-80.28432920772919_0ByBlRPYNF4yHQ47sFy7nQ.jpg,Miami:1396,fused,random,4,-23,19,True,,11984,5,6147470899961672920,38,7448,0.1484375,0.26390060782432556,0.1908561885356903,0.5661547183990479,0.4435616433620453,0.3022541105747223,0.252705454826355,1,1,0.07304441928863525,0.32033759355545044,0.12259307503700256,0,0,1,1,1,7448
1,BuenosAires/BuenosAires_0000297_2016_10_428_-34.61652537485935_-58.40848909044821_ssL5FkI4IJVJvP9bnQUa8A.jpg,BuenosAires:297,attention,clean,-1,0,0,True,,11186,5,9046432827596880075,38,7448,0.1484375,0.1700727641582489,0.1700727641582489,0.3958747088909149,0.3958747088909149,0.22580194473266602,0.22580194473266602,1,1,0.0,0.0,0.0,0,0,1,1,1,0
1,BuenosAires/BuenosAires_0000297_2016_10_428_-34.61652537485935_-58.40848909044821_ssL5FkI4IJVJvP9bnQUa8A.jpg,BuenosAires:297,fused,clean,-1,0,0,True,,9800,5,8047537831187100537,38,7448,0.1484375,0.1700727641582489,0.1700727641582489,0.3958747088909149,0.3958747088909149,0.22580194473266602,0.22580194473266602,1,1,0.0,0.0,0.0,0,0,1,1,1,0
1,BuenosAires/BuenosAires_0000297_2016_10_428_-34.61652537485935_-58.40848909044821_ssL5FkI4IJVJvP9bnQUa8A.jpg,BuenosAires:297,attention,targeted,-1,0,0,True,,11186,5,9046432827596880075,38,7448,0.1484375,0.1700727641582489,0.13450652360916138,0.3958747088909149,0.34906673431396484,0.22580194473266602,0.21456021070480347,1,1,0.035566240549087524,0.21822643280029297,0.04680797457695007,0,0,1,1,1,7448
1,BuenosAires/BuenosAires_0000297_2016_10_428_-34.61652537485935_-58.40848909044821_ssL5FkI4IJVJvP9bnQUa8A.jpg,BuenosAires:297,attention,random,0,30,74,True,,11186,5,9046432827596880075,38,7448,0.1484375,0.1700727641582489,0.11947724223136902,0.3958747088909149,0.36224091053009033,0.22580194473266602,0.2427636682987213,1,1,0.05059552192687988,0.22073882818222046,0.033633798360824585,0,0,1,1,1,7448
1,BuenosAires/BuenosAires_0000297_2016_10_428_-34.61652537485935_-58.40848909044821_ssL5FkI4IJVJvP9bnQUa8A.jpg,BuenosAires:297,attention,random,1,-5,11,True,,11186,5,9046432827596880075,38,7448,0.1484375,0.1700727641582489,0.1301196813583374,0.3958747088909149,0.3614424765110016,0.22580194473266602,0.23132279515266418,1,1,0.0399530827999115,0.1948338747024536,0.03443223237991333,0,0,1,1,1,7448
1,BuenosAires/BuenosAires_0000297_2016_10_428_-34.61652537485935_-58.40848909044821_ssL5FkI4IJVJvP9bnQUa8A.jpg,BuenosAires:297,attention,random,2,19,4,True,,11186,5,9046432827596880075,38,7448,0.1484375,0.1700727641582489,0.07744592428207397,0.3958747088909149,0.2936732769012451,0.22580194473266602,0.21622735261917114,1,1,0.09262683987617493,0.27615034580230713,0.1022014319896698,0,0,1,1,1,7448
1,BuenosAires/BuenosAires_0000297_2016_10_428_-34.61652537485935_-58.40848909044821_ssL5FkI4IJVJvP9bnQUa8A.jpg,BuenosAires:297,attention,random,3,30,31,True,,11186,5,9046432827596880075,38,7448,0.1484375,0.1700727641582489,0.13092811405658722,0.3958747088909149,0.3437988758087158,0.22580194473266602,0.2128707617521286,1,1,0.03914465010166168,0.1883772611618042,0.0520758330821991,0,0,1,1,1,7448
1,BuenosAires/BuenosAires_0000297_2016_10_428_-34.61652537485935_-58.40848909044821_ssL5FkI4IJVJvP9bnQUa8A.jpg,BuenosAires:297,attention,random,4,-10,103,True,,11186,5,9046432827596880075,38,7448,0.1484375,0.1700727641582489,0.1008135974407196,0.3958747088909149,0.3583965003490448,0.22580194473266602,0.2575829029083252,1,1,0.0692591667175293,0.20074129104614258,0.03747820854187012,0,0,1,1,1,7448
1,BuenosAires/BuenosAires_0000297_2016_10_428_-34.61652537485935_-58.40848909044821_ssL5FkI4IJVJvP9bnQUa8A.jpg,BuenosAires:297,fused,targeted,-1,0,0,True,,9800,5,8047537831187100537,38,7448,0.1484375,0.1700727641582489,0.1267664134502411,0.3958747088909149,0.342446506023407,0.22580194473266602,0.2156800925731659,1,1,0.04330635070800781,0.25204527378082275,0.053428202867507935,0,0,1,1,1,7448
1,BuenosAires/BuenosAires_0000297_2016_10_428_-34.61652537485935_-58.40848909044821_ssL5FkI4IJVJvP9bnQUa8A.jpg,BuenosAires:297,fused,random,0,41,-21,True,,9800,5,8047537831187100537,38,7448,0.1484375,0.1700727641582489,0.103493332862854,0.3958747088909149,0.3122066259384155,0.22580194473266602,0.20871329307556152,1,1,0.0665794312953949,0.20399326086044312,0.08366808295249939,0,0,1,1,1,7448
1,BuenosAires/BuenosAires_0000297_2016_10_428_-34.61652537485935_-58.40848909044821_ssL5FkI4IJVJvP9bnQUa8A.jpg,BuenosAires:297,fused,random,1,42,-34,True,,9800,5,8047537831187100537,38,7448,0.1484375,0.1700727641582489,0.0720556378364563,0.3958747088909149,0.31292524933815,0.22580194473266602,0.24086961150169373,1,1,0.0980171263217926,0.20014071464538574,0.08294945955276489,0,0,1,1,1,7448
1,BuenosAires/BuenosAires_0000297_2016_10_428_-34.61652537485935_-58.40848909044821_ssL5FkI4IJVJvP9bnQUa8A.jpg,BuenosAires:297,fused,random,2,27,-55,True,,9800,5,8047537831187100537,38,7448,0.1484375,0.1700727641582489,0.07811680436134338,0.3958747088909149,0.3114781379699707,0.22580194473266602,0.23336133360862732,1,1,0.09195595979690552,0.1992274522781372,0.08439657092094421,0,0,1,1,1,7448
1,BuenosAires/BuenosAires_0000297_2016_10_428_-34.61652537485935_-58.40848909044821_ssL5FkI4IJVJvP9bnQUa8A.jpg,BuenosAires:297,fused,random,3,23,-56,True,,9800,5,8047537831187100537,38,7448,0.1484375,0.1700727641582489,0.071022167801857,0.3958747088909149,0.2931910455226898,0.22580194473266602,0.22216887772083282,1,1,0.0990505963563919,0.22982299327850342,0.1026836633682251,0,0,1,1,1,7448
1,BuenosAires/BuenosAires_0000297_2016_10_428_-34.61652537485935_-58.40848909044821_ssL5FkI4IJVJvP9bnQUa8A.jpg,BuenosAires:297,fused,random,4,33,-52,True,,9800,5,8047537831187100537,38,7448,0.1484375,0.1700727641582489,0.0732060968875885,0.3958747088909149,0.3161929249763489,0.22580194473266602,0.24298682808876038,1,1,0.0968666672706604,0.2061084508895874,0.07968178391456604,0,0,1,1,1,7448
1,BuenosAires/BuenosAires_0001247_2016_11_463_-34.58180590773821_-58.39880540419779_rttMoDn2b4n1aI8kmbpVLA.jpg,BuenosAires:1247,attention,clean,-1,0,0,True,,11186,5,2790534313019810560,38,7448,0.1484375,0.093381866812706,0.093381866812706,0.2654889225959778,0.2654889225959778,0.1721070557832718,0.1721070557832718,1,1,0.0,0.0,0.0,0,0,1,1,1,0
1,BuenosAires/BuenosAires_0001247_2016_11_463_-34.58180590773821_-58.39880540419779_rttMoDn2b4n1aI8kmbpVLA.jpg,BuenosAires:1247,fused,clean,-1,0,0,True,,11186,5,5258362728082832314,38,7448,0.1484375,0.093381866812706,0.093381866812706,0.2654889225959778,0.2654889225959778,0.1721070557832718,0.1721070557832718,1,1,0.0,0.0,0.0,0,0,1,1,1,0
1,BuenosAires/BuenosAires_0001247_2016_11_463_-34.58180590773821_-58.39880540419779_rttMoDn2b4n1aI8kmbpVLA.jpg,BuenosAires:1247,attention,targeted,-1,0,0,True,,11186,5,2790534313019810560,38,7448,0.1484375,0.093381866812706,0.08225947618484497,0.2654889225959778,0.26005327701568604,0.1721070557832718,0.17779380083084106,1,1,0.011122390627861023,0.32542240619659424,0.005435645580291748,0,0,1,1,1,7448
1,BuenosAires/BuenosAires_0001247_2016_11_463_-34.58180590773821_-58.39880540419779_rttMoDn2b4n1aI8kmbpVLA.jpg,BuenosAires:1247,attention,random,0,97,24,True,,11186,5,2790534313019810560,38,7448,0.1484375,0.093381866812706,0.11333601176738739,0.2654889225959778,0.28141504526138306,0.1721070557832718,0.16807903349399567,1,1,-0.019954144954681396,0.10683494806289673,-0.015926122665405273,0,0,1,1,1,7448
1,BuenosAires/BuenosAires_0001247_2016_11_463_-34.58180590773821_-58.39880540419779_rttMoDn2b4n1aI8kmbpVLA.jpg,BuenosAires:1247,attention,random,1,70,49,True,,11186,5,2790534313019810560,38,7448,0.1484375,0.093381866812706,0.09695042669773102,0.2654889225959778,0.2666087746620178,0.1721070557832718,0.1696583479642868,1,1,-0.0035685598850250244,0.10942649841308594,-0.001119852066040039,0,0,1,1,1,7448
1,BuenosAires/BuenosAires_0001247_2016_11_463_-34.58180590773821_-58.39880540419779_rttMoDn2b4n1aI8kmbpVLA.jpg,BuenosAires:1247,attention,random,2,95,68,True,,11186,5,2790534313019810560,38,7448,0.1484375,0.093381866812706,0.08460547029972076,0.2654889225959778,0.2699003219604492,0.1721070557832718,0.18529485166072845,1,1,0.00877639651298523,0.08781224489212036,-0.0044113993644714355,0,0,1,1,1,7448
1,BuenosAires/BuenosAires_0001247_2016_11_463_-34.58180590773821_-58.39880540419779_rttMoDn2b4n1aI8kmbpVLA.jpg,BuenosAires:1247,attention,random,3,36,43,True,,11186,5,2790534313019810560,38,7448,0.1484375,0.093381866812706,0.10513420403003693,0.2654889225959778,0.26880574226379395,0.1721070557832718,0.16367153823375702,1,1,-0.011752337217330933,0.18755602836608887,-0.003316819667816162,0,0,1,1,1,7448
1,BuenosAires/BuenosAires_0001247_2016_11_463_-34.58180590773821_-58.39880540419779_rttMoDn2b4n1aI8kmbpVLA.jpg,BuenosAires:1247,attention,random,4,82,65,True,,11186,5,2790534313019810560,38,7448,0.1484375,0.093381866812706,0.12016759812831879,0.2654889225959778,0.30853649973869324,0.1721070557832718,0.18836890161037445,1,1,-0.026785731315612793,0.10288310050964355,-0.043047577142715454,0,0,1,1,1,7448
1,BuenosAires/BuenosAires_0001247_2016_11_463_-34.58180590773821_-58.39880540419779_rttMoDn2b4n1aI8kmbpVLA.jpg,BuenosAires:1247,fused,targeted,-1,0,0,True,,11186,5,5258362728082832314,38,7448,0.1484375,0.093381866812706,0.07398271560668945,0.2654889225959778,0.27115708589553833,0.1721070557832718,0.19717437028884888,1,1,0.01939915120601654,0.26772594451904297,-0.005668163299560547,0,0,1,1,1,7448
1,BuenosAires/BuenosAires_0001247_2016_11_463_-34.58180590773821_-58.39880540419779_rttMoDn2b4n1aI8kmbpVLA.jpg,BuenosAires:1247,fused,random,0,65,100,True,,11186,5,5258362728082832314,38,7448,0.1484375,0.093381866812706,0.0863080769777298,0.2654889225959778,0.261152446269989,0.1721070557832718,0.17484436929225922,1,1,0.007073789834976196,0.10372447967529297,0.0043364763259887695,0,0,1,1,1,7448
1,BuenosAires/BuenosAires_0001247_2016_11_463_-34.58180590773821_-58.39880540419779_rttMoDn2b4n1aI8kmbpVLA.jpg,BuenosAires:1247,fused,random,1,61,16,True,,11186,5,5258362728082832314,38,7448,0.1484375,0.093381866812706,0.1121968924999237,0.2654889225959778,0.2688746452331543,0.1721070557832718,0.1566777527332306,1,1,-0.018815025687217712,0.16168469190597534,-0.0033857226371765137,0,0,1,1,1,7448
1,BuenosAires/BuenosAires_0001247_2016_11_463_-34.58180590773821_-58.39880540419779_rttMoDn2b4n1aI8kmbpVLA.jpg,BuenosAires:1247,fused,random,2,4,92,True,,11186,5,5258362728082832314,38,7448,0.1484375,0.093381866812706,0.06991568207740784,0.2654889225959778,0.24634811282157898,0.1721070557832718,0.17643243074417114,1,1,0.023466184735298157,0.20068764686584473,0.019140809774398804,0,0,1,1,1,7448
1,BuenosAires/BuenosAires_0001247_2016_11_463_-34.58180590773821_-58.39880540419779_rttMoDn2b4n1aI8kmbpVLA.jpg,BuenosAires:1247,fused,random,3,86,81,True,,11186,5,5258362728082832314,38,7448,0.1484375,0.093381866812706,0.09089730679988861,0.2654889225959778,0.2659754157066345,0.1721070557832718,0.1750781089067459,1,1,0.002484560012817383,0.0881274938583374,-0.0004864931106567383,0,0,1,1,1,7448
1,BuenosAires/BuenosAires_0001247_2016_11_463_-34.58180590773821_-58.39880540419779_rttMoDn2b4n1aI8kmbpVLA.jpg,BuenosAires:1247,fused,random,4,46,56,True,,11186,5,5258362728082832314,38,7448,0.1484375,0.093381866812706,0.09731146693229675,0.2654889225959778,0.2590023875236511,0.1721070557832718,0.16169092059135437,1,1,-0.003929600119590759,0.13933801651000977,0.00648653507232666,0,0,1,1,1,7448
1,MexicoCity/MexicoCity_0000547_2015_01_266_19.42405929995902_-99.18134064792606_DZZOowbIJ4MvNNNkeIhAsg.jpg,MexicoCity:547,attention,clean,-1,0,0,True,,9016,5,8264738841663025682,38,7448,0.1484375,0.19084328413009644,0.19084328413009644,0.5163546800613403,0.5163546800613403,0.3255113959312439,0.3255113959312439,1,1,0.0,0.0,0.0,0,0,1,1,1,0
1,MexicoCity/MexicoCity_0000547_2015_01_266_19.42405929995902_-99.18134064792606_DZZOowbIJ4MvNNNkeIhAsg.jpg,MexicoCity:547,fused,clean,-1,0,0,True,,9016,5,7426804295354750440,38,7448,0.1484375,0.19084328413009644,0.19084328413009644,0.5163546800613403,0.5163546800613403,0.3255113959312439,0.3255113959312439,1,1,0.0,0.0,0.0,0,0,1,1,1,0
1,MexicoCity/MexicoCity_0000547_2015_01_266_19.42405929995902_-99.18134064792606_DZZOowbIJ4MvNNNkeIhAsg.jpg,MexicoCity:547,attention,targeted,-1,0,0,True,,9016,5,8264738841663025682,38,7448,0.1484375,0.19084328413009644,0.14156651496887207,0.5163546800613403,0.4751134514808655,0.3255113959312439,0.3335469365119934,1,1,0.049276769161224365,0.1878591775894165,0.041241228580474854,0,0,1,1,1,7448
1,MexicoCity/MexicoCity_0000547_2015_01_266_19.42405929995902_-99.18134064792606_DZZOowbIJ4MvNNNkeIhAsg.jpg,MexicoCity:547,attention,random,0,9,53,True,,9016,5,8264738841663025682,38,7448,0.1484375,0.19084328413009644,0.1657763123512268,0.5163546800613403,0.49969080090522766,0.3255113959312439,0.33391448855400085,1,1,0.02506697177886963,0.21817052364349365,0.01666387915611267,0,0,1,1,1,7448
1,MexicoCity/MexicoCity_0000547_2015_01_266_19.42405929995902_-99.18134064792606_DZZOowbIJ4MvNNNkeIhAsg.jpg,MexicoCity:547,attention,random,1,-13,57,True,,9016,5,8264738841663025682,38,7448,0.1484375,0.19084328413009644,0.11980709433555603,0.5163546800613403,0.4337485432624817,0.3255113959312439,0.31394144892692566,1,1,0.0710361897945404,0.18012487888336182,0.08260613679885864,0,0,1,1,1,7448
1,MexicoCity/MexicoCity_0000547_2015_01_266_19.42405929995902_-99.18134064792606_DZZOowbIJ4MvNNNkeIhAsg.jpg,MexicoCity:547,attention,random,2,8,9,True,,9016,5,8264738841663025682,38,7448,0.1484375,0.19084328413009644,0.12821626663208008,0.5163546800613403,0.4579285979270935,0.3255113959312439,0.3297123312950134,1,1,0.06262701749801636,0.2349792718887329,0.058426082134246826,0,0,1,1,1,7448
1,MexicoCity/MexicoCity_0000547_2015_01_266_19.42405929995902_-99.18134064792606_DZZOowbIJ4MvNNNkeIhAsg.jpg,MexicoCity:547,attention,random,3,-108,58,True,,9016,5,8264738841663025682,38,7448,0.1484375,0.19084328413009644,0.1563519537448883,0.5163546800613403,0.4805810749530792,0.3255113959312439,0.3242291212081909,1,1,0.03449133038520813,0.07239210605621338,0.03577360510826111,0,0,1,1,1,7448
1,MexicoCity/MexicoCity_0000547_2015_01_266_19.42405929995902_-99.18134064792606_DZZOowbIJ4MvNNNkeIhAsg.jpg,MexicoCity:547,attention,random,4,-47,10,True,,9016,5,8264738841663025682,38,7448,0.1484375,0.19084328413009644,0.11060309410095215,0.5163546800613403,0.41362667083740234,0.3255113959312439,0.3030235767364502,1,1,0.08024019002914429,0.18123137950897217,0.10272800922393799,0,0,1,1,1,7448
1,MexicoCity/MexicoCity_0000547_2015_01_266_19.42405929995902_-99.18134064792606_DZZOowbIJ4MvNNNkeIhAsg.jpg,MexicoCity:547,fused,targeted,-1,0,0,True,,9016,5,7426804295354750440,38,7448,0.1484375,0.19084328413009644,0.14536291360855103,0.5163546800613403,0.48868685960769653,0.3255113959312439,0.3433239459991455,1,1,0.04548037052154541,0.19012731313705444,0.0276678204536438,0,0,1,1,1,7448
1,MexicoCity/MexicoCity_0000547_2015_01_266_19.42405929995902_-99.18134064792606_DZZOowbIJ4MvNNNkeIhAsg.jpg,MexicoCity:547,fused,random,0,-94,18,True,,9016,5,7426804295354750440,38,7448,0.1484375,0.19084328413009644,0.16186988353729248,0.5163546800613403,0.46965402364730835,0.3255113959312439,0.30778414011001587,1,1,0.028973400592803955,0.08172738552093506,0.04670065641403198,0,0,1,1,1,7448
1,MexicoCity/MexicoCity_0000547_2015_01_266_19.42405929995902_-99.18134064792606_DZZOowbIJ4MvNNNkeIhAsg.jpg,MexicoCity:547,fused,random,1,-37,13,True,,9016,5,7426804295354750440,38,7448,0.1484375,0.19084328413009644,0.14496967196464539,0.5163546800613403,0.428678423166275,0.3255113959312439,0.28370875120162964,1,1,0.04587361216545105,0.15952372550964355,0.08767625689506531,0,0,1,1,1,7448
1,MexicoCity/MexicoCity_0000547_2015_01_266_19.42405929995902_-99.18134064792606_DZZOowbIJ4MvNNNkeIhAsg.jpg,MexicoCity:547,fused,random,2,-5,17,True,,9016,5,7426804295354750440,38,7448,0.1484375,0.19084328413009644,0.1566476821899414,0.5163546800613403,0.4809046983718872,0.3255113959312439,0.3242570161819458,1,1,0.03419560194015503,0.22050422430038452,0.035449981689453125,0,0,1,1,1,7448
1,MexicoCity/MexicoCity_0000547_2015_01_266_19.42405929995902_-99.18134064792606_DZZOowbIJ4MvNNNkeIhAsg.jpg,MexicoCity:547,fused,random,3,-2,7,True,,9016,5,7426804295354750440,38,7448,0.1484375,0.19084328413009644,0.16427701711654663,0.5163546800613403,0.4855082631111145,0.3255113959312439,0.32123124599456787,1,1,0.026566267013549805,0.20668292045593262,0.03084641695022583,0,0,1,1,1,7448
1,MexicoCity/MexicoCity_0000547_2015_01_266_19.42405929995902_-99.18134064792606_DZZOowbIJ4MvNNNkeIhAsg.jpg,MexicoCity:547,fused,random,4,-32,1,True,,9016,5,7426804295354750440,38,7448,0.1484375,0.19084328413009644,0.1182796061038971,0.5163546800613403,0.43606653809547424,0.3255113959312439,0.31778693199157715,1,1,0.07256367802619934,0.15030896663665771,0.08028814196586609,0,0,1,1,1,7448
1,MexicoCity/MexicoCity_0000747_2014_11_653_19.43186670707519_-99.18641776793147_KwkMAV_mTO0vpOWlSiFo0w.jpg,MexicoCity:747,attention,clean,-1,0,0,True,,1904,5,5207030386143947940,38,7448,0.1484375,0.2226085364818573,0.2226085364818573,0.42677736282348633,0.42677736282348633,0.20416882634162903,0.20416882634162903,1,1,0.0,0.0,0.0,0,0,1,1,1,0
1,MexicoCity/MexicoCity_0000747_2014_11_653_19.43186670707519_-99.18641776793147_KwkMAV_mTO0vpOWlSiFo0w.jpg,MexicoCity:747,fused,clean,-1,0,0,True,,2114,5,1081424153443982488,38,7448,0.1484375,0.2226085364818573,0.2226085364818573,0.42677736282348633,0.42677736282348633,0.20416882634162903,0.20416882634162903,1,1,0.0,0.0,0.0,0,0,1,1,1,0
1,MexicoCity/MexicoCity_0000747_2014_11_653_19.43186670707519_-99.18641776793147_KwkMAV_mTO0vpOWlSiFo0w.jpg,MexicoCity:747,attention,targeted,-1,0,0,True,,1904,5,5207030386143947940,38,7448,0.1484375,0.2226085364818573,0.1689484417438507,0.42677736282348633,0.4103662967681885,0.20416882634162903,0.24141785502433777,1,1,0.05366009473800659,0.14302915334701538,0.01641106605529785,0,0,1,1,1,7448
1,MexicoCity/MexicoCity_0000747_2014_11_653_19.43186670707519_-99.18641776793147_KwkMAV_mTO0vpOWlSiFo0w.jpg,MexicoCity:747,attention,random,0,-98,-4,True,,1904,5,5207030386143947940,38,7448,0.1484375,0.2226085364818573,0.21084195375442505,0.42677736282348633,0.4305208623409271,0.20416882634162903,0.21967890858650208,1,1,0.011766582727432251,0.11592984199523926,-0.003743499517440796,0,0,1,1,1,7448
1,MexicoCity/MexicoCity_0000747_2014_11_653_19.43186670707519_-99.18641776793147_KwkMAV_mTO0vpOWlSiFo0w.jpg,MexicoCity:747,attention,random,1,-51,0,True,,1904,5,5207030386143947940,38,7448,0.1484375,0.2226085364818573,0.17708544433116913,0.42677736282348633,0.40362054109573364,0.20416882634162903,0.22653509676456451,1,1,0.04552309215068817,0.13763993978500366,0.023156821727752686,0,0,1,1,1,7448
1,MexicoCity/MexicoCity_0000747_2014_11_653_19.43186670707519_-99.18641776793147_KwkMAV_mTO0vpOWlSiFo0w.jpg,MexicoCity:747,attention,random,2,-19,-5,True,,1904,5,5207030386143947940,38,7448,0.1484375,0.2226085364818573,0.1738070398569107,0.42677736282348633,0.3959062695503235,0.20416882634162903,0.22209922969341278,1,1,0.048801496624946594,0.12858104705810547,0.030871093273162842,0,0,1,1,1,7448
1,MexicoCity/MexicoCity_0000747_2014_11_653_19.43186670707519_-99.18641776793147_KwkMAV_mTO0vpOWlSiFo0w.jpg,MexicoCity:747,attention,random,3,-117,-13,True,,1904,5,5207030386143947940,38,7448,0.1484375,0.2226085364818573,0.16609352827072144,0.42677736282348633,0.3858201503753662,0.20416882634162903,0.21972662210464478,1,1,0.056515008211135864,0.17815446853637695,0.04095721244812012,0,0,1,1,1,7448
1,MexicoCity/MexicoCity_0000747_2014_11_653_19.43186670707519_-99.18641776793147_KwkMAV_mTO0vpOWlSiFo0w.jpg,MexicoCity:747,attention,random,4,-9,-13,True,,1904,5,5207030386143947940,38,7448,0.1484375,0.2226085364818573,0.21157412230968475,0.42677736282348633,0.4288021922111511,0.20416882634162903,0.21722806990146637,1,1,0.011034414172172546,0.14662432670593262,-0.002024829387664795,0,0,1,1,1,7448
1,MexicoCity/MexicoCity_0000747_2014_11_653_19.43186670707519_-99.18641776793147_KwkMAV_mTO0vpOWlSiFo0w.jpg,MexicoCity:747,fused,targeted,-1,0,0,True,,2114,5,1081424153443982488,38,7448,0.1484375,0.2226085364818573,0.1644274741411209,0.42677736282348633,0.39912551641464233,0.20416882634162903,0.23469804227352142,1,1,0.05818106234073639,0.16213929653167725,0.027651846408843994,0,0,1,1,1,7448
1,MexicoCity/MexicoCity_0000747_2014_11_653_19.43186670707519_-99.18641776793147_KwkMAV_mTO0vpOWlSiFo0w.jpg,MexicoCity:747,fused,random,0,-71,-8,True,,2114,5,1081424153443982488,38,7448,0.1484375,0.2226085364818573,0.23175139725208282,0.42677736282348633,0.43509507179260254,0.20416882634162903,0.20334367454051971,1,1,-0.009142860770225525,0.10697036981582642,-0.008317708969116211,0,0,1,1,1,7448
1,MexicoCity/MexicoCity_0000747_2014_11_653_19.43186670707519_-99.18641776793147_KwkMAV_mTO0vpOWlSiFo0w.jpg,MexicoCity:747,fused,random,1,-59,-2,True,,2114,5,1081424153443982488,38,7448,0.1484375,0.2226085364818573,0.17346709966659546,0.42677736282348633,0.39174705743789673,0.20416882634162903,0.21827995777130127,1,1,0.04914143681526184,0.10267770290374756,0.0350303053855896,0,0,1,1,1,7448
1,MexicoCity/MexicoCity_0000747_2014_11_653_19.43186670707519_-99.18641776793147_KwkMAV_mTO0vpOWlSiFo0w.jpg,MexicoCity:747,fused,random,2,-133,-13,True,,2114,5,1081424153443982488,38,7448,0.1484375,0.2226085364818573,0.2116614580154419,0.42677736282348633,0.4232388734817505,0.20416882634162903,0.2115774154663086,1,1,0.010947078466415405,0.09663432836532593,0.00353848934173584,0,0,1,1,1,7448
1,MexicoCity/MexicoCity_0000747_2014_11_653_19.43186670707519_-99.18641776793147_KwkMAV_mTO0vpOWlSiFo0w.jpg,MexicoCity:747,fused,random,3,-24,0,True,,2114,5,1081424153443982488,38,7448,0.1484375,0.2226085364818573,0.19278232753276825,0.42677736282348633,0.41262537240982056,0.20416882634162903,0.2198430448770523,1,1,0.02982620894908905,0.11502408981323242,0.014151990413665771,0,0,1,1,1,7448
1,MexicoCity/MexicoCity_0000747_2014_11_653_19.43186670707519_-99.18641776793147_KwkMAV_mTO0vpOWlSiFo0w.jpg,MexicoCity:747,fused,random,4,-10,-11,True,,2114,5,1081424153443982488,38,7448,0.1484375,0.2226085364818573,0.17731738090515137,0.42677736282348633,0.3956896662712097,0.20416882634162903,0.21837228536605835,1,1,0.04529115557670593,0.14751696586608887,0.03108769655227661,0,0,1,1,1,7448
1,Chicago/Chicago_0000010_2018_06_060_41.83751876577746_-87.67836197229565_L4l2bUV5Z-GnCjMKcTVbtA.jpg,Chicago:10,attention,clean,-1,0,0,True,,140,5,4818871505046847495,38,7448,0.1484375,0.0934770405292511,0.0934770405292511,0.48020243644714355,0.48020243644714355,0.38672539591789246,0.38672539591789246,1,1,0.0,0.0,0.0,0,0,1,1,1,0
1,Chicago/Chicago_0000010_2018_06_060_41.83751876577746_-87.67836197229565_L4l2bUV5Z-GnCjMKcTVbtA.jpg,Chicago:10,fused,clean,-1,0,0,True,,126,5,5256550199103976962,38,7448,0.1484375,0.0934770405292511,0.0934770405292511,0.48020243644714355,0.48020243644714355,0.38672539591789246,0.38672539591789246,1,1,0.0,0.0,0.0,0,0,1,1,1,0
1,Chicago/Chicago_0000010_2018_06_060_41.83751876577746_-87.67836197229565_L4l2bUV5Z-GnCjMKcTVbtA.jpg,Chicago:10,attention,targeted,-1,0,0,True,,140,5,4818871505046847495,38,7448,0.1484375,0.0934770405292511,-0.03922876715660095,0.48020243644714355,0.4442089796066284,0.38672539591789246,0.48343774676322937,1,2,0.13270580768585205,0.2654684782028198,0.03599345684051514,1,1,0,1,1,7448
1,Chicago/Chicago_0000010_2018_06_060_41.83751876577746_-87.67836197229565_L4l2bUV5Z-GnCjMKcTVbtA.jpg,Chicago:10,attention,random,0,40,0,True,,140,5,4818871505046847495,38,7448,0.1484375,0.0934770405292511,0.06414419412612915,0.48020243644714355,0.4586586356163025,0.38672539591789246,0.39451444149017334,1,1,0.029332846403121948,0.1642928123474121,0.021543800830841064,0,0,1,1,1,7448
1,Chicago/Chicago_0000010_2018_06_060_41.83751876577746_-87.67836197229565_L4l2bUV5Z-GnCjMKcTVbtA.jpg,Chicago:10,attention,random,1,-8,0,True,,140,5,4818871505046847495,38,7448,0.1484375,0.0934770405292511,-0.07950562238693237,0.48020243644714355,0.4031681418418884,0.38672539591789246,0.4826737642288208,1,2,0.17298266291618347,0.3152017593383789,0.07703429460525513,1,1,0,1,1,7448
1,Chicago/Chicago_0000010_2018_06_060_41.83751876577746_-87.67836197229565_L4l2bUV5Z-GnCjMKcTVbtA.jpg,Chicago:10,attention,random,2,-76,0,True,,140,5,4818871505046847495,38,7448,0.1484375,0.0934770405292511,0.10338428616523743,0.48020243644714355,0.48968377709388733,0.38672539591789246,0.3862994909286499,1,1,-0.009907245635986328,0.029268860816955566,-0.009481340646743774,0,0,1,1,1,7448
1,Chicago/Chicago_0000010_2018_06_060_41.83751876577746_-87.67836197229565_L4l2bUV5Z-GnCjMKcTVbtA.jpg,Chicago:10,attention,random,3,-81,0,True,,140,5,4818871505046847495,38,7448,0.1484375,0.0934770405292511,0.09262898564338684,0.48020243644714355,0.4909486472606659,0.38672539591789246,0.39831966161727905,1,1,0.0008480548858642578,0.028058946132659912,-0.010746210813522339,0,0,1,1,1,7448
1,Chicago/Chicago_0000010_2018_06_060_41.83751876577746_-87.67836197229565_L4l2bUV5Z-GnCjMKcTVbtA.jpg,Chicago:10,attention,random,4,-14,0,True,,140,5,4818871505046847495,38,7448,0.1484375,0.0934770405292511,0.05612412095069885,0.48020243644714355,0.5017403960227966,0.38672539591789246,0.4456162750720978,1,1,0.037352919578552246,0.18994301557540894,-0.021537959575653076,0,0,1,1,1,7448
1,Chicago/Chicago_0000010_2018_06_060_41.83751876577746_-87.67836197229565_L4l2bUV5Z-GnCjMKcTVbtA.jpg,Chicago:10,fused,targeted,-1,0,0,True,,126,5,5256550199103976962,38,7448,0.1484375,0.0934770405292511,-0.0570816695690155,0.48020243644714355,0.42876842617988586,0.38672539591789246,0.48585009574890137,1,2,0.1505587100982666,0.24206292629241943,0.05143401026725769,1,1,0,1,1,7448
1,Chicago/Chicago_0000010_2018_06_060_41.83751876577746_-87.67836197229565_L4l2bUV5Z-GnCjMKcTVbtA.jpg,Chicago:10,fused,random,0,-75,0,True,,126,5,5256550199103976962,38,7448,0.1484375,0.0934770405292511,0.10245460271835327,0.48020243644714355,0.48784297704696655,0.38672539591789246,0.3853883743286133,1,1,-0.008977562189102173,0.034247756004333496,-0.007640540599822998,0,0,1,1,1,7448
1,Chicago/Chicago_0000010_2018_06_060_41.83751876577746_-87.67836197229565_L4l2bUV5Z-GnCjMKcTVbtA.jpg,Chicago:10,fused,random,1,-37,0,True,,126,5,5256550199103976962,38,7448,0.1484375,0.0934770405292511,0.015900105237960815,0.48020243644714355,0.4311317503452301,0.38672539591789246,0.4152316451072693,1,1,0.07757693529129028,0.1750783920288086,0.04907068610191345,0,0,1,1,1,7448
1,Chicago/Chicago_0000010_2018_06_060_41.83751876577746_-87.67836197229565_L4l2bUV5Z-GnCjMKcTVbtA.jpg,Chicago:10,fused,random,2,23,0,True,,126,5,5256550199103976962,38,7448,0.1484375,0.0934770405292511,0.003418445587158203,0.48020243644714355,0.4237276613712311,0.38672539591789246,0.4203092157840729,1,1,0.0900585949420929,0.199266254901886,0.056474775075912476,0,0,1,1,1,7448
1,Chicago/Chicago_0000010_2018_06_060_41.83751876577746_-87.67836197229565_L4l2bUV5Z-GnCjMKcTVbtA.jpg,Chicago:10,fused,random,3,-72,0,True,,126,5,5256550199103976962,38,7448,0.1484375,0.0934770405292511,0.0996633768081665,0.48020243644714355,0.48606014251708984,0.38672539591789246,0.38639676570892334,1,1,-0.006186336278915405,0.03455382585525513,-0.005857706069946289,0,0,1,1,1,7448
1,Chicago/Chicago_0000010_2018_06_060_41.83751876577746_-87.67836197229565_L4l2bUV5Z-GnCjMKcTVbtA.jpg,Chicago:10,fused,random,4,-2,0,True,,126,5,5256550199103976962,38,7448,0.1484375,0.0934770405292511,-0.05474883317947388,0.48020243644714355,0.4145274758338928,0.38672539591789246,0.4692763090133667,1,2,0.14822587370872498,0.25722742080688477,0.06567496061325073,1,1,0,1,1,7448
1,PRG/PRG_0001252_2019_07_258_50.06663473592907_14.4928424006106_ciOfW2OggDE1V_LH7bSO1A.jpg,PRG:1252,attention,clean,-1,0,0,True,,5460,5,3233743001320896540,38,7448,0.1484375,0.23952767252922058,0.23952767252922058,0.5209614038467407,0.5209614038467407,0.28143373131752014,0.28143373131752014,1,1,0.0,0.0,0.0,0,0,1,1,1,0
1,PRG/PRG_0001252_2019_07_258_50.06663473592907_14.4928424006106_ciOfW2OggDE1V_LH7bSO1A.jpg,PRG:1252,fused,clean,-1,0,0,True,,5460,5,1430124997638415104,38,7448,0.1484375,0.23952767252922058,0.23952767252922058,0.5209614038467407,0.5209614038467407,0.28143373131752014,0.28143373131752014,1,1,0.0,0.0,0.0,0,0,1,1,1,0
1,PRG/PRG_0001252_2019_07_258_50.06663473592907_14.4928424006106_ciOfW2OggDE1V_LH7bSO1A.jpg,PRG:1252,attention,targeted,-1,0,0,True,,5460,5,3233743001320896540,38,7448,0.1484375,0.23952767252922058,0.19704779982566833,0.5209614038467407,0.4517313838005066,0.28143373131752014,0.25468358397483826,1,1,0.042479872703552246,0.18560147285461426,0.06923002004623413,0,0,1,1,1,7448
1,PRG/PRG_0001252_2019_07_258_50.06663473592907_14.4928424006106_ciOfW2OggDE1V_LH7bSO1A.jpg,PRG:1252,attention,random,0,61,-4,True,,5460,5,3233743001320896540,38,7448,0.1484375,0.23952767252922058,0.19365879893302917,0.5209614038467407,0.43433642387390137,0.28143373131752014,0.2406776249408722,1,1,0.045868873596191406,0.11944758892059326,0.08662497997283936,0,0,1,1,1,7448
1,PRG/PRG_0001252_2019_07_258_50.06663473592907_14.4928424006106_ciOfW2OggDE1V_LH7bSO1A.jpg,PRG:1252,attention,random,1,-24,-17,True,,5460,5,3233743001320896540,38,7448,0.1484375,0.23952767252922058,0.25430062413215637,0.5209614038467407,0.5020354390144348,0.28143373131752014,0.24773481488227844,1,1,-0.014772951602935791,0.16454589366912842,0.018925964832305908,0,0,1,1,1,7448
1,PRG/PRG_0001252_2019_07_258_50.06663473592907_14.4928424006106_ciOfW2OggDE1V_LH7bSO1A.jpg,PRG:1252,attention,random,2,25,2,True,,5460,5,3233743001320896540,38,7448,0.1484375,0.23952767252922058,0.21601328253746033,0.5209614038467407,0.4680202305316925,0.28143373131752014,0.2520069479942322,1,1,0.023514389991760254,0.19186019897460938,0.05294117331504822,0,0,1,1,1,7448
1,PRG/PRG_0001252_2019_07_258_50.06663473592907_14.4928424006106_ciOfW2OggDE1V_LH7bSO1A.jpg,PRG:1252,attention,random,3,-7,-6,True,,5460,5,3233743001320896540,38,7448,0.1484375,0.23952767252922058,0.2031438946723938,0.5209614038467407,0.45731043815612793,0.28143373131752014,0.25416654348373413,1,1,0.03638377785682678,0.20630419254302979,0.06365096569061279,0,0,1,1,1,7448
1,PRG/PRG_0001252_2019_07_258_50.06663473592907_14.4928424006106_ciOfW2OggDE1V_LH7bSO1A.jpg,PRG:1252,attention,random,4,17,-11,True,,5460,5,3233743001320896540,38,7448,0.1484375,0.23952767252922058,0.20213556289672852,0.5209614038467407,0.46377110481262207,0.28143373131752014,0.26163554191589355,1,1,0.037392109632492065,0.21711111068725586,0.05719029903411865,0,0,1,1,1,7448
1,PRG/PRG_0001252_2019_07_258_50.06663473592907_14.4928424006106_ciOfW2OggDE1V_LH7bSO1A.jpg,PRG:1252,fused,targeted,-1,0,0,True,,5460,5,1430124997638415104,38,7448,0.1484375,0.23952767252922058,0.18635237216949463,0.5209614038467407,0.45741432905197144,0.28143373131752014,0.2710619568824768,1,1,0.05317530035972595,0.2063363790512085,0.06354707479476929,0,0,1,1,1,7448
1,PRG/PRG_0001252_2019_07_258_50.06663473592907_14.4928424006106_ciOfW2OggDE1V_LH7bSO1A.jpg,PRG:1252,fused,random,0,69,-6,True,,5460,5,1430124997638415104,38,7448,0.1484375,0.23952767252922058,0.20714525878429413,0.5209614038467407,0.44942572712898254,0.28143373131752014,0.24228046834468842,1,1,0.03238241374492645,0.09003162384033203,0.07153567671775818,0,0,1,1,1,7448
1,PRG/PRG_0001252_2019_07_258_50.06663473592907_14.4928424006106_ciOfW2OggDE1V_LH7bSO1A.jpg,PRG:1252,fused,random,1,68,-8,True,,5460,5,1430124997638415104,38,7448,0.1484375,0.23952767252922058,0.2060047686100006,0.5209614038467407,0.4468802213668823,0.28143373131752014,0.2408754527568817,1,1,0.03352290391921997,0.07995975017547607,0.0740811824798584,0,0,1,1,1,7448
1,PRG/PRG_0001252_2019_07_258_50.06663473592907_14.4928424006106_ciOfW2OggDE1V_LH7bSO1A.jpg,PRG:1252,fused,random,2,-11,10,True,,5460,5,1430124997638415104,38,7448,0.1484375,0.23952767252922058,0.19800692796707153,0.5209614038467407,0.45038557052612305,0.28143373131752014,0.2523786425590515,1,1,0.04152074456214905,0.21443313360214233,0.07057583332061768,0,0,1,1,1,7448
1,PRG/PRG_0001252_2019_07_258_50.06663473592907_14.4928424006106_ciOfW2OggDE1V_LH7bSO1A.jpg,PRG:1252,fused,random,3,-2,-23,True,,5460,5,1430124997638415104,38,7448,0.1484375,0.23952767252922058,0.21004053950309753,0.5209614038467407,0.47444310784339905,0.28143373131752014,0.2644025683403015,1,1,0.029487133026123047,0.2229626178741455,0.046518296003341675,0,0,1,1,1,7448
1,PRG/PRG_0001252_2019_07_258_50.06663473592907_14.4928424006106_ciOfW2OggDE1V_LH7bSO1A.jpg,PRG:1252,fused,random,4,37,2,True,,5460,5,1430124997638415104,38,7448,0.1484375,0.23952767252922058,0.20890894532203674,0.5209614038467407,0.4602038264274597,0.28143373131752014,0.251294881105423,1,1,0.030618727207183838,0.21229004859924316,0.060757577419281006,0,0,1,1,1,7448
1,Lisbon/Lisbon_0002878_2009_08_166_38.72628004068211_-9.161018867670885_3dlH6pO_qnGGq6yoO1Ediw.jpg,Lisbon:2878,attention,clean,-1,0,0,True,,6062,5,158955742892776233,38,7448,0.1484375,0.15307840704917908,0.15307840704917908,0.33521568775177,0.33521568775177,0.18213728070259094,0.18213728070259094,1,1,0.0,0.0,0.0,0,0,1,1,1,0
1,Lisbon/Lisbon_0002878_2009_08_166_38.72628004068211_-9.161018867670885_3dlH6pO_qnGGq6yoO1Ediw.jpg,Lisbon:2878,fused,clean,-1,0,0,True,,11004,5,9142084605315370668,38,7448,0.1484375,0.15307840704917908,0.15307840704917908,0.33521568775177,0.33521568775177,0.18213728070259094,0.18213728070259094,1,1,0.0,0.0,0.0,0,0,1,1,1,0
1,Lisbon/Lisbon_0002878_2009_08_166_38.72628004068211_-9.161018867670885_3dlH6pO_qnGGq6yoO1Ediw.jpg,Lisbon:2878,attention,targeted,-1,0,0,True,,6062,5,158955742892776233,38,7448,0.1484375,0.15307840704917908,0.06022924184799194,0.33521568775177,0.22674089670181274,0.18213728070259094,0.1665116548538208,1,1,0.09284916520118713,0.4219381809234619,0.10847479104995728,0,0,1,1,1,7448
1,Lisbon/Lisbon_0002878_2009_08_166_38.72628004068211_-9.161018867670885_3dlH6pO_qnGGq6yoO1Ediw.jpg,Lisbon:2878,attention,random,0,68,-3,True,,6062,5,158955742892776233,38,7448,0.1484375,0.15307840704917908,0.12529215216636658,0.33521568775177,0.31517285108566284,0.18213728070259094,0.18988069891929626,1,1,0.0277862548828125,0.08791691064834595,0.020042836666107178,0,0,1,1,1,7448
1,Lisbon/Lisbon_0002878_2009_08_166_38.72628004068211_-9.161018867670885_3dlH6pO_qnGGq6yoO1Ediw.jpg,Lisbon:2878,attention,random,1,-38,0,True,,6062,5,158955742892776233,38,7448,0.1484375,0.15307840704917908,0.11766169965267181,0.33521568775177,0.30527013540267944,0.18213728070259094,0.18760843575000763,1,1,0.03541670739650726,0.13230252265930176,0.029945552349090576,0,0,1,1,1,7448
1,Lisbon/Lisbon_0002878_2009_08_166_38.72628004068211_-9.161018867670885_3dlH6pO_qnGGq6yoO1Ediw.jpg,Lisbon:2878,attention,random,2,28,-18,True,,6062,5,158955742892776233,38,7448,0.1484375,0.15307840704917908,0.11242866516113281,0.33521568775177,0.3080980181694031,0.18213728070259094,0.19566935300827026,1,1,0.040649741888046265,0.23510074615478516,0.027117669582366943,0,0,1,1,1,7448
1,Lisbon/Lisbon_0002878_2009_08_166_38.72628004068211_-9.161018867670885_3dlH6pO_qnGGq6yoO1Ediw.jpg,Lisbon:2878,attention,random,3,34,-14,True,,6062,5,158955742892776233,38,7448,0.1484375,0.15307840704917908,0.09039640426635742,0.33521568775177,0.29114213585853577,0.18213728070259094,0.20074573159217834,1,1,0.06268200278282166,0.2359222173690796,0.04407355189323425,0,0,1,1,1,7448
1,Lisbon/Lisbon_0002878_2009_08_166_38.72628004068211_-9.161018867670885_3dlH6pO_qnGGq6yoO1Ediw.jpg,Lisbon:2878,attention,random,4,-16,-24,True,,6062,5,158955742892776233,38,7448,0.1484375,0.15307840704917908,0.08639255166053772,0.33521568775177,0.26280051469802856,0.18213728070259094,0.17640796303749084,1,1,0.06668585538864136,0.22092342376708984,0.07241517305374146,0,0,1,1,1,7448
1,Lisbon/Lisbon_0002878_2009_08_166_38.72628004068211_-9.161018867670885_3dlH6pO_qnGGq6yoO1Ediw.jpg,Lisbon:2878,fused,targeted,-1,0,0,True,,11004,5,9142084605315370668,38,7448,0.1484375,0.15307840704917908,0.03503312170505524,0.33521568775177,0.207564577460289,0.18213728070259094,0.17253145575523376,1,1,0.11804528534412384,0.3800097703933716,0.12765111029148102,0,0,1,1,1,7448
1,Lisbon/Lisbon_0002878_2009_08_166_38.72628004068211_-9.161018867670885_3dlH6pO_qnGGq6yoO1Ediw.jpg,Lisbon:2878,fused,random,0,1,-62,True,,11004,5,9142084605315370668,38,7448,0.1484375,0.15307840704917908,0.09346096217632294,0.33521568775177,0.2742973566055298,0.18213728070259094,0.18083639442920685,1,1,0.05961744487285614,0.2869924306869507,0.060918331146240234,0,0,1,1,1,7448
1,Lisbon/Lisbon_0002878_2009_08_166_38.72628004068211_-9.161018867670885_3dlH6pO_qnGGq6yoO1Ediw.jpg,Lisbon:2878,fused,random,1,53,-58,True,,11004,5,9142084605315370668,38,7448,0.1484375,0.15307840704917908,0.15045452117919922,0.33521568775177,0.3386204242706299,0.18213728070259094,0.18816590309143066,1,1,0.0026238858699798584,0.16281092166900635,-0.0034047365188598633,0,0,1,1,1,7448
1,Lisbon/Lisbon_0002878_2009_08_166_38.72628004068211_-9.161018867670885_3dlH6pO_qnGGq6yoO1Ediw.jpg,Lisbon:2878,fused,random,2,72,-9,True,,11004,5,9142084605315370668,38,7448,0.1484375,0.15307840704917908,0.13861814141273499,0.33521568775177,0.322202205657959,0.18213728070259094,0.183584064245224,1,1,0.014460265636444092,0.07642269134521484,0.013013482093811035,0,0,1,1,1,7448
1,Lisbon/Lisbon_0002878_2009_08_166_38.72628004068211_-9.161018867670885_3dlH6pO_qnGGq6yoO1Ediw.jpg,Lisbon:2878,fused,random,3,-13,-62,True,,11004,5,9142084605315370668,38,7448,0.1484375,0.15307840704917908,0.0816774070262909,0.33521568775177,0.2355179488658905,0.18213728070259094,0.1538405418395996,1,1,0.07140100002288818,0.269511878490448,0.09969773888587952,0,0,1,1,1,7448
1,Lisbon/Lisbon_0002878_2009_08_166_38.72628004068211_-9.161018867670885_3dlH6pO_qnGGq6yoO1Ediw.jpg,Lisbon:2878,fused,random,4,70,-54,True,,11004,5,9142084605315370668,38,7448,0.1484375,0.15307840704917908,0.1446472704410553,0.33521568775177,0.3300372362136841,0.18213728070259094,0.18538996577262878,1,1,0.00843113660812378,0.09516477584838867,0.0051784515380859375,0,0,1,1,1,7448
1,OSL/OSL_0003765_2019_10_187_59.94514003859832_10.77838887350404_0Uzd6_xRwh7rLPBk8yRw1A.jpg,OSL:3765,attention,clean,-1,0,0,True,,9604,5,7523315799026421861,38,7448,0.1484375,0.2659437656402588,0.2659437656402588,0.42610013484954834,0.42610013484954834,0.16015636920928955,0.16015636920928955,1,1,0.0,0.0,0.0,0,0,1,1,1,0
1,OSL/OSL_0003765_2019_10_187_59.94514003859832_10.77838887350404_0Uzd6_xRwh7rLPBk8yRw1A.jpg,OSL:3765,fused,clean,-1,0,0,True,,15932,5,6206542688208927089,38,7448,0.1484375,0.2659437656402588,0.2659437656402588,0.42610013484954834,0.42610013484954834,0.16015636920928955,0.16015636920928955,1,1,0.0,0.0,0.0,0,0,1,1,1,0
1,OSL/OSL_0003765_2019_10_187_59.94514003859832_10.77838887350404_0Uzd6_xRwh7rLPBk8yRw1A.jpg,OSL:3765,attention,targeted,-1,0,0,True,,9604,5,7523315799026421861,38,7448,0.1484375,0.2659437656402588,0.12371738255023956,0.42610013484954834,0.2790816128253937,0.16015636920928955,0.1553642302751541,1,1,0.14222638309001923,0.3118065595626831,0.14701852202415466,0,0,1,1,1,7448
1,OSL/OSL_0003765_2019_10_187_59.94514003859832_10.77838887350404_0Uzd6_xRwh7rLPBk8yRw1A.jpg,OSL:3765,attention,random,0,-56,34,True,,9604,5,7523315799026421861,38,7448,0.1484375,0.2659437656402588,0.17805983126163483,0.42610013484954834,0.3547284007072449,0.16015636920928955,0.17666856944561005,1,1,0.08788393437862396,0.13256752490997314,0.07137173414230347,0,0,1,1,1,7448
1,OSL/OSL_0003765_2019_10_187_59.94514003859832_10.77838887350404_0Uzd6_xRwh7rLPBk8yRw1A.jpg,OSL:3765,attention,random,1,-34,-17,True,,9604,5,7523315799026421861,38,7448,0.1484375,0.2659437656402588,0.13655537366867065,0.42610013484954834,0.3194093406200409,0.16015636920928955,0.18285396695137024,1,1,0.12938839197158813,0.25182974338531494,0.10669079422950745,0,0,1,1,1,7448
1,OSL/OSL_0003765_2019_10_187_59.94514003859832_10.77838887350404_0Uzd6_xRwh7rLPBk8yRw1A.jpg,OSL:3765,attention,random,2,-8,31,True,,9604,5,7523315799026421861,38,7448,0.1484375,0.2659437656402588,0.07950480282306671,0.42610013484954834,0.24837948381900787,0.16015636920928955,0.16887468099594116,1,1,0.18643896281719208,0.34549057483673096,0.17772065103054047,0,0,1,1,1,7448
1,OSL/OSL_0003765_2019_10_187_59.94514003859832_10.77838887350404_0Uzd6_xRwh7rLPBk8yRw1A.jpg,OSL:3765,attention,random,3,33,-8,True,,9604,5,7523315799026421861,38,7448,0.1484375,0.2659437656402588,0.14556536078453064,0.42610013484954834,0.30959492921829224,0.16015636920928955,0.1640295684337616,1,1,0.12037840485572815,0.2765575647354126,0.1165052056312561,0,0,1,1,1,7448
1,OSL/OSL_0003765_2019_10_187_59.94514003859832_10.77838887350404_0Uzd6_xRwh7rLPBk8yRw1A.jpg,OSL:3765,attention,random,4,24,48,True,,9604,5,7523315799026421861,38,7448,0.1484375,0.2659437656402588,0.12755894660949707,0.42610013484954834,0.2761159837245941,0.16015636920928955,0.14855703711509705,1,1,0.13838481903076172,0.2879990339279175,0.14998415112495422,0,0,1,1,1,7448
1,OSL/OSL_0003765_2019_10_187_59.94514003859832_10.77838887350404_0Uzd6_xRwh7rLPBk8yRw1A.jpg,OSL:3765,fused,targeted,-1,0,0,True,,15932,5,6206542688208927089,38,7448,0.1484375,0.2659437656402588,0.07294315099716187,0.42610013484954834,0.2268480360507965,0.16015636920928955,0.15390488505363464,1,1,0.19300061464309692,0.3637928366661072,0.19925209879875183,0,0,1,1,1,7448
1,OSL/OSL_0003765_2019_10_187_59.94514003859832_10.77838887350404_0Uzd6_xRwh7rLPBk8yRw1A.jpg,OSL:3765,fused,random,0,-23,46,True,,15932,5,6206542688208927089,38,7448,0.1484375,0.2659437656402588,0.13225685060024261,0.42610013484954834,0.28933221101760864,0.16015636920928955,0.15707536041736603,1,1,0.13368691504001617,0.2331308126449585,0.1367679238319397,0,0,1,1,1,7448
1,OSL/OSL_0003765_2019_10_187_59.94514003859832_10.77838887350404_0Uzd6_xRwh7rLPBk8yRw1A.jpg,OSL:3765,fused,random,1,56,10,True,,15932,5,6206542688208927089,38,7448,0.1484375,0.2659437656402588,0.21815600991249084,0.42610013484954834,0.3829136788845062,0.16015636920928955,0.16475766897201538,1,1,0.047787755727767944,0.14807677268981934,0.043186455965042114,0,0,1,1,1,7448
1,OSL/OSL_0003765_2019_10_187_59.94514003859832_10.77838887350404_0Uzd6_xRwh7rLPBk8yRw1A.jpg,OSL:3765,fused,random,2,-54,49,True,,15932,5,6206542688208927089,38,7448,0.1484375,0.2659437656402588,0.18086183071136475,0.42610013484954834,0.3491780757904053,0.16015636920928955,0.16831624507904053,1,1,0.08508193492889404,0.1319296956062317,0.07692205905914307,0,0,1,1,1,7448
1,OSL/OSL_0003765_2019_10_187_59.94514003859832_10.77838887350404_0Uzd6_xRwh7rLPBk8yRw1A.jpg,OSL:3765,fused,random,3,-59,36,True,,15932,5,6206542688208927089,38,7448,0.1484375,0.2659437656402588,0.21470940113067627,0.42610013484954834,0.36881884932518005,0.16015636920928955,0.15410944819450378,1,1,0.05123436450958252,0.10554325580596924,0.057281285524368286,0,0,1,1,1,7448
1,OSL/OSL_0003765_2019_10_187_59.94514003859832_10.77838887350404_0Uzd6_xRwh7rLPBk8yRw1A.jpg,OSL:3765,fused,random,4,69,-41,True,,15932,5,6206542688208927089,38,7448,0.1484375,0.2659437656402588,0.20190399885177612,0.42610013484954834,0.37908005714416504,0.16015636920928955,0.17717605829238892,1,1,0.06403976678848267,0.10029858350753784,0.0470200777053833,0,0,1,1,1,7448
1,LosAngeles/LosAngeles_0000446_2016_10_264_34.04407779332197_-118.255182669294_Au6f3n9dq5-ZkJ8MOcIzrQ.jpg,LosAngeles:446,attention,clean,-1,0,0,True,,126,5,4286712366202570046,38,7448,0.1484375,-0.023922860622406006,-0.023922860622406006,0.19518998265266418,0.19518998265266418,0.2191128432750702,0.2191128432750702,3,3,0.0,0.0,0.0,0,0,0,1,1,0
1,LosAngeles/LosAngeles_0000446_2016_10_264_34.04407779332197_-118.255182669294_Au6f3n9dq5-ZkJ8MOcIzrQ.jpg,LosAngeles:446,fused,clean,-1,0,0,True,,154,5,2143710674561547307,38,7448,0.1484375,-0.023922860622406006,-0.023922860622406006,0.19518998265266418,0.19518998265266418,0.2191128432750702,0.2191128432750702,3,3,0.0,0.0,0.0,0,0,0,1,1,0
1,LosAngeles/LosAngeles_0000446_2016_10_264_34.04407779332197_-118.255182669294_Au6f3n9dq5-ZkJ8MOcIzrQ.jpg,LosAngeles:446,attention,targeted,-1,0,0,True,,126,5,4286712366202570046,38,7448,0.1484375,-0.023922860622406006,-0.054196447134017944,0.19518998265266418,0.2177969515323639,0.2191128432750702,0.27199339866638184,3,3,0.03027358651161194,0.32118284702301025,-0.022606968879699707,0,0,0,1,1,7448
1,LosAngeles/LosAngeles_0000446_2016_10_264_34.04407779332197_-118.255182669294_Au6f3n9dq5-ZkJ8MOcIzrQ.jpg,LosAngeles:446,attention,random,0,16,0,True,,126,5,4286712366202570046,38,7448,0.1484375,-0.023922860622406006,-0.08389461040496826,0.19518998265266418,0.20212039351463318,0.2191128432750702,0.28601500391960144,3,3,0.059971749782562256,0.33646827936172485,-0.006930410861968994,0,0,0,1,1,7448
1,LosAngeles/LosAngeles_0000446_2016_10_264_34.04407779332197_-118.255182669294_Au6f3n9dq5-ZkJ8MOcIzrQ.jpg,LosAngeles:446,attention,random,1,32,0,True,,126,5,4286712366202570046,38,7448,0.1484375,-0.023922860622406006,-0.08962374925613403,0.19518998265266418,0.18159621953964233,0.2191128432750702,0.27121996879577637,3,2,0.06570088863372803,0.2264842987060547,0.01359376311302185,-1,0,0,1,1,7448
1,LosAngeles/LosAngeles_0000446_2016_10_264_34.04407779332197_-118.255182669294_Au6f3n9dq5-ZkJ8MOcIzrQ.jpg,LosAngeles:446,attention,random,2,-40,0,True,,126,5,4286712366202570046,38,7448,0.1484375,-0.023922860622406006,-0.003200143575668335,0.19518998265266418,0.19037845730781555,0.2191128432750702,0.1935786008834839,3,2,-0.02072271704673767,0.24594354629516602,0.004811525344848633,-1,0,0,1,1,7448
1,LosAngeles/LosAngeles_0000446_2016_10_264_34.04407779332197_-118.255182669294_Au6f3n9dq5-ZkJ8MOcIzrQ.jpg,LosAngeles:446,attention,random,3,-67,0,True,,126,5,4286712366202570046,38,7448,0.1484375,-0.023922860622406006,-0.016409441828727722,0.19518998265266418,0.2004462033510208,0.2191128432750702,0.21685564517974854,3,2,-0.007513418793678284,0.08913910388946533,-0.005256220698356628,-1,0,0,1,1,7448
1,LosAngeles/LosAngeles_0000446_2016_10_264_34.04407779332197_-118.255182669294_Au6f3n9dq5-ZkJ8MOcIzrQ.jpg,LosAngeles:446,attention,random,4,-60,0,True,,126,5,4286712366202570046,38,7448,0.1484375,-0.023922860622406006,-0.022379949688911438,0.19518998265266418,0.19593581557273865,0.2191128432750702,0.21831576526165009,3,3,-0.0015429109334945679,0.09817969799041748,-0.0007458329200744629,0,0,0,1,1,7448
1,LosAngeles/LosAngeles_0000446_2016_10_264_34.04407779332197_-118.255182669294_Au6f3n9dq5-ZkJ8MOcIzrQ.jpg,LosAngeles:446,fused,targeted,-1,0,0,True,,154,5,2143710674561547307,38,7448,0.1484375,-0.023922860622406006,-0.05274266004562378,0.19518998265266418,0.2060321867465973,0.2191128432750702,0.25877484679222107,3,3,0.028819799423217773,0.2585810422897339,-0.010842204093933105,0,0,0,1,1,7448
1,LosAngeles/LosAngeles_0000446_2016_10_264_34.04407779332197_-118.255182669294_Au6f3n9dq5-ZkJ8MOcIzrQ.jpg,LosAngeles:446,fused,random,0,-32,0,True,,154,5,2143710674561547307,38,7448,0.1484375,-0.023922860622406006,-0.014701202511787415,0.19518998265266418,0.2009759545326233,0.2191128432750702,0.2156771570444107,3,2,-0.009221658110618591,0.1848541498184204,-0.0057859718799591064,-1,0,0,1,1,7448
1,LosAngeles/LosAngeles_0000446_2016_10_264_34.04407779332197_-118.255182669294_Au6f3n9dq5-ZkJ8MOcIzrQ.jpg,LosAngeles:446,fused,random,1,68,0,True,,154,5,2143710674561547307,38,7448,0.1484375,-0.023922860622406006,-0.06281387805938721,0.19518998265266418,0.172291100025177,0.2191128432750702,0.2351049780845642,3,4,0.0388910174369812,0.10195660591125488,0.022898882627487183,1,0,0,1,1,7448
1,LosAngeles/LosAngeles_0000446_2016_10_264_34.04407779332197_-118.255182669294_Au6f3n9dq5-ZkJ8MOcIzrQ.jpg,LosAngeles:446,fused,random,2,6,0,True,,154,5,2143710674561547307,38,7448,0.1484375,-0.023922860622406006,-0.04804554581642151,0.19518998265266418,0.2067243456840515,0.2191128432750702,0.254769891500473,3,2,0.024122685194015503,0.3859825134277344,-0.011534363031387329,-1,0,0,1,1,7448
1,LosAngeles/LosAngeles_0000446_2016_10_264_34.04407779332197_-118.255182669294_Au6f3n9dq5-ZkJ8MOcIzrQ.jpg,LosAngeles:446,fused,random,3,-17,0,True,,154,5,2143710674561547307,38,7448,0.1484375,-0.023922860622406006,-0.030662700533866882,0.19518998265266418,0.19967840611934662,0.2191128432750702,0.2303411066532135,3,4,0.0067398399114608765,0.22196358442306519,-0.004488423466682434,1,0,0,1,1,7448
1,LosAngeles/LosAngeles_0000446_2016_10_264_34.04407779332197_-118.255182669294_Au6f3n9dq5-ZkJ8MOcIzrQ.jpg,LosAngeles:446,fused,random,4,-11,0,True,,154,5,2143710674561547307,38,7448,0.1484375,-0.023922860622406006,-0.025291994214057922,0.19518998265266418,0.2222437560558319,0.2191128432750702,0.24753575026988983,3,2,0.0013691335916519165,0.32232463359832764,-0.027053773403167725,-1,0,0,1,1,7448
1,PRS/PRS_0004507_2011_05_199_48.89512204163078_2.208915502657871_Jw59MiFEyf_VG958qC9wZA.jpg,PRS:4507,attention,clean,-1,0,0,True,,4088,5,3932083779209481077,38,7448,0.1484375,0.09339576959609985,0.09339576959609985,0.28168654441833496,0.28168654441833496,0.1882907748222351,0.1882907748222351,1,1,0.0,0.0,0.0,0,0,1,1,1,0
1,PRS/PRS_0004507_2011_05_199_48.89512204163078_2.208915502657871_Jw59MiFEyf_VG958qC9wZA.jpg,PRS:4507,fused,clean,-1,0,0,True,,8834,5,6204663538113090875,38,7448,0.1484375,0.09339576959609985,0.09339576959609985,0.28168654441833496,0.28168654441833496,0.1882907748222351,0.1882907748222351,1,1,0.0,0.0,0.0,0,0,1,1,1,0
1,PRS/PRS_0004507_2011_05_199_48.89512204163078_2.208915502657871_Jw59MiFEyf_VG958qC9wZA.jpg,PRS:4507,attention,targeted,-1,0,0,True,,4088,5,3932083779209481077,38,7448,0.1484375,0.09339576959609985,0.019803479313850403,0.28168654441833496,0.20865148305892944,0.1882907748222351,0.18884800374507904,1,1,0.07359229028224945,0.4914203882217407,0.07303506135940552,0,0,1,1,1,7448
1,PRS/PRS_0004507_2011_05_199_48.89512204163078_2.208915502657871_Jw59MiFEyf_VG958qC9wZA.jpg,PRS:4507,attention,random,0,-18,15,True,,4088,5,3932083779209481077,38,7448,0.1484375,0.09339576959609985,0.10515975952148438,0.28168654441833496,0.28375720977783203,0.1882907748222351,0.17859745025634766,1,1,-0.011763989925384521,0.34755587577819824,-0.0020706653594970703,0,0,1,1,1,7448
1,PRS/PRS_0004507_2011_05_199_48.89512204163078_2.208915502657871_Jw59MiFEyf_VG958qC9wZA.jpg,PRS:4507,attention,random,1,-24,21,True,,4088,5,3932083779209481077,38,7448,0.1484375,0.09339576959609985,0.09975115954875946,0.28168654441833496,0.28776639699935913,0.1882907748222351,0.18801523745059967,1,1,-0.006355389952659607,0.2785602807998657,-0.00607985258102417,0,0,1,1,1,7448
1,PRS/PRS_0004507_2011_05_199_48.89512204163078_2.208915502657871_Jw59MiFEyf_VG958qC9wZA.jpg,PRS:4507,attention,random,2,-3,3,True,,4088,5,3932083779209481077,38,7448,0.1484375,0.09339576959609985,0.0797228217124939,0.28168654441833496,0.26884931325912476,0.1882907748222351,0.18912649154663086,1,1,0.013672947883605957,0.45788776874542236,0.012837231159210205,0,0,1,1,1,7448
1,PRS/PRS_0004507_2011_05_199_48.89512204163078_2.208915502657871_Jw59MiFEyf_VG958qC9wZA.jpg,PRS:4507,attention,random,3,5,22,True,,4088,5,3932083779209481077,38,7448,0.1484375,0.09339576959609985,0.03341694176197052,0.28168654441833496,0.23141755163669586,0.1882907748222351,0.19800060987472534,1,1,0.059978827834129333,0.4185601472854614,0.0502689927816391,0,0,1,1,1,7448
1,PRS/PRS_0004507_2011_05_199_48.89512204163078_2.208915502657871_Jw59MiFEyf_VG958qC9wZA.jpg,PRS:4507,attention,random,4,42,3,True,,4088,5,3932083779209481077,38,7448,0.1484375,0.09339576959609985,0.04394419491291046,0.28168654441833496,0.24732594192028046,0.1882907748222351,0.20338174700737,1,1,0.04945157468318939,0.21619808673858643,0.034360602498054504,0,0,1,1,1,7448
1,PRS/PRS_0004507_2011_05_199_48.89512204163078_2.208915502657871_Jw59MiFEyf_VG958qC9wZA.jpg,PRS:4507,fused,targeted,-1,0,0,True,,8834,5,6204663538113090875,38,7448,0.1484375,0.09339576959609985,0.004137560725212097,0.28168654441833496,0.204173743724823,0.1882907748222351,0.2000361829996109,1,1,0.08925820887088776,0.42554938793182373,0.07751280069351196,0,0,1,1,1,7448
1,PRS/PRS_0004507_2011_05_199_48.89512204163078_2.208915502657871_Jw59MiFEyf_VG958qC9wZA.jpg,PRS:4507,fused,random,0,72,14,True,,8834,5,6204663538113090875,38,7448,0.1484375,0.09339576959609985,0.09531271457672119,0.28168654441833496,0.28700387477874756,0.1882907748222351,0.19169116020202637,1,1,-0.0019169449806213379,0.045456647872924805,-0.005317330360412598,0,0,1,1,1,7448
1,PRS/PRS_0004507_2011_05_199_48.89512204163078_2.208915502657871_Jw59MiFEyf_VG958qC9wZA.jpg,PRS:4507,fused,random,1,-47,55,True,,8834,5,6204663538113090875,38,7448,0.1484375,0.09339576959609985,0.08070360124111176,0.28168654441833496,0.24903687834739685,0.1882907748222351,0.1683332771062851,1,1,0.012692168354988098,0.16409093141555786,0.03264966607093811,0,0,1,1,1,7448
1,PRS/PRS_0004507_2011_05_199_48.89512204163078_2.208915502657871_Jw59MiFEyf_VG958qC9wZA.jpg,PRS:4507,fused,random,2,-41,20,True,,8834,5,6204663538113090875,38,7448,0.1484375,0.09339576959609985,0.0830833911895752,0.28168654441833496,0.2585320472717285,0.1882907748222351,0.17544865608215332,1,1,0.010312378406524658,0.27766239643096924,0.023154497146606445,0,0,1,1,1,7448
1,PRS/PRS_0004507_2011_05_199_48.89512204163078_2.208915502657871_Jw59MiFEyf_VG958qC9wZA.jpg,PRS:4507,fused,random,3,-66,42,True,,8834,5,6204663538113090875,38,7448,0.1484375,0.09339576959609985,0.07919870316982269,0.28168654441833496,0.28016629815101624,0.1882907748222351,0.20096759498119354,1,1,0.01419706642627716,0.0761880874633789,0.0015202462673187256,0,0,1,1,1,7448
1,PRS/PRS_0004507_2011_05_199_48.89512204163078_2.208915502657871_Jw59MiFEyf_VG958qC9wZA.jpg,PRS:4507,fused,random,4,-28,43,True,,8834,5,6204663538113090875,38,7448,0.1484375,0.09339576959609985,0.09106042981147766,0.28168654441833496,0.2783440351486206,0.1882907748222351,0.18728360533714294,1,1,0.0023353397846221924,0.35411518812179565,0.0033425092697143555,0,0,1,1,1,7448
1,Chicago/Chicago_0002686_2017_10_316_41.87281236274688_-87.68629301064442_Z7l1UjUsmFbOaVl5s7pOdw.jpg,Chicago:2686,attention,clean,-1,0,0,True,,6062,5,5080520678233930658,38,7448,0.1484375,0.34281256794929504,0.34281256794929504,0.5178263187408447,0.5178263187408447,0.17501375079154968,0.17501375079154968,1,1,0.0,0.0,0.0,0,0,1,1,1,0
1,Chicago/Chicago_0002686_2017_10_316_41.87281236274688_-87.68629301064442_Z7l1UjUsmFbOaVl5s7pOdw.jpg,Chicago:2686,fused,clean,-1,0,0,True,,8834,5,6317330052333847313,38,7448,0.1484375,0.34281256794929504,0.34281256794929504,0.5178263187408447,0.5178263187408447,0.17501375079154968,0.17501375079154968,1,1,0.0,0.0,0.0,0,0,1,1,1,0
1,Chicago/Chicago_0002686_2017_10_316_41.87281236274688_-87.68629301064442_Z7l1UjUsmFbOaVl5s7pOdw.jpg,Chicago:2686,attention,targeted,-1,0,0,True,,6062,5,5080520678233930658,38,7448,0.1484375,0.34281256794929504,0.23870910704135895,0.5178263187408447,0.4282270669937134,0.17501375079154968,0.18951795995235443,1,1,0.1041034609079361,0.40182822942733765,0.08959925174713135,0,0,1,1,1,7448
1,Chicago/Chicago_0002686_2017_10_316_41.87281236274688_-87.68629301064442_Z7l1UjUsmFbOaVl5s7pOdw.jpg,Chicago:2686,attention,random,0,-6,40,True,,6062,5,5080520678233930658,38,7448,0.1484375,0.34281256794929504,0.12985984981060028,0.5178263187408447,0.35398736596107483,0.17501375079154968,0.22412751615047455,1,1,0.21295271813869476,0.37531590461730957,0.1638389527797699,0,0,1,1,1,7448
1,Chicago/Chicago_0002686_2017_10_316_41.87281236274688_-87.68629301064442_Z7l1UjUsmFbOaVl5s7pOdw.jpg,Chicago:2686,attention,random,1,96,1,True,,6062,5,5080520678233930658,38,7448,0.1484375,0.34281256794929504,0.34320640563964844,0.5178263187408447,0.5287837386131287,0.17501375079154968,0.18557733297348022,1,1,-0.00039383769035339355,0.03715074062347412,-0.010957419872283936,0,0,1,1,1,7448
1,Chicago/Chicago_0002686_2017_10_316_41.87281236274688_-87.68629301064442_Z7l1UjUsmFbOaVl5s7pOdw.jpg,Chicago:2686,attention,random,2,60,15,True,,6062,5,5080520678233930658,38,7448,0.1484375,0.34281256794929504,0.29502439498901367,0.5178263187408447,0.4650188088417053,0.17501375079154968,0.16999439895153046,1,1,0.04778817296028137,0.1302710771560669,0.052807509899139404,0,0,1,1,1,7448
1,Chicago/Chicago_0002686_2017_10_316_41.87281236274688_-87.68629301064442_Z7l1UjUsmFbOaVl5s7pOdw.jpg,Chicago:2686,attention,random,3,62,27,True,,6062,5,5080520678233930658,38,7448,0.1484375,0.34281256794929504,0.3099299967288971,0.5178263187408447,0.4770174026489258,0.17501375079154968,0.1670874059200287,1,1,0.03288257122039795,0.13211119174957275,0.040808916091918945,0,0,1,1,1,7448
1,Chicago/Chicago_0002686_2017_10_316_41.87281236274688_-87.68629301064442_Z7l1UjUsmFbOaVl5s7pOdw.jpg,Chicago:2686,attention,random,4,-4,7,True,,6062,5,5080520678233930658,38,7448,0.1484375,0.34281256794929504,0.22226224839687347,0.5178263187408447,0.4250466227531433,0.17501375079154968,0.20278437435626984,1,1,0.12055031955242157,0.4098086357116699,0.09277969598770142,0,0,1,1,1,7448
1,Chicago/Chicago_0002686_2017_10_316_41.87281236274688_-87.68629301064442_Z7l1UjUsmFbOaVl5s7pOdw.jpg,Chicago:2686,fused,targeted,-1,0,0,True,,8834,5,6317330052333847313,38,7448,0.1484375,0.34281256794929504,0.19007325172424316,0.5178263187408447,0.3790323734283447,0.17501375079154968,0.18895912170410156,1,1,0.15273931622505188,0.43294626474380493,0.1387939453125,0,0,1,1,1,7448
1,Chicago/Chicago_0002686_2017_10_316_41.87281236274688_-87.68629301064442_Z7l1UjUsmFbOaVl5s7pOdw.jpg,Chicago:2686,fused,random,0,4,22,True,,8834,5,6317330052333847313,38,7448,0.1484375,0.34281256794929504,0.12928736209869385,0.5178263187408447,0.32498425245285034,0.17501375079154968,0.1956968903541565,1,1,0.2135252058506012,0.4749945402145386,0.19284206628799438,0,0,1,1,1,7448
1,Chicago/Chicago_0002686_2017_10_316_41.87281236274688_-87.68629301064442_Z7l1UjUsmFbOaVl5s7pOdw.jpg,Chicago:2686,fused,random,1,37,3,True,,8834,5,6317330052333847313,38,7448,0.1484375,0.34281256794929504,0.2941100597381592,0.5178263187408447,0.460762619972229,0.17501375079154968,0.16665256023406982,1,1,0.048702508211135864,0.2160981297492981,0.05706369876861572,0,0,1,1,1,7448
1,Chicago/Chicago_0002686_2017_10_316_41.87281236274688_-87.68629301064442_Z7l1UjUsmFbOaVl5s7pOdw.jpg,Chicago:2686,fused,random,2,58,39,True,,8834,5,6317330052333847313,38,7448,0.1484375,0.34281256794929504,0.3030819892883301,0.5178263187408447,0.4709862470626831,0.17501375079154968,0.16790425777435303,1,1,0.039730578660964966,0.10378015041351318,0.04684007167816162,0,0,1,1,1,7448
1,Chicago/Chicago_0002686_2017_10_316_41.87281236274688_-87.68629301064442_Z7l1UjUsmFbOaVl5s7pOdw.jpg,Chicago:2686,fused,random,3,80,0,True,,8834,5,6317330052333847313,38,7448,0.1484375,0.34281256794929504,0.34725940227508545,0.5178263187408447,0.5284240245819092,0.17501375079154968,0.18116462230682373,1,1,-0.004446834325790405,0.056238532066345215,-0.010597705841064453,0,0,1,1,1,7448
1,Chicago/Chicago_0002686_2017_10_316_41.87281236274688_-87.68629301064442_Z7l1UjUsmFbOaVl5s7pOdw.jpg,Chicago:2686,fused,random,4,12,14,True,,8834,5,6317330052333847313,38,7448,0.1484375,0.34281256794929504,0.16836586594581604,0.5178263187408447,0.3647211790084839,0.17501375079154968,0.19635531306266785,1,1,0.174446702003479,0.3759559392929077,0.15310513973236084,0,0,1,1,1,7448
1,Melbourne/Melbourne_0005898_2019_07_222_-37.79479919690841_144.944888341501_kY83K8CiihOvyy1-2vXj4Q.jpg,Melbourne:5898,attention,clean,-1,0,0,True,,9604,5,264973776445322121,38,7448,0.1484375,0.2887057960033417,0.2887057960033417,0.44508200883865356,0.44508200883865356,0.1563762128353119,0.1563762128353119,1,1,0.0,0.0,0.0,0,0,1,1,1,0
1,Melbourne/Melbourne_0005898_2019_07_222_-37.79479919690841_144.944888341501_kY83K8CiihOvyy1-2vXj4Q.jpg,Melbourne:5898,fused,clean,-1,0,0,True,,10794,5,1978201252719163849,38,7448,0.1484375,0.2887057960033417,0.2887057960033417,0.44508200883865356,0.44508200883865356,0.1563762128353119,0.1563762128353119,1,1,0.0,0.0,0.0,0,0,1,1,1,0
1,Melbourne/Melbourne_0005898_2019_07_222_-37.79479919690841_144.944888341501_kY83K8CiihOvyy1-2vXj4Q.jpg,Melbourne:5898,attention,targeted,-1,0,0,True,,9604,5,264973776445322121,38,7448,0.1484375,0.2887057960033417,0.2641492486000061,0.44508200883865356,0.43359750509262085,0.1563762128353119,0.16944827139377594,1,1,0.02455654740333557,0.2361401915550232,0.011484503746032715,0,0,1,1,1,7448
1,Melbourne/Melbourne_0005898_2019_07_222_-37.79479919690841_144.944888341501_kY83K8CiihOvyy1-2vXj4Q.jpg,Melbourne:5898,attention,random,0,26,38,True,,9604,5,264973776445322121,38,7448,0.1484375,0.2887057960033417,0.18092596530914307,0.44508200883865356,0.3430461287498474,0.1563762128353119,0.16212016344070435,1,1,0.10777983069419861,0.13214147090911865,0.10203588008880615,0,0,1,1,1,7448
1,Melbourne/Melbourne_0005898_2019_07_222_-37.79479919690841_144.944888341501_kY83K8CiihOvyy1-2vXj4Q.jpg,Melbourne:5898,attention,random,1,-38,32,True,,9604,5,264973776445322121,38,7448,0.1484375,0.2887057960033417,0.23690994083881378,0.44508200883865356,0.39898020029067993,0.1563762128353119,0.16207025945186615,1,1,0.05179585516452789,0.11070966720581055,0.04610180854797363,0,0,1,1,1,7448
1,Melbourne/Melbourne_0005898_2019_07_222_-37.79479919690841_144.944888341501_kY83K8CiihOvyy1-2vXj4Q.jpg,Melbourne:5898,attention,random,2,12,73,True,,9604,5,264973776445322121,38,7448,0.1484375,0.2887057960033417,0.2111428827047348,0.44508200883865356,0.3539724349975586,0.1563762128353119,0.1428295522928238,1,1,0.07756291329860687,0.17988479137420654,0.09110957384109497,0,0,1,1,1,7448
1,Melbourne/Melbourne_0005898_2019_07_222_-37.79479919690841_144.944888341501_kY83K8CiihOvyy1-2vXj4Q.jpg,Melbourne:5898,attention,random,3,7,105,True,,9604,5,264973776445322121,38,7448,0.1484375,0.2887057960033417,0.2182430922985077,0.44508200883865356,0.3699290156364441,0.1563762128353119,0.1516859233379364,1,1,0.07046270370483398,0.17704910039901733,0.07515299320220947,0,0,1,1,1,7448
1,Melbourne/Melbourne_0005898_2019_07_222_-37.79479919690841_144.944888341501_kY83K8CiihOvyy1-2vXj4Q.jpg,Melbourne:5898,attention,random,4,-45,68,True,,9604,5,264973776445322121,38,7448,0.1484375,0.2887057960033417,0.23482288420200348,0.44508200883865356,0.3873583674430847,0.1563762128353119,0.15253548324108124,1,1,0.053882911801338196,0.13609731197357178,0.05772364139556885,0,0,1,1,1,7448
1,Melbourne/Melbourne_0005898_2019_07_222_-37.79479919690841_144.944888341501_kY83K8CiihOvyy1-2vXj4Q.jpg,Melbourne:5898,fused,targeted,-1,0,0,True,,10794,5,1978201252719163849,38,7448,0.1484375,0.2887057960033417,0.2528013288974762,0.44508200883865356,0.42489850521087646,0.1563762128353119,0.17209717631340027,1,1,0.03590446710586548,0.23474711179733276,0.0201835036277771,0,0,1,1,1,7448
1,Melbourne/Melbourne_0005898_2019_07_222_-37.79479919690841_144.944888341501_kY83K8CiihOvyy1-2vXj4Q.jpg,Melbourne:5898,fused,random,0,7,20,True,,10794,5,1978201252719163849,38,7448,0.1484375,0.2887057960033417,0.1964515745639801,0.44508200883865356,0.36076411604881287,0.1563762128353119,0.16431254148483276,1,1,0.09225422143936157,0.18195927143096924,0.0843178927898407,0,0,1,1,1,7448
1,Melbourne/Melbourne_0005898_2019_07_222_-37.79479919690841_144.944888341501_kY83K8CiihOvyy1-2vXj4Q.jpg,Melbourne:5898,fused,random,1,9,28,True,,10794,5,1978201252719163849,38,7448,0.1484375,0.2887057960033417,0.1860319823026657,0.44508200883865356,0.3442404270172119,0.1563762128353119,0.1582084447145462,1,1,0.10267381370067596,0.1817033290863037,0.10084158182144165,0,0,1,1,1,7448
1,Melbourne/Melbourne_0005898_2019_07_222_-37.79479919690841_144.944888341501_kY83K8CiihOvyy1-2vXj4Q.jpg,Melbourne:5898,fused,random,2,3,92,True,,10794,5,1978201252719163849,38,7448,0.1484375,0.2887057960033417,0.20406219363212585,0.44508200883865356,0.3573228716850281,0.1563762128353119,0.15326067805290222,1,1,0.08464360237121582,0.21371662616729736,0.08775913715362549,0,0,1,1,1,7448
1,Melbourne/Melbourne_0005898_2019_07_222_-37.79479919690841_144.944888341501_kY83K8CiihOvyy1-2vXj4Q.jpg,Melbourne:5898,fused,random,3,11,28,True,,10794,5,1978201252719163849,38,7448,0.1484375,0.2887057960033417,0.1902243047952652,0.44508200883865356,0.35125523805618286,0.1563762128353119,0.16103093326091766,1,1,0.09848149120807648,0.17527979612350464,0.0938267707824707,0,0,1,1,1,7448
1,Melbourne/Melbourne_0005898_2019_07_222_-37.79479919690841_144.944888341501_kY83K8CiihOvyy1-2vXj4Q.jpg,Melbourne:5898,fused,random,4,-22,87,True,,10794,5,1978201252719163849,38,7448,0.1484375,0.2887057960033417,0.21987329423427582,0.44508200883865356,0.3813636302947998,0.1563762128353119,0.161490336060524,1,1,0.06883250176906586,0.18421566486358643,0.06371837854385376,0,0,1,1,1,7448
1,Melbourne/Melbourne_0002577_2019_07_279_-37.82889784850852_144.9587471657209_qRoNemVXpFvZn01ASChe9w.jpg,Melbourne:2577,attention,clean,-1,0,0,True,,2114,5,2817141527041713530,38,7448,0.1484375,0.30698755383491516,0.30698755383491516,0.5039627552032471,0.5039627552032471,0.1969752013683319,0.1969752013683319,1,1,0.0,0.0,0.0,0,0,1,1,1,0
1,Melbourne/Melbourne_0002577_2019_07_279_-37.82889784850852_144.9587471657209_qRoNemVXpFvZn01ASChe9w.jpg,Melbourne:2577,fused,clean,-1,0,0,True,,2114,5,4126395443722494860,38,7448,0.1484375,0.30698755383491516,0.30698755383491516,0.5039627552032471,0.5039627552032471,0.1969752013683319,0.1969752013683319,1,1,0.0,0.0,0.0,0,0,1,1,1,0
1,Melbourne/Melbourne_0002577_2019_07_279_-37.82889784850852_144.9587471657209_qRoNemVXpFvZn01ASChe9w.jpg,Melbourne:2577,attention,targeted,-1,0,0,True,,2114,5,2817141527041713530,38,7448,0.1484375,0.30698755383491516,0.20435822010040283,0.5039627552032471,0.42182785272598267,0.1969752013683319,0.21746963262557983,1,1,0.10262933373451233,0.32252728939056396,0.0821349024772644,0,0,1,1,1,7448
1,Melbourne/Melbourne_0002577_2019_07_279_-37.82889784850852_144.9587471657209_qRoNemVXpFvZn01ASChe9w.jpg,Melbourne:2577,attention,random,0,121,-7,True,,2114,5,2817141527041713530,38,7448,0.1484375,0.30698755383491516,0.3031803071498871,0.5039627552032471,0.5031917691230774,0.1969752013683319,0.2000114619731903,1,1,0.003807246685028076,0.025562942028045654,0.0007709860801696777,0,0,1,1,1,7448
1,Melbourne/Melbourne_0002577_2019_07_279_-37.82889784850852_144.9587471657209_qRoNemVXpFvZn01ASChe9w.jpg,Melbourne:2577,attention,random,1,83,-5,True,,2114,5,2817141527041713530,38,7448,0.1484375,0.30698755383491516,0.3160880208015442,0.5039627552032471,0.4984448254108429,0.1969752013683319,0.1823567897081375,1,1,-0.009100466966629028,0.07721012830734253,0.005517929792404175,0,0,1,1,1,7448
1,Melbourne/Melbourne_0002577_2019_07_279_-37.82889784850852_144.9587471657209_qRoNemVXpFvZn01ASChe9w.jpg,Melbourne:2577,attention,random,2,114,-2,True,,2114,5,2817141527041713530,38,7448,0.1484375,0.30698755383491516,0.31106486916542053,0.5039627552032471,0.5073366165161133,0.1969752013683319,0.19627174735069275,1,1,-0.004077315330505371,0.025072813034057617,-0.003373861312866211,0,0,1,1,1,7448
1,Melbourne/Melbourne_0002577_2019_07_279_-37.82889784850852_144.9587471657209_qRoNemVXpFvZn01ASChe9w.jpg,Melbourne:2577,attention,random,3,4,-10,True,,2114,5,2817141527041713530,38,7448,0.1484375,0.30698755383491516,0.1916658878326416,0.5039627552032471,0.3823011815547943,0.1969752013683319,0.1906352937221527,1,1,0.11532166600227356,0.3398060202598572,0.12166157364845276,0,0,1,1,1,7448
1,Melbourne/Melbourne_0002577_2019_07_279_-37.82889784850852_144.9587471657209_qRoNemVXpFvZn01ASChe9w.jpg,Melbourne:2577,attention,random,4,92,-4,True,,2114,5,2817141527041713530,38,7448,0.1484375,0.30698755383491516,0.3132728934288025,0.5039627552032471,0.50063556432724,0.1969752013683319,0.1873626708984375,1,1,-0.006285339593887329,0.05223184823989868,0.00332719087600708,0,0,1,1,1,7448
1,Melbourne/Melbourne_0002577_2019_07_279_-37.82889784850852_144.9587471657209_qRoNemVXpFvZn01ASChe9w.jpg,Melbourne:2577,fused,targeted,-1,0,0,True,,2114,5,4126395443722494860,38,7448,0.1484375,0.30698755383491516,0.15688349306583405,0.5039627552032471,0.3685268461704254,0.1969752013683319,0.21164335310459137,1,1,0.15010406076908112,0.35777926445007324,0.13543590903282166,0,0,1,1,1,7448
1,Melbourne/Melbourne_0002577_2019_07_279_-37.82889784850852_144.9587471657209_qRoNemVXpFvZn01ASChe9w.jpg,Melbourne:2577,fused,random,0,89,-8,True,,2114,5,4126395443722494860,38,7448,0.1484375,0.30698755383491516,0.31251803040504456,0.5039627552032471,0.5121640563011169,0.1969752013683319,0.1996460258960724,1,1,-0.0055304765701293945,0.05609703063964844,-0.008201301097869873,0,0,1,1,1,7448
1,Melbourne/Melbourne_0002577_2019_07_279_-37.82889784850852_144.9587471657209_qRoNemVXpFvZn01ASChe9w.jpg,Melbourne:2577,fused,random,1,85,-7,True,,2114,5,4126395443722494860,38,7448,0.1484375,0.30698755383491516,0.3181866705417633,0.5039627552032471,0.5183353424072266,0.1969752013683319,0.20014867186546326,1,1,-0.011199116706848145,0.05764174461364746,-0.014372587203979492,0,0,1,1,1,7448
1,Melbourne/Melbourne_0002577_2019_07_279_-37.82889784850852_144.9587471657209_qRoNemVXpFvZn01ASChe9w.jpg,Melbourne:2577,fused,random,2,90,-10,True,,2114,5,4126395443722494860,38,7448,0.1484375,0.30698755383491516,0.3148338198661804,0.5039627552032471,0.5132920742034912,0.1969752013683319,0.1984582394361496,1,1,-0.007846266031265259,0.05041193962097168,-0.00932931900024414,0,0,1,1,1,7448
1,Melbourne/Melbourne_0002577_2019_07_279_-37.82889784850852_144.9587471657209_qRoNemVXpFvZn01ASChe9w.jpg,Melbourne:2577,fused,random,3,78,-3,True,,2114,5,4126395443722494860,38,7448,0.1484375,0.30698755383491516,0.3162478804588318,0.5039627552032471,0.5010840892791748,0.1969752013683319,0.18483620882034302,1,1,-0.009260326623916626,0.10037243366241455,0.0028786659240722656,0,0,1,1,1,7448
1,Melbourne/Melbourne_0002577_2019_07_279_-37.82889784850852_144.9587471657209_qRoNemVXpFvZn01ASChe9w.jpg,Melbourne:2577,fused,random,4,52,-3,True,,2114,5,4126395443722494860,38,7448,0.1484375,0.30698755383491516,0.31000691652297974,0.5039627552032471,0.4908558130264282,0.1969752013683319,0.18084891140460968,1,1,-0.003019362688064575,0.17536330223083496,0.013106942176818848,0,0,1,1,1,7448
1,Lisbon/Lisbon_0000960_2009_08_182_38.71120662095573_-9.17000257412647_X-OiTtFJj9pcYCCDsvQFOg.jpg,Lisbon:960,attention,clean,-1,0,0,True,,7238,5,9078321838879720275,38,7448,0.1484375,0.06857225298881531,0.06857225298881531,0.29120832681655884,0.29120832681655884,0.22263607382774353,0.22263607382774353,1,1,0.0,0.0,0.0,0,0,1,1,1,0
1,Lisbon/Lisbon_0000960_2009_08_182_38.71120662095573_-9.17000257412647_X-OiTtFJj9pcYCCDsvQFOg.jpg,Lisbon:960,fused,clean,-1,0,0,True,,5460,5,2521681018318130923,38,7448,0.1484375,0.06857225298881531,0.06857225298881531,0.29120832681655884,0.29120832681655884,0.22263607382774353,0.22263607382774353,1,1,0.0,0.0,0.0,0,0,1,1,1,0
1,Lisbon/Lisbon_0000960_2009_08_182_38.71120662095573_-9.17000257412647_X-OiTtFJj9pcYCCDsvQFOg.jpg,Lisbon:960,attention,targeted,-1,0,0,True,,7238,5,9078321838879720275,38,7448,0.1484375,0.06857225298881531,-0.0034296512603759766,0.29120832681655884,0.21815617382526398,0.22263607382774353,0.22158582508563995,1,2,0.07200190424919128,0.3964993953704834,0.07305215299129486,1,1,0,1,1,7448
1,Lisbon/Lisbon_0000960_2009_08_182_38.71120662095573_-9.17000257412647_X-OiTtFJj9pcYCCDsvQFOg.jpg,Lisbon:960,attention,random,0,-12,-37,True,,7238,5,9078321838879720275,38,7448,0.1484375,0.06857225298881531,0.0019066482782363892,0.29120832681655884,0.21646694839000702,0.22263607382774353,0.21456030011177063,1,1,0.06666560471057892,0.35643506050109863,0.07474137842655182,0,0,1,1,1,7448
1,Lisbon/Lisbon_0000960_2009_08_182_38.71120662095573_-9.17000257412647_X-OiTtFJj9pcYCCDsvQFOg.jpg,Lisbon:960,attention,random,1,96,-38,True,,7238,5,9078321838879720275,38,7448,0.1484375,0.06857225298881531,0.06901669502258301,0.29120832681655884,0.29663193225860596,0.22263607382774353,0.22761523723602295,1,1,-0.0004444420337677002,0.03296029567718506,-0.005423605442047119,0,0,1,1,1,7448
1,Lisbon/Lisbon_0000960_2009_08_182_38.71120662095573_-9.17000257412647_X-OiTtFJj9pcYCCDsvQFOg.jpg,Lisbon:960,attention,random,2,111,-31,True,,7238,5,9078321838879720275,38,7448,0.1484375,0.06857225298881531,0.06626372039318085,0.29120832681655884,0.29604479670524597,0.22263607382774353,0.22978107631206512,1,1,0.0023085325956344604,0.0344085693359375,-0.004836469888687134,0,0,1,1,1,7448
1,Lisbon/Lisbon_0000960_2009_08_182_38.71120662095573_-9.17000257412647_X-OiTtFJj9pcYCCDsvQFOg.jpg,Lisbon:960,attention,random,3,30,-10,True,,7238,5,9078321838879720275,38,7448,0.1484375,0.06857225298881531,0.023709431290626526,0.29120832681655884,0.22122149169445038,0.22263607382774353,0.19751206040382385,1,1,0.04486282169818878,0.3245791792869568,0.06998683512210846,0,0,1,1,1,7448
1,Lisbon/Lisbon_0000960_2009_08_182_38.71120662095573_-9.17000257412647_X-OiTtFJj9pcYCCDsvQFOg.jpg,Lisbon:960,attention,random,4,71,-20,True,,7238,5,9078321838879720275,38,7448,0.1484375,0.06857225298881531,0.05802592635154724,0.29120832681655884,0.27038320899009705,0.22263607382774353,0.2123572826385498,1,1,0.010546326637268066,0.07157421112060547,0.020825117826461792,0,0,1,1,1,7448
1,Lisbon/Lisbon_0000960_2009_08_182_38.71120662095573_-9.17000257412647_X-OiTtFJj9pcYCCDsvQFOg.jpg,Lisbon:960,fused,targeted,-1,0,0,True,,5460,5,2521681018318130923,38,7448,0.1484375,0.06857225298881531,-0.025119245052337646,0.29120832681655884,0.1893337368965149,0.22263607382774353,0.21445298194885254,1,3,0.09369149804115295,0.46364426612854004,0.10187458992004395,2,1,0,1,1,7448
1,Lisbon/Lisbon_0000960_2009_08_182_38.71120662095573_-9.17000257412647_X-OiTtFJj9pcYCCDsvQFOg.jpg,Lisbon:960,fused,random,0,96,-31,True,,5460,5,2521681018318130923,38,7448,0.1484375,0.06857225298881531,0.05702924728393555,0.29120832681655884,0.288302481174469,0.22263607382774353,0.23127323389053345,1,1,0.01154300570487976,0.0472034215927124,0.0029058456420898438,0,0,1,1,1,7448
1,Lisbon/Lisbon_0000960_2009_08_182_38.71120662095573_-9.17000257412647_X-OiTtFJj9pcYCCDsvQFOg.jpg,Lisbon:960,fused,random,1,28,-31,True,,5460,5,2521681018318130923,38,7448,0.1484375,0.06857225298881531,0.03549867868423462,0.29120832681655884,0.24015918374061584,0.22263607382774353,0.20466050505638123,1,1,0.03307357430458069,0.24215644598007202,0.05104914307594299,0,0,1,1,1,7448
1,Lisbon/Lisbon_0000960_2009_08_182_38.71120662095573_-9.17000257412647_X-OiTtFJj9pcYCCDsvQFOg.jpg,Lisbon:960,fused,random,2,52,-3,True,,5460,5,2521681018318130923,38,7448,0.1484375,0.06857225298881531,0.040443018078804016,0.29120832681655884,0.26496565341949463,0.22263607382774353,0.2245226353406906,1,1,0.02812923491001129,0.11704689264297485,0.02624267339706421,0,0,1,1,1,7448
1,Lisbon/Lisbon_0000960_2009_08_182_38.71120662095573_-9.17000257412647_X-OiTtFJj9pcYCCDsvQFOg.jpg,Lisbon:960,fused,random,3,43,-3,True,,5460,5,2521681018318130923,38,7448,0.1484375,0.06857225298881531,0.012644737958908081,0.29120832681655884,0.25031131505966187,0.22263607382774353,0.23766657710075378,1,1,0.05592751502990723,0.17695391178131104,0.04089701175689697,0,0,1,1,1,7448
1,Lisbon/Lisbon_0000960_2009_08_182_38.71120662095573_-9.17000257412647_X-OiTtFJj9pcYCCDsvQFOg.jpg,Lisbon:960,fused,random,4,78,-37,True,,5460,5,2521681018318130923,38,7448,0.1484375,0.06857225298881531,0.06552597880363464,0.29120832681655884,0.2963128685951233,0.22263607382774353,0.23078688979148865,1,1,0.003046274185180664,0.045063912868499756,-0.005104541778564453,0,0,1,1,1,7448
1,PRS/PRS_0003451_2012_08_133_48.87325336498916_2.307285056069851_gg9wj5Cx8HlOlQoJKaXkDg.jpg,PRS:3451,attention,clean,-1,0,0,True,,154,5,2965454258408648050,38,7448,0.1484375,0.33909982442855835,0.33909982442855835,0.478786438703537,0.478786438703537,0.13968662917613983,0.13968662917613983,1,1,0.0,0.0,0.0,0,0,1,1,1,0
1,PRS/PRS_0003451_2012_08_133_48.87325336498916_2.307285056069851_gg9wj5Cx8HlOlQoJKaXkDg.jpg,PRS:3451,fused,clean,-1,0,0,True,,11004,5,711950829976365482,38,7448,0.1484375,0.33909982442855835,0.33909982442855835,0.478786438703537,0.478786438703537,0.13968662917613983,0.13968662917613983,1,1,0.0,0.0,0.0,0,0,1,1,1,0
1,PRS/PRS_0003451_2012_08_133_48.87325336498916_2.307285056069851_gg9wj5Cx8HlOlQoJKaXkDg.jpg,PRS:3451,attention,targeted,-1,0,0,True,,154,5,2965454258408648050,38,7448,0.1484375,0.33909982442855835,0.2042505443096161,0.478786438703537,0.39292222261428833,0.13968662917613983,0.18867167830467224,1,1,0.13484928011894226,0.3482537269592285,0.08586421608924866,0,0,1,1,1,7448
1,PRS/PRS_0003451_2012_08_133_48.87325336498916_2.307285056069851_gg9wj5Cx8HlOlQoJKaXkDg.jpg,PRS:3451,attention,random,0,-19,0,True,,154,5,2965454258408648050,38,7448,0.1484375,0.33909982442855835,0.2177366018295288,0.478786438703537,0.39709222316741943,0.13968662917613983,0.17935562133789062,1,1,0.12136322259902954,0.3601679801940918,0.08169421553611755,0,0,1,1,1,7448
1,PRS/PRS_0003451_2012_08_133_48.87325336498916_2.307285056069851_gg9wj5Cx8HlOlQoJKaXkDg.jpg,PRS:3451,attention,random,1,28,0,True,,154,5,2965454258408648050,38,7448,0.1484375,0.33909982442855835,0.3371092975139618,0.478786438703537,0.4968689978122711,0.13968662917613983,0.15975970029830933,1,1,0.0019905269145965576,0.28742343187332153,-0.01808255910873413,0,0,1,1,1,7448
1,PRS/PRS_0003451_2012_08_133_48.87325336498916_2.307285056069851_gg9wj5Cx8HlOlQoJKaXkDg.jpg,PRS:3451,attention,random,2,-62,0,True,,154,5,2965454258408648050,38,7448,0.1484375,0.33909982442855835,0.31075984239578247,0.478786438703537,0.4644765853881836,0.13968662917613983,0.15371674299240112,1,1,0.02833998203277588,0.08313095569610596,0.014309853315353394,0,0,1,1,1,7448
1,PRS/PRS_0003451_2012_08_133_48.87325336498916_2.307285056069851_gg9wj5Cx8HlOlQoJKaXkDg.jpg,PRS:3451,attention,random,3,7,0,True,,154,5,2965454258408648050,38,7448,0.1484375,0.33909982442855835,0.25850608944892883,0.478786438703537,0.4337243437767029,0.13968662917613983,0.17521825432777405,1,1,0.08059373497962952,0.3367155194282532,0.045062094926834106,0,0,1,1,1,7448
1,PRS/PRS_0003451_2012_08_133_48.87325336498916_2.307285056069851_gg9wj5Cx8HlOlQoJKaXkDg.jpg,PRS:3451,attention,random,4,-50,0,True,,154,5,2965454258408648050,38,7448,0.1484375,0.33909982442855835,0.29570990800857544,0.478786438703537,0.45639756321907043,0.13968662917613983,0.1606876701116562,1,1,0.04338991641998291,0.132293701171875,0.022388875484466553,0,0,1,1,1,7448
1,PRS/PRS_0003451_2012_08_133_48.87325336498916_2.307285056069851_gg9wj5Cx8HlOlQoJKaXkDg.jpg,PRS:3451,fused,targeted,-1,0,0,True,,11004,5,711950829976365482,38,7448,0.1484375,0.33909982442855835,0.19552630186080933,0.478786438703537,0.3773482143878937,0.13968662917613983,0.18182191252708435,1,1,0.14357352256774902,0.3757244348526001,0.10143822431564331,0,0,1,1,1,7448
1,PRS/PRS_0003451_2012_08_133_48.87325336498916_2.307285056069851_gg9wj5Cx8HlOlQoJKaXkDg.jpg,PRS:3451,fused,random,0,0,-45,True,,11004,5,711950829976365482,38,7448,0.1484375,0.33909982442855835,0.26119861006736755,0.478786438703537,0.4162083864212036,0.13968662917613983,0.15500977635383606,1,1,0.0779012143611908,0.2814539670944214,0.06257805228233337,0,0,1,1,1,7448
1,PRS/PRS_0003451_2012_08_133_48.87325336498916_2.307285056069851_gg9wj5Cx8HlOlQoJKaXkDg.jpg,PRS:3451,fused,random,1,20,-66,True,,11004,5,711950829976365482,38,7448,0.1484375,0.33909982442855835,0.25357332825660706,0.478786438703537,0.3957691788673401,0.13968662917613983,0.14219585061073303,1,1,0.0855264961719513,0.2665882110595703,0.0830172598361969,0,0,1,1,1,7448
1,PRS/PRS_0003451_2012_08_133_48.87325336498916_2.307285056069851_gg9wj5Cx8HlOlQoJKaXkDg.jpg,PRS:3451,fused,random,2,-74,-47,True,,11004,5,711950829976365482,38,7448,0.1484375,0.33909982442855835,0.2768854796886444,0.478786438703537,0.4231834411621094,0.13968662917613983,0.14629796147346497,1,1,0.06221434473991394,0.07861208915710449,0.05560299754142761,0,0,1,1,1,7448
1,PRS/PRS_0003451_2012_08_133_48.87325336498916_2.307285056069851_gg9wj5Cx8HlOlQoJKaXkDg.jpg,PRS:3451,fused,random,3,-76,-62,True,,11004,5,711950829976365482,38,7448,0.1484375,0.33909982442855835,0.27672383189201355,0.478786438703537,0.42218345403671265,0.13968662917613983,0.1454596221446991,1,1,0.0623759925365448,0.0940808653831482,0.05660298466682434,0,0,1,1,1,7448
1,PRS/PRS_0003451_2012_08_133_48.87325336498916_2.307285056069851_gg9wj5Cx8HlOlQoJKaXkDg.jpg,PRS:3451,fused,random,4,-30,-21,True,,11004,5,711950829976365482,38,7448,0.1484375,0.33909982442855835,0.24750003218650818,0.478786438703537,0.3874725103378296,0.13968662917613983,0.1399724781513214,1,1,0.09159979224205017,0.2562800645828247,0.0913139283657074,0,0,1,1,1,7448
1,TRT/TRT_0000337_2009_05_353_43.64477772078452_-79.57954279962773_acXywZaBuVCEXmBFNlqnLg.jpg,TRT:337,attention,clean,-1,0,0,True,,10010,5,3534725540905240765,38,7448,0.1484375,0.18876904249191284,0.18876904249191284,0.4652518332004547,0.4652518332004547,0.27648279070854187,0.27648279070854187,1,1,0.0,0.0,0.0,0,0,1,1,1,0
1,TRT/TRT_0000337_2009_05_353_43.64477772078452_-79.57954279962773_acXywZaBuVCEXmBFNlqnLg.jpg,TRT:337,fused,clean,-1,0,0,True,,11984,5,795581378461021152,38,7448,0.1484375,0.18876904249191284,0.18876904249191284,0.4652518332004547,0.4652518332004547,0.27648279070854187,0.27648279070854187,1,1,0.0,0.0,0.0,0,0,1,1,1,0
1,TRT/TRT_0000337_2009_05_353_43.64477772078452_-79.57954279962773_acXywZaBuVCEXmBFNlqnLg.jpg,TRT:337,attention,targeted,-1,0,0,True,,10010,5,3534725540905240765,38,7448,0.1484375,0.18876904249191284,0.1205773651599884,0.4652518332004547,0.336437463760376,0.27648279070854187,0.21586009860038757,1,1,0.06819167733192444,0.34374767541885376,0.12881436944007874,0,0,1,1,1,7448
1,TRT/TRT_0000337_2009_05_353_43.64477772078452_-79.57954279962773_acXywZaBuVCEXmBFNlqnLg.jpg,TRT:337,attention,random,0,-20,7,True,,10010,5,3534725540905240765,38,7448,0.1484375,0.18876904249191284,0.08222062885761261,0.4652518332004547,0.2982582151889801,0.27648279070854187,0.2160375863313675,1,1,0.10654841363430023,0.3915666341781616,0.1669936180114746,0,0,1,1,1,7448
1,TRT/TRT_0000337_2009_05_353_43.64477772078452_-79.57954279962773_acXywZaBuVCEXmBFNlqnLg.jpg,TRT:337,attention,random,1,-21,-10,True,,10010,5,3534725540905240765,38,7448,0.1484375,0.18876904249191284,0.04745575785636902,0.4652518332004547,0.2543506622314453,0.27648279070854187,0.2068949043750763,1,1,0.14131328463554382,0.4389899969100952,0.2109011709690094,0,0,1,1,1,7448
1,TRT/TRT_0000337_2009_05_353_43.64477772078452_-79.57954279962773_acXywZaBuVCEXmBFNlqnLg.jpg,TRT:337,attention,random,2,47,13,True,,10010,5,3534725540905240765,38,7448,0.1484375,0.18876904249191284,0.2015533447265625,0.4652518332004547,0.46378588676452637,0.27648279070854187,0.26223254203796387,1,1,-0.012784302234649658,0.10546958446502686,0.0014659464359283447,0,0,1,1,1,7448
1,TRT/TRT_0000337_2009_05_353_43.64477772078452_-79.57954279962773_acXywZaBuVCEXmBFNlqnLg.jpg,TRT:337,attention,random,3,-14,30,True,,10010,5,3534725540905240765,38,7448,0.1484375,0.18876904249191284,0.19406190514564514,0.4652518332004547,0.41113385558128357,0.27648279070854187,0.21707195043563843,1,1,-0.0052928626537323,0.2840174436569214,0.05411797761917114,0,0,1,1,1,7448
1,TRT/TRT_0000337_2009_05_353_43.64477772078452_-79.57954279962773_acXywZaBuVCEXmBFNlqnLg.jpg,TRT:337,attention,random,4,1,54,True,,10010,5,3534725540905240765,38,7448,0.1484375,0.18876904249191284,0.18654865026474,0.4652518332004547,0.4623967409133911,0.27648279070854187,0.2758480906486511,1,1,0.0022203922271728516,0.21436893939971924,0.0028550922870635986,0,0,1,1,1,7448
1,TRT/TRT_0000337_2009_05_353_43.64477772078452_-79.57954279962773_acXywZaBuVCEXmBFNlqnLg.jpg,TRT:337,fused,targeted,-1,0,0,True,,11984,5,795581378461021152,38,7448,0.1484375,0.18876904249191284,0.08452565968036652,0.4652518332004547,0.2895183265209198,0.27648279070854187,0.20499266684055328,1,1,0.10424338281154633,0.393332302570343,0.1757335066795349,0,0,1,1,1,7448
1,TRT/TRT_0000337_2009_05_353_43.64477772078452_-79.57954279962773_acXywZaBuVCEXmBFNlqnLg.jpg,TRT:337,fused,random,0,-37,49,True,,11984,5,795581378461021152,38,7448,0.1484375,0.18876904249191284,0.2031877040863037,0.4652518332004547,0.42014607787132263,0.27648279070854187,0.21695837378501892,1,1,-0.01441866159439087,0.24385106563568115,0.04510575532913208,0,0,1,1,1,7448
1,TRT/TRT_0000337_2009_05_353_43.64477772078452_-79.57954279962773_acXywZaBuVCEXmBFNlqnLg.jpg,TRT:337,fused,random,1,-38,59,True,,11984,5,795581378461021152,38,7448,0.1484375,0.18876904249191284,0.09935438632965088,0.4652518332004547,0.36350685358047485,0.27648279070854187,0.264152467250824,1,1,0.08941465616226196,0.30271464586257935,0.10174497961997986,0,0,1,1,1,7448
1,TRT/TRT_0000337_2009_05_353_43.64477772078452_-79.57954279962773_acXywZaBuVCEXmBFNlqnLg.jpg,TRT:337,fused,random,2,-82,-12,True,,11984,5,795581378461021152,38,7448,0.1484375,0.18876904249191284,0.13990837335586548,0.4652518332004547,0.4143885374069214,0.27648279070854187,0.2744801640510559,1,1,0.04886066913604736,0.10356688499450684,0.050863295793533325,0,0,1,1,1,7448
1,TRT/TRT_0000337_2009_05_353_43.64477772078452_-79.57954279962773_acXywZaBuVCEXmBFNlqnLg.jpg,TRT:337,fused,random,3,-64,58,True,,11984,5,795581378461021152,38,7448,0.1484375,0.18876904249191284,0.16257479786872864,0.4652518332004547,0.40861964225769043,0.27648279070854187,0.2460448443889618,1,1,0.026194244623184204,0.16835737228393555,0.05663219094276428,0,0,1,1,1,7448
1,TRT/TRT_0000337_2009_05_353_43.64477772078452_-79.57954279962773_acXywZaBuVCEXmBFNlqnLg.jpg,TRT:337,fused,random,4,-6,67,True,,11984,5,795581378461021152,38,7448,0.1484375,0.18876904249191284,0.21996456384658813,0.4652518332004547,0.4710603356361389,0.27648279070854187,0.2510957717895508,1,1,-0.031195521354675293,0.21022403240203857,-0.005808502435684204,0,0,1,1,1,7448
1,Chicago/Chicago_0004118_2009_04_023_41.89078788764298_-87.67846180650729_QQc2tRCnFoctNnQ_qG27OA.jpg,Chicago:4118,attention,clean,-1,0,0,True,,6062,5,5861483190483111291,38,7448,0.1484375,0.2435295283794403,0.2435295283794403,0.48525887727737427,0.48525887727737427,0.24172934889793396,0.24172934889793396,1,1,0.0,0.0,0.0,0,0,1,1,1,0
1,Chicago/Chicago_0004118_2009_04_023_41.89078788764298_-87.67846180650729_QQc2tRCnFoctNnQ_qG27OA.jpg,Chicago:4118,fused,clean,-1,0,0,True,,8036,5,3675983262047410599,38,7448,0.1484375,0.2435295283794403,0.2435295283794403,0.48525887727737427,0.48525887727737427,0.24172934889793396,0.24172934889793396,1,1,0.0,0.0,0.0,0,0,1,1,1,0
1,Chicago/Chicago_0004118_2009_04_023_41.89078788764298_-87.67846180650729_QQc2tRCnFoctNnQ_qG27OA.jpg,Chicago:4118,attention,targeted,-1,0,0,True,,6062,5,5861483190483111291,38,7448,0.1484375,0.2435295283794403,0.05067029595375061,0.48525887727737427,0.2495974600315094,0.24172934889793396,0.1989271640777588,1,1,0.1928592324256897,0.3990563750267029,0.23566141724586487,0,0,1,1,1,7448
1,Chicago/Chicago_0004118_2009_04_023_41.89078788764298_-87.67846180650729_QQc2tRCnFoctNnQ_qG27OA.jpg,Chicago:4118,attention,random,0,-36,7,True,,6062,5,5861483190483111291,38,7448,0.1484375,0.2435295283794403,0.13575103878974915,0.48525887727737427,0.36580705642700195,0.24172934889793396,0.2300560176372528,1,1,0.10777848958969116,0.22541379928588867,0.11945182085037231,0,0,1,1,1,7448
1,Chicago/Chicago_0004118_2009_04_023_41.89078788764298_-87.67846180650729_QQc2tRCnFoctNnQ_qG27OA.jpg,Chicago:4118,attention,random,1,61,3,True,,6062,5,5861483190483111291,38,7448,0.1484375,0.2435295283794403,0.2549404501914978,0.48525887727737427,0.46679142117500305,0.24172934889793396,0.21185095608234406,1,1,-0.011410921812057495,0.10535836219787598,0.018467456102371216,0,0,1,1,1,7448
1,Chicago/Chicago_0004118_2009_04_023_41.89078788764298_-87.67846180650729_QQc2tRCnFoctNnQ_qG27OA.jpg,Chicago:4118,attention,random,2,-21,6,True,,6062,5,5861483190483111291,38,7448,0.1484375,0.2435295283794403,0.1082012802362442,0.48525887727737427,0.34645771980285645,0.24172934889793396,0.23825643956661224,1,1,0.1353282481431961,0.3385411500930786,0.13880115747451782,0,0,1,1,1,7448
1,Chicago/Chicago_0004118_2009_04_023_41.89078788764298_-87.67846180650729_QQc2tRCnFoctNnQ_qG27OA.jpg,Chicago:4118,attention,random,3,-19,22,True,,6062,5,5861483190483111291,38,7448,0.1484375,0.2435295283794403,0.08910056948661804,0.48525887727737427,0.34901708364486694,0.24172934889793396,0.2599165141582489,1,1,0.15442895889282227,0.2897375226020813,0.13624179363250732,0,0,1,1,1,7448
1,Chicago/Chicago_0004118_2009_04_023_41.89078788764298_-87.67846180650729_QQc2tRCnFoctNnQ_qG27OA.jpg,Chicago:4118,attention,random,4,48,24,True,,6062,5,5861483190483111291,38,7448,0.1484375,0.2435295283794403,0.21984772384166718,0.48525887727737427,0.4499136209487915,0.24172934889793396,0.23006589710712433,1,1,0.023681804537773132,0.1315457820892334,0.035345256328582764,0,0,1,1,1,7448
1,Chicago/Chicago_0004118_2009_04_023_41.89078788764298_-87.67846180650729_QQc2tRCnFoctNnQ_qG27OA.jpg,Chicago:4118,fused,targeted,-1,0,0,True,,8036,5,3675983262047410599,38,7448,0.1484375,0.2435295283794403,0.0035547465085983276,0.48525887727737427,0.2488359659910202,0.24172934889793396,0.24528121948242188,1,1,0.23997478187084198,0.3898797035217285,0.23642291128635406,0,0,1,1,1,7448
1,Chicago/Chicago_0004118_2009_04_023_41.89078788764298_-87.67846180650729_QQc2tRCnFoctNnQ_qG27OA.jpg,Chicago:4118,fused,random,0,-47,40,True,,8036,5,3675983262047410599,38,7448,0.1484375,0.2435295283794403,0.1878073811531067,0.48525887727737427,0.445620059967041,0.24172934889793396,0.2578126788139343,1,1,0.05572214722633362,0.08850562572479248,0.03963881731033325,0,0,1,1,1,7448
1,Chicago/Chicago_0004118_2009_04_023_41.89078788764298_-87.67846180650729_QQc2tRCnFoctNnQ_qG27OA.jpg,Chicago:4118,fused,random,1,-32,24,True,,8036,5,3675983262047410599,38,7448,0.1484375,0.2435295283794403,0.15206407010555267,0.48525887727737427,0.39380621910095215,0.24172934889793396,0.24174214899539948,1,1,0.09146545827388763,0.1889793872833252,0.09145265817642212,0,0,1,1,1,7448
1,Chicago/Chicago_0004118_2009_04_023_41.89078788764298_-87.67846180650729_QQc2tRCnFoctNnQ_qG27OA.jpg,Chicago:4118,fused,random,2,-63,45,True,,8036,5,3675983262047410599,38,7448,0.1484375,0.2435295283794403,0.23479172587394714,0.48525887727737427,0.4808938503265381,0.24172934889793396,0.24610212445259094,1,1,0.008737802505493164,0.02133774757385254,0.004365026950836182,0,0,1,1,1,7448
1,Chicago/Chicago_0004118_2009_04_023_41.89078788764298_-87.67846180650729_QQc2tRCnFoctNnQ_qG27OA.jpg,Chicago:4118,fused,random,3,-28,41,True,,8036,5,3675983262047410599,38,7448,0.1484375,0.2435295283794403,0.1298506259918213,0.48525887727737427,0.3790908455848694,0.24172934889793396,0.2492402195930481,1,1,0.11367890238761902,0.2026444673538208,0.10616803169250488,0,0,1,1,1,7448
1,Chicago/Chicago_0004118_2009_04_023_41.89078788764298_-87.67846180650729_QQc2tRCnFoctNnQ_qG27OA.jpg,Chicago:4118,fused,random,4,28,12,True,,8036,5,3675983262047410599,38,7448,0.1484375,0.2435295283794403,0.16366133093833923,0.48525887727737427,0.36186450719833374,0.24172934889793396,0.1982031762599945,1,1,0.07986819744110107,0.25463879108428955,0.12339437007904053,0,0,1,1,1,7448
1,Lisbon/Lisbon_0003123_2009_06_049_38.72826258534669_-9.164996249525506_IdVG1Hoc92Y2wOGGN-4MWA.jpg,Lisbon:3123,attention,clean,-1,0,0,True,,7028,5,6797744006871253796,38,7448,0.1484375,0.3460272252559662,0.3460272252559662,0.5169497728347778,0.5169497728347778,0.17092254757881165,0.17092254757881165,1,1,0.0,0.0,0.0,0,0,1,1,1,0
1,Lisbon/Lisbon_0003123_2009_06_049_38.72826258534669_-9.164996249525506_IdVG1Hoc92Y2wOGGN-4MWA.jpg,Lisbon:3123,fused,clean,-1,0,0,True,,7028,5,2972053890752947687,38,7448,0.1484375,0.3460272252559662,0.3460272252559662,0.5169497728347778,0.5169497728347778,0.17092254757881165,0.17092254757881165,1,1,0.0,0.0,0.0,0,0,1,1,1,0
1,Lisbon/Lisbon_0003123_2009_06_049_38.72826258534669_-9.164996249525506_IdVG1Hoc92Y2wOGGN-4MWA.jpg,Lisbon:3123,attention,targeted,-1,0,0,True,,7028,5,6797744006871253796,38,7448,0.1484375,0.3460272252559662,0.28579002618789673,0.5169497728347778,0.44873031973838806,0.17092254757881165,0.16294029355049133,1,1,0.06023719906806946,0.26618993282318115,0.06821945309638977,0,0,1,1,1,7448
1,Lisbon/Lisbon_0003123_2009_06_049_38.72826258534669_-9.164996249525506_IdVG1Hoc92Y2wOGGN-4MWA.jpg,Lisbon:3123,attention,random,0,-14,43,True,,7028,5,6797744006871253796,38,7448,0.1484375,0.3460272252559662,0.27052879333496094,0.5169497728347778,0.4273269474506378,0.17092254757881165,0.15679815411567688,1,1,0.07549843192100525,0.15821599960327148,0.08962282538414001,0,0,1,1,1,7448
1,Lisbon/Lisbon_0003123_2009_06_049_38.72826258534669_-9.164996249525506_IdVG1Hoc92Y2wOGGN-4MWA.jpg,Lisbon:3123,attention,random,1,25,18,True,,7028,5,6797744006871253796,38,7448,0.1484375,0.3460272252559662,0.2566032409667969,0.5169497728347778,0.4258277416229248,0.17092254757881165,0.16922450065612793,1,1,0.08942398428916931,0.27133142948150635,0.09112203121185303,0,0,1,1,1,7448
1,Lisbon/Lisbon_0003123_2009_06_049_38.72826258534669_-9.164996249525506_IdVG1Hoc92Y2wOGGN-4MWA.jpg,Lisbon:3123,attention,random,2,4,47,True,,7028,5,6797744006871253796,38,7448,0.1484375,0.3460272252559662,0.2400510162115097,0.5169497728347778,0.3897898197174072,0.17092254757881165,0.14973880350589752,1,1,0.10597620904445648,0.17726773023605347,0.1271599531173706,0,0,1,1,1,7448
1,Lisbon/Lisbon_0003123_2009_06_049_38.72826258534669_-9.164996249525506_IdVG1Hoc92Y2wOGGN-4MWA.jpg,Lisbon:3123,attention,random,3,-5,77,True,,7028,5,6797744006871253796,38,7448,0.1484375,0.3460272252559662,0.29247352480888367,0.5169497728347778,0.4480080008506775,0.17092254757881165,0.15553447604179382,1,1,0.05355370044708252,0.10329985618591309,0.06894177198410034,0,0,1,1,1,7448
1,Lisbon/Lisbon_0003123_2009_06_049_38.72826258534669_-9.164996249525506_IdVG1Hoc92Y2wOGGN-4MWA.jpg,Lisbon:3123,attention,random,4,25,17,True,,7028,5,6797744006871253796,38,7448,0.1484375,0.3460272252559662,0.26214247941970825,0.5169497728347778,0.42673954367637634,0.17092254757881165,0.1645970642566681,1,1,0.08388474583625793,0.26491570472717285,0.09021022915840149,0,0,1,1,1,7448
1,Lisbon/Lisbon_0003123_2009_06_049_38.72826258534669_-9.164996249525506_IdVG1Hoc92Y2wOGGN-4MWA.jpg,Lisbon:3123,fused,targeted,-1,0,0,True,,7028,5,2972053890752947687,38,7448,0.1484375,0.3460272252559662,0.2735304832458496,0.5169497728347778,0.4430329203605652,0.17092254757881165,0.16950243711471558,1,1,0.07249674201011658,0.2634170651435852,0.07391685247421265,0,0,1,1,1,7448
1,Lisbon/Lisbon_0003123_2009_06_049_38.72826258534669_-9.164996249525506_IdVG1Hoc92Y2wOGGN-4MWA.jpg,Lisbon:3123,fused,random,0,13,78,True,,7028,5,2972053890752947687,38,7448,0.1484375,0.3460272252559662,0.30308258533477783,0.5169497728347778,0.4471687078475952,0.17092254757881165,0.14408613741397858,1,1,0.042944639921188354,0.09951603412628174,0.06978106498718262,0,0,1,1,1,7448
1,Lisbon/Lisbon_0003123_2009_06_049_38.72826258534669_-9.164996249525506_IdVG1Hoc92Y2wOGGN-4MWA.jpg,Lisbon:3123,fused,random,1,15,45,True,,7028,5,2972053890752947687,38,7448,0.1484375,0.3460272252559662,0.19946058094501495,0.5169497728347778,0.3508015275001526,0.17092254757881165,0.15134094655513763,1,1,0.14656664431095123,0.23843026161193848,0.16614824533462524,0,0,1,1,1,7448
1,Lisbon/Lisbon_0003123_2009_06_049_38.72826258534669_-9.164996249525506_IdVG1Hoc92Y2wOGGN-4MWA.jpg,Lisbon:3123,fused,random,2,9,84,True,,7028,5,2972053890752947687,38,7448,0.1484375,0.3460272252559662,0.2922937870025635,0.5169497728347778,0.4483846426010132,0.17092254757881165,0.1560908555984497,1,1,0.05373343825340271,0.09434640407562256,0.06856513023376465,0,0,1,1,1,7448
1,Lisbon/Lisbon_0003123_2009_06_049_38.72826258534669_-9.164996249525506_IdVG1Hoc92Y2wOGGN-4MWA.jpg,Lisbon:3123,fused,random,3,-4,60,True,,7028,5,2972053890752947687,38,7448,0.1484375,0.3460272252559662,0.27238729596138,0.5169497728347778,0.4127464294433594,0.17092254757881165,0.14035913348197937,1,1,0.07363992929458618,0.14018231630325317,0.10420334339141846,0,0,1,1,1,7448
1,Lisbon/Lisbon_0003123_2009_06_049_38.72826258534669_-9.164996249525506_IdVG1Hoc92Y2wOGGN-4MWA.jpg,Lisbon:3123,fused,random,4,34,25,True,,7028,5,2972053890752947687,38,7448,0.1484375,0.3460272252559662,0.24313174188137054,0.5169497728347778,0.41405966877937317,0.17092254757881165,0.17092792689800262,1,1,0.10289548337459564,0.24384379386901855,0.10289010405540466,0,0,1,1,1,7448
1,Rome/Rome_0002295_2008_07_113_41.90450695008018_12.48026800347222_O3khkINqxAm6awsZ_NXz1g.jpg,Rome:2295,attention,clean,-1,0,0,True,,9016,5,4589403743084977531,38,7448,0.1484375,0.25032922625541687,0.25032922625541687,0.5549331903457642,0.5549331903457642,0.3046039640903473,0.3046039640903473,1,1,0.0,0.0,0.0,0,0,1,1,1,0
1,Rome/Rome_0002295_2008_07_113_41.90450695008018_12.48026800347222_O3khkINqxAm6awsZ_NXz1g.jpg,Rome:2295,fused,clean,-1,0,0,True,,10794,5,3939730779961551256,38,7448,0.1484375,0.25032922625541687,0.25032922625541687,0.5549331903457642,0.5549331903457642,0.3046039640903473,0.3046039640903473,1,1,0.0,0.0,0.0,0,0,1,1,1,0
1,Rome/Rome_0002295_2008_07_113_41.90450695008018_12.48026800347222_O3khkINqxAm6awsZ_NXz1g.jpg,Rome:2295,attention,targeted,-1,0,0,True,,9016,5,4589403743084977531,38,7448,0.1484375,0.25032922625541687,0.10959094762802124,0.5549331903457642,0.4427170753479004,0.3046039640903473,0.33312612771987915,1,1,0.14073827862739563,0.239474356174469,0.11221611499786377,0,0,1,1,1,7448
1,Rome/Rome_0002295_2008_07_113_41.90450695008018_12.48026800347222_O3khkINqxAm6awsZ_NXz1g.jpg,Rome:2295,attention,random,0,54,-40,True,,9016,5,4589403743084977531,38,7448,0.1484375,0.25032922625541687,0.23184925317764282,0.5549331903457642,0.5339157581329346,0.3046039640903473,0.30206650495529175,1,1,0.018479973077774048,0.05674165487289429,0.02101743221282959,0,0,1,1,1,7448
1,Rome/Rome_0002295_2008_07_113_41.90450695008018_12.48026800347222_O3khkINqxAm6awsZ_NXz1g.jpg,Rome:2295,attention,random,1,69,-33,True,,9016,5,4589403743084977531,38,7448,0.1484375,0.25032922625541687,0.2410413920879364,0.5549331903457642,0.530803918838501,0.3046039640903473,0.2897625267505646,1,1,0.009287834167480469,0.0690581202507019,0.024129271507263184,0,0,1,1,1,7448
1,Rome/Rome_0002295_2008_07_113_41.90450695008018_12.48026800347222_O3khkINqxAm6awsZ_NXz1g.jpg,Rome:2295,attention,random,2,73,-39,True,,9016,5,4589403743084977531,38,7448,0.1484375,0.25032922625541687,0.21972239017486572,0.5549331903457642,0.5173090696334839,0.3046039640903473,0.29758667945861816,1,1,0.030606836080551147,0.07536059617996216,0.03762412071228027,0,0,1,1,1,7448
1,Rome/Rome_0002295_2008_07_113_41.90450695008018_12.48026800347222_O3khkINqxAm6awsZ_NXz1g.jpg,Rome:2295,attention,random,3,111,-15,True,,9016,5,4589403743084977531,38,7448,0.1484375,0.25032922625541687,0.231024831533432,0.5549331903457642,0.5634826421737671,0.3046039640903473,0.3324578106403351,1,1,0.019304394721984863,0.07503759860992432,-0.00854945182800293,0,0,1,1,1,7448
1,Rome/Rome_0002295_2008_07_113_41.90450695008018_12.48026800347222_O3khkINqxAm6awsZ_NXz1g.jpg,Rome:2295,attention,random,4,9,-30,True,,9016,5,4589403743084977531,38,7448,0.1484375,0.25032922625541687,0.19069123268127441,0.5549331903457642,0.5105704069137573,0.3046039640903473,0.3198791742324829,1,1,0.059637993574142456,0.1045076847076416,0.044362783432006836,0,0,1,1,1,7448
1,Rome/Rome_0002295_2008_07_113_41.90450695008018_12.48026800347222_O3khkINqxAm6awsZ_NXz1g.jpg,Rome:2295,fused,targeted,-1,0,0,True,,10794,5,3939730779961551256,38,7448,0.1484375,0.25032922625541687,0.11302781105041504,0.5549331903457642,0.446319043636322,0.3046039640903473,0.333291232585907,1,1,0.13730141520500183,0.23829615116119385,0.10861414670944214,0,0,1,1,1,7448
1,Rome/Rome_0002295_2008_07_113_41.90450695008018_12.48026800347222_O3khkINqxAm6awsZ_NXz1g.jpg,Rome:2295,fused,random,0,62,-12,True,,10794,5,3939730779961551256,38,7448,0.1484375,0.25032922625541687,0.25975915789604187,0.5549331903457642,0.5406330823898315,0.3046039640903473,0.2808739244937897,1,1,-0.009429931640625,0.058900654315948486,0.014300107955932617,0,0,1,1,1,7448
1,Rome/Rome_0002295_2008_07_113_41.90450695008018_12.48026800347222_O3khkINqxAm6awsZ_NXz1g.jpg,Rome:2295,fused,random,1,120,-50,True,,10794,5,3939730779961551256,38,7448,0.1484375,0.25032922625541687,0.251843124628067,0.5549331903457642,0.570713460445404,0.3046039640903473,0.31887033581733704,1,1,-0.0015138983726501465,0.07407927513122559,-0.015780270099639893,0,0,1,1,1,7448
1,Rome/Rome_0002295_2008_07_113_41.90450695008018_12.48026800347222_O3khkINqxAm6awsZ_NXz1g.jpg,Rome:2295,fused,random,2,66,-47,True,,10794,5,3939730779961551256,38,7448,0.1484375,0.25032922625541687,0.21321812272071838,0.5549331903457642,0.5196273326873779,0.3046039640903473,0.30640920996665955,1,1,0.037111103534698486,0.07017004489898682,0.03530585765838623,0,0,1,1,1,7448
1,Rome/Rome_0002295_2008_07_113_41.90450695008018_12.48026800347222_O3khkINqxAm6awsZ_NXz1g.jpg,Rome:2295,fused,random,3,63,-50,True,,10794,5,3939730779961551256,38,7448,0.1484375,0.25032922625541687,0.20682212710380554,0.5549331903457642,0.5168014764785767,0.3046039640903473,0.3099793493747711,1,1,0.04350709915161133,0.06982064247131348,0.0381317138671875,0,0,1,1,1,7448
1,Rome/Rome_0002295_2008_07_113_41.90450695008018_12.48026800347222_O3khkINqxAm6awsZ_NXz1g.jpg,Rome:2295,fused,random,4,4,-42,True,,10794,5,3939730779961551256,38,7448,0.1484375,0.25032922625541687,0.17144212126731873,0.5549331903457642,0.5175850987434387,0.3046039640903473,0.34614297747612,1,1,0.07888710498809814,0.10145062208175659,0.03734809160232544,0,0,1,1,1,7448
1,TRT/TRT_0002141_2018_07_626_43.71832463065926_-79.42617153533143_RLqvQE7RrpdParkk3QGoSg.jpg,TRT:2141,attention,clean,-1,0,0,True,,8022,5,7184407031507138066,38,7448,0.1484375,-0.0027836859226226807,-0.0027836859226226807,0.2061932384967804,0.2061932384967804,0.20897692441940308,0.20897692441940308,2,2,0.0,0.0,0.0,0,0,0,1,1,0
1,TRT/TRT_0002141_2018_07_626_43.71832463065926_-79.42617153533143_RLqvQE7RrpdParkk3QGoSg.jpg,TRT:2141,fused,clean,-1,0,0,True,,9016,5,7670359785448247523,38,7448,0.1484375,-0.0027836859226226807,-0.0027836859226226807,0.2061932384967804,0.2061932384967804,0.20897692441940308,0.20897692441940308,2,2,0.0,0.0,0.0,0,0,0,1,1,0
1,TRT/TRT_0002141_2018_07_626_43.71832463065926_-79.42617153533143_RLqvQE7RrpdParkk3QGoSg.jpg,TRT:2141,attention,targeted,-1,0,0,True,,8022,5,7184407031507138066,38,7448,0.1484375,-0.0027836859226226807,-0.03325448930263519,0.2061932384967804,0.1612946093082428,0.20897692441940308,0.194549098610878,2,6,0.030470803380012512,0.2122199535369873,0.0448986291885376,4,0,0,0,1,7448
1,TRT/TRT_0002141_2018_07_626_43.71832463065926_-79.42617153533143_RLqvQE7RrpdParkk3QGoSg.jpg,TRT:2141,attention,random,0,45,-37,True,,8022,5,7184407031507138066,38,7448,0.1484375,-0.0027836859226226807,0.007831990718841553,0.2061932384967804,0.2106078565120697,0.20897692441940308,0.20277586579322815,2,1,-0.010615676641464233,0.08502781391143799,-0.004414618015289307,-1,0,1,1,1,7448
1,TRT/TRT_0002141_2018_07_626_43.71832463065926_-79.42617153533143_RLqvQE7RrpdParkk3QGoSg.jpg,TRT:2141,attention,random,1,32,-47,True,,8022,5,7184407031507138066,38,7448,0.1484375,-0.0027836859226226807,-0.0029950588941574097,0.2061932384967804,0.19507810473442078,0.20897692441940308,0.19807316362857819,2,2,0.000211372971534729,0.10611832141876221,0.01111513376235962,0,0,0,1,1,7448
1,TRT/TRT_0002141_2018_07_626_43.71832463065926_-79.42617153533143_RLqvQE7RrpdParkk3QGoSg.jpg,TRT:2141,attention,random,2,62,-27,True,,8022,5,7184407031507138066,38,7448,0.1484375,-0.0027836859226226807,0.014354288578033447,0.2061932384967804,0.2039162814617157,0.20897692441940308,0.18956199288368225,2,1,-0.017137974500656128,0.05243062973022461,0.0022769570350646973,-1,0,1,1,1,7448
1,TRT/TRT_0002141_2018_07_626_43.71832463065926_-79.42617153533143_RLqvQE7RrpdParkk3QGoSg.jpg,TRT:2141,attention,random,3,65,-47,True,,8022,5,7184407031507138066,38,7448,0.1484375,-0.0027836859226226807,-0.0020340681076049805,0.2061932384967804,0.20531253516674042,0.20897692441940308,0.2073466032743454,2,2,-0.0007496178150177002,0.04975295066833496,0.000880703330039978,0,0,0,1,1,7448
1,TRT/TRT_0002141_2018_07_626_43.71832463065926_-79.42617153533143_RLqvQE7RrpdParkk3QGoSg.jpg,TRT:2141,attention,random,4,-5,-44,True,,8022,5,7184407031507138066,38,7448,0.1484375,-0.0027836859226226807,-0.03448455035686493,0.2061932384967804,0.1717020869255066,0.20897692441940308,0.20618663728237152,2,4,0.03170086443424225,0.2106868028640747,0.034491151571273804,2,0,0,1,1,7448
1,TRT/TRT_0002141_2018_07_626_43.71832463065926_-79.42617153533143_RLqvQE7RrpdParkk3QGoSg.jpg,TRT:2141,fused,targeted,-1,0,0,True,,9016,5,7670359785448247523,38,7448,0.1484375,-0.0027836859226226807,-0.047453656792640686,0.2061932384967804,0.15437304973602295,0.20897692441940308,0.20182670652866364,2,7,0.044669970870018005,0.21138840913772583,0.051820188760757446,5,0,0,0,1,7448
1,TRT/TRT_0002141_2018_07_626_43.71832463065926_-79.42617153533143_RLqvQE7RrpdParkk3QGoSg.jpg,TRT:2141,fused,random,0,-9,-7,True,,9016,5,7670359785448247523,38,7448,0.1484375,-0.0027836859226226807,-0.02213461697101593,0.2061932384967804,0.1736518144607544,0.20897692441940308,0.19578643143177032,2,4,0.01935093104839325,0.21644848585128784,0.032541424036026,2,0,0,1,1,7448
1,TRT/TRT_0002141_2018_07_626_43.71832463065926_-79.42617153533143_RLqvQE7RrpdParkk3QGoSg.jpg,TRT:2141,fused,random,1,57,-48,True,,9016,5,7670359785448247523,38,7448,0.1484375,-0.0027836859226226807,0.007002443075180054,0.2061932384967804,0.21404433250427246,0.20897692441940308,0.2070418894290924,2,1,-0.009786128997802734,0.061551690101623535,-0.007851094007492065,-1,0,1,1,1,7448
1,TRT/TRT_0002141_2018_07_626_43.71832463065926_-79.42617153533143_RLqvQE7RrpdParkk3QGoSg.jpg,TRT:2141,fused,random,2,2,-52,True,,9016,5,7670359785448247523,38,7448,0.1484375,-0.0027836859226226807,-0.023323610424995422,0.2061932384967804,0.18539099395275116,0.20897692441940308,0.20871460437774658,2,3,0.02053992450237274,0.21901023387908936,0.020802244544029236,1,0,0,1,1,7448
1,TRT/TRT_0002141_2018_07_626_43.71832463065926_-79.42617153533143_RLqvQE7RrpdParkk3QGoSg.jpg,TRT:2141,fused,random,3,29,-23,True,,9016,5,7670359785448247523,38,7448,0.1484375,-0.0027836859226226807,0.0009641945362091064,0.2061932384967804,0.18428733944892883,0.20897692441940308,0.18332314491271973,2,1,-0.003747880458831787,0.16596448421478271,0.021905899047851562,-1,0,1,1,1,7448
1,TRT/TRT_0002141_2018_07_626_43.71832463065926_-79.42617153533143_RLqvQE7RrpdParkk3QGoSg.jpg,TRT:2141,fused,random,4,13,-18,True,,9016,5,7670359785448247523,38,7448,0.1484375,-0.0027836859226226807,-0.017454415559768677,0.2061932384967804,0.16445967555046082,0.20897692441940308,0.1819140911102295,2,4,0.014670729637145996,0.20396935939788818,0.04173356294631958,2,0,0,1,1,7448
1,Lisbon/Lisbon_0001803_2018_07_173_38.7178493069778_-9.215787008891224_BQ5Ew5_-qg006MPR_pXAUw.jpg,Lisbon:1803,attention,clean,-1,0,0,True,,10010,5,2078980237602594923,38,7448,0.1484375,0.16632071137428284,0.16632071137428284,0.532060444355011,0.532060444355011,0.36573973298072815,0.36573973298072815,1,1,0.0,0.0,0.0,0,0,1,1,1,0
1,Lisbon/Lisbon_0001803_2018_07_173_38.7178493069778_-9.215787008891224_BQ5Ew5_-qg006MPR_pXAUw.jpg,Lisbon:1803,fused,clean,-1,0,0,True,,10010,5,2300230489582727878,38,7448,0.1484375,0.16632071137428284,0.16632071137428284,0.532060444355011,0.532060444355011,0.36573973298072815,0.36573973298072815,1,1,0.0,0.0,0.0,0,0,1,1,1,0
1,Lisbon/Lisbon_0001803_2018_07_173_38.7178493069778_-9.215787008891224_BQ5Ew5_-qg006MPR_pXAUw.jpg,Lisbon:1803,attention,targeted,-1,0,0,True,,10010,5,2078980237602594923,38,7448,0.1484375,0.16632071137428284,0.20469236373901367,0.532060444355011,0.44930702447891235,0.36573973298072815,0.24461466073989868,1,1,-0.038371652364730835,0.4201023578643799,0.08275341987609863,0,0,1,1,1,7448
1,Lisbon/Lisbon_0001803_2018_07_173_38.7178493069778_-9.215787008891224_BQ5Ew5_-qg006MPR_pXAUw.jpg,Lisbon:1803,attention,random,0,1,-13,True,,10010,5,2078980237602594923,38,7448,0.1484375,0.16632071137428284,0.19216209650039673,0.532060444355011,0.4503145217895508,0.36573973298072815,0.25815242528915405,1,1,-0.02584138512611389,0.4124065637588501,0.0817459225654602,0,0,1,1,1,7448
1,Lisbon/Lisbon_0001803_2018_07_173_38.7178493069778_-9.215787008891224_BQ5Ew5_-qg006MPR_pXAUw.jpg,Lisbon:1803,attention,random,1,-29,-8,True,,10010,5,2078980237602594923,38,7448,0.1484375,0.16632071137428284,0.14534419775009155,0.532060444355011,0.47589123249053955,0.36573973298072815,0.330547034740448,1,1,0.020976513624191284,0.33720147609710693,0.056169211864471436,0,0,1,1,1,7448
1,Lisbon/Lisbon_0001803_2018_07_173_38.7178493069778_-9.215787008891224_BQ5Ew5_-qg006MPR_pXAUw.jpg,Lisbon:1803,attention,random,2,-32,-29,True,,10010,5,2078980237602594923,38,7448,0.1484375,0.16632071137428284,0.12657752633094788,0.532060444355011,0.41086381673812866,0.36573973298072815,0.2842862904071808,1,1,0.03974318504333496,0.40941643714904785,0.12119662761688232,0,0,1,1,1,7448
1,Lisbon/Lisbon_0001803_2018_07_173_38.7178493069778_-9.215787008891224_BQ5Ew5_-qg006MPR_pXAUw.jpg,Lisbon:1803,attention,random,3,-79,-17,True,,10010,5,2078980237602594923,38,7448,0.1484375,0.16632071137428284,0.20261210203170776,0.532060444355011,0.5376993417739868,0.36573973298072815,0.33508723974227905,1,1,-0.03629139065742493,0.076893150806427,-0.00563889741897583,0,0,1,1,1,7448
1,Lisbon/Lisbon_0001803_2018_07_173_38.7178493069778_-9.215787008891224_BQ5Ew5_-qg006MPR_pXAUw.jpg,Lisbon:1803,attention,random,4,-17,-8,True,,10010,5,2078980237602594923,38,7448,0.1484375,0.16632071137428284,0.1463976502418518,0.532060444355011,0.4418964982032776,0.36573973298072815,0.2954988479614258,1,1,0.01992306113243103,0.34810757637023926,0.0901639461517334,0,0,1,1,1,7448
1,Lisbon/Lisbon_0001803_2018_07_173_38.7178493069778_-9.215787008891224_BQ5Ew5_-qg006MPR_pXAUw.jpg,Lisbon:1803,fused,targeted,-1,0,0,True,,10010,5,2300230489582727878,38,7448,0.1484375,0.16632071137428284,0.18943873047828674,0.532060444355011,0.4595385193824768,0.36573973298072815,0.27009978890419006,1,1,-0.023118019104003906,0.40400147438049316,0.07252192497253418,0,0,1,1,1,7448
1,Lisbon/Lisbon_0001803_2018_07_173_38.7178493069778_-9.215787008891224_BQ5Ew5_-qg006MPR_pXAUw.jpg,Lisbon:1803,fused,random,0,25,-24,True,,10010,5,2300230489582727878,38,7448,0.1484375,0.16632071137428284,0.15875336527824402,0.532060444355011,0.4385817050933838,0.36573973298072815,0.27982833981513977,1,1,0.007567346096038818,0.25974738597869873,0.0934787392616272,0,0,1,1,1,7448
1,Lisbon/Lisbon_0001803_2018_07_173_38.7178493069778_-9.215787008891224_BQ5Ew5_-qg006MPR_pXAUw.jpg,Lisbon:1803,fused,random,1,26,-5,True,,10010,5,2300230489582727878,38,7448,0.1484375,0.16632071137428284,0.14262664318084717,0.532060444355011,0.4577164649963379,0.36573973298072815,0.3150898218154907,1,1,0.02369406819343567,0.28911685943603516,0.0743439793586731,0,0,1,1,1,7448
1,Lisbon/Lisbon_0001803_2018_07_173_38.7178493069778_-9.215787008891224_BQ5Ew5_-qg006MPR_pXAUw.jpg,Lisbon:1803,fused,random,2,-25,-67,True,,10010,5,2300230489582727878,38,7448,0.1484375,0.16632071137428284,0.1833038628101349,0.532060444355011,0.48648425936698914,0.36573973298072815,0.30318039655685425,1,1,-0.01698315143585205,0.18920278549194336,0.04557618498802185,0,0,1,1,1,7448
1,Lisbon/Lisbon_0001803_2018_07_173_38.7178493069778_-9.215787008891224_BQ5Ew5_-qg006MPR_pXAUw.jpg,Lisbon:1803,fused,random,3,13,-4,True,,10010,5,2300230489582727878,38,7448,0.1484375,0.16632071137428284,0.18502402305603027,0.532060444355011,0.4753611087799072,0.36573973298072815,0.29033708572387695,1,1,-0.018703311681747437,0.35680317878723145,0.05669933557510376,0,0,1,1,1,7448
1,Lisbon/Lisbon_0001803_2018_07_173_38.7178493069778_-9.215787008891224_BQ5Ew5_-qg006MPR_pXAUw.jpg,Lisbon:1803,fused,random,4,5,-45,True,,10010,5,2300230489582727878,38,7448,0.1484375,0.16632071137428284,0.16542932391166687,0.532060444355011,0.48736071586608887,0.36573973298072815,0.321931391954422,1,1,0.0008913874626159668,0.25688785314559937,0.04469972848892212,0,0,1,1,1,7448
1,Boston/Boston_0004703_2011_08_043_42.36189791153724_-71.1107288680639_ojR--GadNeGZM1k6mcOH9Q.jpg,Boston:4703,attention,clean,-1,0,0,True,,1904,5,7804328161980550783,38,7448,0.1484375,0.31061774492263794,0.31061774492263794,0.4800601601600647,0.4800601601600647,0.16944243013858795,0.16944243013858795,1,1,0.0,0.0,0.0,0,0,1,1,1,0
1,Boston/Boston_0004703_2011_08_043_42.36189791153724_-71.1107288680639_ojR--GadNeGZM1k6mcOH9Q.jpg,Boston:4703,fused,clean,-1,0,0,True,,3276,5,6576176679508344128,38,7448,0.1484375,0.31061774492263794,0.31061774492263794,0.4800601601600647,0.4800601601600647,0.16944243013858795,0.16944243013858795,1,1,0.0,0.0,0.0,0,0,1,1,1,0
1,Boston/Boston_0004703_2011_08_043_42.36189791153724_-71.1107288680639_ojR--GadNeGZM1k6mcOH9Q.jpg,Boston:4703,attention,targeted,-1,0,0,True,,1904,5,7804328161980550783,38,7448,0.1484375,0.31061774492263794,0.23938846588134766,0.4800601601600647,0.41982319951057434,0.16944243013858795,0.18043473362922668,1,1,0.07122927904129028,0.27787184715270996,0.060236960649490356,0,0,1,1,1,7448
1,Boston/Boston_0004703_2011_08_043_42.36189791153724_-71.1107288680639_ojR--GadNeGZM1k6mcOH9Q.jpg,Boston:4703,attention,random,0,15,-9,True,,1904,5,7804328161980550783,38,7448,0.1484375,0.31061774492263794,0.29374027252197266,0.4800601601600647,0.46535658836364746,0.16944243013858795,0.1716163158416748,1,1,0.016877472400665283,0.30394768714904785,0.014703571796417236,0,0,1,1,1,7448
1,Boston/Boston_0004703_2011_08_043_42.36189791153724_-71.1107288680639_ojR--GadNeGZM1k6mcOH9Q.jpg,Boston:4703,attention,random,1,23,-2,True,,1904,5,7804328161980550783,38,7448,0.1484375,0.31061774492263794,0.24986904859542847,0.4800601601600647,0.42645102739334106,0.16944243013858795,0.1765819787979126,1,1,0.06074869632720947,0.27926087379455566,0.05360913276672363,0,0,1,1,1,7448
1,Boston/Boston_0004703_2011_08_043_42.36189791153724_-71.1107288680639_ojR--GadNeGZM1k6mcOH9Q.jpg,Boston:4703,attention,random,2,25,-11,True,,1904,5,7804328161980550783,38,7448,0.1484375,0.31061774492263794,0.3167532980442047,0.4800601601600647,0.46948525309562683,0.16944243013858795,0.15273195505142212,1,1,-0.0061355531215667725,0.2530970573425293,0.010574907064437866,0,0,1,1,1,7448
1,Boston/Boston_0004703_2011_08_043_42.36189791153724_-71.1107288680639_ojR--GadNeGZM1k6mcOH9Q.jpg,Boston:4703,attention,random,3,28,0,True,,1904,5,7804328161980550783,38,7448,0.1484375,0.31061774492263794,0.30945736169815063,0.4800601601600647,0.479138046503067,0.16944243013858795,0.16968068480491638,1,1,0.0011603832244873047,0.22337543964385986,0.0009221136569976807,0,0,1,1,1,7448
1,Boston/Boston_0004703_2011_08_043_42.36189791153724_-71.1107288680639_ojR--GadNeGZM1k6mcOH9Q.jpg,Boston:4703,attention,random,4,42,-14,True,,1904,5,7804328161980550783,38,7448,0.1484375,0.31061774492263794,0.36707812547683716,0.4800601601600647,0.5049627423286438,0.16944243013858795,0.13788461685180664,1,1,-0.05646038055419922,0.14575481414794922,-0.0249025821685791,0,0,1,1,1,7448
1,Boston/Boston_0004703_2011_08_043_42.36189791153724_-71.1107288680639_ojR--GadNeGZM1k6mcOH9Q.jpg,Boston:4703,fused,targeted,-1,0,0,True,,3276,5,6576176679508344128,38,7448,0.1484375,0.31061774492263794,0.08092707395553589,0.4800601601600647,0.2546065151691437,0.16944243013858795,0.1736794412136078,1,1,0.22969067096710205,0.3938164710998535,0.22545364499092102,0,0,1,1,1,7448
1,Boston/Boston_0004703_2011_08_043_42.36189791153724_-71.1107288680639_ojR--GadNeGZM1k6mcOH9Q.jpg,Boston:4703,fused,random,0,-9,-21,True,,3276,5,6576176679508344128,38,7448,0.1484375,0.31061774492263794,0.22561301290988922,0.4800601601600647,0.3911237418651581,0.16944243013858795,0.16551072895526886,1,1,0.08500473201274872,0.25603187084198,0.08893641829490662,0,0,1,1,1,7448
1,Boston/Boston_0004703_2011_08_043_42.36189791153724_-71.1107288680639_ojR--GadNeGZM1k6mcOH9Q.jpg,Boston:4703,fused,random,1,24,-18,True,,3276,5,6576176679508344128,38,7448,0.1484375,0.31061774492263794,0.23627343773841858,0.4800601601600647,0.3990618884563446,0.16944243013858795,0.16278845071792603,1,1,0.07434430718421936,0.2714674472808838,0.08099827170372009,0,0,1,1,1,7448
1,Boston/Boston_0004703_2011_08_043_42.36189791153724_-71.1107288680639_ojR--GadNeGZM1k6mcOH9Q.jpg,Boston:4703,fused,random,2,5,-10,True,,3276,5,6576176679508344128,38,7448,0.1484375,0.31061774492263794,0.14687016606330872,0.4800601601600647,0.3177003860473633,0.16944243013858795,0.17083021998405457,1,1,0.16374757885932922,0.3323761820793152,0.16235977411270142,0,0,1,1,1,7448
1,Boston/Boston_0004703_2011_08_043_42.36189791153724_-71.1107288680639_ojR--GadNeGZM1k6mcOH9Q.jpg,Boston:4703,fused,random,3,32,-20,True,,3276,5,6576176679508344128,38,7448,0.1484375,0.31061774492263794,0.25305694341659546,0.4800601601600647,0.4387398958206177,0.16944243013858795,0.18568295240402222,1,1,0.05756080150604248,0.24937820434570312,0.04132026433944702,0,0,1,1,1,7448
1,Boston/Boston_0004703_2011_08_043_42.36189791153724_-71.1107288680639_ojR--GadNeGZM1k6mcOH9Q.jpg,Boston:4703,fused,random,4,60,-25,True,,3276,5,6576176679508344128,38,7448,0.1484375,0.31061774492263794,0.27124831080436707,0.4800601601600647,0.41466641426086426,0.16944243013858795,0.1434181034564972,1,1,0.039369434118270874,0.18778634071350098,0.06539374589920044,0,0,1,1,1,7448
1,Bangkok/Bangkok_0000498_2016_10_438_13.72009416131538_100.5489865502233_c4cAnCTk4h7M8-TXtf73IA.jpg,Bangkok:498,attention,clean,-1,0,0,True,,8036,5,3813873828246954784,38,7448,0.1484375,0.13236576318740845,0.13236576318740845,0.4161231219768524,0.4161231219768524,0.28375735878944397,0.28375735878944397,1,1,0.0,0.0,0.0,0,0,1,1,1,0
1,Bangkok/Bangkok_0000498_2016_10_438_13.72009416131538_100.5489865502233_c4cAnCTk4h7M8-TXtf73IA.jpg,Bangkok:498,fused,clean,-1,0,0,True,,8036,5,3784223269059447832,38,7448,0.1484375,0.13236576318740845,0.13236576318740845,0.4161231219768524,0.4161231219768524,0.28375735878944397,0.28375735878944397,1,1,0.0,0.0,0.0,0,0,1,1,1,0
1,Bangkok/Bangkok_0000498_2016_10_438_13.72009416131538_100.5489865502233_c4cAnCTk4h7M8-TXtf73IA.jpg,Bangkok:498,attention,targeted,-1,0,0,True,,8036,5,3813873828246954784,38,7448,0.1484375,0.13236576318740845,0.1288832128047943,0.4161231219768524,0.31104576587677,0.28375735878944397,0.1821625530719757,1,1,0.0034825503826141357,0.341124951839447,0.1050773561000824,0,0,1,1,1,7448
1,Bangkok/Bangkok_0000498_2016_10_438_13.72009416131538_100.5489865502233_c4cAnCTk4h7M8-TXtf73IA.jpg,Bangkok:498,attention,random,0,6,55,True,,8036,5,3813873828246954784,38,7448,0.1484375,0.13236576318740845,0.10320794582366943,0.4161231219768524,0.3257632553577423,0.28375735878944397,0.22255530953407288,1,1,0.029157817363739014,0.25608062744140625,0.09035986661911011,0,0,1,1,1,7448
1,Bangkok/Bangkok_0000498_2016_10_438_13.72009416131538_100.5489865502233_c4cAnCTk4h7M8-TXtf73IA.jpg,Bangkok:498,attention,random,1,82,44,True,,8036,5,3813873828246954784,38,7448,0.1484375,0.13236576318740845,0.14255264401435852,0.4161231219768524,0.3977625370025635,0.28375735878944397,0.25520989298820496,1,1,-0.010186880826950073,0.06276923418045044,0.01836058497428894,0,0,1,1,1,7448
1,Bangkok/Bangkok_0000498_2016_10_438_13.72009416131538_100.5489865502233_c4cAnCTk4h7M8-TXtf73IA.jpg,Bangkok:498,attention,random,2,24,29,True,,8036,5,3813873828246954784,38,7448,0.1484375,0.13236576318740845,0.05451551079750061,0.4161231219768524,0.3303973078727722,0.28375735878944397,0.2758817970752716,1,1,0.07785025238990784,0.20650291442871094,0.0857258141040802,0,0,1,1,1,7448
1,Bangkok/Bangkok_0000498_2016_10_438_13.72009416131538_100.5489865502233_c4cAnCTk4h7M8-TXtf73IA.jpg,Bangkok:498,attention,random,3,23,55,True,,8036,5,3813873828246954784,38,7448,0.1484375,0.13236576318740845,0.07347041368484497,0.4161231219768524,0.32389235496520996,0.28375735878944397,0.250421941280365,1,1,0.05889534950256348,0.19922685623168945,0.09223076701164246,0,0,1,1,1,7448
1,Bangkok/Bangkok_0000498_2016_10_438_13.72009416131538_100.5489865502233_c4cAnCTk4h7M8-TXtf73IA.jpg,Bangkok:498,attention,random,4,-14,16,True,,8036,5,3813873828246954784,38,7448,0.1484375,0.13236576318740845,0.1901160627603531,0.4161231219768524,0.3615994453430176,0.28375735878944397,0.1714833825826645,1,1,-0.05775029957294464,0.3617267608642578,0.05452367663383484,0,0,1,1,1,7448
1,Bangkok/Bangkok_0000498_2016_10_438_13.72009416131538_100.5489865502233_c4cAnCTk4h7M8-TXtf73IA.jpg,Bangkok:498,fused,targeted,-1,0,0,True,,8036,5,3784223269059447832,38,7448,0.1484375,0.13236576318740845,0.1629774570465088,0.4161231219768524,0.3267498016357422,0.28375735878944397,0.1637723445892334,1,1,-0.030611693859100342,0.3358888626098633,0.08937332034111023,0,0,1,1,1,7448
1,Bangkok/Bangkok_0000498_2016_10_438_13.72009416131538_100.5489865502233_c4cAnCTk4h7M8-TXtf73IA.jpg,Bangkok:498,fused,random,0,-42,50,True,,8036,5,3784223269059447832,38,7448,0.1484375,0.13236576318740845,0.1896248459815979,0.4161231219768524,0.4012836217880249,0.28375735878944397,0.211658775806427,1,1,-0.05725908279418945,0.23349332809448242,0.014839500188827515,0,0,1,1,1,7448
1,Bangkok/Bangkok_0000498_2016_10_438_13.72009416131538_100.5489865502233_c4cAnCTk4h7M8-TXtf73IA.jpg,Bangkok:498,fused,random,1,67,48,True,,8036,5,3784223269059447832,38,7448,0.1484375,0.13236576318740845,0.11907073855400085,0.4161231219768524,0.38086599111557007,0.28375735878944397,0.2617952525615692,1,1,0.013295024633407593,0.08572256565093994,0.03525713086128235,0,0,1,1,1,7448
1,Bangkok/Bangkok_0000498_2016_10_438_13.72009416131538_100.5489865502233_c4cAnCTk4h7M8-TXtf73IA.jpg,Bangkok:498,fused,random,2,25,47,True,,8036,5,3784223269059447832,38,7448,0.1484375,0.13236576318740845,0.046125710010528564,0.4161231219768524,0.2998848557472229,0.28375735878944397,0.25375914573669434,1,1,0.08624005317687988,0.23025089502334595,0.11623826622962952,0,0,1,1,1,7448
1,Bangkok/Bangkok_0000498_2016_10_438_13.72009416131538_100.5489865502233_c4cAnCTk4h7M8-TXtf73IA.jpg,Bangkok:498,fused,random,3,92,23,True,,8036,5,3784223269059447832,38,7448,0.1484375,0.13236576318740845,0.12359428405761719,0.4161231219768524,0.403602659702301,0.28375735878944397,0.28000837564468384,1,1,0.00877147912979126,0.05057030916213989,0.012520462274551392,0,0,1,1,1,7448
1,Bangkok/Bangkok_0000498_2016_10_438_13.72009416131538_100.5489865502233_c4cAnCTk4h7M8-TXtf73IA.jpg,Bangkok:498,fused,random,4,65,17,True,,8036,5,3784223269059447832,38,7448,0.1484375,0.13236576318740845,0.08651018142700195,0.4161231219768524,0.35869425535202026,0.28375735878944397,0.2721840739250183,1,1,0.045855581760406494,0.10476016998291016,0.05742886662483215,0,0,1,1,1,7448
1,Lisbon/Lisbon_0002518_2018_08_085_38.72336946318189_-9.136007255060465_f6GMaNuM_Mp0bVVGTpdZXw.jpg,Lisbon:2518,attention,clean,-1,0,0,True,,5460,5,5308219917922527789,38,7448,0.1484375,-0.0565035343170166,-0.0565035343170166,0.22541573643684387,0.22541573643684387,0.2819192707538605,0.2819192707538605,21,21,0.0,0.0,0.0,0,0,0,0,0,0
1,Lisbon/Lisbon_0002518_2018_08_085_38.72336946318189_-9.136007255060465_f6GMaNuM_Mp0bVVGTpdZXw.jpg,Lisbon:2518,fused,clean,-1,0,0,True,,3654,5,8603782213718362676,38,7448,0.1484375,-0.0565035343170166,-0.0565035343170166,0.22541573643684387,0.22541573643684387,0.2819192707538605,0.2819192707538605,21,21,0.0,0.0,0.0,0,0,0,0,0,0
1,Lisbon/Lisbon_0002518_2018_08_085_38.72336946318189_-9.136007255060465_f6GMaNuM_Mp0bVVGTpdZXw.jpg,Lisbon:2518,attention,targeted,-1,0,0,True,,5460,5,5308219917922527789,38,7448,0.1484375,-0.0565035343170166,-0.08152970671653748,0.22541573643684387,0.20754626393318176,0.2819192707538605,0.28907597064971924,21,18,0.025026172399520874,0.1879240870475769,0.01786947250366211,-3,0,0,0,0,7448
1,Lisbon/Lisbon_0002518_2018_08_085_38.72336946318189_-9.136007255060465_f6GMaNuM_Mp0bVVGTpdZXw.jpg,Lisbon:2518,attention,random,0,-43,-37,True,,5460,5,5308219917922527789,38,7448,0.1484375,-0.0565035343170166,-0.08043664693832397,0.22541573643684387,0.20701736211776733,0.2819192707538605,0.2874540090560913,21,30,0.023933112621307373,0.0926361083984375,0.018398374319076538,9,0,0,0,0,7448
1,Lisbon/Lisbon_0002518_2018_08_085_38.72336946318189_-9.136007255060465_f6GMaNuM_Mp0bVVGTpdZXw.jpg,Lisbon:2518,attention,random,1,-18,0,True,,5460,5,5308219917922527789,38,7448,0.1484375,-0.0565035343170166,-0.13251954317092896,0.22541573643684387,0.14243614673614502,0.2819192707538605,0.274955689907074,21,139,0.07601600885391235,0.18107646703720093,0.08297958970069885,118,0,0,0,0,7448
1,Lisbon/Lisbon_0002518_2018_08_085_38.72336946318189_-9.136007255060465_f6GMaNuM_Mp0bVVGTpdZXw.jpg,Lisbon:2518,attention,random,2,-3,-8,True,,5460,5,5308219917922527789,38,7448,0.1484375,-0.0565035343170166,-0.08636058866977692,0.22541573643684387,0.17374534904956818,0.2819192707538605,0.2601059377193451,21,32,0.029857054352760315,0.2289130687713623,0.051670387387275696,11,0,0,0,0,7448
1,Lisbon/Lisbon_0002518_2018_08_085_38.72336946318189_-9.136007255060465_f6GMaNuM_Mp0bVVGTpdZXw.jpg,Lisbon:2518,attention,random,3,32,-4,True,,5460,5,5308219917922527789,38,7448,0.1484375,-0.0565035343170166,-0.04212261736392975,0.22541573643684387,0.2312578707933426,0.2819192707538605,0.27338048815727234,21,7,-0.014380916953086853,0.14540648460388184,-0.005842134356498718,-14,0,0,0,1,7448
1,Lisbon/Lisbon_0002518_2018_08_085_38.72336946318189_-9.136007255060465_f6GMaNuM_Mp0bVVGTpdZXw.jpg,Lisbon:2518,attention,random,4,-53,-25,True,,5460,5,5308219917922527789,38,7448,0.1484375,-0.0565035343170166,-0.07764028012752533,0.22541573643684387,0.20073606073856354,0.2819192707538605,0.27837634086608887,21,22,0.021136745810508728,0.1152505874633789,0.024679675698280334,1,0,0,0,0,7448
1,Lisbon/Lisbon_0002518_2018_08_085_38.72336946318189_-9.136007255060465_f6GMaNuM_Mp0bVVGTpdZXw.jpg,Lisbon:2518,fused,targeted,-1,0,0,True,,3654,5,8603782213718362676,38,7448,0.1484375,-0.0565035343170166,-0.10091792047023773,0.22541573643684387,0.20011182129383087,0.2819192707538605,0.3010297417640686,21,20,0.04441438615322113,0.20423448085784912,0.025303915143013,-1,0,0,0,0,7448
1,Lisbon/Lisbon_0002518_2018_08_085_38.72336946318189_-9.136007255060465_f6GMaNuM_Mp0bVVGTpdZXw.jpg,Lisbon:2518,fused,random,0,46,-21,True,,3654,5,8603782213718362676,38,7448,0.1484375,-0.0565035343170166,-0.03490003943443298,0.22541573643684387,0.24791547656059265,0.2819192707538605,0.28281551599502563,21,5,-0.021603494882583618,0.12738299369812012,-0.02249974012374878,-16,0,0,1,1,7448
1,Lisbon/Lisbon_0002518_2018_08_085_38.72336946318189_-9.136007255060465_f6GMaNuM_Mp0bVVGTpdZXw.jpg,Lisbon:2518,fused,random,1,44,-7,True,,3654,5,8603782213718362676,38,7448,0.1484375,-0.0565035343170166,-0.041935116052627563,0.22541573643684387,0.2275872528553009,0.2819192707538605,0.26952236890792847,21,8,-0.014568418264389038,0.12360656261444092,-0.0021715164184570312,-13,0,0,0,1,7448
1,Lisbon/Lisbon_0002518_2018_08_085_38.72336946318189_-9.136007255060465_f6GMaNuM_Mp0bVVGTpdZXw.jpg,Lisbon:2518,fused,random,2,45,-19,True,,3654,5,8603782213718362676,38,7448,0.1484375,-0.0565035343170166,-0.053828686475753784,0.22541573643684387,0.22850778698921204,0.2819192707538605,0.2823364734649658,21,12,-0.0026748478412628174,0.1314159631729126,-0.003092050552368164,-9,0,0,0,0,7448
1,Lisbon/Lisbon_0002518_2018_08_085_38.72336946318189_-9.136007255060465_f6GMaNuM_Mp0bVVGTpdZXw.jpg,Lisbon:2518,fused,random,3,6,-8,True,,3654,5,8603782213718362676,38,7448,0.1484375,-0.0565035343170166,-0.07230281829833984,0.22541573643684387,0.1841619908809662,0.2819192707538605,0.25646480917930603,21,21,0.015799283981323242,0.19404864311218262,0.041253745555877686,0,0,0,0,0,7448
1,Lisbon/Lisbon_0002518_2018_08_085_38.72336946318189_-9.136007255060465_f6GMaNuM_Mp0bVVGTpdZXw.jpg,Lisbon:2518,fused,random,4,34,-24,True,,3654,5,8603782213718362676,38,7448,0.1484375,-0.0565035343170166,-0.03597831726074219,0.22541573643684387,0.24886146187782288,0.2819192707538605,0.28483977913856506,21,8,-0.020525217056274414,0.09137779474258423,-0.023445725440979004,-13,0,0,0,1,7448
1,Chicago/Chicago_0005778_2015_11_111_41.9118464606984_-87.67747607216828_J0iBmR6wp5XuJipt4Lem5A.jpg,Chicago:5778,attention,clean,-1,0,0,True,,4494,5,4564051340526895550,38,7448,0.1484375,-0.11099368333816528,-0.11099368333816528,0.20741555094718933,0.20741555094718933,0.3184092342853546,0.3184092342853546,7,7,0.0,0.0,0.0,0,0,0,0,1,0
1,Chicago/Chicago_0005778_2015_11_111_41.9118464606984_-87.67747607216828_J0iBmR6wp5XuJipt4Lem5A.jpg,Chicago:5778,fused,clean,-1,0,0,True,,4494,5,7445573873301630528,38,7448,0.1484375,-0.11099368333816528,-0.11099368333816528,0.20741555094718933,0.20741555094718933,0.3184092342853546,0.3184092342853546,7,7,0.0,0.0,0.0,0,0,0,0,1,0
1,Chicago/Chicago_0005778_2015_11_111_41.9118464606984_-87.67747607216828_J0iBmR6wp5XuJipt4Lem5A.jpg,Chicago:5778,attention,targeted,-1,0,0,True,,4494,5,4564051340526895550,38,7448,0.1484375,-0.11099368333816528,-0.040943920612335205,0.20741555094718933,0.19812962412834167,0.3184092342853546,0.23907354474067688,7,8,-0.07004976272583008,0.2715761065483093,0.009285926818847656,1,0,0,0,1,7448
1,Chicago/Chicago_0005778_2015_11_111_41.9118464606984_-87.67747607216828_J0iBmR6wp5XuJipt4Lem5A.jpg,Chicago:5778,attention,random,0,68,-23,True,,4494,5,4564051340526895550,38,7448,0.1484375,-0.11099368333816528,-0.08477351069450378,0.20741555094718933,0.2193719446659088,0.3184092342853546,0.3041454553604126,7,8,-0.0262201726436615,0.11939626932144165,-0.011956393718719482,1,0,0,0,1,7448
1,Chicago/Chicago_0005778_2015_11_111_41.9118464606984_-87.67747607216828_J0iBmR6wp5XuJipt4Lem5A.jpg,Chicago:5778,attention,random,1,117,-9,True,,4494,5,4564051340526895550,38,7448,0.1484375,-0.11099368333816528,-0.09292593598365784,0.20741555094718933,0.2281913459300995,0.3184092342853546,0.3211172819137573,7,4,-0.018067747354507446,0.06029689311981201,-0.020775794982910156,-3,0,0,1,1,7448
1,Chicago/Chicago_0005778_2015_11_111_41.9118464606984_-87.67747607216828_J0iBmR6wp5XuJipt4Lem5A.jpg,Chicago:5778,attention,random,2,75,-25,True,,4494,5,4564051340526895550,38,7448,0.1484375,-0.11099368333816528,-0.07431770861148834,0.20741555094718933,0.23514322936534882,0.3184092342853546,0.30946093797683716,7,4,-0.03667597472667694,0.11244142055511475,-0.027727678418159485,-3,0,0,1,1,7448
1,Chicago/Chicago_0005778_2015_11_111_41.9118464606984_-87.67747607216828_J0iBmR6wp5XuJipt4Lem5A.jpg,Chicago:5778,attention,random,3,105,-18,True,,4494,5,4564051340526895550,38,7448,0.1484375,-0.11099368333816528,-0.08510808646678925,0.20741555094718933,0.23083575069904327,0.3184092342853546,0.3159438371658325,7,4,-0.025885596871376038,0.07671922445297241,-0.023420199751853943,-3,0,0,1,1,7448
1,Chicago/Chicago_0005778_2015_11_111_41.9118464606984_-87.67747607216828_J0iBmR6wp5XuJipt4Lem5A.jpg,Chicago:5778,attention,random,4,29,-7,True,,4494,5,4564051340526895550,38,7448,0.1484375,-0.11099368333816528,-0.07301673293113708,0.20741555094718933,0.14975085854530334,0.3184092342853546,0.22276759147644043,7,61,-0.0379769504070282,0.3118988871574402,0.057664692401885986,54,0,0,0,0,7448
1,Chicago/Chicago_0005778_2015_11_111_41.9118464606984_-87.67747607216828_J0iBmR6wp5XuJipt4Lem5A.jpg,Chicago:5778,fused,targeted,-1,0,0,True,,4494,5,7445573873301630528,38,7448,0.1484375,-0.11099368333816528,-0.07164642214775085,0.20741555094718933,0.1847412884235382,0.3184092342853546,0.25638771057128906,7,12,-0.03934726119041443,0.245716392993927,0.022674262523651123,5,0,0,0,0,7448
1,Chicago/Chicago_0005778_2015_11_111_41.9118464606984_-87.67747607216828_J0iBmR6wp5XuJipt4Lem5A.jpg,Chicago:5778,fused,random,0,79,-5,True,,4494,5,7445573873301630528,38,7448,0.1484375,-0.11099368333816528,-0.09188613295555115,0.20741555094718933,0.22115039825439453,0.3184092342853546,0.3130365312099457,7,6,-0.019107550382614136,0.10922932624816895,-0.0137348473072052,-1,0,0,0,1,7448
1,Chicago/Chicago_0005778_2015_11_111_41.9118464606984_-87.67747607216828_J0iBmR6wp5XuJipt4Lem5A.jpg,Chicago:5778,fused,random,1,121,-9,True,,4494,5,7445573873301630528,38,7448,0.1484375,-0.11099368333816528,-0.10069674253463745,0.20741555094718933,0.21895438432693481,0.3184092342853546,0.31965112686157227,7,4,-0.010296940803527832,0.06352043151855469,-0.011538833379745483,-3,0,0,1,1,7448
1,Chicago/Chicago_0005778_2015_11_111_41.9118464606984_-87.67747607216828_J0iBmR6wp5XuJipt4Lem5A.jpg,Chicago:5778,fused,random,2,151,-6,True,,4494,5,7445573873301630528,38,7448,0.1484375,-0.11099368333816528,-0.12010917067527771,0.20741555094718933,0.22357594966888428,0.3184092342853546,0.343685120344162,7,4,0.009115487337112427,0.06529635190963745,-0.016160398721694946,-3,0,0,1,1,7448
1,Chicago/Chicago_0005778_2015_11_111_41.9118464606984_-87.67747607216828_J0iBmR6wp5XuJipt4Lem5A.jpg,Chicago:5778,fused,random,3,112,-28,True,,4494,5,7445573873301630528,38,7448,0.1484375,-0.11099368333816528,-0.08128586411476135,0.20741555094718933,0.2225114405155182,0.3184092342853546,0.30379730463027954,7,3,-0.02970781922340393,0.06122255325317383,-0.015095889568328857,-4,0,0,1,1,7448
1,Chicago/Chicago_0005778_2015_11_111_41.9118464606984_-87.67747607216828_J0iBmR6wp5XuJipt4Lem5A.jpg,Chicago:5778,fused,random,4,79,-15,True,,4494,5,7445573873301630528,38,7448,0.1484375,-0.11099368333816528,-0.09434597194194794,0.20741555094718933,0.2285996824502945,0.3184092342853546,0.32294565439224243,7,4,-0.016647711396217346,0.08461356163024902,-0.021184131503105164,-3,0,0,1,1,7448
1,OSL/OSL_0003384_2019_10_406_59.94111253680821_10.76223998360457_QNUZzkgxpPos6rHM1FrQig.jpg,OSL:3384,attention,clean,-1,0,0,True,,2464,5,6959050624044248221,38,7448,0.1484375,0.13381244242191315,0.13381244242191315,0.32266661524772644,0.32266661524772644,0.1888541728258133,0.1888541728258133,1,1,0.0,0.0,0.0,0,0,1,1,1,0
1,OSL/OSL_0003384_2019_10_406_59.94111253680821_10.76223998360457_QNUZzkgxpPos6rHM1FrQig.jpg,OSL:3384,fused,clean,-1,0,0,True,,4088,5,2881995902548960434,38,7448,0.1484375,0.13381244242191315,0.13381244242191315,0.32266661524772644,0.32266661524772644,0.1888541728258133,0.1888541728258133,1,1,0.0,0.0,0.0,0,0,1,1,1,0
1,OSL/OSL_0003384_2019_10_406_59.94111253680821_10.76223998360457_QNUZzkgxpPos6rHM1FrQig.jpg,OSL:3384,attention,targeted,-1,0,0,True,,2464,5,6959050624044248221,38,7448,0.1484375,0.13381244242191315,0.05126124620437622,0.32266661524772644,0.2359117865562439,0.1888541728258133,0.18465054035186768,1,1,0.08255119621753693,0.32153570652008057,0.08675482869148254,0,0,1,1,1,7448
1,OSL/OSL_0003384_2019_10_406_59.94111253680821_10.76223998360457_QNUZzkgxpPos6rHM1FrQig.jpg,OSL:3384,attention,random,0,10,31,True,,2464,5,6959050624044248221,38,7448,0.1484375,0.13381244242191315,0.1414758414030075,0.32266661524772644,0.30100929737091064,0.1888541728258133,0.15953345596790314,1,1,-0.00766339898109436,0.09176355600357056,0.021657317876815796,0,0,1,1,1,7448
1,OSL/OSL_0003384_2019_10_406_59.94111253680821_10.76223998360457_QNUZzkgxpPos6rHM1FrQig.jpg,OSL:3384,attention,random,1,14,29,True,,2464,5,6959050624044248221,38,7448,0.1484375,0.13381244242191315,0.13143454492092133,0.32266661524772644,0.30052995681762695,0.1888541728258133,0.16909541189670563,1,1,0.0023778975009918213,0.07998615503311157,0.022136658430099487,0,0,1,1,1,7448
1,OSL/OSL_0003384_2019_10_406_59.94111253680821_10.76223998360457_QNUZzkgxpPos6rHM1FrQig.jpg,OSL:3384,attention,random,2,9,56,True,,2464,5,6959050624044248221,38,7448,0.1484375,0.13381244242191315,0.11489367485046387,0.32266661524772644,0.28812599182128906,0.1888541728258133,0.1732323169708252,1,1,0.01891876757144928,0.08354276418685913,0.03454062342643738,0,0,1,1,1,7448
1,OSL/OSL_0003384_2019_10_406_59.94111253680821_10.76223998360457_QNUZzkgxpPos6rHM1FrQig.jpg,OSL:3384,attention,random,3,19,79,True,,2464,5,6959050624044248221,38,7448,0.1484375,0.13381244242191315,0.08125513792037964,0.32266661524772644,0.2732747197151184,0.1888541728258133,0.19201958179473877,1,1,0.05255730450153351,0.1136428713798523,0.04939189553260803,0,0,1,1,1,7448
1,OSL/OSL_0003384_2019_10_406_59.94111253680821_10.76223998360457_QNUZzkgxpPos6rHM1FrQig.jpg,OSL:3384,attention,random,4,3,14,True,,2464,5,6959050624044248221,38,7448,0.1484375,0.13381244242191315,0.08721451461315155,0.32266661524772644,0.2553470730781555,0.1888541728258133,0.16813255846500397,1,1,0.0465979278087616,0.21223187446594238,0.06731954216957092,0,0,1,1,1,7448
1,OSL/OSL_0003384_2019_10_406_59.94111253680821_10.76223998360457_QNUZzkgxpPos6rHM1FrQig.jpg,OSL:3384,fused,targeted,-1,0,0,True,,4088,5,2881995902548960434,38,7448,0.1484375,0.13381244242191315,0.027929261326789856,0.32266661524772644,0.23608988523483276,0.1888541728258133,0.2081606239080429,1,1,0.10588318109512329,0.3066253662109375,0.08657673001289368,0,0,1,1,1,7448
1,OSL/OSL_0003384_2019_10_406_59.94111253680821_10.76223998360457_QNUZzkgxpPos6rHM1FrQig.jpg,OSL:3384,fused,random,0,25,4,True,,4088,5,2881995902548960434,38,7448,0.1484375,0.13381244242191315,0.07538878917694092,0.32266661524772644,0.25467556715011597,0.1888541728258133,0.17928677797317505,1,1,0.05842365324497223,0.26198071241378784,0.06799104809761047,0,0,1,1,1,7448
1,OSL/OSL_0003384_2019_10_406_59.94111253680821_10.76223998360457_QNUZzkgxpPos6rHM1FrQig.jpg,OSL:3384,fused,random,1,21,127,True,,4088,5,2881995902548960434,38,7448,0.1484375,0.13381244242191315,0.14078541100025177,0.32266661524772644,0.3381505608558655,0.1888541728258133,0.1973651498556137,1,1,-0.006972968578338623,0.07634568214416504,-0.015483945608139038,0,0,1,1,1,7448
1,OSL/OSL_0003384_2019_10_406_59.94111253680821_10.76223998360457_QNUZzkgxpPos6rHM1FrQig.jpg,OSL:3384,fused,random,2,25,71,True,,4088,5,2881995902548960434,38,7448,0.1484375,0.13381244242191315,0.09864677488803864,0.32266661524772644,0.2904803156852722,0.1888541728258133,0.19183354079723358,1,1,0.03516566753387451,0.0845523476600647,0.032186299562454224,0,0,1,1,1,7448
1,OSL/OSL_0003384_2019_10_406_59.94111253680821_10.76223998360457_QNUZzkgxpPos6rHM1FrQig.jpg,OSL:3384,fused,random,3,0,136,True,,4088,5,2881995902548960434,38,7448,0.1484375,0.13381244242191315,0.14682164788246155,0.32266661524772644,0.35188156366348267,0.1888541728258133,0.20505991578102112,1,1,-0.013009205460548401,0.112032949924469,-0.029214948415756226,0,0,1,1,1,7448
1,OSL/OSL_0003384_2019_10_406_59.94111253680821_10.76223998360457_QNUZzkgxpPos6rHM1FrQig.jpg,OSL:3384,fused,random,4,23,2,True,,4088,5,2881995902548960434,38,7448,0.1484375,0.13381244242191315,0.08795541524887085,0.32266661524772644,0.2581404745578766,0.1888541728258133,0.17018505930900574,1,1,0.0458570271730423,0.2932848334312439,0.06452614068984985,0,0,1,1,1,7448
1,Bangkok/Bangkok_0001242_2017_05_368_13.72927792900936_100.5056863190026_3hejvgCpEwFxwQknvxtlhQ.jpg,Bangkok:1242,attention,clean,-1,0,0,True,,1904,5,3892655621846104108,38,7448,0.1484375,0.30804941058158875,0.30804941058158875,0.4527089595794678,0.4527089595794678,0.14465954899787903,0.14465954899787903,1,1,0.0,0.0,0.0,0,0,1,1,1,0
1,Bangkok/Bangkok_0001242_2017_05_368_13.72927792900936_100.5056863190026_3hejvgCpEwFxwQknvxtlhQ.jpg,Bangkok:1242,fused,clean,-1,0,0,True,,9016,5,6109751917243994444,38,7448,0.1484375,0.30804941058158875,0.30804941058158875,0.4527089595794678,0.4527089595794678,0.14465954899787903,0.14465954899787903,1,1,0.0,0.0,0.0,0,0,1,1,1,0
1,Bangkok/Bangkok_0001242_2017_05_368_13.72927792900936_100.5056863190026_3hejvgCpEwFxwQknvxtlhQ.jpg,Bangkok:1242,attention,targeted,-1,0,0,True,,1904,5,3892655621846104108,38,7448,0.1484375,0.30804941058158875,0.19565913081169128,0.4527089595794678,0.3569890260696411,0.14465954899787903,0.16132989525794983,1,1,0.11239027976989746,0.38659048080444336,0.09571993350982666,0,0,1,1,1,7448
1,Bangkok/Bangkok_0001242_2017_05_368_13.72927792900936_100.5056863190026_3hejvgCpEwFxwQknvxtlhQ.jpg,Bangkok:1242,attention,random,0,-65,4,True,,1904,5,3892655621846104108,38,7448,0.1484375,0.30804941058158875,0.24035921692848206,0.4527089595794678,0.3873138725757599,0.14465954899787903,0.14695465564727783,1,1,0.06769019365310669,0.13754189014434814,0.06539508700370789,0,0,1,1,1,7448
1,Bangkok/Bangkok_0001242_2017_05_368_13.72927792900936_100.5056863190026_3hejvgCpEwFxwQknvxtlhQ.jpg,Bangkok:1242,attention,random,1,-22,13,True,,1904,5,3892655621846104108,38,7448,0.1484375,0.30804941058158875,0.215733140707016,0.4527089595794678,0.37754520773887634,0.14465954899787903,0.16181206703186035,1,1,0.09231626987457275,0.35713112354278564,0.07516375184059143,0,0,1,1,1,7448
1,Bangkok/Bangkok_0001242_2017_05_368_13.72927792900936_100.5056863190026_3hejvgCpEwFxwQknvxtlhQ.jpg,Bangkok:1242,attention,random,2,22,2,True,,1904,5,3892655621846104108,38,7448,0.1484375,0.30804941058158875,0.2201642096042633,0.4527089595794678,0.36310482025146484,0.14465954899787903,0.14294061064720154,1,1,0.08788520097732544,0.34518617391586304,0.08960413932800293,0,0,1,1,1,7448
1,Bangkok/Bangkok_0001242_2017_05_368_13.72927792900936_100.5056863190026_3hejvgCpEwFxwQknvxtlhQ.jpg,Bangkok:1242,attention,random,3,23,7,True,,1904,5,3892655621846104108,38,7448,0.1484375,0.30804941058158875,0.25593581795692444,0.4527089595794678,0.39427170157432556,0.14465954899787903,0.13833588361740112,1,1,0.05211359262466431,0.3094831109046936,0.05843725800514221,0,0,1,1,1,7448
1,Bangkok/Bangkok_0001242_2017_05_368_13.72927792900936_100.5056863190026_3hejvgCpEwFxwQknvxtlhQ.jpg,Bangkok:1242,attention,random,4,3,12,True,,1904,5,3892655621846104108,38,7448,0.1484375,0.30804941058158875,0.21806298196315765,0.4527089595794678,0.35551029443740845,0.14465954899787903,0.1374473124742508,1,1,0.08998642861843109,0.41487663984298706,0.09719866514205933,0,0,1,1,1,7448
1,Bangkok/Bangkok_0001242_2017_05_368_13.72927792900936_100.5056863190026_3hejvgCpEwFxwQknvxtlhQ.jpg,Bangkok:1242,fused,targeted,-1,0,0,True,,9016,5,6109751917243994444,38,7448,0.1484375,0.30804941058158875,0.16736406087875366,0.4527089595794678,0.32419353723526,0.14465954899787903,0.15682947635650635,1,1,0.14068534970283508,0.34306633472442627,0.12851542234420776,0,0,1,1,1,7448
1,Bangkok/Bangkok_0001242_2017_05_368_13.72927792900936_100.5056863190026_3hejvgCpEwFxwQknvxtlhQ.jpg,Bangkok:1242,fused,random,0,-50,0,True,,9016,5,6109751917243994444,38,7448,0.1484375,0.30804941058158875,0.2412911057472229,0.4527089595794678,0.3861337900161743,0.14465954899787903,0.14484268426895142,1,1,0.06675830483436584,0.13960647583007812,0.06657516956329346,0,0,1,1,1,7448
1,Bangkok/Bangkok_0001242_2017_05_368_13.72927792900936_100.5056863190026_3hejvgCpEwFxwQknvxtlhQ.jpg,Bangkok:1242,fused,random,1,25,-10,True,,9016,5,6109751917243994444,38,7448,0.1484375,0.30804941058158875,0.2351817488670349,0.4527089595794678,0.3732392191886902,0.14465954899787903,0.13805747032165527,1,1,0.07286766171455383,0.27385926246643066,0.07946974039077759,0,0,1,1,1,7448
1,Bangkok/Bangkok_0001242_2017_05_368_13.72927792900936_100.5056863190026_3hejvgCpEwFxwQknvxtlhQ.jpg,Bangkok:1242,fused,random,2,41,11,True,,9016,5,6109751917243994444,38,7448,0.1484375,0.30804941058158875,0.26419126987457275,0.4527089595794678,0.40842393040657043,0.14465954899787903,0.14423267543315887,1,1,0.04385814070701599,0.2124776840209961,0.04428502917289734,0,0,1,1,1,7448
1,Bangkok/Bangkok_0001242_2017_05_368_13.72927792900936_100.5056863190026_3hejvgCpEwFxwQknvxtlhQ.jpg,Bangkok:1242,fused,random,3,-34,-52,True,,9016,5,6109751917243994444,38,7448,0.1484375,0.30804941058158875,0.1860249638557434,0.4527089595794678,0.35012125968933105,0.14465954899787903,0.16409629583358765,1,1,0.12202444672584534,0.3680493235588074,0.10258769989013672,0,0,1,1,1,7448
1,Bangkok/Bangkok_0001242_2017_05_368_13.72927792900936_100.5056863190026_3hejvgCpEwFxwQknvxtlhQ.jpg,Bangkok:1242,fused,random,4,-7,-54,True,,9016,5,6109751917243994444,38,7448,0.1484375,0.30804941058158875,0.23576825857162476,0.4527089595794678,0.37508082389831543,0.14465954899787903,0.13931256532669067,1,1,0.07228115200996399,0.3680303692817688,0.07762813568115234,0,0,1,1,1,7448
1,Phoenix/Phoenix_0000357_2018_05_268_33.42524998962075_-112.0521742629126_DbMpKVUvTiga-OmYglVZcw.jpg,Phoenix:357,attention,clean,-1,0,0,True,,6062,5,8120558401283622010,38,7448,0.1484375,0.08915135264396667,0.08915135264396667,0.48416778445243835,0.48416778445243835,0.3950164318084717,0.3950164318084717,1,1,0.0,0.0,0.0,0,0,1,1,1,0
1,Phoenix/Phoenix_0000357_2018_05_268_33.42524998962075_-112.0521742629126_DbMpKVUvTiga-OmYglVZcw.jpg,Phoenix:357,fused,clean,-1,0,0,True,,8036,5,4021370513224205279,38,7448,0.1484375,0.08915135264396667,0.08915135264396667,0.48416778445243835,0.48416778445243835,0.3950164318084717,0.3950164318084717,1,1,0.0,0.0,0.0,0,0,1,1,1,0
1,Phoenix/Phoenix_0000357_2018_05_268_33.42524998962075_-112.0521742629126_DbMpKVUvTiga-OmYglVZcw.jpg,Phoenix:357,attention,targeted,-1,0,0,True,,6062,5,8120558401283622010,38,7448,0.1484375,0.08915135264396667,0.020773261785507202,0.48416778445243835,0.4903114438056946,0.3950164318084717,0.4695381820201874,1,1,0.06837809085845947,0.37321895360946655,-0.006143659353256226,0,0,1,1,1,7448
1,Phoenix/Phoenix_0000357_2018_05_268_33.42524998962075_-112.0521742629126_DbMpKVUvTiga-OmYglVZcw.jpg,Phoenix:357,attention,random,0,19,-107,True,,6062,5,8120558401283622010,38,7448,0.1484375,0.08915135264396667,0.0723293125629425,0.48416778445243835,0.45876622200012207,0.3950164318084717,0.38643690943717957,1,1,0.01682204008102417,0.08497142791748047,0.025401562452316284,0,0,1,1,1,7448
1,Phoenix/Phoenix_0000357_2018_05_268_33.42524998962075_-112.0521742629126_DbMpKVUvTiga-OmYglVZcw.jpg,Phoenix:357,attention,random,1,37,-94,True,,6062,5,8120558401283622010,38,7448,0.1484375,0.08915135264396667,0.09456607699394226,0.48416778445243835,0.46318569779396057,0.3950164318084717,0.3686196208000183,1,1,-0.005414724349975586,0.09426093101501465,0.020982086658477783,0,0,1,1,1,7448
1,Phoenix/Phoenix_0000357_2018_05_268_33.42524998962075_-112.0521742629126_DbMpKVUvTiga-OmYglVZcw.jpg,Phoenix:357,attention,random,2,7,-99,True,,6062,5,8120558401283622010,38,7448,0.1484375,0.08915135264396667,0.07869890332221985,0.48416778445243835,0.46253702044487,0.3950164318084717,0.38383811712265015,1,1,0.010452449321746826,0.0673898458480835,0.02163076400756836,0,0,1,1,1,7448
1,Phoenix/Phoenix_0000357_2018_05_268_33.42524998962075_-112.0521742629126_DbMpKVUvTiga-OmYglVZcw.jpg,Phoenix:357,attention,random,3,31,-40,True,,6062,5,8120558401283622010,38,7448,0.1484375,0.08915135264396667,0.06738916039466858,0.48416778445243835,0.4833897054195404,0.3950164318084717,0.4160005450248718,1,1,0.021762192249298096,0.18108898401260376,0.0007780790328979492,0,0,1,1,1,7448
1,Phoenix/Phoenix_0000357_2018_05_268_33.42524998962075_-112.0521742629126_DbMpKVUvTiga-OmYglVZcw.jpg,Phoenix:357,attention,random,4,30,-30,True,,6062,5,8120558401283622010,38,7448,0.1484375,0.08915135264396667,0.018167704343795776,0.48416778445243835,0.482786625623703,0.3950164318084717,0.4646189212799072,1,1,0.0709836483001709,0.2556036710739136,0.0013811588287353516,0,0,1,1,1,7448
1,Phoenix/Phoenix_0000357_2018_05_268_33.42524998962075_-112.0521742629126_DbMpKVUvTiga-OmYglVZcw.jpg,Phoenix:357,fused,targeted,-1,0,0,True,,8036,5,4021370513224205279,38,7448,0.1484375,0.08915135264396667,0.01258230209350586,0.48416778445243835,0.500059962272644,0.3950164318084717,0.4874776601791382,1,1,0.07656905055046082,0.3915959596633911,-0.01589217782020569,0,0,1,1,1,7448
1,Phoenix/Phoenix_0000357_2018_05_268_33.42524998962075_-112.0521742629126_DbMpKVUvTiga-OmYglVZcw.jpg,Phoenix:357,fused,random,0,51,-2,True,,8036,5,4021370513224205279,38,7448,0.1484375,0.08915135264396667,-0.004142969846725464,0.48416778445243835,0.4628264904022217,0.3950164318084717,0.46696946024894714,1,2,0.09329432249069214,0.3296627998352051,0.021341294050216675,1,1,0,1,1,7448
1,Phoenix/Phoenix_0000357_2018_05_268_33.42524998962075_-112.0521742629126_DbMpKVUvTiga-OmYglVZcw.jpg,Phoenix:357,fused,random,1,25,-77,True,,8036,5,4021370513224205279,38,7448,0.1484375,0.08915135264396667,0.07850977778434753,0.48416778445243835,0.4525095224380493,0.3950164318084717,0.3739997446537018,1,1,0.01064157485961914,0.09306061267852783,0.03165826201438904,0,0,1,1,1,7448
1,Phoenix/Phoenix_0000357_2018_05_268_33.42524998962075_-112.0521742629126_DbMpKVUvTiga-OmYglVZcw.jpg,Phoenix:357,fused,random,2,56,-35,True,,8036,5,4021370513224205279,38,7448,0.1484375,0.08915135264396667,0.06798592209815979,0.48416778445243835,0.42745789885520935,0.3950164318084717,0.35947197675704956,1,1,0.021165430545806885,0.1452353596687317,0.056709885597229004,0,0,1,1,1,7448
1,Phoenix/Phoenix_0000357_2018_05_268_33.42524998962075_-112.0521742629126_DbMpKVUvTiga-OmYglVZcw.jpg,Phoenix:357,fused,random,3,53,-49,True,,8036,5,4021370513224205279,38,7448,0.1484375,0.08915135264396667,0.05949002504348755,0.48416778445243835,0.4414084553718567,0.3950164318084717,0.38191843032836914,1,1,0.029661327600479126,0.16541647911071777,0.042759329080581665,0,0,1,1,1,7448
1,Phoenix/Phoenix_0000357_2018_05_268_33.42524998962075_-112.0521742629126_DbMpKVUvTiga-OmYglVZcw.jpg,Phoenix:357,fused,random,4,36,-89,True,,8036,5,4021370513224205279,38,7448,0.1484375,0.08915135264396667,0.09539678692817688,0.48416778445243835,0.4732513427734375,0.3950164318084717,0.3778545558452606,1,1,-0.006245434284210205,0.10104024410247803,0.010916441679000854,0,0,1,1,1,7448
1,Bangkok/Bangkok_0002687_2020_08_313_13.74498854684226_100.5576948974601_S16hJh73PdCmM3QjuCcYQQ.jpg,Bangkok:2687,attention,clean,-1,0,0,True,,4858,5,4693554988054375512,38,7448,0.1484375,0.344743013381958,0.344743013381958,0.5101951956748962,0.5101951956748962,0.16545218229293823,0.16545218229293823,1,1,0.0,0.0,0.0,0,0,1,1,1,0
1,Bangkok/Bangkok_0002687_2020_08_313_13.74498854684226_100.5576948974601_S16hJh73PdCmM3QjuCcYQQ.jpg,Bangkok:2687,fused,clean,-1,0,0,True,,14350,5,5638297521279907536,38,7448,0.1484375,0.344743013381958,0.344743013381958,0.5101951956748962,0.5101951956748962,0.16545218229293823,0.16545218229293823,1,1,0.0,0.0,0.0,0,0,1,1,1,0
1,Bangkok/Bangkok_0002687_2020_08_313_13.74498854684226_100.5576948974601_S16hJh73PdCmM3QjuCcYQQ.jpg,Bangkok:2687,attention,targeted,-1,0,0,True,,4858,5,4693554988054375512,38,7448,0.1484375,0.344743013381958,0.23745784163475037,0.5101951956748962,0.4226740598678589,0.16545218229293823,0.18521621823310852,1,1,0.10728517174720764,0.2755347490310669,0.08752113580703735,0,0,1,1,1,7448
1,Bangkok/Bangkok_0002687_2020_08_313_13.74498854684226_100.5576948974601_S16hJh73PdCmM3QjuCcYQQ.jpg,Bangkok:2687,attention,random,0,-11,-2,True,,4858,5,4693554988054375512,38,7448,0.1484375,0.344743013381958,0.22914403676986694,0.5101951956748962,0.4387724995613098,0.16545218229293823,0.20962846279144287,1,1,0.11559897661209106,0.2640649080276489,0.07142269611358643,0,0,1,1,1,7448
1,Bangkok/Bangkok_0002687_2020_08_313_13.74498854684226_100.5576948974601_S16hJh73PdCmM3QjuCcYQQ.jpg,Bangkok:2687,attention,random,1,42,-10,True,,4858,5,4693554988054375512,38,7448,0.1484375,0.344743013381958,0.29753097891807556,0.5101951956748962,0.4592108428478241,0.16545218229293823,0.16167986392974854,1,1,0.047212034463882446,0.16134601831436157,0.050984352827072144,0,0,1,1,1,7448
1,Bangkok/Bangkok_0002687_2020_08_313_13.74498854684226_100.5576948974601_S16hJh73PdCmM3QjuCcYQQ.jpg,Bangkok:2687,attention,random,2,35,-4,True,,4858,5,4693554988054375512,38,7448,0.1484375,0.344743013381958,0.30289629101753235,0.5101951956748962,0.4596751630306244,0.16545218229293823,0.15677887201309204,1,1,0.04184672236442566,0.19531112909317017,0.05052003264427185,0,0,1,1,1,7448
1,Bangkok/Bangkok_0002687_2020_08_313_13.74498854684226_100.5576948974601_S16hJh73PdCmM3QjuCcYQQ.jpg,Bangkok:2687,attention,random,3,72,-16,True,,4858,5,4693554988054375512,38,7448,0.1484375,0.344743013381958,0.3355099558830261,0.5101951956748962,0.47149428725242615,0.16545218229293823,0.13598433136940002,1,1,0.009233057498931885,0.10730624198913574,0.03870090842247009,0,0,1,1,1,7448
1,Bangkok/Bangkok_0002687_2020_08_313_13.74498854684226_100.5576948974601_S16hJh73PdCmM3QjuCcYQQ.jpg,Bangkok:2687,attention,random,4,24,-38,True,,4858,5,4693554988054375512,38,7448,0.1484375,0.344743013381958,0.3323533236980438,0.5101951956748962,0.46972495317459106,0.16545218229293823,0.13737162947654724,1,1,0.012389689683914185,0.16301274299621582,0.040470242500305176,0,0,1,1,1,7448
1,Bangkok/Bangkok_0002687_2020_08_313_13.74498854684226_100.5576948974601_S16hJh73PdCmM3QjuCcYQQ.jpg,Bangkok:2687,fused,targeted,-1,0,0,True,,14350,5,5638297521279907536,38,7448,0.1484375,0.344743013381958,0.2157316356897354,0.5101951956748962,0.41731545329093933,0.16545218229293823,0.20158381760120392,1,1,0.1290113776922226,0.3287966251373291,0.09287974238395691,0,0,1,1,1,7448
1,Bangkok/Bangkok_0002687_2020_08_313_13.74498854684226_100.5576948974601_S16hJh73PdCmM3QjuCcYQQ.jpg,Bangkok:2687,fused,random,0,-33,-55,True,,14350,5,5638297521279907536,38,7448,0.1484375,0.344743013381958,0.25749510526657104,0.5101951956748962,0.456450492143631,0.16545218229293823,0.19895538687705994,1,1,0.08724790811538696,0.2196563482284546,0.05374470353126526,0,0,1,1,1,7448
1,Bangkok/Bangkok_0002687_2020_08_313_13.74498854684226_100.5576948974601_S16hJh73PdCmM3QjuCcYQQ.jpg,Bangkok:2687,fused,random,1,17,-62,True,,14350,5,5638297521279907536,38,7448,0.1484375,0.344743013381958,0.312931090593338,0.5101951956748962,0.47631531953811646,0.16545218229293823,0.16338422894477844,1,1,0.031811922788619995,0.15373754501342773,0.033879876136779785,0,0,1,1,1,7448
1,Bangkok/Bangkok_0002687_2020_08_313_13.74498854684226_100.5576948974601_S16hJh73PdCmM3QjuCcYQQ.jpg,Bangkok:2687,fused,random,2,-21,-98,True,,14350,5,5638297521279907536,38,7448,0.1484375,0.344743013381958,0.31396082043647766,0.5101951956748962,0.46264204382896423,0.16545218229293823,0.14868122339248657,1,1,0.030782192945480347,0.12728863954544067,0.04755315184593201,0,0,1,1,1,7448
1,Bangkok/Bangkok_0002687_2020_08_313_13.74498854684226_100.5576948974601_S16hJh73PdCmM3QjuCcYQQ.jpg,Bangkok:2687,fused,random,3,-1,-59,True,,14350,5,5638297521279907536,38,7448,0.1484375,0.344743013381958,0.2894517183303833,0.5101951956748962,0.46227237582206726,0.16545218229293823,0.17282065749168396,1,1,0.05529129505157471,0.21783512830734253,0.04792281985282898,0,0,1,1,1,7448
1,Bangkok/Bangkok_0002687_2020_08_313_13.74498854684226_100.5576948974601_S16hJh73PdCmM3QjuCcYQQ.jpg,Bangkok:2687,fused,random,4,53,-43,True,,14350,5,5638297521279907536,38,7448,0.1484375,0.344743013381958,0.3144626021385193,0.5101951956748962,0.45592695474624634,0.16545218229293823,0.14146435260772705,1,1,0.03028041124343872,0.11284434795379639,0.0542682409286499,0,0,1,1,1,7448
1,Osaka/Osaka_0002479_2009_10_024_34.6862724058969_135.4719685455134_llBxSu0ehWQgPty0t_zxEQ.jpg,Osaka:2479,attention,clean,-1,0,0,True,,2114,5,6643733071531196584,38,7448,0.1484375,0.364922434091568,0.364922434091568,0.5190708637237549,0.5190708637237549,0.1541484296321869,0.1541484296321869,1,1,0.0,0.0,0.0,0,0,1,1,1,0
1,Osaka/Osaka_0002479_2009_10_024_34.6862724058969_135.4719685455134_llBxSu0ehWQgPty0t_zxEQ.jpg,Osaka:2479,fused,clean,-1,0,0,True,,1904,5,177500375262175495,38,7448,0.1484375,0.364922434091568,0.364922434091568,0.5190708637237549,0.5190708637237549,0.1541484296321869,0.1541484296321869,1,1,0.0,0.0,0.0,0,0,1,1,1,0
1,Osaka/Osaka_0002479_2009_10_024_34.6862724058969_135.4719685455134_llBxSu0ehWQgPty0t_zxEQ.jpg,Osaka:2479,attention,targeted,-1,0,0,True,,2114,5,6643733071531196584,38,7448,0.1484375,0.364922434091568,0.2771906852722168,0.5190708637237549,0.4570232927799225,0.1541484296321869,0.1798326075077057,1,1,0.0877317488193512,0.3136070966720581,0.0620475709438324,0,0,1,1,1,7448
1,Osaka/Osaka_0002479_2009_10_024_34.6862724058969_135.4719685455134_llBxSu0ehWQgPty0t_zxEQ.jpg,Osaka:2479,attention,random,0,4,9,True,,2114,5,6643733071531196584,38,7448,0.1484375,0.364922434091568,0.24591925740242004,0.5190708637237549,0.3997611403465271,0.1541484296321869,0.15384188294410706,1,1,0.11900317668914795,0.34640276432037354,0.11930972337722778,0,0,1,1,1,7448
1,Osaka/Osaka_0002479_2009_10_024_34.6862724058969_135.4719685455134_llBxSu0ehWQgPty0t_zxEQ.jpg,Osaka:2479,attention,random,1,48,10,True,,2114,5,6643733071531196584,38,7448,0.1484375,0.364922434091568,0.25075963139533997,0.5190708637237549,0.4048658013343811,0.1541484296321869,0.15410616993904114,1,1,0.11416280269622803,0.1542249321937561,0.11420506238937378,0,0,1,1,1,7448
1,Osaka/Osaka_0002479_2009_10_024_34.6862724058969_135.4719685455134_llBxSu0ehWQgPty0t_zxEQ.jpg,Osaka:2479,attention,random,2,-20,9,True,,2114,5,6643733071531196584,38,7448,0.1484375,0.364922434091568,0.23265275359153748,0.5190708637237549,0.40197041630744934,0.1541484296321869,0.16931766271591187,1,1,0.13226968050003052,0.27402937412261963,0.11710044741630554,0,0,1,1,1,7448
1,Osaka/Osaka_0002479_2009_10_024_34.6862724058969_135.4719685455134_llBxSu0ehWQgPty0t_zxEQ.jpg,Osaka:2479,attention,random,3,6,13,True,,2114,5,6643733071531196584,38,7448,0.1484375,0.364922434091568,0.23024213314056396,0.5190708637237549,0.4027409255504608,0.1541484296321869,0.17249879240989685,1,1,0.13468030095100403,0.36647915840148926,0.11632993817329407,0,0,1,1,1,7448
1,Osaka/Osaka_0002479_2009_10_024_34.6862724058969_135.4719685455134_llBxSu0ehWQgPty0t_zxEQ.jpg,Osaka:2479,attention,random,4,55,2,True,,2114,5,6643733071531196584,38,7448,0.1484375,0.364922434091568,0.2431991696357727,0.5190708637237549,0.4028700590133667,0.1541484296321869,0.159670889377594,1,1,0.12172326445579529,0.1622849702835083,0.11620080471038818,0,0,1,1,1,7448
1,Osaka/Osaka_0002479_2009_10_024_34.6862724058969_135.4719685455134_llBxSu0ehWQgPty0t_zxEQ.jpg,Osaka:2479,fused,targeted,-1,0,0,True,,1904,5,177500375262175495,38,7448,0.1484375,0.364922434091568,0.2585514783859253,0.5190708637237549,0.4094112515449524,0.1541484296321869,0.1508597731590271,1,1,0.1063709557056427,0.33255964517593384,0.10965961217880249,0,0,1,1,1,7448
1,Osaka/Osaka_0002479_2009_10_024_34.6862724058969_135.4719685455134_llBxSu0ehWQgPty0t_zxEQ.jpg,Osaka:2479,fused,random,0,-8,6,True,,1904,5,177500375262175495,38,7448,0.1484375,0.364922434091568,0.21146847307682037,0.5190708637237549,0.3605763018131256,0.1541484296321869,0.14910782873630524,1,1,0.15345396101474762,0.309883177280426,0.15849456191062927,0,0,1,1,1,7448
1,Osaka/Osaka_0002479_2009_10_024_34.6862724058969_135.4719685455134_llBxSu0ehWQgPty0t_zxEQ.jpg,Osaka:2479,fused,random,1,37,5,True,,1904,5,177500375262175495,38,7448,0.1484375,0.364922434091568,0.2849273681640625,0.5190708637237549,0.44272691011428833,0.1541484296321869,0.15779955685138702,1,1,0.0799950659275055,0.16893243789672852,0.07634395360946655,0,0,1,1,1,7448
1,Osaka/Osaka_0002479_2009_10_024_34.6862724058969_135.4719685455134_llBxSu0ehWQgPty0t_zxEQ.jpg,Osaka:2479,fused,random,2,72,7,True,,1904,5,177500375262175495,38,7448,0.1484375,0.364922434091568,0.3408145308494568,0.5190708637237549,0.490298867225647,0.1541484296321869,0.14948433637619019,1,1,0.024107903242111206,0.08188766241073608,0.02877199649810791,0,0,1,1,1,7448
1,Osaka/Osaka_0002479_2009_10_024_34.6862724058969_135.4719685455134_llBxSu0ehWQgPty0t_zxEQ.jpg,Osaka:2479,fused,random,3,69,9,True,,1904,5,177500375262175495,38,7448,0.1484375,0.364922434091568,0.32226067781448364,0.5190708637237549,0.47707223892211914,0.1541484296321869,0.1548115462064743,1,1,0.04266175627708435,0.09662669897079468,0.04199862480163574,0,0,1,1,1,7448
1,Osaka/Osaka_0002479_2009_10_024_34.6862724058969_135.4719685455134_llBxSu0ehWQgPty0t_zxEQ.jpg,Osaka:2479,fused,random,4,35,8,True,,1904,5,177500375262175495,38,7448,0.1484375,0.364922434091568,0.26475033164024353,0.5190708637237549,0.42226526141166687,0.1541484296321869,0.15751492977142334,1,1,0.10017210245132446,0.17717450857162476,0.09680560231208801,0,0,1,1,1,7448
1,Boston/Boston_0006571_2011_11_297_42.37791649963948_-71.11628167105206_W7PXaWBO0V7kne0DJX3Mzw.jpg,Boston:6571,attention,clean,-1,0,0,True,,1694,5,1137136054761451641,38,7448,0.1484375,0.14605918526649475,0.14605918526649475,0.40402257442474365,0.40402257442474365,0.2579633891582489,0.2579633891582489,1,1,0.0,0.0,0.0,0,0,1,1,1,0
1,Boston/Boston_0006571_2011_11_297_42.37791649963948_-71.11628167105206_W7PXaWBO0V7kne0DJX3Mzw.jpg,Boston:6571,fused,clean,-1,0,0,True,,8414,5,4507196980874172579,38,7448,0.1484375,0.14605918526649475,0.14605918526649475,0.40402257442474365,0.40402257442474365,0.2579633891582489,0.2579633891582489,1,1,0.0,0.0,0.0,0,0,1,1,1,0
1,Boston/Boston_0006571_2011_11_297_42.37791649963948_-71.11628167105206_W7PXaWBO0V7kne0DJX3Mzw.jpg,Boston:6571,attention,targeted,-1,0,0,True,,1694,5,1137136054761451641,38,7448,0.1484375,0.14605918526649475,0.15236832201480865,0.40402257442474365,0.38354983925819397,0.2579633891582489,0.23118151724338531,1,1,-0.006309136748313904,0.17972338199615479,0.020472735166549683,0,0,1,1,1,7448
1,Boston/Boston_0006571_2011_11_297_42.37791649963948_-71.11628167105206_W7PXaWBO0V7kne0DJX3Mzw.jpg,Boston:6571,attention,random,0,-34,12,True,,1694,5,1137136054761451641,38,7448,0.1484375,0.14605918526649475,0.16436398029327393,0.40402257442474365,0.40315842628479004,0.2579633891582489,0.2387944459915161,1,1,-0.018304795026779175,0.19032073020935059,0.0008641481399536133,0,0,1,1,1,7448
1,Boston/Boston_0006571_2011_11_297_42.37791649963948_-71.11628167105206_W7PXaWBO0V7kne0DJX3Mzw.jpg,Boston:6571,attention,random,1,-65,12,True,,1694,5,1137136054761451641,38,7448,0.1484375,0.14605918526649475,0.173798605799675,0.40402257442474365,0.41435667872428894,0.2579633891582489,0.24055807292461395,1,1,-0.027739420533180237,0.13345074653625488,-0.010334104299545288,0,0,1,1,1,7448
1,Boston/Boston_0006571_2011_11_297_42.37791649963948_-71.11628167105206_W7PXaWBO0V7kne0DJX3Mzw.jpg,Boston:6571,attention,random,2,-88,13,True,,1694,5,1137136054761451641,38,7448,0.1484375,0.14605918526649475,0.1837037205696106,0.40402257442474365,0.4409481883049011,0.2579633891582489,0.2572444677352905,1,1,-0.037644535303115845,0.09662050008773804,-0.03692561388015747,0,0,1,1,1,7448
1,Boston/Boston_0006571_2011_11_297_42.37791649963948_-71.11628167105206_W7PXaWBO0V7kne0DJX3Mzw.jpg,Boston:6571,attention,random,3,-17,0,True,,1694,5,1137136054761451641,38,7448,0.1484375,0.14605918526649475,0.1547938883304596,0.40402257442474365,0.3858143091201782,0.2579633891582489,0.23102042078971863,1,1,-0.008734703063964844,0.24492931365966797,0.01820826530456543,0,0,1,1,1,7448
1,Boston/Boston_0006571_2011_11_297_42.37791649963948_-71.11628167105206_W7PXaWBO0V7kne0DJX3Mzw.jpg,Boston:6571,attention,random,4,-72,14,True,,1694,5,1137136054761451641,38,7448,0.1484375,0.14605918526649475,0.17423544824123383,0.40402257442474365,0.41348522901535034,0.2579633891582489,0.23924978077411652,1,1,-0.028176262974739075,0.10208785533905029,-0.00946265459060669,0,0,1,1,1,7448
1,Boston/Boston_0006571_2011_11_297_42.37791649963948_-71.11628167105206_W7PXaWBO0V7kne0DJX3Mzw.jpg,Boston:6571,fused,targeted,-1,0,0,True,,8414,5,4507196980874172579,38,7448,0.1484375,0.14605918526649475,0.1117924153804779,0.40402257442474365,0.3188706934452057,0.2579633891582489,0.20707827806472778,1,1,0.034266769886016846,0.19951939582824707,0.08515188097953796,0,0,1,1,1,7448
1,Boston/Boston_0006571_2011_11_297_42.37791649963948_-71.11628167105206_W7PXaWBO0V7kne0DJX3Mzw.jpg,Boston:6571,fused,random,0,-73,-36,True,,8414,5,4507196980874172579,38,7448,0.1484375,0.14605918526649475,0.1628330647945404,0.40402257442474365,0.37761104106903076,0.2579633891582489,0.21477797627449036,1,1,-0.016773879528045654,0.1369316577911377,0.02641153335571289,0,0,1,1,1,7448
1,Boston/Boston_0006571_2011_11_297_42.37791649963948_-71.11628167105206_W7PXaWBO0V7kne0DJX3Mzw.jpg,Boston:6571,fused,random,1,-61,-77,True,,8414,5,4507196980874172579,38,7448,0.1484375,0.14605918526649475,0.17549169063568115,0.40402257442474365,0.4281362295150757,0.2579633891582489,0.25264453887939453,1,1,-0.0294325053691864,0.13437306880950928,-0.02411365509033203,0,0,1,1,1,7448
1,Boston/Boston_0006571_2011_11_297_42.37791649963948_-71.11628167105206_W7PXaWBO0V7kne0DJX3Mzw.jpg,Boston:6571,fused,random,2,-58,-39,True,,8414,5,4507196980874172579,38,7448,0.1484375,0.14605918526649475,0.15487217903137207,0.40402257442474365,0.381206750869751,0.2579633891582489,0.2263345718383789,1,1,-0.00881299376487732,0.12518560886383057,0.022815823554992676,0,0,1,1,1,7448
1,Boston/Boston_0006571_2011_11_297_42.37791649963948_-71.11628167105206_W7PXaWBO0V7kne0DJX3Mzw.jpg,Boston:6571,fused,random,3,-83,-4,True,,8414,5,4507196980874172579,38,7448,0.1484375,0.14605918526649475,0.1517634242773056,0.40402257442474365,0.3791865408420563,0.2579633891582489,0.22742311656475067,1,1,-0.005704239010810852,0.09879529476165771,0.024836033582687378,0,0,1,1,1,7448
1,Boston/Boston_0006571_2011_11_297_42.37791649963948_-71.11628167105206_W7PXaWBO0V7kne0DJX3Mzw.jpg,Boston:6571,fused,random,4,-19,-75,True,,8414,5,4507196980874172579,38,7448,0.1484375,0.14605918526649475,0.15614596009254456,0.40402257442474365,0.39083510637283325,0.2579633891582489,0.2346891462802887,1,1,-0.010086774826049805,0.16600215435028076,0.0131874680519104,0,0,1,1,1,7448
1,Chicago/Chicago_0003185_2016_10_232_41.87894460160553_-87.66347422080628_gY6oF-Gm6J_r9kmHXsjl2A.jpg,Chicago:3185,attention,clean,-1,0,0,True,,6062,5,4839451024130715573,38,7448,0.1484375,0.17018795013427734,0.17018795013427734,0.5080118775367737,0.5080118775367737,0.33782392740249634,0.33782392740249634,1,1,0.0,0.0,0.0,0,0,1,1,1,0
1,Chicago/Chicago_0003185_2016_10_232_41.87894460160553_-87.66347422080628_gY6oF-Gm6J_r9kmHXsjl2A.jpg,Chicago:3185,fused,clean,-1,0,0,True,,11186,5,8106484002943791650,38,7448,0.1484375,0.17018795013427734,0.17018795013427734,0.5080118775367737,0.5080118775367737,0.33782392740249634,0.33782392740249634,1,1,0.0,0.0,0.0,0,0,1,1,1,0
1,Chicago/Chicago_0003185_2016_10_232_41.87894460160553_-87.66347422080628_gY6oF-Gm6J_r9kmHXsjl2A.jpg,Chicago:3185,attention,targeted,-1,0,0,True,,6062,5,4839451024130715573,38,7448,0.1484375,0.17018795013427734,0.13095256686210632,0.5080118775367737,0.4707467257976532,0.33782392740249634,0.3397941589355469,1,1,0.03923538327217102,0.1107093095779419,0.03726515173912048,0,0,1,1,1,7448
1,Chicago/Chicago_0003185_2016_10_232_41.87894460160553_-87.66347422080628_gY6oF-Gm6J_r9kmHXsjl2A.jpg,Chicago:3185,attention,random,0,33,-72,True,,6062,5,4839451024130715573,38,7448,0.1484375,0.17018795013427734,0.1647043228149414,0.5080118775367737,0.5004408955574036,0.33782392740249634,0.33573657274246216,1,1,0.0054836273193359375,0.04886138439178467,0.007570981979370117,0,0,1,1,1,7448
1,Chicago/Chicago_0003185_2016_10_232_41.87894460160553_-87.66347422080628_gY6oF-Gm6J_r9kmHXsjl2A.jpg,Chicago:3185,attention,random,1,35,-28,True,,6062,5,4839451024130715573,38,7448,0.1484375,0.17018795013427734,0.14626407623291016,0.5080118775367737,0.48738306760787964,0.33782392740249634,0.3411189913749695,1,1,0.023923873901367188,0.07562172412872314,0.020628809928894043,0,0,1,1,1,7448
1,Chicago/Chicago_0003185_2016_10_232_41.87894460160553_-87.66347422080628_gY6oF-Gm6J_r9kmHXsjl2A.jpg,Chicago:3185,attention,random,2,38,-119,True,,6062,5,4839451024130715573,38,7448,0.1484375,0.17018795013427734,0.14188098907470703,0.5080118775367737,0.5025079250335693,0.33782392740249634,0.3606269359588623,1,1,0.028306961059570312,0.07266664505004883,0.005503952503204346,0,0,1,1,1,7448
1,Chicago/Chicago_0003185_2016_10_232_41.87894460160553_-87.66347422080628_gY6oF-Gm6J_r9kmHXsjl2A.jpg,Chicago:3185,attention,random,3,21,-39,True,,6062,5,4839451024130715573,38,7448,0.1484375,0.17018795013427734,0.175675630569458,0.5080118775367737,0.4865886867046356,0.33782392740249634,0.3109130561351776,1,1,-0.005487680435180664,0.10186958312988281,0.02142319083213806,0,0,1,1,1,7448
1,Chicago/Chicago_0003185_2016_10_232_41.87894460160553_-87.66347422080628_gY6oF-Gm6J_r9kmHXsjl2A.jpg,Chicago:3185,attention,random,4,42,-40,True,,6062,5,4839451024130715573,38,7448,0.1484375,0.17018795013427734,0.18192726373672485,0.5080118775367737,0.4896763563156128,0.33782392740249634,0.30774909257888794,1,1,-0.01173931360244751,0.08285188674926758,0.01833552122116089,0,0,1,1,1,7448
1,Chicago/Chicago_0003185_2016_10_232_41.87894460160553_-87.66347422080628_gY6oF-Gm6J_r9kmHXsjl2A.jpg,Chicago:3185,fused,targeted,-1,0,0,True,,11186,5,8106484002943791650,38,7448,0.1484375,0.17018795013427734,0.20009338855743408,0.5080118775367737,0.4942815899848938,0.33782392740249634,0.2941882014274597,1,1,-0.02990543842315674,0.20695972442626953,0.013730287551879883,0,0,1,1,1,7448
1,Chicago/Chicago_0003185_2016_10_232_41.87894460160553_-87.66347422080628_gY6oF-Gm6J_r9kmHXsjl2A.jpg,Chicago:3185,fused,random,0,27,8,True,,11186,5,8106484002943791650,38,7448,0.1484375,0.17018795013427734,0.17718550562858582,0.5080118775367737,0.5189293622970581,0.33782392740249634,0.3417438566684723,1,1,-0.006997555494308472,0.09374678134918213,-0.010917484760284424,0,0,1,1,1,7448
1,Chicago/Chicago_0003185_2016_10_232_41.87894460160553_-87.66347422080628_gY6oF-Gm6J_r9kmHXsjl2A.jpg,Chicago:3185,fused,random,1,-49,72,True,,11186,5,8106484002943791650,38,7448,0.1484375,0.17018795013427734,0.20920291543006897,0.5080118775367737,0.5188082456588745,0.33782392740249634,0.30960533022880554,1,1,-0.039014965295791626,0.1264892816543579,-0.01079636812210083,0,0,1,1,1,7448
1,Chicago/Chicago_0003185_2016_10_232_41.87894460160553_-87.66347422080628_gY6oF-Gm6J_r9kmHXsjl2A.jpg,Chicago:3185,fused,random,2,-24,3,True,,11186,5,8106484002943791650,38,7448,0.1484375,0.17018795013427734,0.1959550976753235,0.5080118775367737,0.4998500347137451,0.33782392740249634,0.30389493703842163,1,1,-0.025767147541046143,0.17576968669891357,0.008161842823028564,0,0,1,1,1,7448
1,Chicago/Chicago_0003185_2016_10_232_41.87894460160553_-87.66347422080628_gY6oF-Gm6J_r9kmHXsjl2A.jpg,Chicago:3185,fused,random,3,-51,52,True,,11186,5,8106484002943791650,38,7448,0.1484375,0.17018795013427734,0.21405687928199768,0.5080118775367737,0.49875473976135254,0.33782392740249634,0.28469786047935486,1,1,-0.04386892914772034,0.11680936813354492,0.009257137775421143,0,0,1,1,1,7448
1,Chicago/Chicago_0003185_2016_10_232_41.87894460160553_-87.66347422080628_gY6oF-Gm6J_r9kmHXsjl2A.jpg,Chicago:3185,fused,random,4,-3,39,True,,11186,5,8106484002943791650,38,7448,0.1484375,0.17018795013427734,0.1961333155632019,0.5080118775367737,0.5085503458976746,0.33782392740249634,0.31241703033447266,1,1,-0.02594536542892456,0.11341768503189087,-0.0005384683609008789,0,0,1,1,1,7448
1,Rome/Rome_0001536_2014_10_304_41.89345121332601_12.50233860546191_jz9ORo_1FLkZ5-BjcUBxKQ.jpg,Rome:1536,attention,clean,-1,0,0,True,,8022,5,3540918129961014592,38,7448,0.1484375,0.20304474234580994,0.20304474234580994,0.4214037358760834,0.4214037358760834,0.21835899353027344,0.21835899353027344,1,1,0.0,0.0,0.0,0,0,1,1,1,0
1,Rome/Rome_0001536_2014_10_304_41.89345121332601_12.50233860546191_jz9ORo_1FLkZ5-BjcUBxKQ.jpg,Rome:1536,fused,clean,-1,0,0,True,,9604,5,216663287100714226,38,7448,0.1484375,0.20304474234580994,0.20304474234580994,0.4214037358760834,0.4214037358760834,0.21835899353027344,0.21835899353027344,1,1,0.0,0.0,0.0,0,0,1,1,1,0
1,Rome/Rome_0001536_2014_10_304_41.89345121332601_12.50233860546191_jz9ORo_1FLkZ5-BjcUBxKQ.jpg,Rome:1536,attention,targeted,-1,0,0,True,,8022,5,3540918129961014592,38,7448,0.1484375,0.20304474234580994,0.1518506407737732,0.4214037358760834,0.35628756880760193,0.21835899353027344,0.20443692803382874,1,1,0.05119410157203674,0.2585163712501526,0.06511616706848145,0,0,1,1,1,7448
1,Rome/Rome_0001536_2014_10_304_41.89345121332601_12.50233860546191_jz9ORo_1FLkZ5-BjcUBxKQ.jpg,Rome:1536,attention,random,0,-39,6,True,,8022,5,3540918129961014592,38,7448,0.1484375,0.20304474234580994,0.18326923251152039,0.4214037358760834,0.39026838541030884,0.21835899353027344,0.20699915289878845,1,1,0.01977550983428955,0.16106611490249634,0.031135350465774536,0,0,1,1,1,7448
1,Rome/Rome_0001536_2014_10_304_41.89345121332601_12.50233860546191_jz9ORo_1FLkZ5-BjcUBxKQ.jpg,Rome:1536,attention,random,1,-6,-11,True,,8022,5,3540918129961014592,38,7448,0.1484375,0.20304474234580994,0.17556849122047424,0.4214037358760834,0.3827623724937439,0.21835899353027344,0.20719388127326965,1,1,0.027476251125335693,0.2052978277206421,0.03864136338233948,0,0,1,1,1,7448
1,Rome/Rome_0001536_2014_10_304_41.89345121332601_12.50233860546191_jz9ORo_1FLkZ5-BjcUBxKQ.jpg,Rome:1536,attention,random,2,-23,24,True,,8022,5,3540918129961014592,38,7448,0.1484375,0.20304474234580994,0.14658625423908234,0.4214037358760834,0.3512444496154785,0.21835899353027344,0.20465819537639618,1,1,0.0564584881067276,0.2209797501564026,0.07015928626060486,0,0,1,1,1,7448
1,Rome/Rome_0001536_2014_10_304_41.89345121332601_12.50233860546191_jz9ORo_1FLkZ5-BjcUBxKQ.jpg,Rome:1536,attention,random,3,-6,32,True,,8022,5,3540918129961014592,38,7448,0.1484375,0.20304474234580994,0.14327239990234375,0.4214037358760834,0.37371328473091125,0.21835899353027344,0.2304408848285675,1,1,0.059772342443466187,0.25161826610565186,0.04769045114517212,0,0,1,1,1,7448
1,Rome/Rome_0001536_2014_10_304_41.89345121332601_12.50233860546191_jz9ORo_1FLkZ5-BjcUBxKQ.jpg,Rome:1536,attention,random,4,43,-2,True,,8022,5,3540918129961014592,38,7448,0.1484375,0.20304474234580994,0.2004619836807251,0.4214037358760834,0.41556066274642944,0.21835899353027344,0.21509867906570435,1,1,0.002582758665084839,0.233869731426239,0.005843073129653931,0,0,1,1,1,7448
1,Rome/Rome_0001536_2014_10_304_41.89345121332601_12.50233860546191_jz9ORo_1FLkZ5-BjcUBxKQ.jpg,Rome:1536,fused,targeted,-1,0,0,True,,9604,5,216663287100714226,38,7448,0.1484375,0.20304474234580994,0.15145280957221985,0.4214037358760834,0.35243746638298035,0.21835899353027344,0.2009846568107605,1,1,0.05159193277359009,0.25686949491500854,0.06896626949310303,0,0,1,1,1,7448
1,Rome/Rome_0001536_2014_10_304_41.89345121332601_12.50233860546191_jz9ORo_1FLkZ5-BjcUBxKQ.jpg,Rome:1536,fused,random,0,-18,5,True,,9604,5,216663287100714226,38,7448,0.1484375,0.20304474234580994,0.1781729757785797,0.4214037358760834,0.3633902370929718,0.21835899353027344,0.1852172613143921,1,1,0.024871766567230225,0.24345028400421143,0.05801349878311157,0,0,1,1,1,7448
1,Rome/Rome_0001536_2014_10_304_41.89345121332601_12.50233860546191_jz9ORo_1FLkZ5-BjcUBxKQ.jpg,Rome:1536,fused,random,1,-40,12,True,,9604,5,216663287100714226,38,7448,0.1484375,0.20304474234580994,0.1986713856458664,0.4214037358760834,0.39094340801239014,0.21835899353027344,0.19227202236652374,1,1,0.0043733566999435425,0.17148828506469727,0.030460327863693237,0,0,1,1,1,7448
1,Rome/Rome_0001536_2014_10_304_41.89345121332601_12.50233860546191_jz9ORo_1FLkZ5-BjcUBxKQ.jpg,Rome:1536,fused,random,2,-4,2,True,,9604,5,216663287100714226,38,7448,0.1484375,0.20304474234580994,0.14731159806251526,0.4214037358760834,0.35610800981521606,0.21835899353027344,0.2087964117527008,1,1,0.05573314428329468,0.24649053812026978,0.06529572606086731,0,0,1,1,1,7448
1,Rome/Rome_0001536_2014_10_304_41.89345121332601_12.50233860546191_jz9ORo_1FLkZ5-BjcUBxKQ.jpg,Rome:1536,fused,random,3,-31,52,True,,9604,5,216663287100714226,38,7448,0.1484375,0.20304474234580994,0.1544369012117386,0.4214037358760834,0.3608587682247162,0.21835899353027344,0.2064218670129776,1,1,0.04860784113407135,0.20143330097198486,0.06054496765136719,0,0,1,1,1,7448
1,Rome/Rome_0001536_2014_10_304_41.89345121332601_12.50233860546191_jz9ORo_1FLkZ5-BjcUBxKQ.jpg,Rome:1536,fused,random,4,39,-11,True,,9604,5,216663287100714226,38,7448,0.1484375,0.20304474234580994,0.2456974983215332,0.4214037358760834,0.42863917350769043,0.21835899353027344,0.18294167518615723,1,1,-0.04265275597572327,0.25308334827423096,-0.007235437631607056,0,0,1,1,1,7448
1,Osaka/Osaka_0002129_2016_06_370_34.68015766213297_135.472095364613_0llLMANL5DEKySzoh8b0qA.jpg,Osaka:2129,attention,clean,-1,0,0,True,,6440,5,7167344449245539764,38,7448,0.1484375,0.5216174721717834,0.5216174721717834,0.7251608371734619,0.7251608371734619,0.20354336500167847,0.20354336500167847,1,1,0.0,0.0,0.0,0,0,1,1,1,0
1,Osaka/Osaka_0002129_2016_06_370_34.68015766213297_135.472095364613_0llLMANL5DEKySzoh8b0qA.jpg,Osaka:2129,fused,clean,-1,0,0,True,,11186,5,3947805668929250499,38,7448,0.1484375,0.5216174721717834,0.5216174721717834,0.7251608371734619,0.7251608371734619,0.20354336500167847,0.20354336500167847,1,1,0.0,0.0,0.0,0,0,1,1,1,0
1,Osaka/Osaka_0002129_2016_06_370_34.68015766213297_135.472095364613_0llLMANL5DEKySzoh8b0qA.jpg,Osaka:2129,attention,targeted,-1,0,0,True,,6440,5,7167344449245539764,38,7448,0.1484375,0.5216174721717834,0.3308860659599304,0.7251608371734619,0.5646693706512451,0.20354336500167847,0.2337833046913147,1,1,0.19073140621185303,0.29946768283843994,0.1604914665222168,0,0,1,1,1,7448
1,Osaka/Osaka_0002129_2016_06_370_34.68015766213297_135.472095364613_0llLMANL5DEKySzoh8b0qA.jpg,Osaka:2129,attention,random,0,-20,11,True,,6440,5,7167344449245539764,38,7448,0.1484375,0.5216174721717834,0.3718784749507904,0.7251608371734619,0.5708014965057373,0.20354336500167847,0.1989230215549469,1,1,0.14973899722099304,0.2940530776977539,0.1543593406677246,0,0,1,1,1,7448
1,Osaka/Osaka_0002129_2016_06_370_34.68015766213297_135.472095364613_0llLMANL5DEKySzoh8b0qA.jpg,Osaka:2129,attention,random,1,41,41,True,,6440,5,7167344449245539764,38,7448,0.1484375,0.5216174721717834,0.4396856129169464,0.7251608371734619,0.6454033851623535,0.20354336500167847,0.2057177722454071,1,1,0.08193185925483704,0.1441504955291748,0.0797574520111084,0,0,1,1,1,7448
1,Osaka/Osaka_0002129_2016_06_370_34.68015766213297_135.472095364613_0llLMANL5DEKySzoh8b0qA.jpg,Osaka:2129,attention,random,2,-34,18,True,,6440,5,7167344449245539764,38,7448,0.1484375,0.5216174721717834,0.39932748675346375,0.7251608371734619,0.6003009080886841,0.20354336500167847,0.20097342133522034,1,1,0.1222899854183197,0.21753966808319092,0.12485992908477783,0,0,1,1,1,7448
1,Osaka/Osaka_0002129_2016_06_370_34.68015766213297_135.472095364613_0llLMANL5DEKySzoh8b0qA.jpg,Osaka:2129,attention,random,3,-36,40,True,,6440,5,7167344449245539764,38,7448,0.1484375,0.5216174721717834,0.4000928997993469,0.7251608371734619,0.5872594118118286,0.20354336500167847,0.1871664971113205,1,1,0.12152457237243652,0.24946379661560059,0.1379014253616333,0,0,1,1,1,7448
1,Osaka/Osaka_0002129_2016_06_370_34.68015766213297_135.472095364613_0llLMANL5DEKySzoh8b0qA.jpg,Osaka:2129,attention,random,4,-38,20,True,,6440,5,7167344449245539764,38,7448,0.1484375,0.5216174721717834,0.42160218954086304,0.7251608371734619,0.5944204926490784,0.20354336500167847,0.17281830310821533,1,1,0.10001528263092041,0.21335458755493164,0.13074034452438354,0,0,1,1,1,7448
1,Osaka/Osaka_0002129_2016_06_370_34.68015766213297_135.472095364613_0llLMANL5DEKySzoh8b0qA.jpg,Osaka:2129,fused,targeted,-1,0,0,True,,11186,5,3947805668929250499,38,7448,0.1484375,0.5216174721717834,0.3396797180175781,0.7251608371734619,0.5789325833320618,0.20354336500167847,0.23925286531448364,1,1,0.18193775415420532,0.28431594371795654,0.14622825384140015,0,0,1,1,1,7448
1,Osaka/Osaka_0002129_2016_06_370_34.68015766213297_135.472095364613_0llLMANL5DEKySzoh8b0qA.jpg,Osaka:2129,fused,random,0,-18,2,True,,11186,5,3947805668929250499,38,7448,0.1484375,0.5216174721717834,0.38353824615478516,0.7251608371734619,0.5783672332763672,0.20354336500167847,0.19482898712158203,1,1,0.1380792260169983,0.25826674699783325,0.14679360389709473,0,0,1,1,1,7448
1,Osaka/Osaka_0002129_2016_06_370_34.68015766213297_135.472095364613_0llLMANL5DEKySzoh8b0qA.jpg,Osaka:2129,fused,random,1,40,40,True,,11186,5,3947805668929250499,38,7448,0.1484375,0.5216174721717834,0.4942682385444641,0.7251608371734619,0.6835124492645264,0.20354336500167847,0.18924421072006226,1,1,0.027349233627319336,0.11373651027679443,0.04164838790893555,0,0,1,1,1,7448
1,Osaka/Osaka_0002129_2016_06_370_34.68015766213297_135.472095364613_0llLMANL5DEKySzoh8b0qA.jpg,Osaka:2129,fused,random,2,-62,-27,True,,11186,5,3947805668929250499,38,7448,0.1484375,0.5216174721717834,0.44309350848197937,0.7251608371734619,0.6244715452194214,0.20354336500167847,0.18137803673744202,1,1,0.07852396368980408,0.13583064079284668,0.10068929195404053,0,0,1,1,1,7448
1,Osaka/Osaka_0002129_2016_06_370_34.68015766213297_135.472095364613_0llLMANL5DEKySzoh8b0qA.jpg,Osaka:2129,fused,random,3,-20,-22,True,,11186,5,3947805668929250499,38,7448,0.1484375,0.5216174721717834,0.33371007442474365,0.7251608371734619,0.5166565179824829,0.20354336500167847,0.18294644355773926,1,1,0.1879073977470398,0.27689749002456665,0.208504319190979,0,0,1,1,1,7448
1,Osaka/Osaka_0002129_2016_06_370_34.68015766213297_135.472095364613_0llLMANL5DEKySzoh8b0qA.jpg,Osaka:2129,fused,random,4,42,54,True,,11186,5,3947805668929250499,38,7448,0.1484375,0.5216174721717834,0.48224493861198425,0.7251608371734619,0.6854838132858276,0.20354336500167847,0.20323887467384338,1,1,0.039372533559799194,0.06999087333679199,0.03967702388763428,0,0,1,1,1,7448
1,Bangkok/Bangkok_0002966_2017_06_078_13.74927584591671_100.4897897808369_rVd4ebOUkx1eTpqAVNmB1g.jpg,Bangkok:2966,attention,clean,-1,0,0,True,,2114,5,1794850182669049897,38,7448,0.1484375,0.07330770790576935,0.07330770790576935,0.3035987317562103,0.3035987317562103,0.23029102385044098,0.23029102385044098,1,1,0.0,0.0,0.0,0,0,1,1,1,0
1,Bangkok/Bangkok_0002966_2017_06_078_13.74927584591671_100.4897897808369_rVd4ebOUkx1eTpqAVNmB1g.jpg,Bangkok:2966,fused,clean,-1,0,0,True,,10794,5,5717118275872777662,38,7448,0.1484375,0.07330770790576935,0.07330770790576935,0.3035987317562103,0.3035987317562103,0.23029102385044098,0.23029102385044098,1,1,0.0,0.0,0.0,0,0,1,1,1,0
1,Bangkok/Bangkok_0002966_2017_06_078_13.74927584591671_100.4897897808369_rVd4ebOUkx1eTpqAVNmB1g.jpg,Bangkok:2966,attention,targeted,-1,0,0,True,,2114,5,1794850182669049897,38,7448,0.1484375,0.07330770790576935,0.002732023596763611,0.3035987317562103,0.24414968490600586,0.23029102385044098,0.24141766130924225,1,1,0.07057568430900574,0.22723770141601562,0.05944904685020447,0,0,1,1,1,7448
1,Bangkok/Bangkok_0002966_2017_06_078_13.74927584591671_100.4897897808369_rVd4ebOUkx1eTpqAVNmB1g.jpg,Bangkok:2966,attention,random,0,37,1,True,,2114,5,1794850182669049897,38,7448,0.1484375,0.07330770790576935,0.06164957582950592,0.3035987317562103,0.29484546184539795,0.23029102385044098,0.23319588601589203,1,1,0.011658132076263428,0.17639297246932983,0.008753269910812378,0,0,1,1,1,7448
1,Bangkok/Bangkok_0002966_2017_06_078_13.74927584591671_100.4897897808369_rVd4ebOUkx1eTpqAVNmB1g.jpg,Bangkok:2966,attention,random,1,80,5,True,,2114,5,1794850182669049897,38,7448,0.1484375,0.07330770790576935,0.083812415599823,0.3035987317562103,0.30679911375045776,0.23029102385044098,0.22298669815063477,1,1,-0.01050470769405365,0.08865928649902344,-0.0032003819942474365,0,0,1,1,1,7448
1,Bangkok/Bangkok_0002966_2017_06_078_13.74927584591671_100.4897897808369_rVd4ebOUkx1eTpqAVNmB1g.jpg,Bangkok:2966,attention,random,2,49,0,True,,2114,5,1794850182669049897,38,7448,0.1484375,0.07330770790576935,0.06481149792671204,0.3035987317562103,0.30493274331092834,0.23029102385044098,0.2401212453842163,1,1,0.008496209979057312,0.16001015901565552,-0.0013340115547180176,0,0,1,1,1,7448
1,Bangkok/Bangkok_0002966_2017_06_078_13.74927584591671_100.4897897808369_rVd4ebOUkx1eTpqAVNmB1g.jpg,Bangkok:2966,attention,random,3,82,3,True,,2114,5,1794850182669049897,38,7448,0.1484375,0.07330770790576935,0.09727400541305542,0.3035987317562103,0.308162122964859,0.23029102385044098,0.2108881175518036,1,1,-0.023966297507286072,0.07742595672607422,-0.004563391208648682,0,0,1,1,1,7448
1,Bangkok/Bangkok_0002966_2017_06_078_13.74927584591671_100.4897897808369_rVd4ebOUkx1eTpqAVNmB1g.jpg,Bangkok:2966,attention,random,4,-5,12,True,,2114,5,1794850182669049897,38,7448,0.1484375,0.07330770790576935,0.04197037220001221,0.3035987317562103,0.25149786472320557,0.23029102385044098,0.20952749252319336,1,1,0.03133733570575714,0.20508253574371338,0.05210086703300476,0,0,1,1,1,7448
1,Bangkok/Bangkok_0002966_2017_06_078_13.74927584591671_100.4897897808369_rVd4ebOUkx1eTpqAVNmB1g.jpg,Bangkok:2966,fused,targeted,-1,0,0,True,,10794,5,5717118275872777662,38,7448,0.1484375,0.07330770790576935,0.020399272441864014,0.3035987317562103,0.2567663788795471,0.23029102385044098,0.2363671064376831,1,1,0.052908435463905334,0.2307458519935608,0.04683235287666321,0,0,1,1,1,7448
1,Bangkok/Bangkok_0002966_2017_06_078_13.74927584591671_100.4897897808369_rVd4ebOUkx1eTpqAVNmB1g.jpg,Bangkok:2966,fused,random,0,16,73,True,,10794,5,5717118275872777662,38,7448,0.1484375,0.07330770790576935,0.05783763527870178,0.3035987317562103,0.29789644479751587,0.23029102385044098,0.2400588095188141,1,1,0.015470072627067566,0.15142005681991577,0.005702286958694458,0,0,1,1,1,7448
1,Bangkok/Bangkok_0002966_2017_06_078_13.74927584591671_100.4897897808369_rVd4ebOUkx1eTpqAVNmB1g.jpg,Bangkok:2966,fused,random,1,16,9,True,,10794,5,5717118275872777662,38,7448,0.1484375,0.07330770790576935,0.04667043685913086,0.3035987317562103,0.27247047424316406,0.23029102385044098,0.2258000373840332,1,1,0.02663727104663849,0.2194058895111084,0.031128257513046265,0,0,1,1,1,7448
1,Bangkok/Bangkok_0002966_2017_06_078_13.74927584591671_100.4897897808369_rVd4ebOUkx1eTpqAVNmB1g.jpg,Bangkok:2966,fused,random,2,-1,27,True,,10794,5,5717118275872777662,38,7448,0.1484375,0.07330770790576935,0.02220025658607483,0.3035987317562103,0.252250075340271,0.23029102385044098,0.23004981875419617,1,1,0.05110745131969452,0.25117576122283936,0.05134865641593933,0,0,1,1,1,7448
1,Bangkok/Bangkok_0002966_2017_06_078_13.74927584591671_100.4897897808369_rVd4ebOUkx1eTpqAVNmB1g.jpg,Bangkok:2966,fused,random,3,33,19,True,,10794,5,5717118275872777662,38,7448,0.1484375,0.07330770790576935,0.0654909759759903,0.3035987317562103,0.3099212050437927,0.23029102385044098,0.24443022906780243,1,1,0.007816731929779053,0.1860358715057373,-0.0063224732875823975,0,0,1,1,1,7448
1,Bangkok/Bangkok_0002966_2017_06_078_13.74927584591671_100.4897897808369_rVd4ebOUkx1eTpqAVNmB1g.jpg,Bangkok:2966,fused,random,4,-14,6,True,,10794,5,5717118275872777662,38,7448,0.1484375,0.07330770790576935,0.03845381736755371,0.3035987317562103,0.27008241415023804,0.23029102385044098,0.23162859678268433,1,1,0.03485389053821564,0.18773901462554932,0.03351631760597229,0,0,1,1,1,7448
1,PRG/PRG_0001216_2012_04_290_50.06665816039804_14.40980554382894_Jk-pvXjSWsUojVvlMdD6gA.jpg,PRG:1216,attention,clean,-1,0,0,True,,11186,5,4263152039518783790,38,7448,0.1484375,0.1486111581325531,0.1486111581325531,0.34212684631347656,0.34212684631347656,0.19351568818092346,0.19351568818092346,1,1,0.0,0.0,0.0,0,0,1,1,1,0
1,PRG/PRG_0001216_2012_04_290_50.06665816039804_14.40980554382894_Jk-pvXjSWsUojVvlMdD6gA.jpg,PRG:1216,fused,clean,-1,0,0,True,,5460,5,3682395027171815300,38,7448,0.1484375,0.1486111581325531,0.1486111581325531,0.34212684631347656,0.34212684631347656,0.19351568818092346,0.19351568818092346,1,1,0.0,0.0,0.0,0,0,1,1,1,0
1,PRG/PRG_0001216_2012_04_290_50.06665816039804_14.40980554382894_Jk-pvXjSWsUojVvlMdD6gA.jpg,PRG:1216,attention,targeted,-1,0,0,True,,11186,5,4263152039518783790,38,7448,0.1484375,0.1486111581325531,0.13297785818576813,0.34212684631347656,0.3235809803009033,0.19351568818092346,0.1906031221151352,1,1,0.015633299946784973,0.2385053038597107,0.018545866012573242,0,0,1,1,1,7448
1,PRG/PRG_0001216_2012_04_290_50.06665816039804_14.40980554382894_Jk-pvXjSWsUojVvlMdD6gA.jpg,PRG:1216,attention,random,0,5,66,True,,11186,5,4263152039518783790,38,7448,0.1484375,0.1486111581325531,0.13322503864765167,0.34212684631347656,0.3372277021408081,0.19351568818092346,0.20400266349315643,1,1,0.015386119484901428,0.14907431602478027,0.004899144172668457,0,0,1,1,1,7448
1,PRG/PRG_0001216_2012_04_290_50.06665816039804_14.40980554382894_Jk-pvXjSWsUojVvlMdD6gA.jpg,PRG:1216,attention,random,1,-8,74,True,,11186,5,4263152039518783790,38,7448,0.1484375,0.1486111581325531,0.14850759506225586,0.34212684631347656,0.33497154712677,0.19351568818092346,0.18646395206451416,1,1,0.00010356307029724121,0.11142885684967041,0.007155299186706543,0,0,1,1,1,7448
1,PRG/PRG_0001216_2012_04_290_50.06665816039804_14.40980554382894_Jk-pvXjSWsUojVvlMdD6gA.jpg,PRG:1216,attention,random,2,-5,59,True,,11186,5,4263152039518783790,38,7448,0.1484375,0.1486111581325531,0.14615461230278015,0.34212684631347656,0.33006149530410767,0.19351568818092346,0.18390688300132751,1,1,0.0024565458297729492,0.14442861080169678,0.012065351009368896,0,0,1,1,1,7448
1,PRG/PRG_0001216_2012_04_290_50.06665816039804_14.40980554382894_Jk-pvXjSWsUojVvlMdD6gA.jpg,PRG:1216,attention,random,3,-21,31,True,,11186,5,4263152039518783790,38,7448,0.1484375,0.1486111581325531,0.11483359336853027,0.34212684631347656,0.29824551939964294,0.19351568818092346,0.18341192603111267,1,1,0.03377756476402283,0.1574462652206421,0.04388132691383362,0,0,1,1,1,7448
1,PRG/PRG_0001216_2012_04_290_50.06665816039804_14.40980554382894_Jk-pvXjSWsUojVvlMdD6gA.jpg,PRG:1216,attention,random,4,10,57,True,,11186,5,4263152039518783790,38,7448,0.1484375,0.1486111581325531,0.13083487749099731,0.34212684631347656,0.33247730135917664,0.19351568818092346,0.20164242386817932,1,1,0.017776280641555786,0.1462392807006836,0.009649544954299927,0,0,1,1,1,7448
1,PRG/PRG_0001216_2012_04_290_50.06665816039804_14.40980554382894_Jk-pvXjSWsUojVvlMdD6gA.jpg,PRG:1216,fused,targeted,-1,0,0,True,,5460,5,3682395027171815300,38,7448,0.1484375,0.1486111581325531,0.028104186058044434,0.34212684631347656,0.23746471107006073,0.19351568818092346,0.2093605250120163,1,1,0.12050697207450867,0.3041762113571167,0.10466213524341583,0,0,1,1,1,7448
1,PRG/PRG_0001216_2012_04_290_50.06665816039804_14.40980554382894_Jk-pvXjSWsUojVvlMdD6gA.jpg,PRG:1216,fused,random,0,-25,-8,True,,5460,5,3682395027171815300,38,7448,0.1484375,0.1486111581325531,0.0387750118970871,0.34212684631347656,0.2630379796028137,0.19351568818092346,0.22426296770572662,1,1,0.109836146235466,0.23955786228179932,0.07908886671066284,0,0,1,1,1,7448
1,PRG/PRG_0001216_2012_04_290_50.06665816039804_14.40980554382894_Jk-pvXjSWsUojVvlMdD6gA.jpg,PRG:1216,fused,random,1,-30,-37,True,,5460,5,3682395027171815300,38,7448,0.1484375,0.1486111581325531,0.11870795488357544,0.34212684631347656,0.3175967335700989,0.19351568818092346,0.19888877868652344,1,1,0.02990320324897766,0.166528582572937,0.024530112743377686,0,0,1,1,1,7448
1,PRG/PRG_0001216_2012_04_290_50.06665816039804_14.40980554382894_Jk-pvXjSWsUojVvlMdD6gA.jpg,PRG:1216,fused,random,2,15,-10,True,,5460,5,3682395027171815300,38,7448,0.1484375,0.1486111581325531,0.0570761114358902,0.34212684631347656,0.2709515690803528,0.19351568818092346,0.21387545764446259,1,1,0.0915350466966629,0.254797101020813,0.07117527723312378,0,0,1,1,1,7448
1,PRG/PRG_0001216_2012_04_290_50.06665816039804_14.40980554382894_Jk-pvXjSWsUojVvlMdD6gA.jpg,PRG:1216,fused,random,3,35,-28,True,,5460,5,3682395027171815300,38,7448,0.1484375,0.1486111581325531,0.12845182418823242,0.34212684631347656,0.3212331235408783,0.19351568818092346,0.19278129935264587,1,1,0.02015933394432068,0.1515558958053589,0.020893722772598267,0,0,1,1,1,7448
1,PRG/PRG_0001216_2012_04_290_50.06665816039804_14.40980554382894_Jk-pvXjSWsUojVvlMdD6gA.jpg,PRG:1216,fused,random,4,34,-39,True,,5460,5,3682395027171815300,38,7448,0.1484375,0.1486111581325531,0.11036983132362366,0.34212684631347656,0.29541683197021484,0.19351568818092346,0.1850470006465912,1,1,0.03824132680892944,0.18455862998962402,0.04671001434326172,0,0,1,1,1,7448
1,Minneapolis/Minneapolis_0000352_2019_06_110_44.94140331063444_-93.2201476525162_3Y6xx0QGKxhcfCQI-FWTyg.jpg,Minneapolis:352,attention,clean,-1,0,0,True,,9016,5,6545497497711611746,38,7448,0.1484375,0.026059448719024658,0.026059448719024658,0.3212134838104248,0.3212134838104248,0.29515403509140015,0.29515403509140015,1,1,0.0,0.0,0.0,0,0,1,1,1,0
1,Minneapolis/Minneapolis_0000352_2019_06_110_44.94140331063444_-93.2201476525162_3Y6xx0QGKxhcfCQI-FWTyg.jpg,Minneapolis:352,fused,clean,-1,0,0,True,,10794,5,3129646773347079830,38,7448,0.1484375,0.026059448719024658,0.026059448719024658,0.3212134838104248,0.3212134838104248,0.29515403509140015,0.29515403509140015,1,1,0.0,0.0,0.0,0,0,1,1,1,0
1,Minneapolis/Minneapolis_0000352_2019_06_110_44.94140331063444_-93.2201476525162_3Y6xx0QGKxhcfCQI-FWTyg.jpg,Minneapolis:352,attention,targeted,-1,0,0,True,,9016,5,6545497497711611746,38,7448,0.1484375,0.026059448719024658,0.018873929977416992,0.3212134838104248,0.26018959283828735,0.29515403509140015,0.24131566286087036,1,1,0.007185518741607666,0.3244030475616455,0.06102389097213745,0,0,1,1,1,7448
1,Minneapolis/Minneapolis_0000352_2019_06_110_44.94140331063444_-93.2201476525162_3Y6xx0QGKxhcfCQI-FWTyg.jpg,Minneapolis:352,attention,random,0,4,-33,True,,9016,5,6545497497711611746,38,7448,0.1484375,0.026059448719024658,-0.00928303599357605,0.3212134838104248,0.2705900967121124,0.29515403509140015,0.2798731327056885,1,2,0.03534248471260071,0.23787140846252441,0.05062338709831238,1,1,0,1,1,7448
1,Minneapolis/Minneapolis_0000352_2019_06_110_44.94140331063444_-93.2201476525162_3Y6xx0QGKxhcfCQI-FWTyg.jpg,Minneapolis:352,attention,random,1,-12,-44,True,,9016,5,6545497497711611746,38,7448,0.1484375,0.026059448719024658,-0.0037782490253448486,0.3212134838104248,0.2777285873889923,0.29515403509140015,0.28150683641433716,1,2,0.029837697744369507,0.21257483959197998,0.043484896421432495,1,1,0,1,1,7448
1,Minneapolis/Minneapolis_0000352_2019_06_110_44.94140331063444_-93.2201476525162_3Y6xx0QGKxhcfCQI-FWTyg.jpg,Minneapolis:352,attention,random,2,-4,-39,True,,9016,5,6545497497711611746,38,7448,0.1484375,0.026059448719024658,-0.028028935194015503,0.3212134838104248,0.2607611417770386,0.29515403509140015,0.2887900769710541,1,2,0.05408838391304016,0.20750373601913452,0.06045234203338623,1,1,0,1,1,7448
1,Minneapolis/Minneapolis_0000352_2019_06_110_44.94140331063444_-93.2201476525162_3Y6xx0QGKxhcfCQI-FWTyg.jpg,Minneapolis:352,attention,random,3,-30,-63,True,,9016,5,6545497497711611746,38,7448,0.1484375,0.026059448719024658,-0.044662654399871826,0.3212134838104248,0.25300031900405884,0.29515403509140015,0.29766297340393066,1,2,0.07072210311889648,0.17413043975830078,0.06821316480636597,1,1,0,1,1,7448
1,Minneapolis/Minneapolis_0000352_2019_06_110_44.94140331063444_-93.2201476525162_3Y6xx0QGKxhcfCQI-FWTyg.jpg,Minneapolis:352,attention,random,4,-62,-11,True,,9016,5,6545497497711611746,38,7448,0.1484375,0.026059448719024658,0.028416991233825684,0.3212134838104248,0.3259057402610779,0.29515403509140015,0.2974887490272522,1,1,-0.0023575425148010254,0.10240662097930908,-0.004692256450653076,0,0,1,1,1,7448
1,Minneapolis/Minneapolis_0000352_2019_06_110_44.94140331063444_-93.2201476525162_3Y6xx0QGKxhcfCQI-FWTyg.jpg,Minneapolis:352,fused,targeted,-1,0,0,True,,10794,5,3129646773347079830,38,7448,0.1484375,0.026059448719024658,0.021896153688430786,0.3212134838104248,0.2687947750091553,0.29515403509140015,0.2468986213207245,1,1,0.004163295030593872,0.2853841185569763,0.05241870880126953,0,0,1,1,1,7448
1,Minneapolis/Minneapolis_0000352_2019_06_110_44.94140331063444_-93.2201476525162_3Y6xx0QGKxhcfCQI-FWTyg.jpg,Minneapolis:352,fused,random,0,-47,-49,True,,10794,5,3129646773347079830,38,7448,0.1484375,0.026059448719024658,-0.011993736028671265,0.3212134838104248,0.25426581501960754,0.29515403509140015,0.2662595510482788,1,2,0.03805318474769592,0.17086410522460938,0.06694766879081726,1,1,0,1,1,7448
1,Minneapolis/Minneapolis_0000352_2019_06_110_44.94140331063444_-93.2201476525162_3Y6xx0QGKxhcfCQI-FWTyg.jpg,Minneapolis:352,fused,random,1,2,-40,True,,10794,5,3129646773347079830,38,7448,0.1484375,0.026059448719024658,-0.03544829785823822,0.3212134838104248,0.23597784340381622,0.29515403509140015,0.27142614126205444,1,2,0.06150774657726288,0.22206658124923706,0.08523564040660858,1,1,0,1,1,7448
1,Minneapolis/Minneapolis_0000352_2019_06_110_44.94140331063444_-93.2201476525162_3Y6xx0QGKxhcfCQI-FWTyg.jpg,Minneapolis:352,fused,random,2,50,-81,True,,10794,5,3129646773347079830,38,7448,0.1484375,0.026059448719024658,-0.00462108850479126,0.3212134838104248,0.2704390287399292,0.29515403509140015,0.27506011724472046,1,2,0.030680537223815918,0.09197729825973511,0.050774455070495605,1,1,0,1,1,7448
1,Minneapolis/Minneapolis_0000352_2019_06_110_44.94140331063444_-93.2201476525162_3Y6xx0QGKxhcfCQI-FWTyg.jpg,Minneapolis:352,fused,random,3,49,-15,True,,10794,5,3129646773347079830,38,7448,0.1484375,0.026059448719024658,-0.0042396485805511475,0.3212134838104248,0.26780858635902405,0.29515403509140015,0.2720482349395752,1,2,0.030299097299575806,0.18719470500946045,0.05340489745140076,1,1,0,1,1,7448
1,Minneapolis/Minneapolis_0000352_2019_06_110_44.94140331063444_-93.2201476525162_3Y6xx0QGKxhcfCQI-FWTyg.jpg,Minneapolis:352,fused,random,4,52,-59,True,,10794,5,3129646773347079830,38,7448,0.1484375,0.026059448719024658,-0.0029104948043823242,0.3212134838104248,0.28170138597488403,0.29515403509140015,0.28461188077926636,1,2,0.028969943523406982,0.12942862510681152,0.03951209783554077,1,1,0,1,1,7448
1,Minneapolis/Minneapolis_0000181_2013_08_170_44.9393019199174_-93.2089173792444_Pvm455jFuSx8A_s9c896cQ.jpg,Minneapolis:181,attention,clean,-1,0,0,True,,12572,5,7867457300825250543,38,7448,0.1484375,0.15759360790252686,0.15759360790252686,0.5155413150787354,0.5155413150787354,0.3579477071762085,0.3579477071762085,1,1,0.0,0.0,0.0,0,0,1,1,1,0
1,Minneapolis/Minneapolis_0000181_2013_08_170_44.9393019199174_-93.2089173792444_Pvm455jFuSx8A_s9c896cQ.jpg,Minneapolis:181,fused,clean,-1,0,0,True,,13958,5,8221097071943933781,38,7448,0.1484375,0.15759360790252686,0.15759360790252686,0.5155413150787354,0.5155413150787354,0.3579477071762085,0.3579477071762085,1,1,0.0,0.0,0.0,0,0,1,1,1,0
1,Minneapolis/Minneapolis_0000181_2013_08_170_44.9393019199174_-93.2089173792444_Pvm455jFuSx8A_s9c896cQ.jpg,Minneapolis:181,attention,targeted,-1,0,0,True,,12572,5,7867457300825250543,38,7448,0.1484375,0.15759360790252686,0.11446332931518555,0.5155413150787354,0.4523658752441406,0.3579477071762085,0.3379025459289551,1,1,0.04313027858734131,0.31153517961502075,0.06317543983459473,0,0,1,1,1,7448
1,Minneapolis/Minneapolis_0000181_2013_08_170_44.9393019199174_-93.2089173792444_Pvm455jFuSx8A_s9c896cQ.jpg,Minneapolis:181,attention,random,0,-58,-73,True,,12572,5,7867457300825250543,38,7448,0.1484375,0.15759360790252686,0.09846878051757812,0.5155413150787354,0.47380346059799194,0.3579477071762085,0.3753346800804138,1,1,0.05912482738494873,0.07860326766967773,0.04173785448074341,0,0,1,1,1,7448
1,Minneapolis/Minneapolis_0000181_2013_08_170_44.9393019199174_-93.2089173792444_Pvm455jFuSx8A_s9c896cQ.jpg,Minneapolis:181,attention,random,1,24,-98,True,,12572,5,7867457300825250543,38,7448,0.1484375,0.15759360790252686,0.12267234921455383,0.5155413150787354,0.4521349370479584,0.3579477071762085,0.32946258783340454,1,1,0.03492125868797302,0.22613638639450073,0.06340637803077698,0,0,1,1,1,7448
1,Minneapolis/Minneapolis_0000181_2013_08_170_44.9393019199174_-93.2089173792444_Pvm455jFuSx8A_s9c896cQ.jpg,Minneapolis:181,attention,random,2,5,-7,True,,12572,5,7867457300825250543,38,7448,0.1484375,0.15759360790252686,0.1155274510383606,0.5155413150787354,0.4242655038833618,0.3579477071762085,0.3087380528450012,1,1,0.04206615686416626,0.2760917544364929,0.09127581119537354,0,0,1,1,1,7448
1,Minneapolis/Minneapolis_0000181_2013_08_170_44.9393019199174_-93.2089173792444_Pvm455jFuSx8A_s9c896cQ.jpg,Minneapolis:181,attention,random,3,53,-45,True,,12572,5,7867457300825250543,38,7448,0.1484375,0.15759360790252686,0.17814254760742188,0.5155413150787354,0.49772489070892334,0.3579477071762085,0.31958234310150146,1,1,-0.02054893970489502,0.10669565200805664,0.01781642436981201,0,0,1,1,1,7448
1,Minneapolis/Minneapolis_0000181_2013_08_170_44.9393019199174_-93.2089173792444_Pvm455jFuSx8A_s9c896cQ.jpg,Minneapolis:181,attention,random,4,-53,-94,True,,12572,5,7867457300825250543,38,7448,0.1484375,0.15759360790252686,0.08298718929290771,0.5155413150787354,0.4683283567428589,0.3579477071762085,0.38534116744995117,1,1,0.07460641860961914,0.12163776159286499,0.047212958335876465,0,0,1,1,1,7448
1,Minneapolis/Minneapolis_0000181_2013_08_170_44.9393019199174_-93.2089173792444_Pvm455jFuSx8A_s9c896cQ.jpg,Minneapolis:181,fused,targeted,-1,0,0,True,,13958,5,8221097071943933781,38,7448,0.1484375,0.15759360790252686,0.11434420943260193,0.5155413150787354,0.43568727374076843,0.3579477071762085,0.3213430643081665,1,1,0.04324939846992493,0.30905652046203613,0.07985404133796692,0,0,1,1,1,7448
1,Minneapolis/Minneapolis_0000181_2013_08_170_44.9393019199174_-93.2089173792444_Pvm455jFuSx8A_s9c896cQ.jpg,Minneapolis:181,fused,random,0,-12,-33,True,,13958,5,8221097071943933781,38,7448,0.1484375,0.15759360790252686,0.13202667236328125,0.5155413150787354,0.43207240104675293,0.3579477071762085,0.3000457286834717,1,1,0.025566935539245605,0.22305941581726074,0.08346891403198242,0,0,1,1,1,7448
1,Minneapolis/Minneapolis_0000181_2013_08_170_44.9393019199174_-93.2089173792444_Pvm455jFuSx8A_s9c896cQ.jpg,Minneapolis:181,fused,random,1,20,0,True,,13958,5,8221097071943933781,38,7448,0.1484375,0.15759360790252686,0.12647387385368347,0.5155413150787354,0.42829546332359314,0.3579477071762085,0.30182158946990967,1,1,0.031119734048843384,0.30717933177948,0.08724585175514221,0,0,1,1,1,7448
1,Minneapolis/Minneapolis_0000181_2013_08_170_44.9393019199174_-93.2089173792444_Pvm455jFuSx8A_s9c896cQ.jpg,Minneapolis:181,fused,random,2,-62,-32,True,,13958,5,8221097071943933781,38,7448,0.1484375,0.15759360790252686,0.1458633840084076,0.5155413150787354,0.4915383756160736,0.3579477071762085,0.345674991607666,1,1,0.011730223894119263,0.0549088716506958,0.024002939462661743,0,0,1,1,1,7448
1,Minneapolis/Minneapolis_0000181_2013_08_170_44.9393019199174_-93.2089173792444_Pvm455jFuSx8A_s9c896cQ.jpg,Minneapolis:181,fused,random,3,66,-11,True,,13958,5,8221097071943933781,38,7448,0.1484375,0.15759360790252686,0.17602378129959106,0.5155413150787354,0.5088479518890381,0.3579477071762085,0.332824170589447,1,1,-0.01843017339706421,0.059607863426208496,0.006693363189697266,0,0,1,1,1,7448
1,Minneapolis/Minneapolis_0000181_2013_08_170_44.9393019199174_-93.2089173792444_Pvm455jFuSx8A_s9c896cQ.jpg,Minneapolis:181,fused,random,4,-9,-84,True,,13958,5,8221097071943933781,38,7448,0.1484375,0.15759360790252686,0.08336159586906433,0.5155413150787354,0.44822192192077637,0.3579477071762085,0.36486032605171204,1,1,0.07423201203346252,0.20794588327407837,0.06731939315795898,0,0,1,1,1,7448
1,Lisbon/Lisbon_0000307_2014_08_109_38.70594976253807_-9.187956813133654_1uhn5b859hKFDJcz7aTLgQ.jpg,Lisbon:307,attention,clean,-1,0,0,True,,140,5,4967940446356421929,38,7448,0.1484375,0.36654630303382874,0.36654630303382874,0.6714792251586914,0.6714792251586914,0.30493292212486267,0.30493292212486267,1,1,0.0,0.0,0.0,0,0,1,1,1,0
1,Lisbon/Lisbon_0000307_2014_08_109_38.70594976253807_-9.187956813133654_1uhn5b859hKFDJcz7aTLgQ.jpg,Lisbon:307,fused,clean,-1,0,0,True,,8022,5,3626268485548323408,38,7448,0.1484375,0.36654630303382874,0.36654630303382874,0.6714792251586914,0.6714792251586914,0.30493292212486267,0.30493292212486267,1,1,0.0,0.0,0.0,0,0,1,1,1,0
1,Lisbon/Lisbon_0000307_2014_08_109_38.70594976253807_-9.187956813133654_1uhn5b859hKFDJcz7aTLgQ.jpg,Lisbon:307,attention,targeted,-1,0,0,True,,140,5,4967940446356421929,38,7448,0.1484375,0.36654630303382874,0.2248629629611969,0.6714792251586914,0.5248304605484009,0.30493292212486267,0.299967497587204,1,1,0.14168334007263184,0.23439663648605347,0.14664876461029053,0,0,1,1,1,7448
1,Lisbon/Lisbon_0000307_2014_08_109_38.70594976253807_-9.187956813133654_1uhn5b859hKFDJcz7aTLgQ.jpg,Lisbon:307,attention,random,0,-4,0,True,,140,5,4967940446356421929,38,7448,0.1484375,0.36654630303382874,0.22931164503097534,0.6714792251586914,0.5505160689353943,0.30493292212486267,0.32120442390441895,1,1,0.1372346580028534,0.24095791578292847,0.12096315622329712,0,0,1,1,1,7448
1,Lisbon/Lisbon_0000307_2014_08_109_38.70594976253807_-9.187956813133654_1uhn5b859hKFDJcz7aTLgQ.jpg,Lisbon:307,attention,random,1,124,0,True,,140,5,4967940446356421929,38,7448,0.1484375,0.36654630303382874,0.3749468922615051,0.6714792251586914,0.6503500938415527,0.30493292212486267,0.2754032015800476,1,1,-0.008400589227676392,0.07381594181060791,0.021129131317138672,0,0,1,1,1,7448
1,Lisbon/Lisbon_0000307_2014_08_109_38.70594976253807_-9.187956813133654_1uhn5b859hKFDJcz7aTLgQ.jpg,Lisbon:307,attention,random,2,3,0,True,,140,5,4967940446356421929,38,7448,0.1484375,0.36654630303382874,0.22828292846679688,0.6714792251586914,0.5282626152038574,0.30493292212486267,0.29997968673706055,1,1,0.13826337456703186,0.2660226821899414,0.14321660995483398,0,0,1,1,1,7448
1,Lisbon/Lisbon_0000307_2014_08_109_38.70594976253807_-9.187956813133654_1uhn5b859hKFDJcz7aTLgQ.jpg,Lisbon:307,attention,random,3,-7,0,True,,140,5,4967940446356421929,38,7448,0.1484375,0.36654630303382874,0.21561279892921448,0.6714792251586914,0.5502683520317078,0.30493292212486267,0.3346555531024933,1,1,0.15093350410461426,0.23900914192199707,0.12121087312698364,0,0,1,1,1,7448
1,Lisbon/Lisbon_0000307_2014_08_109_38.70594976253807_-9.187956813133654_1uhn5b859hKFDJcz7aTLgQ.jpg,Lisbon:307,attention,random,4,12,0,True,,140,5,4967940446356421929,38,7448,0.1484375,0.36654630303382874,0.2822813391685486,0.6714792251586914,0.5748190879821777,0.30493292212486267,0.29253774881362915,1,1,0.08426496386528015,0.2218647003173828,0.09666013717651367,0,0,1,1,1,7448
1,Lisbon/Lisbon_0000307_2014_08_109_38.70594976253807_-9.187956813133654_1uhn5b859hKFDJcz7aTLgQ.jpg,Lisbon:307,fused,targeted,-1,0,0,True,,8022,5,3626268485548323408,38,7448,0.1484375,0.36654630303382874,0.312180757522583,0.6714792251586914,0.6138370037078857,0.30493292212486267,0.30165624618530273,1,1,0.05436554551124573,0.1655876636505127,0.057642221450805664,0,0,1,1,1,7448
1,Lisbon/Lisbon_0000307_2014_08_109_38.70594976253807_-9.187956813133654_1uhn5b859hKFDJcz7aTLgQ.jpg,Lisbon:307,fused,random,0,30,-15,True,,8022,5,3626268485548323408,38,7448,0.1484375,0.36654630303382874,0.3102576732635498,0.6714792251586914,0.6221259832382202,0.30493292212486267,0.3118683099746704,1,1,0.05628862977027893,0.16718482971191406,0.04935324192047119,0,0,1,1,1,7448
1,Lisbon/Lisbon_0000307_2014_08_109_38.70594976253807_-9.187956813133654_1uhn5b859hKFDJcz7aTLgQ.jpg,Lisbon:307,fused,random,1,49,-23,True,,8022,5,3626268485548323408,38,7448,0.1484375,0.36654630303382874,0.35203567147254944,0.6714792251586914,0.651237964630127,0.30493292212486267,0.2992022931575775,1,1,0.014510631561279297,0.1001695990562439,0.020241260528564453,0,0,1,1,1,7448
1,Lisbon/Lisbon_0000307_2014_08_109_38.70594976253807_-9.187956813133654_1uhn5b859hKFDJcz7aTLgQ.jpg,Lisbon:307,fused,random,2,10,-63,True,,8022,5,3626268485548323408,38,7448,0.1484375,0.36654630303382874,0.3108150064945221,0.6714792251586914,0.5925113558769226,0.30493292212486267,0.2816963493824005,1,1,0.05573129653930664,0.15941917896270752,0.0789678692817688,0,0,1,1,1,7448
1,Lisbon/Lisbon_0000307_2014_08_109_38.70594976253807_-9.187956813133654_1uhn5b859hKFDJcz7aTLgQ.jpg,Lisbon:307,fused,random,3,35,-14,True,,8022,5,3626268485548323408,38,7448,0.1484375,0.36654630303382874,0.3218640685081482,0.6714792251586914,0.635002076625824,0.30493292212486267,0.3131380081176758,1,1,0.04468223452568054,0.16361403465270996,0.03647714853286743,0,0,1,1,1,7448
1,Lisbon/Lisbon_0000307_2014_08_109_38.70594976253807_-9.187956813133654_1uhn5b859hKFDJcz7aTLgQ.jpg,Lisbon:307,fused,random,4,-1,-29,True,,8022,5,3626268485548323408,38,7448,0.1484375,0.36654630303382874,0.2967262268066406,0.6714792251586914,0.5895785093307495,0.30493292212486267,0.2928522825241089,1,1,0.06982007622718811,0.13481181859970093,0.0819007158279419,0,0,1,1,1,7448
1,London/London_0004801_2009_08_272_51.50907263310649_-0.1458233007158824_5Udkc0LssatATzP14hIPkQ.jpg,London:4801,attention,clean,-1,0,0,True,,12768,5,2105962114996094564,38,7448,0.1484375,0.2745797634124756,0.2745797634124756,0.46964603662490845,0.46964603662490845,0.19506627321243286,0.19506627321243286,1,1,0.0,0.0,0.0,0,0,1,1,1,0
1,London/London_0004801_2009_08_272_51.50907263310649_-0.1458233007158824_5Udkc0LssatATzP14hIPkQ.jpg,London:4801,fused,clean,-1,0,0,True,,14350,5,846313461149421523,38,7448,0.1484375,0.2745797634124756,0.2745797634124756,0.46964603662490845,0.46964603662490845,0.19506627321243286,0.19506627321243286,1,1,0.0,0.0,0.0,0,0,1,1,1,0
1,London/London_0004801_2009_08_272_51.50907263310649_-0.1458233007158824_5Udkc0LssatATzP14hIPkQ.jpg,London:4801,attention,targeted,-1,0,0,True,,12768,5,2105962114996094564,38,7448,0.1484375,0.2745797634124756,0.20897836983203888,0.46964603662490845,0.44090282917022705,0.19506627321243286,0.23192445933818817,1,1,0.0656013935804367,0.25633299350738525,0.028743207454681396,0,0,1,1,1,7448
1,London/London_0004801_2009_08_272_51.50907263310649_-0.1458233007158824_5Udkc0LssatATzP14hIPkQ.jpg,London:4801,attention,random,0,51,49,True,,12768,5,2105962114996094564,38,7448,0.1484375,0.2745797634124756,0.1866522580385208,0.46964603662490845,0.3805556297302246,0.19506627321243286,0.1939033716917038,1,1,0.08792750537395477,0.16152501106262207,0.08909040689468384,0,0,1,1,1,7448
1,London/London_0004801_2009_08_272_51.50907263310649_-0.1458233007158824_5Udkc0LssatATzP14hIPkQ.jpg,London:4801,attention,random,1,-9,9,True,,12768,5,2105962114996094564,38,7448,0.1484375,0.2745797634124756,0.2525584101676941,0.46964603662490845,0.47490358352661133,0.19506627321243286,0.22234518826007843,1,1,0.022021353244781494,0.17193889617919922,-0.005257546901702881,0,0,1,1,1,7448
1,London/London_0004801_2009_08_272_51.50907263310649_-0.1458233007158824_5Udkc0LssatATzP14hIPkQ.jpg,London:4801,attention,random,2,-42,31,True,,12768,5,2105962114996094564,38,7448,0.1484375,0.2745797634124756,0.2522744834423065,0.46964603662490845,0.4667387902736664,0.19506627321243286,0.21446430683135986,1,1,0.022305279970169067,0.11230522394180298,0.0029072463512420654,0,0,1,1,1,7448
1,London/London_0004801_2009_08_272_51.50907263310649_-0.1458233007158824_5Udkc0LssatATzP14hIPkQ.jpg,London:4801,attention,random,3,-35,17,True,,12768,5,2105962114996094564,38,7448,0.1484375,0.2745797634124756,0.24851933121681213,0.46964603662490845,0.45531386137008667,0.19506627321243286,0.20679453015327454,1,1,0.026060432195663452,0.1512095332145691,0.014332175254821777,0,0,1,1,1,7448
1,London/London_0004801_2009_08_272_51.50907263310649_-0.1458233007158824_5Udkc0LssatATzP14hIPkQ.jpg,London:4801,attention,random,4,-52,112,True,,12768,5,2105962114996094564,38,7448,0.1484375,0.2745797634124756,0.28590646386146545,0.46964603662490845,0.4750504195690155,0.19506627321243286,0.18914395570755005,1,1,-0.011326700448989868,0.08262979984283447,-0.005404382944107056,0,0,1,1,1,7448
1,London/London_0004801_2009_08_272_51.50907263310649_-0.1458233007158824_5Udkc0LssatATzP14hIPkQ.jpg,London:4801,fused,targeted,-1,0,0,True,,14350,5,846313461149421523,38,7448,0.1484375,0.2745797634124756,0.20272639393806458,0.46964603662490845,0.4198499619960785,0.19506627321243286,0.21712356805801392,1,1,0.07185336947441101,0.2856100797653198,0.049796074628829956,0,0,1,1,1,7448
1,London/London_0004801_2009_08_272_51.50907263310649_-0.1458233007158824_5Udkc0LssatATzP14hIPkQ.jpg,London:4801,fused,random,0,-52,23,True,,14350,5,846313461149421523,38,7448,0.1484375,0.2745797634124756,0.2838573455810547,0.46964603662490845,0.4935459792613983,0.19506627321243286,0.20968861877918243,1,1,-0.009277582168579102,0.12978661060333252,-0.023899942636489868,0,0,1,1,1,7448
1,London/London_0004801_2009_08_272_51.50907263310649_-0.1458233007158824_5Udkc0LssatATzP14hIPkQ.jpg,London:4801,fused,random,1,-56,62,True,,14350,5,846313461149421523,38,7448,0.1484375,0.2745797634124756,0.23788294196128845,0.46964603662490845,0.4463135600090027,0.19506627321243286,0.20843061804771423,1,1,0.036696821451187134,0.10408055782318115,0.02333247661590576,0,0,1,1,1,7448
1,London/London_0004801_2009_08_272_51.50907263310649_-0.1458233007158824_5Udkc0LssatATzP14hIPkQ.jpg,London:4801,fused,random,2,-21,59,True,,14350,5,846313461149421523,38,7448,0.1484375,0.2745797634124756,0.22302395105361938,0.46964603662490845,0.4239147901535034,0.19506627321243286,0.20089083909988403,1,1,0.0515558123588562,0.1140899658203125,0.04573124647140503,0,0,1,1,1,7448
1,London/London_0004801_2009_08_272_51.50907263310649_-0.1458233007158824_5Udkc0LssatATzP14hIPkQ.jpg,London:4801,fused,random,3,36,16,True,,14350,5,846313461149421523,38,7448,0.1484375,0.2745797634124756,0.24706041812896729,0.46964603662490845,0.4558998942375183,0.19506627321243286,0.20883947610855103,1,1,0.0275193452835083,0.14777088165283203,0.013746142387390137,0,0,1,1,1,7448
1,London/London_0004801_2009_08_272_51.50907263310649_-0.1458233007158824_5Udkc0LssatATzP14hIPkQ.jpg,London:4801,fused,random,4,-56,5,True,,14350,5,846313461149421523,38,7448,0.1484375,0.2745797634124756,0.23448559641838074,0.46964603662490845,0.4400253891944885,0.19506627321243286,0.2055397927761078,1,1,0.04009416699409485,0.18904972076416016,0.029620647430419922,0,0,1,1,1,7448
1,Rome/Rome_0002066_2016_06_251_41.90131812421017_12.46404936131252_3r42JbVeNvPSFfGJt_4rxQ.jpg,Rome:2066,attention,clean,-1,0,0,True,,7224,5,7639048708326322853,38,7448,0.1484375,0.4018089771270752,0.4018089771270752,0.687350332736969,0.687350332736969,0.2855413556098938,0.2855413556098938,1,1,0.0,0.0,0.0,0,0,1,1,1,0
1,Rome/Rome_0002066_2016_06_251_41.90131812421017_12.46404936131252_3r42JbVeNvPSFfGJt_4rxQ.jpg,Rome:2066,fused,clean,-1,0,0,True,,154,5,5599919097606308857,38,7448,0.1484375,0.4018089771270752,0.4018089771270752,0.687350332736969,0.687350332736969,0.2855413556098938,0.2855413556098938,1,1,0.0,0.0,0.0,0,0,1,1,1,0
1,Rome/Rome_0002066_2016_06_251_41.90131812421017_12.46404936131252_3r42JbVeNvPSFfGJt_4rxQ.jpg,Rome:2066,attention,targeted,-1,0,0,True,,7224,5,7639048708326322853,38,7448,0.1484375,0.4018089771270752,0.35533884167671204,0.687350332736969,0.6381925344467163,0.2855413556098938,0.2828536927700043,1,1,0.04647013545036316,0.1566205620765686,0.049157798290252686,0,0,1,1,1,7448
1,Rome/Rome_0002066_2016_06_251_41.90131812421017_12.46404936131252_3r42JbVeNvPSFfGJt_4rxQ.jpg,Rome:2066,attention,random,0,30,-53,True,,7224,5,7639048708326322853,38,7448,0.1484375,0.4018089771270752,0.3792971074581146,0.687350332736969,0.6539130806922913,0.2855413556098938,0.27461597323417664,1,1,0.02251186966896057,0.08830130100250244,0.033437252044677734,0,0,1,1,1,7448
1,Rome/Rome_0002066_2016_06_251_41.90131812421017_12.46404936131252_3r42JbVeNvPSFfGJt_4rxQ.jpg,Rome:2066,attention,random,1,33,-24,True,,7224,5,7639048708326322853,38,7448,0.1484375,0.4018089771270752,0.39490216970443726,0.687350332736969,0.6695210933685303,0.2855413556098938,0.274618923664093,1,1,0.0069068074226379395,0.10195350646972656,0.01782923936843872,0,0,1,1,1,7448
1,Rome/Rome_0002066_2016_06_251_41.90131812421017_12.46404936131252_3r42JbVeNvPSFfGJt_4rxQ.jpg,Rome:2066,attention,random,2,49,-74,True,,7224,5,7639048708326322853,38,7448,0.1484375,0.4018089771270752,0.32383230328559875,0.687350332736969,0.6208623647689819,0.2855413556098938,0.2970300614833832,1,1,0.07797667384147644,0.10700428485870361,0.06648796796798706,0,0,1,1,1,7448
1,Rome/Rome_0002066_2016_06_251_41.90131812421017_12.46404936131252_3r42JbVeNvPSFfGJt_4rxQ.jpg,Rome:2066,attention,random,3,14,-79,True,,7224,5,7639048708326322853,38,7448,0.1484375,0.4018089771270752,0.38544589281082153,0.687350332736969,0.657126784324646,0.2855413556098938,0.27168089151382446,1,1,0.016363084316253662,0.09653937816619873,0.030223548412322998,0,0,1,1,1,7448
1,Rome/Rome_0002066_2016_06_251_41.90131812421017_12.46404936131252_3r42JbVeNvPSFfGJt_4rxQ.jpg,Rome:2066,attention,random,4,30,-37,True,,7224,5,7639048708326322853,38,7448,0.1484375,0.4018089771270752,0.3675183057785034,0.687350332736969,0.6618194580078125,0.2855413556098938,0.2943011522293091,1,1,0.03429067134857178,0.09344696998596191,0.025530874729156494,0,0,1,1,1,7448
1,Rome/Rome_0002066_2016_06_251_41.90131812421017_12.46404936131252_3r42JbVeNvPSFfGJt_4rxQ.jpg,Rome:2066,fused,targeted,-1,0,0,True,,154,5,5599919097606308857,38,7448,0.1484375,0.4018089771270752,0.3092195987701416,0.687350332736969,0.6038349866867065,0.2855413556098938,0.29461538791656494,1,1,0.0925893783569336,0.1373242735862732,0.08351534605026245,0,0,1,1,1,7448
1,Rome/Rome_0002066_2016_06_251_41.90131812421017_12.46404936131252_3r42JbVeNvPSFfGJt_4rxQ.jpg,Rome:2066,fused,random,0,15,0,True,,154,5,5599919097606308857,38,7448,0.1484375,0.4018089771270752,0.32055485248565674,0.687350332736969,0.5757098197937012,0.2855413556098938,0.25515496730804443,1,1,0.08125412464141846,0.1680234670639038,0.11164051294326782,0,0,1,1,1,7448
1,Rome/Rome_0002066_2016_06_251_41.90131812421017_12.46404936131252_3r42JbVeNvPSFfGJt_4rxQ.jpg,Rome:2066,fused,random,1,105,0,True,,154,5,5599919097606308857,38,7448,0.1484375,0.4018089771270752,0.39892709255218506,0.687350332736969,0.6609798073768616,0.2855413556098938,0.2620527148246765,1,1,0.0028818845748901367,0.08543086051940918,0.026370525360107422,0,0,1,1,1,7448
1,Rome/Rome_0002066_2016_06_251_41.90131812421017_12.46404936131252_3r42JbVeNvPSFfGJt_4rxQ.jpg,Rome:2066,fused,random,2,21,0,True,,154,5,5599919097606308857,38,7448,0.1484375,0.4018089771270752,0.34869179129600525,0.687350332736969,0.6101211905479431,0.2855413556098938,0.26142939925193787,1,1,0.053117185831069946,0.15564262866973877,0.07722914218902588,0,0,1,1,1,7448
1,Rome/Rome_0002066_2016_06_251_41.90131812421017_12.46404936131252_3r42JbVeNvPSFfGJt_4rxQ.jpg,Rome:2066,fused,random,3,121,0,True,,154,5,5599919097606308857,38,7448,0.1484375,0.4018089771270752,0.3829824924468994,0.687350332736969,0.6534860134124756,0.2855413556098938,0.27050352096557617,1,1,0.01882648468017578,0.08977019786834717,0.03386431932449341,0,0,1,1,1,7448
1,Rome/Rome_0002066_2016_06_251_41.90131812421017_12.46404936131252_3r42JbVeNvPSFfGJt_4rxQ.jpg,Rome:2066,fused,random,4,-12,0,True,,154,5,5599919097606308857,38,7448,0.1484375,0.4018089771270752,0.32255470752716064,0.687350332736969,0.6139883995056152,0.2855413556098938,0.2914336919784546,1,1,0.07925426959991455,0.12982803583145142,0.07336193323135376,0,0,1,1,1,7448
1,Medellin/Medellin_0000612_2013_12_311_6.241935344901555_-75.57949806687454_fFhxiiV9eZ7T1eDmO8zxOg.jpg,Medellin:612,attention,clean,-1,0,0,True,,2114,5,3183225912746061459,38,7448,0.1484375,0.19249778985977173,0.19249778985977173,0.39891529083251953,0.39891529083251953,0.2064175009727478,0.2064175009727478,1,1,0.0,0.0,0.0,0,0,1,1,1,0
1,Medellin/Medellin_0000612_2013_12_311_6.241935344901555_-75.57949806687454_fFhxiiV9eZ7T1eDmO8zxOg.jpg,Medellin:612,fused,clean,-1,0,0,True,,11004,5,6004668793230505509,38,7448,0.1484375,0.19249778985977173,0.19249778985977173,0.39891529083251953,0.39891529083251953,0.2064175009727478,0.2064175009727478,1,1,0.0,0.0,0.0,0,0,1,1,1,0
1,Medellin/Medellin_0000612_2013_12_311_6.241935344901555_-75.57949806687454_fFhxiiV9eZ7T1eDmO8zxOg.jpg,Medellin:612,attention,targeted,-1,0,0,True,,2114,5,3183225912746061459,38,7448,0.1484375,0.19249778985977173,0.07792720198631287,0.39891529083251953,0.2472899705171585,0.2064175009727478,0.16936276853084564,1,1,0.11457058787345886,0.3799510598182678,0.15162532031536102,0,0,1,1,1,7448
1,Medellin/Medellin_0000612_2013_12_311_6.241935344901555_-75.57949806687454_fFhxiiV9eZ7T1eDmO8zxOg.jpg,Medellin:612,attention,random,0,56,10,True,,2114,5,3183225912746061459,38,7448,0.1484375,0.19249778985977173,0.1794121265411377,0.39891529083251953,0.3848968744277954,0.2064175009727478,0.20548474788665771,1,1,0.013085663318634033,0.10009217262268066,0.014018416404724121,0,0,1,1,1,7448
1,Medellin/Medellin_0000612_2013_12_311_6.241935344901555_-75.57949806687454_fFhxiiV9eZ7T1eDmO8zxOg.jpg,Medellin:612,attention,random,1,66,1,True,,2114,5,3183225912746061459,38,7448,0.1484375,0.19249778985977173,0.20547235012054443,0.39891529083251953,0.39851781725883484,0.2064175009727478,0.1930454671382904,1,1,-0.012974560260772705,0.10962188243865967,0.0003974735736846924,0,0,1,1,1,7448
1,Medellin/Medellin_0000612_2013_12_311_6.241935344901555_-75.57949806687454_fFhxiiV9eZ7T1eDmO8zxOg.jpg,Medellin:612,attention,random,2,62,3,True,,2114,5,3183225912746061459,38,7448,0.1484375,0.19249778985977173,0.20417436957359314,0.39891529083251953,0.39262980222702026,0.2064175009727478,0.18845543265342712,1,1,-0.011676579713821411,0.11235898733139038,0.006285488605499268,0,0,1,1,1,7448
1,Medellin/Medellin_0000612_2013_12_311_6.241935344901555_-75.57949806687454_fFhxiiV9eZ7T1eDmO8zxOg.jpg,Medellin:612,attention,random,3,34,1,True,,2114,5,3183225912746061459,38,7448,0.1484375,0.19249778985977173,0.147718146443367,0.39891529083251953,0.33149784803390503,0.2064175009727478,0.18377970159053802,1,1,0.044779643416404724,0.17518234252929688,0.0674174427986145,0,0,1,1,1,7448
1,Medellin/Medellin_0000612_2013_12_311_6.241935344901555_-75.57949806687454_fFhxiiV9eZ7T1eDmO8zxOg.jpg,Medellin:612,attention,random,4,60,2,True,,2114,5,3183225912746061459,38,7448,0.1484375,0.19249778985977173,0.1982046663761139,0.39891529083251953,0.38363438844680786,0.2064175009727478,0.18542972207069397,1,1,-0.005706876516342163,0.12246990203857422,0.01528090238571167,0,0,1,1,1,7448
1,Medellin/Medellin_0000612_2013_12_311_6.241935344901555_-75.57949806687454_fFhxiiV9eZ7T1eDmO8zxOg.jpg,Medellin:612,fused,targeted,-1,0,0,True,,11004,5,6004668793230505509,38,7448,0.1484375,0.19249778985977173,0.05212728679180145,0.39891529083251953,0.22761857509613037,0.2064175009727478,0.17549128830432892,1,1,0.14037050306797028,0.3177977204322815,0.17129671573638916,0,0,1,1,1,7448
1,Medellin/Medellin_0000612_2013_12_311_6.241935344901555_-75.57949806687454_fFhxiiV9eZ7T1eDmO8zxOg.jpg,Medellin:612,fused,random,0,1,-19,True,,11004,5,6004668793230505509,38,7448,0.1484375,0.19249778985977173,0.10797032713890076,0.39891529083251953,0.2780582308769226,0.2064175009727478,0.17008790373802185,1,1,0.08452746272087097,0.25620830059051514,0.12085705995559692,0,0,1,1,1,7448
1,Medellin/Medellin_0000612_2013_12_311_6.241935344901555_-75.57949806687454_fFhxiiV9eZ7T1eDmO8zxOg.jpg,Medellin:612,fused,random,1,14,-28,True,,11004,5,6004668793230505509,38,7448,0.1484375,0.19249778985977173,0.13486748933792114,0.39891529083251953,0.2830759882926941,0.2064175009727478,0.14820849895477295,1,1,0.057630300521850586,0.2206994891166687,0.11583930253982544,0,0,1,1,1,7448
1,Medellin/Medellin_0000612_2013_12_311_6.241935344901555_-75.57949806687454_fFhxiiV9eZ7T1eDmO8zxOg.jpg,Medellin:612,fused,random,2,-52,-6,True,,11004,5,6004668793230505509,38,7448,0.1484375,0.19249778985977173,0.15093684196472168,0.39891529083251953,0.35008174180984497,0.2064175009727478,0.1991448998451233,1,1,0.04156094789505005,0.15977710485458374,0.04883354902267456,0,0,1,1,1,7448
1,Medellin/Medellin_0000612_2013_12_311_6.241935344901555_-75.57949806687454_fFhxiiV9eZ7T1eDmO8zxOg.jpg,Medellin:612,fused,random,3,-3,-67,True,,11004,5,6004668793230505509,38,7448,0.1484375,0.19249778985977173,0.12424764037132263,0.39891529083251953,0.28096985816955566,0.2064175009727478,0.15672221779823303,1,1,0.0682501494884491,0.3337801694869995,0.11794543266296387,0,0,1,1,1,7448
1,Medellin/Medellin_0000612_2013_12_311_6.241935344901555_-75.57949806687454_fFhxiiV9eZ7T1eDmO8zxOg.jpg,Medellin:612,fused,random,4,46,-16,True,,11004,5,6004668793230505509,38,7448,0.1484375,0.19249778985977173,0.1615055799484253,0.39891529083251953,0.3556586503982544,0.2064175009727478,0.1941530704498291,1,1,0.030992209911346436,0.10168236494064331,0.04325664043426514,0,0,1,1,1,7448
1,Chicago/Chicago_0004490_2017_10_353_41.89499355426129_-87.62251936077243_KDjERcQy8ruBiuDSGylNqA.jpg,Chicago:4490,attention,clean,-1,0,0,True,,154,5,950589688255160410,38,7448,0.1484375,0.35118573904037476,0.35118573904037476,0.6398899555206299,0.6398899555206299,0.2887042164802551,0.2887042164802551,1,1,0.0,0.0,0.0,0,0,1,1,1,0
1,Chicago/Chicago_0004490_2017_10_353_41.89499355426129_-87.62251936077243_KDjERcQy8ruBiuDSGylNqA.jpg,Chicago:4490,fused,clean,-1,0,0,True,,7266,5,4871580560283690401,38,7448,0.1484375,0.35118573904037476,0.35118573904037476,0.6398899555206299,0.6398899555206299,0.2887042164802551,0.2887042164802551,1,1,0.0,0.0,0.0,0,0,1,1,1,0
1,Chicago/Chicago_0004490_2017_10_353_41.89499355426129_-87.62251936077243_KDjERcQy8ruBiuDSGylNqA.jpg,Chicago:4490,attention,targeted,-1,0,0,True,,154,5,950589688255160410,38,7448,0.1484375,0.35118573904037476,0.23467957973480225,0.6398899555206299,0.4966418147087097,0.2887042164802551,0.26196223497390747,1,1,0.11650615930557251,0.30115389823913574,0.14324814081192017,0,0,1,1,1,7448
1,Chicago/Chicago_0004490_2017_10_353_41.89499355426129_-87.62251936077243_KDjERcQy8ruBiuDSGylNqA.jpg,Chicago:4490,attention,random,0,-77,0,True,,154,5,950589688255160410,38,7448,0.1484375,0.35118573904037476,0.3110111653804779,0.6398899555206299,0.6057484149932861,0.2887042164802551,0.2947372496128082,1,1,0.04017457365989685,0.05986905097961426,0.03414154052734375,0,0,1,1,1,7448
1,Chicago/Chicago_0004490_2017_10_353_41.89499355426129_-87.62251936077243_KDjERcQy8ruBiuDSGylNqA.jpg,Chicago:4490,attention,random,1,-45,0,True,,154,5,950589688255160410,38,7448,0.1484375,0.35118573904037476,0.3168710470199585,0.6398899555206299,0.6161760687828064,0.2887042164802551,0.2993050217628479,1,1,0.03431469202041626,0.09682589769363403,0.023713886737823486,0,0,1,1,1,7448
1,Chicago/Chicago_0004490_2017_10_353_41.89499355426129_-87.62251936077243_KDjERcQy8ruBiuDSGylNqA.jpg,Chicago:4490,attention,random,2,-12,0,True,,154,5,950589688255160410,38,7448,0.1484375,0.35118573904037476,0.22835075855255127,0.6398899555206299,0.5053694844245911,0.2887042164802551,0.2770187258720398,1,1,0.12283498048782349,0.2939866781234741,0.13452047109603882,0,0,1,1,1,7448
1,Chicago/Chicago_0004490_2017_10_353_41.89499355426129_-87.62251936077243_KDjERcQy8ruBiuDSGylNqA.jpg,Chicago:4490,attention,random,3,-14,0,True,,154,5,950589688255160410,38,7448,0.1484375,0.35118573904037476,0.23383843898773193,0.6398899555206299,0.5262136459350586,0.2887042164802551,0.29237520694732666,1,1,0.11734730005264282,0.2208261489868164,0.11367630958557129,0,0,1,1,1,7448
1,Chicago/Chicago_0004490_2017_10_353_41.89499355426129_-87.62251936077243_KDjERcQy8ruBiuDSGylNqA.jpg,Chicago:4490,attention,random,4,58,0,True,,154,5,950589688255160410,38,7448,0.1484375,0.35118573904037476,0.335726261138916,0.6398899555206299,0.6273375153541565,0.2887042164802551,0.2916112542152405,1,1,0.01545947790145874,0.08689665794372559,0.012552440166473389,0,0,1,1,1,7448
1,Chicago/Chicago_0004490_2017_10_353_41.89499355426129_-87.62251936077243_KDjERcQy8ruBiuDSGylNqA.jpg,Chicago:4490,fused,targeted,-1,0,0,True,,7266,5,4871580560283690401,38,7448,0.1484375,0.35118573904037476,0.19850927591323853,0.6398899555206299,0.44983646273612976,0.2887042164802551,0.25132718682289124,1,1,0.15267646312713623,0.31706756353378296,0.19005349278450012,0,0,1,1,1,7448
1,Chicago/Chicago_0004490_2017_10_353_41.89499355426129_-87.62251936077243_KDjERcQy8ruBiuDSGylNqA.jpg,Chicago:4490,fused,random,0,-83,9,True,,7266,5,4871580560283690401,38,7448,0.1484375,0.35118573904037476,0.31926631927490234,0.6398899555206299,0.6197932958602905,0.2887042164802551,0.3005269765853882,1,1,0.03191941976547241,0.056340932846069336,0.020096659660339355,0,0,1,1,1,7448
1,Chicago/Chicago_0004490_2017_10_353_41.89499355426129_-87.62251936077243_KDjERcQy8ruBiuDSGylNqA.jpg,Chicago:4490,fused,random,1,-24,5,True,,7266,5,4871580560283690401,38,7448,0.1484375,0.35118573904037476,0.23300161957740784,0.6398899555206299,0.543260931968689,0.2887042164802551,0.31025931239128113,1,1,0.11818411946296692,0.20114290714263916,0.09662902355194092,0,0,1,1,1,7448
1,Chicago/Chicago_0004490_2017_10_353_41.89499355426129_-87.62251936077243_KDjERcQy8ruBiuDSGylNqA.jpg,Chicago:4490,fused,random,2,-66,1,True,,7266,5,4871580560283690401,38,7448,0.1484375,0.35118573904037476,0.32041221857070923,0.6398899555206299,0.6111628413200378,0.2887042164802551,0.2907506227493286,1,1,0.030773520469665527,0.07707935571670532,0.02872711420059204,0,0,1,1,1,7448
1,Chicago/Chicago_0004490_2017_10_353_41.89499355426129_-87.62251936077243_KDjERcQy8ruBiuDSGylNqA.jpg,Chicago:4490,fused,random,3,25,29,True,,7266,5,4871580560283690401,38,7448,0.1484375,0.35118573904037476,0.29518431425094604,0.6398899555206299,0.5686201453208923,0.2887042164802551,0.2734358310699463,1,1,0.05600142478942871,0.17772769927978516,0.07126981019973755,0,0,1,1,1,7448
1,Chicago/Chicago_0004490_2017_10_353_41.89499355426129_-87.62251936077243_KDjERcQy8ruBiuDSGylNqA.jpg,Chicago:4490,fused,random,4,6,11,True,,7266,5,4871580560283690401,38,7448,0.1484375,0.35118573904037476,0.25522831082344055,0.6398899555206299,0.5000900030136108,0.2887042164802551,0.2448616921901703,1,1,0.0959574282169342,0.23710310459136963,0.13979995250701904,0,0,1,1,1,7448
1,Phoenix/Phoenix_0004383_2011_03_098_33.46755977608167_-112.0571141903428_BJ6H6arU3t2O0bMGgue_Xw.jpg,Phoenix:4383,attention,clean,-1,0,0,True,,11004,5,2609301785311701641,38,7448,0.1484375,0.21910405158996582,0.21910405158996582,0.5001829266548157,0.5001829266548157,0.28107887506484985,0.28107887506484985,1,1,0.0,0.0,0.0,0,0,1,1,1,0
1,Phoenix/Phoenix_0004383_2011_03_098_33.46755977608167_-112.0571141903428_BJ6H6arU3t2O0bMGgue_Xw.jpg,Phoenix:4383,fused,clean,-1,0,0,True,,11004,5,2895010261979715716,38,7448,0.1484375,0.21910405158996582,0.21910405158996582,0.5001829266548157,0.5001829266548157,0.28107887506484985,0.28107887506484985,1,1,0.0,0.0,0.0,0,0,1,1,1,0
1,Phoenix/Phoenix_0004383_2011_03_098_33.46755977608167_-112.0571141903428_BJ6H6arU3t2O0bMGgue_Xw.jpg,Phoenix:4383,attention,targeted,-1,0,0,True,,11004,5,2609301785311701641,38,7448,0.1484375,0.21910405158996582,0.18593725562095642,0.5001829266548157,0.4491867125034332,0.28107887506484985,0.2632494568824768,1,1,0.0331667959690094,0.20698320865631104,0.050996214151382446,0,0,1,1,1,7448
1,Phoenix/Phoenix_0004383_2011_03_098_33.46755977608167_-112.0571141903428_BJ6H6arU3t2O0bMGgue_Xw.jpg,Phoenix:4383,attention,random,0,-12,-103,True,,11004,5,2609301785311701641,38,7448,0.1484375,0.21910405158996582,0.19884732365608215,0.5001829266548157,0.46767616271972656,0.28107887506484985,0.2688288390636444,1,1,0.020256727933883667,0.10156619548797607,0.03250676393508911,0,0,1,1,1,7448
1,Phoenix/Phoenix_0004383_2011_03_098_33.46755977608167_-112.0571141903428_BJ6H6arU3t2O0bMGgue_Xw.jpg,Phoenix:4383,attention,random,1,-48,-10,True,,11004,5,2609301785311701641,38,7448,0.1484375,0.21910405158996582,0.18284305930137634,0.5001829266548157,0.48619315028190613,0.28107887506484985,0.3033500909805298,1,1,0.03626099228858948,0.1486760973930359,0.013989776372909546,0,0,1,1,1,7448
1,Phoenix/Phoenix_0004383_2011_03_098_33.46755977608167_-112.0571141903428_BJ6H6arU3t2O0bMGgue_Xw.jpg,Phoenix:4383,attention,random,2,-58,-51,True,,11004,5,2609301785311701641,38,7448,0.1484375,0.21910405158996582,0.24272292852401733,0.5001829266548157,0.5033979415893555,0.28107887506484985,0.26067501306533813,1,1,-0.023618876934051514,0.10062211751937866,-0.003215014934539795,0,0,1,1,1,7448
1,Phoenix/Phoenix_0004383_2011_03_098_33.46755977608167_-112.0571141903428_BJ6H6arU3t2O0bMGgue_Xw.jpg,Phoenix:4383,attention,random,3,-53,-60,True,,11004,5,2609301785311701641,38,7448,0.1484375,0.21910405158996582,0.25194406509399414,0.5001829266548157,0.5188618302345276,0.28107887506484985,0.26691776514053345,1,1,-0.03284001350402832,0.07863873243331909,-0.018678903579711914,0,0,1,1,1,7448
1,Phoenix/Phoenix_0004383_2011_03_098_33.46755977608167_-112.0571141903428_BJ6H6arU3t2O0bMGgue_Xw.jpg,Phoenix:4383,attention,random,4,-2,-12,True,,11004,5,2609301785311701641,38,7448,0.1484375,0.21910405158996582,0.20810672640800476,0.5001829266548157,0.4868307113647461,0.28107887506484985,0.27872398495674133,1,1,0.01099732518196106,0.17058229446411133,0.01335221529006958,0,0,1,1,1,7448
1,Phoenix/Phoenix_0004383_2011_03_098_33.46755977608167_-112.0571141903428_BJ6H6arU3t2O0bMGgue_Xw.jpg,Phoenix:4383,fused,targeted,-1,0,0,True,,11004,5,2895010261979715716,38,7448,0.1484375,0.21910405158996582,0.15627864003181458,0.5001829266548157,0.4178256094455719,0.28107887506484985,0.2615469694137573,1,1,0.06282541155815125,0.23159384727478027,0.08235731720924377,0,0,1,1,1,7448
1,Phoenix/Phoenix_0004383_2011_03_098_33.46755977608167_-112.0571141903428_BJ6H6arU3t2O0bMGgue_Xw.jpg,Phoenix:4383,fused,random,0,-50,-138,True,,11004,5,2895010261979715716,38,7448,0.1484375,0.21910405158996582,0.16744500398635864,0.5001829266548157,0.4471970200538635,0.28107887506484985,0.2797520160675049,1,1,0.05165904760360718,0.06846511363983154,0.05298590660095215,0,0,1,1,1,7448
1,Phoenix/Phoenix_0004383_2011_03_098_33.46755977608167_-112.0571141903428_BJ6H6arU3t2O0bMGgue_Xw.jpg,Phoenix:4383,fused,random,1,-1,-33,True,,11004,5,2895010261979715716,38,7448,0.1484375,0.21910405158996582,0.17607110738754272,0.5001829266548157,0.47835850715637207,0.28107887506484985,0.30228739976882935,1,1,0.043032944202423096,0.1100807785987854,0.021824419498443604,0,0,1,1,1,7448
1,Phoenix/Phoenix_0004383_2011_03_098_33.46755977608167_-112.0571141903428_BJ6H6arU3t2O0bMGgue_Xw.jpg,Phoenix:4383,fused,random,2,-50,-100,True,,11004,5,2895010261979715716,38,7448,0.1484375,0.21910405158996582,0.21981006860733032,0.5001829266548157,0.49679291248321533,0.28107887506484985,0.276982843875885,1,1,-0.000706017017364502,0.0599290132522583,0.003390014171600342,0,0,1,1,1,7448
1,Phoenix/Phoenix_0004383_2011_03_098_33.46755977608167_-112.0571141903428_BJ6H6arU3t2O0bMGgue_Xw.jpg,Phoenix:4383,fused,random,3,-7,-19,True,,11004,5,2895010261979715716,38,7448,0.1484375,0.21910405158996582,0.18997728824615479,0.5001829266548157,0.48388808965682983,0.28107887506484985,0.29391080141067505,1,1,0.029126763343811035,0.14059698581695557,0.01629483699798584,0,0,1,1,1,7448
1,Phoenix/Phoenix_0004383_2011_03_098_33.46755977608167_-112.0571141903428_BJ6H6arU3t2O0bMGgue_Xw.jpg,Phoenix:4383,fused,random,4,-38,-85,True,,11004,5,2895010261979715716,38,7448,0.1484375,0.21910405158996582,0.2595590054988861,0.5001829266548157,0.5146396160125732,0.28107887506484985,0.25508061051368713,1,1,-0.04045495390892029,0.07235836982727051,-0.014456689357757568,0,0,1,1,1,7448
1,London/London_0000881_2016_08_079_51.49052279418894_-0.1678955496967318_mRwJxlDODHDJQW9KlujLyA.jpg,London:881,attention,clean,-1,0,0,True,,6440,5,5249288119911393549,38,7448,0.1484375,0.394713431596756,0.394713431596756,0.7462660074234009,0.7462660074234009,0.3515525758266449,0.3515525758266449,1,1,0.0,0.0,0.0,0,0,1,1,1,0
1,London/London_0000881_2016_08_079_51.49052279418894_-0.1678955496967318_mRwJxlDODHDJQW9KlujLyA.jpg,London:881,fused,clean,-1,0,0,True,,6440,5,5862418489424262794,38,7448,0.1484375,0.394713431596756,0.394713431596756,0.7462660074234009,0.7462660074234009,0.3515525758266449,0.3515525758266449,1,1,0.0,0.0,0.0,0,0,1,1,1,0
1,London/London_0000881_2016_08_079_51.49052279418894_-0.1678955496967318_mRwJxlDODHDJQW9KlujLyA.jpg,London:881,attention,targeted,-1,0,0,True,,6440,5,5249288119911393549,38,7448,0.1484375,0.394713431596756,0.4070113003253937,0.7462660074234009,0.720836877822876,0.3515525758266449,0.3138255774974823,1,1,-0.012297868728637695,0.11204135417938232,0.025429129600524902,0,0,1,1,1,7448
1,London/London_0000881_2016_08_079_51.49052279418894_-0.1678955496967318_mRwJxlDODHDJQW9KlujLyA.jpg,London:881,attention,random,0,-12,36,True,,6440,5,5249288119911393549,38,7448,0.1484375,0.394713431596756,0.387088418006897,0.7462660074234009,0.7258399724960327,0.3515525758266449,0.33875155448913574,1,1,0.007625013589859009,0.12431049346923828,0.020426034927368164,0,0,1,1,1,7448
1,London/London_0000881_2016_08_079_51.49052279418894_-0.1678955496967318_mRwJxlDODHDJQW9KlujLyA.jpg,London:881,attention,random,1,-11,45,True,,6440,5,5249288119911393549,38,7448,0.1484375,0.394713431596756,0.41053667664527893,0.7462660074234009,0.7567188143730164,0.3515525758266449,0.3461821377277374,1,1,-0.01582324504852295,0.11059200763702393,-0.010452806949615479,0,0,1,1,1,7448
1,London/London_0000881_2016_08_079_51.49052279418894_-0.1678955496967318_mRwJxlDODHDJQW9KlujLyA.jpg,London:881,attention,random,2,-33,18,True,,6440,5,5249288119911393549,38,7448,0.1484375,0.394713431596756,0.38005632162094116,0.7462660074234009,0.7217793464660645,0.3515525758266449,0.3417230248451233,1,1,0.01465710997581482,0.08729755878448486,0.024486660957336426,0,0,1,1,1,7448
1,London/London_0000881_2016_08_079_51.49052279418894_-0.1678955496967318_mRwJxlDODHDJQW9KlujLyA.jpg,London:881,attention,random,3,-6,17,True,,6440,5,5249288119911393549,38,7448,0.1484375,0.394713431596756,0.3850753903388977,0.7462660074234009,0.7238813042640686,0.3515525758266449,0.3388059139251709,1,1,0.009638041257858276,0.165391206741333,0.022384703159332275,0,0,1,1,1,7448
1,London/London_0000881_2016_08_079_51.49052279418894_-0.1678955496967318_mRwJxlDODHDJQW9KlujLyA.jpg,London:881,attention,random,4,-91,39,True,,6440,5,5249288119911393549,38,7448,0.1484375,0.394713431596756,0.32793721556663513,0.7462660074234009,0.6914098262786865,0.3515525758266449,0.3634726107120514,1,1,0.06677621603012085,0.06626605987548828,0.054856181144714355,0,0,1,1,1,7448
1,London/London_0000881_2016_08_079_51.49052279418894_-0.1678955496967318_mRwJxlDODHDJQW9KlujLyA.jpg,London:881,fused,targeted,-1,0,0,True,,6440,5,5862418489424262794,38,7448,0.1484375,0.394713431596756,0.3985050320625305,0.7462660074234009,0.7141964435577393,0.3515525758266449,0.31569141149520874,1,1,-0.003791600465774536,0.1148572564125061,0.03206956386566162,0,0,1,1,1,7448
1,London/London_0000881_2016_08_079_51.49052279418894_-0.1678955496967318_mRwJxlDODHDJQW9KlujLyA.jpg,London:881,fused,random,0,-87,2,True,,6440,5,5862418489424262794,38,7448,0.1484375,0.394713431596756,0.3656715154647827,0.7462660074234009,0.7096513509750366,0.3515525758266449,0.3439798355102539,1,1,0.029041916131973267,0.07107365131378174,0.03661465644836426,0,0,1,1,1,7448
1,London/London_0000881_2016_08_079_51.49052279418894_-0.1678955496967318_mRwJxlDODHDJQW9KlujLyA.jpg,London:881,fused,random,1,-19,40,True,,6440,5,5862418489424262794,38,7448,0.1484375,0.394713431596756,0.4098808765411377,0.7462660074234009,0.7507523894309998,0.3515525758266449,0.34087151288986206,1,1,-0.015167444944381714,0.07643288373947144,-0.004486382007598877,0,0,1,1,1,7448
1,London/London_0000881_2016_08_079_51.49052279418894_-0.1678955496967318_mRwJxlDODHDJQW9KlujLyA.jpg,London:881,fused,random,2,-83,6,True,,6440,5,5862418489424262794,38,7448,0.1484375,0.394713431596756,0.34314650297164917,0.7462660074234009,0.7160730361938477,0.3515525758266449,0.3729265332221985,1,1,0.05156692862510681,0.08152914047241211,0.030192971229553223,0,0,1,1,1,7448
1,London/London_0000881_2016_08_079_51.49052279418894_-0.1678955496967318_mRwJxlDODHDJQW9KlujLyA.jpg,London:881,fused,random,3,-43,43,True,,6440,5,5862418489424262794,38,7448,0.1484375,0.394713431596756,0.3845740258693695,0.7462660074234009,0.7164321541786194,0.3515525758266449,0.3318581283092499,1,1,0.010139405727386475,0.05650889873504639,0.029833853244781494,0,0,1,1,1,7448
1,London/London_0000881_2016_08_079_51.49052279418894_-0.1678955496967318_mRwJxlDODHDJQW9KlujLyA.jpg,London:881,fused,random,4,-27,44,True,,6440,5,5862418489424262794,38,7448,0.1484375,0.394713431596756,0.40987786650657654,0.7462660074234009,0.7511111497879028,0.3515525758266449,0.3412332832813263,1,1,-0.015164434909820557,0.05688774585723877,-0.004845142364501953,0,0,1,1,1,7448
1,Brussels/Brussels_0002530_2019_03_030_50.86089065277829_4.341250613701981_SSy991jO3fV9zStrBxi8hw.jpg,Brussels:2530,attention,clean,-1,0,0,True,,14350,5,2747209084518593392,38,7448,0.1484375,0.061430543661117554,0.061430543661117554,0.24708479642868042,0.24708479642868042,0.18565425276756287,0.18565425276756287,1,1,0.0,0.0,0.0,0,0,1,1,1,0
1,Brussels/Brussels_0002530_2019_03_030_50.86089065277829_4.341250613701981_SSy991jO3fV9zStrBxi8hw.jpg,Brussels:2530,fused,clean,-1,0,0,True,,15932,5,3307956659937199143,38,7448,0.1484375,0.061430543661117554,0.061430543661117554,0.24708479642868042,0.24708479642868042,0.18565425276756287,0.18565425276756287,1,1,0.0,0.0,0.0,0,0,1,1,1,0
1,Brussels/Brussels_0002530_2019_03_030_50.86089065277829_4.341250613701981_SSy991jO3fV9zStrBxi8hw.jpg,Brussels:2530,attention,targeted,-1,0,0,True,,14350,5,2747209084518593392,38,7448,0.1484375,0.061430543661117554,-0.07645602524280548,0.24708479642868042,0.09597200155258179,0.18565425276756287,0.17242802679538727,1,59,0.13788656890392303,0.38920825719833374,0.15111279487609863,58,1,0,0,0,7448
1,Brussels/Brussels_0002530_2019_03_030_50.86089065277829_4.341250613701981_SSy991jO3fV9zStrBxi8hw.jpg,Brussels:2530,attention,random,0,27,47,True,,14350,5,2747209084518593392,38,7448,0.1484375,0.061430543661117554,0.04566718637943268,0.24708479642868042,0.21064339578151703,0.18565425276756287,0.16497620940208435,1,1,0.015763357281684875,0.14832741022109985,0.03644140064716339,0,0,1,1,1,7448
1,Brussels/Brussels_0002530_2019_03_030_50.86089065277829_4.341250613701981_SSy991jO3fV9zStrBxi8hw.jpg,Brussels:2530,attention,random,1,41,62,True,,14350,5,2747209084518593392,38,7448,0.1484375,0.061430543661117554,0.044634461402893066,0.24708479642868042,0.22488683462142944,0.18565425276756287,0.18025237321853638,1,1,0.016796082258224487,0.11645537614822388,0.022197961807250977,0,0,1,1,1,7448
1,Brussels/Brussels_0002530_2019_03_030_50.86089065277829_4.341250613701981_SSy991jO3fV9zStrBxi8hw.jpg,Brussels:2530,attention,random,2,-52,98,True,,14350,5,2747209084518593392,38,7448,0.1484375,0.061430543661117554,0.0586840957403183,0.24708479642868042,0.2628534436225891,0.18565425276756287,0.2041693478822708,1,1,0.0027464479207992554,0.11632853746414185,-0.01576864719390869,0,0,1,1,1,7448
1,Brussels/Brussels_0002530_2019_03_030_50.86089065277829_4.341250613701981_SSy991jO3fV9zStrBxi8hw.jpg,Brussels:2530,attention,random,3,66,60,True,,14350,5,2747209084518593392,38,7448,0.1484375,0.061430543661117554,0.05297783017158508,0.24708479642868042,0.2524500787258148,0.18565425276756287,0.19947224855422974,1,1,0.00845271348953247,0.08578717708587646,-0.005365282297134399,0,0,1,1,1,7448
1,Brussels/Brussels_0002530_2019_03_030_50.86089065277829_4.341250613701981_SSy991jO3fV9zStrBxi8hw.jpg,Brussels:2530,attention,random,4,-5,101,True,,14350,5,2747209084518593392,38,7448,0.1484375,0.061430543661117554,0.07106673717498779,0.24708479642868042,0.2563810348510742,0.18565425276756287,0.18531429767608643,1,1,-0.00963619351387024,0.1351279616355896,-0.009296238422393799,0,0,1,1,1,7448
1,Brussels/Brussels_0002530_2019_03_030_50.86089065277829_4.341250613701981_SSy991jO3fV9zStrBxi8hw.jpg,Brussels:2530,fused,targeted,-1,0,0,True,,15932,5,3307956659937199143,38,7448,0.1484375,0.061430543661117554,-0.10787850618362427,0.24708479642868042,0.1017647534608841,0.18565425276756287,0.20964325964450836,1,45,0.16930904984474182,0.34964364767074585,0.14532004296779633,44,1,0,0,0,7448
1,Brussels/Brussels_0002530_2019_03_030_50.86089065277829_4.341250613701981_SSy991jO3fV9zStrBxi8hw.jpg,Brussels:2530,fused,random,0,16,82,True,,15932,5,3307956659937199143,38,7448,0.1484375,0.061430543661117554,0.0545102059841156,0.24708479642868042,0.22837066650390625,0.18565425276756287,0.17386046051979065,1,1,0.006920337677001953,0.1343960165977478,0.01871412992477417,0,0,1,1,1,7448
1,Brussels/Brussels_0002530_2019_03_030_50.86089065277829_4.341250613701981_SSy991jO3fV9zStrBxi8hw.jpg,Brussels:2530,fused,random,1,45,42,True,,15932,5,3307956659937199143,38,7448,0.1484375,0.061430543661117554,0.06058923900127411,0.24708479642868042,0.24750930070877075,0.18565425276756287,0.18692006170749664,1,1,0.0008413046598434448,0.13221484422683716,-0.00042450428009033203,0,0,1,1,1,7448
1,Brussels/Brussels_0002530_2019_03_030_50.86089065277829_4.341250613701981_SSy991jO3fV9zStrBxi8hw.jpg,Brussels:2530,fused,random,2,44,103,True,,15932,5,3307956659937199143,38,7448,0.1484375,0.061430543661117554,0.07665999233722687,0.24708479642868042,0.252449095249176,0.18565425276756287,0.17578910291194916,1,1,-0.015229448676109314,0.06749320030212402,-0.0053642988204956055,0,0,1,1,1,7448
1,Brussels/Brussels_0002530_2019_03_030_50.86089065277829_4.341250613701981_SSy991jO3fV9zStrBxi8hw.jpg,Brussels:2530,fused,random,3,42,69,True,,15932,5,3307956659937199143,38,7448,0.1484375,0.061430543661117554,0.05832579731941223,0.24708479642868042,0.23528623580932617,0.18565425276756287,0.17696043848991394,1,1,0.0031047463417053223,0.11257010698318481,0.011798560619354248,0,0,1,1,1,7448
1,Brussels/Brussels_0002530_2019_03_030_50.86089065277829_4.341250613701981_SSy991jO3fV9zStrBxi8hw.jpg,Brussels:2530,fused,random,4,8,70,True,,15932,5,3307956659937199143,38,7448,0.1484375,0.061430543661117554,0.03685091435909271,0.24708479642868042,0.21692222356796265,0.18565425276756287,0.18007130920886993,1,1,0.02457962930202484,0.14753806591033936,0.030162572860717773,0,0,1,1,1,7448
1,MexicoCity/MexicoCity_0000831_2017_01_421_19.43490016438329_-99.16351756404356_UXlwW-S6Epmp3t7N831QEA.jpg,MexicoCity:831,attention,clean,-1,0,0,True,,154,5,1548298087270032152,38,7448,0.1484375,0.0937194973230362,0.0937194973230362,0.2607886493206024,0.2607886493206024,0.16706915199756622,0.16706915199756622,1,1,0.0,0.0,0.0,0,0,1,1,1,0
1,MexicoCity/MexicoCity_0000831_2017_01_421_19.43490016438329_-99.16351756404356_UXlwW-S6Epmp3t7N831QEA.jpg,MexicoCity:831,fused,clean,-1,0,0,True,,154,5,4786620576258414905,38,7448,0.1484375,0.0937194973230362,0.0937194973230362,0.2607886493206024,0.2607886493206024,0.16706915199756622,0.16706915199756622,1,1,0.0,0.0,0.0,0,0,1,1,1,0
1,MexicoCity/MexicoCity_0000831_2017_01_421_19.43490016438329_-99.16351756404356_UXlwW-S6Epmp3t7N831QEA.jpg,MexicoCity:831,attention,targeted,-1,0,0,True,,154,5,1548298087270032152,38,7448,0.1484375,0.0937194973230362,0.0016787946224212646,0.2607886493206024,0.1711578369140625,0.16706915199756622,0.16947904229164124,1,1,0.09204070270061493,0.40261948108673096,0.08963081240653992,0,0,1,1,1,7448
1,MexicoCity/MexicoCity_0000831_2017_01_421_19.43490016438329_-99.16351756404356_UXlwW-S6Epmp3t7N831QEA.jpg,MexicoCity:831,attention,random,0,-23,0,True,,154,5,1548298087270032152,38,7448,0.1484375,0.0937194973230362,0.017799213528633118,0.2607886493206024,0.16632497310638428,0.16706915199756622,0.14852575957775116,1,1,0.07592028379440308,0.375643253326416,0.09446367621421814,0,0,1,1,1,7448
1,MexicoCity/MexicoCity_0000831_2017_01_421_19.43490016438329_-99.16351756404356_UXlwW-S6Epmp3t7N831QEA.jpg,MexicoCity:831,attention,random,1,38,0,True,,154,5,1548298087270032152,38,7448,0.1484375,0.0937194973230362,0.0810198187828064,0.2607886493206024,0.2505188286304474,0.16706915199756622,0.169499009847641,1,1,0.012699678540229797,0.15274745225906372,0.01026982069015503,0,0,1,1,1,7448
1,MexicoCity/MexicoCity_0000831_2017_01_421_19.43490016438329_-99.16351756404356_UXlwW-S6Epmp3t7N831QEA.jpg,MexicoCity:831,attention,random,2,-15,0,True,,154,5,1548298087270032152,38,7448,0.1484375,0.0937194973230362,-0.020103946328163147,0.2607886493206024,0.13187383115291595,0.16706915199756622,0.1519777774810791,1,15,0.11382344365119934,0.410534143447876,0.12891481816768646,14,1,0,0,0,7448
1,MexicoCity/MexicoCity_0000831_2017_01_421_19.43490016438329_-99.16351756404356_UXlwW-S6Epmp3t7N831QEA.jpg,MexicoCity:831,attention,random,3,-48,0,True,,154,5,1548298087270032152,38,7448,0.1484375,0.0937194973230362,0.04895928502082825,0.2607886493206024,0.2093227505683899,0.16706915199756622,0.16036346554756165,1,1,0.04476021230220795,0.21784722805023193,0.051465898752212524,0,0,1,1,1,7448
1,MexicoCity/MexicoCity_0000831_2017_01_421_19.43490016438329_-99.16351756404356_UXlwW-S6Epmp3t7N831QEA.jpg,MexicoCity:831,attention,random,4,-10,0,True,,154,5,1548298087270032152,38,7448,0.1484375,0.0937194973230362,0.00044721364974975586,0.2607886493206024,0.14957107603549957,0.16706915199756622,0.14912386238574982,1,1,0.09327228367328644,0.4133428931236267,0.11121757328510284,0,0,1,1,1,7448
1,MexicoCity/MexicoCity_0000831_2017_01_421_19.43490016438329_-99.16351756404356_UXlwW-S6Epmp3t7N831QEA.jpg,MexicoCity:831,fused,targeted,-1,0,0,True,,154,5,4786620576258414905,38,7448,0.1484375,0.0937194973230362,0.011275947093963623,0.2607886493206024,0.18055042624473572,0.16706915199756622,0.1692744791507721,1,1,0.08244355022907257,0.3732362985610962,0.0802382230758667,0,0,1,1,1,7448
1,MexicoCity/MexicoCity_0000831_2017_01_421_19.43490016438329_-99.16351756404356_UXlwW-S6Epmp3t7N831QEA.jpg,MexicoCity:831,fused,random,0,39,0,True,,154,5,4786620576258414905,38,7448,0.1484375,0.0937194973230362,0.06723418831825256,0.2607886493206024,0.23271818459033966,0.16706915199756622,0.1654839962720871,1,1,0.02648530900478363,0.15781021118164062,0.028070464730262756,0,0,1,1,1,7448
1,MexicoCity/MexicoCity_0000831_2017_01_421_19.43490016438329_-99.16351756404356_UXlwW-S6Epmp3t7N831QEA.jpg,MexicoCity:831,fused,random,1,17,0,True,,154,5,4786620576258414905,38,7448,0.1484375,0.0937194973230362,0.01936471462249756,0.2607886493206024,0.1850202977657318,0.16706915199756622,0.16565558314323425,1,1,0.07435478270053864,0.33032965660095215,0.0757683515548706,0,0,1,1,1,7448
1,MexicoCity/MexicoCity_0000831_2017_01_421_19.43490016438329_-99.16351756404356_UXlwW-S6Epmp3t7N831QEA.jpg,MexicoCity:831,fused,random,2,27,0,True,,154,5,4786620576258414905,38,7448,0.1484375,0.0937194973230362,0.03863660991191864,0.2607886493206024,0.21174964308738708,0.16706915199756622,0.17311303317546844,1,1,0.055082887411117554,0.256028950214386,0.04903900623321533,0,0,1,1,1,7448
1,MexicoCity/MexicoCity_0000831_2017_01_421_19.43490016438329_-99.16351756404356_UXlwW-S6Epmp3t7N831QEA.jpg,MexicoCity:831,fused,random,3,19,0,True,,154,5,4786620576258414905,38,7448,0.1484375,0.0937194973230362,0.021183282136917114,0.2607886493206024,0.1972939670085907,0.16706915199756622,0.17611068487167358,1,1,0.07253621518611908,0.29212862253189087,0.06349468231201172,0,0,1,1,1,7448
1,MexicoCity/MexicoCity_0000831_2017_01_421_19.43490016438329_-99.16351756404356_UXlwW-S6Epmp3t7N831QEA.jpg,MexicoCity:831,fused,random,4,53,0,True,,154,5,4786620576258414905,38,7448,0.1484375,0.0937194973230362,0.07099413871765137,0.2607886493206024,0.2377854585647583,0.16706915199756622,0.16679131984710693,1,1,0.022725358605384827,0.10295748710632324,0.023003190755844116,0,0,1,1,1,7448
