comparison,query_id,mask_ratio,left_margin_drop,right_margin_drop,left_descriptor_drift,right_descriptor_drift,left_positive_similarity_drop,right_positive_similarity_drop,left_rank_degradation,right_rank_degradation,left_failure_flip,right_failure_flip,left_hit_at_1,right_hit_at_1,left_hit_at_5,right_hit_at_5,left_hit_at_10,right_hit_at_10
attention_raw_topk-minus-attention_connected,250,0.1,0.027430236339569092,0.01056012511253357,0.3190370202064514,0.25530505180358887,0.07835203409194946,0.06615626811981201,0,0,0,0,1,1,1,1,1,1
attention_raw_topk-minus-attention_connected,190,0.1,0.0577944815158844,0.02919498085975647,0.35625481605529785,0.3082769513130188,0.2061338722705841,0.20629432797431946,0,0,0,0,1,1,1,1,1,1
attention_raw_topk-minus-attention_connected,505,0.1,0.05894869565963745,0.08517420291900635,0.3619879484176636,0.3450014591217041,0.04694730043411255,0.06186339259147644,2,2,1,1,0,0,1,1,1,1
attention_raw_topk-minus-attention_connected,486,0.1,0.02868098020553589,0.019431710243225098,0.3265794515609741,0.36365407705307007,0.025570988655090332,0.014234185218811035,0,0,0,0,1,1,1,1,1,1
attention_raw_topk-minus-attention_connected,72,0.1,0.06592875719070435,0.0815829336643219,0.26029348373413086,0.2534712553024292,0.0922842025756836,0.09514456987380981,0,0,0,0,1,1,1,1,1,1
attention_raw_topk-minus-attention_connected,222,0.1,0.017464280128479004,0.047704458236694336,0.42184877395629883,0.44710779190063477,0.041091978549957275,0.07872304320335388,0,0,0,0,1,1,1,1,1,1
attention_raw_topk-minus-attention_connected,42,0.1,0.037657856941223145,0.0220339298248291,0.18376386165618896,0.157082200050354,0.044838279485702515,0.01725485920906067,0,0,0,0,1,1,1,1,1,1
attention_raw_topk-minus-attention_connected,59,0.1,0.017456382513046265,0.017456382513046265,0.2303904891014099,0.2303904891014099,0.1173890233039856,0.1173890233039856,0,0,0,0,1,1,1,1,1,1
attention_raw_topk-minus-attention_connected,598,0.1,0.13135400414466858,0.12834671139717102,0.3229954242706299,0.3012579679489136,0.14821818470954895,0.14744162559509277,0,0,0,0,1,1,1,1,1,1
attention_raw_topk-minus-attention_connected,136,0.1,0.07593239843845367,0.04677119851112366,0.3244820833206177,0.3070131540298462,0.11600488424301147,0.09836411476135254,0,0,0,0,1,1,1,1,1,1
attention_raw_topk-minus-attention_connected,686,0.1,0.1864473819732666,0.1864473819732666,0.45715367794036865,0.45715367794036865,0.18624860048294067,0.18624860048294067,0,0,0,0,1,1,1,1,1,1
attention_raw_topk-minus-attention_connected,567,0.1,0.04497900605201721,0.028828978538513184,0.2730620503425598,0.29089856147766113,0.13669759035110474,0.1788022816181183,0,0,0,0,1,1,1,1,1,1
attention_raw_topk-minus-attention_connected,343,0.1,0.05752494931221008,0.0779363214969635,0.2083193063735962,0.2320089340209961,0.06485724449157715,0.07984751462936401,0,0,0,0,1,1,1,1,1,1
attention_raw_topk-minus-attention_connected,482,0.1,0.04355001449584961,0.04985952377319336,0.3293439745903015,0.3288164734840393,0.11366945505142212,0.12113738059997559,0,0,0,0,1,1,1,1,1,1
attention_raw_topk-minus-attention_connected,689,0.1,0.07661005854606628,0.08701065182685852,0.33723604679107666,0.34424781799316406,0.16329526901245117,0.15920090675354004,0,0,0,0,1,1,1,1,1,1
attention_raw_topk-minus-attention_connected,129,0.1,0.025819510221481323,0.030063942074775696,0.27652156352996826,0.29198604822158813,0.019875288009643555,0.017656907439231873,0,0,0,0,1,1,1,1,1,1
attention_raw_topk-minus-attention_connected,334,0.1,0.11768724024295807,0.13843630254268646,0.4208441972732544,0.4236871004104614,0.2225361466407776,0.23960810899734497,0,0,0,0,1,1,1,1,1,1
attention_raw_topk-minus-attention_connected,242,0.1,0.0013135075569152832,-0.02032729983329773,0.39906924962997437,0.3631914258003235,0.1465338170528412,0.1282179355621338,0,0,0,0,1,1,1,1,1,1
attention_raw_topk-minus-attention_connected,211,0.1,0.09535476565361023,0.0781269371509552,0.3270413279533386,0.33063626289367676,0.11345183849334717,0.11443924903869629,0,0,0,0,1,1,1,1,1,1
attention_raw_topk-minus-attention_connected,315,0.1,0.019914716482162476,0.028020113706588745,0.11470240354537964,0.11542457342147827,-0.03631475567817688,-0.017708808183670044,0,0,0,0,0,0,0,0,0,0
attention_raw_topk-minus-attention_connected,332,0.1,0.006872743368148804,0.0123215913772583,0.3084806203842163,0.2819252014160156,-0.016508758068084717,0.0028683245182037354,0,0,0,0,1,1,1,1,1,1
attention_raw_topk-minus-attention_connected,544,0.1,0.10865429043769836,0.1406872272491455,0.30006271600723267,0.3085983991622925,0.12727725505828857,0.14183223247528076,0,0,0,0,1,1,1,1,1,1
attention_raw_topk-minus-attention_connected,43,0.1,0.051187336444854736,0.06804601848125458,0.2930030822753906,0.30058562755584717,0.06712979078292847,0.08638513088226318,0,0,0,0,1,1,1,1,1,1
attention_raw_topk-minus-attention_connected,36,0.1,0.08130425214767456,0.09528672695159912,0.27672433853149414,0.2675926685333252,0.16446873545646667,0.16511213779449463,2,3,1,1,0,0,1,1,1,1
attention_raw_topk-minus-attention_connected,245,0.1,0.23817330598831177,0.2191009819507599,0.35759568214416504,0.34957772493362427,0.23834848403930664,0.24205219745635986,0,0,0,0,1,1,1,1,1,1
attention_raw_topk-minus-attention_connected,624,0.1,0.05892053246498108,0.06195762753486633,0.21631407737731934,0.24071508646011353,0.05696031451225281,0.06566885113716125,0,0,0,0,1,1,1,1,1,1
attention_raw_topk-minus-attention_connected,163,0.1,0.0005323886871337891,-0.01425081491470337,0.3721799850463867,0.3724960684776306,0.05575186014175415,0.05635526776313782,2,-1,0,0,0,1,1,1,1,1
attention_raw_topk-minus-attention_connected,307,0.1,0.011467263102531433,-0.002494409680366516,0.3617057800292969,0.32673656940460205,0.03681555390357971,0.02239862084388733,0,0,0,0,1,1,1,1,1,1
attention_raw_topk-minus-attention_connected,525,0.1,0.10633444786071777,0.09547662734985352,0.25584399700164795,0.24105507135391235,0.1229848861694336,0.11203378438949585,0,0,0,0,1,1,1,1,1,1
attention_raw_topk-minus-attention_connected,512,0.1,0.030856341123580933,-0.004798263311386108,0.27089452743530273,0.2618408203125,0.05735200643539429,0.030051857233047485,0,0,0,0,1,1,1,1,1,1
attention_raw_topk-minus-attention_connected,720,0.1,-0.013363361358642578,-0.002944737672805786,0.3037480115890503,0.2909623980522156,0.07320907711982727,0.07535281777381897,0,0,0,0,1,1,1,1,1,1
attention_raw_topk-minus-attention_connected,437,0.1,0.1931210458278656,0.19928526878356934,0.41812098026275635,0.419103741645813,0.18835514783859253,0.19689440727233887,0,0,0,0,1,1,1,1,1,1
attention_raw_topk-minus-attention_connected,258,0.1,0.023911625146865845,0.05419403314590454,0.2975698709487915,0.28219759464263916,0.05841737985610962,0.06490945816040039,1,2,1,1,0,0,1,1,1,1
attention_raw_topk-minus-attention_connected,249,0.1,-0.0017496943473815918,-0.03641176223754883,0.3050565719604492,0.30111193656921387,0.12146472930908203,0.11724966764450073,0,0,0,0,1,1,1,1,1,1
attention_raw_topk-minus-attention_connected,476,0.1,-0.00989145040512085,-0.033909738063812256,0.3155163526535034,0.3498486280441284,0.07329845428466797,0.0589139461517334,0,0,0,0,1,1,1,1,1,1
attention_raw_topk-minus-attention_connected,18,0.1,0.019855082035064697,0.01630958914756775,0.2266157865524292,0.25869154930114746,0.08789682388305664,0.04754066467285156,0,0,0,0,1,1,1,1,1,1
attention_raw_topk-minus-attention_connected,358,0.1,0.0597575306892395,0.0988810807466507,0.32582545280456543,0.25130558013916016,0.05793294310569763,0.10087841749191284,0,0,0,0,1,1,1,1,1,1
attention_raw_topk-minus-attention_connected,670,0.1,0.11088442802429199,0.11088442802429199,0.3938911557197571,0.3938911557197571,0.1721523404121399,0.1721523404121399,1,1,1,1,0,0,1,1,1,1
attention_raw_topk-minus-attention_connected,210,0.1,0.07971423864364624,0.08328071236610413,0.3793054223060608,0.3309662342071533,0.1830124855041504,0.17160332202911377,0,0,0,0,1,1,1,1,1,1
attention_raw_topk-minus-attention_connected,549,0.1,0.10441049933433533,0.08041590452194214,0.3323565125465393,0.3274914026260376,0.10602867603302002,0.10751032829284668,0,0,0,0,1,1,1,1,1,1
attention_raw_topk-minus-attention_connected,511,0.1,0.06493839621543884,0.06714808940887451,0.46198606491088867,0.4518861770629883,0.21995526552200317,0.21667513251304626,0,0,0,0,1,1,1,1,1,1
attention_raw_topk-minus-attention_connected,473,0.1,0.1456964612007141,0.14266344904899597,0.4295198321342468,0.4400774836540222,0.17477726936340332,0.1842932403087616,0,0,0,0,1,1,1,1,1,1
attention_raw_topk-minus-attention_connected,608,0.1,0.16111892461776733,0.16111892461776733,0.33599793910980225,0.33599793910980225,0.18053007125854492,0.18053007125854492,0,0,0,0,1,1,1,1,1,1
attention_raw_topk-minus-attention_connected,409,0.1,0.06251686811447144,0.06206342577934265,0.23024189472198486,0.2527589797973633,0.05904000997543335,0.061568766832351685,0,0,0,0,1,1,1,1,1,1
attention_raw_topk-minus-attention_connected,429,0.1,0.11126139760017395,0.1282397210597992,0.3903105854988098,0.3314536213874817,0.10985776782035828,0.12268483638763428,0,0,0,0,1,1,1,1,1,1
attention_raw_topk-minus-attention_connected,550,0.1,0.16911306977272034,0.1682964712381363,0.3863847255706787,0.37373852729797363,0.17399677634239197,0.18540674448013306,0,0,0,0,1,1,1,1,1,1
attention_raw_topk-minus-attention_connected,275,0.1,0.06980714201927185,0.07206475734710693,0.3535269498825073,0.3562229871749878,0.08305624127388,0.11381390690803528,0,0,0,0,1,1,1,1,1,1
attention_raw_topk-minus-attention_connected,613,0.1,0.0015693306922912598,0.017447471618652344,0.26523590087890625,0.25554585456848145,0.05467209219932556,0.06438496708869934,0,0,0,0,1,1,1,1,1,1
attention_raw_topk-minus-attention_connected,509,0.1,-0.011298447847366333,-0.011298447847366333,0.30565333366394043,0.30565333366394043,0.06813076138496399,0.06813076138496399,-2,-2,0,0,1,1,1,1,1,1
attention_raw_topk-minus-attention_connected,37,0.1,0.048008471727371216,0.10302126407623291,0.23596006631851196,0.27099883556365967,-0.0019609928131103516,0.10096952319145203,0,0,0,0,1,1,1,1,1,1
attention_raw_topk-minus-attention_connected,514,0.1,0.06941527128219604,-0.008814305067062378,0.20459342002868652,0.2021283507347107,0.06905180215835571,-0.0027691125869750977,0,0,0,0,1,1,1,1,1,1
attention_raw_topk-minus-attention_connected,268,0.1,0.010882198810577393,0.018393278121948242,0.25846588611602783,0.27202796936035156,0.05216053128242493,0.06004256010055542,0,1,0,1,1,0,1,1,1,1
attention_raw_topk-minus-attention_connected,198,0.1,0.10469114780426025,0.10342520475387573,0.3695089817047119,0.37247949838638306,0.17540913820266724,0.1796613335609436,0,0,0,0,1,1,1,1,1,1
attention_raw_topk-minus-attention_connected,207,0.1,-0.017306029796600342,0.011324465274810791,0.246893048286438,0.29918038845062256,0.054788172245025635,0.0989459753036499,0,0,0,0,1,1,1,1,1,1
attention_raw_topk-minus-attention_connected,454,0.1,0.05150285363197327,0.0484776496887207,0.23740607500076294,0.23315680027008057,0.06831508874893188,0.07029902935028076,0,0,0,0,1,1,1,1,1,1
attention_raw_topk-minus-attention_connected,502,0.1,0.08633410930633545,0.08713787794113159,0.3035447597503662,0.31092941761016846,0.10540026426315308,0.10762929916381836,0,0,0,0,1,1,1,1,1,1
attention_raw_topk-minus-attention_connected,497,0.1,0.07790528237819672,0.08040452003479004,0.29467666149139404,0.3020411729812622,0.10102236270904541,0.10862952470779419,0,0,0,0,1,1,1,1,1,1
attention_raw_topk-minus-attention_connected,592,0.1,0.051756590604782104,0.061144083738327026,0.3122447729110718,0.3090381622314453,0.13077843189239502,0.12559762597084045,1,1,1,1,0,0,1,1,1,1
attention_raw_topk-minus-attention_connected,105,0.1,0.05780872702598572,0.05780872702598572,0.4932062029838562,0.4932062029838562,0.20129629969596863,0.20129629969596863,0,0,0,0,1,1,1,1,1,1
attention_raw_topk-minus-attention_connected,119,0.1,0.10014086961746216,0.068392813205719,0.35897934436798096,0.33411145210266113,0.11076009273529053,0.09153813123703003,0,0,0,0,1,1,1,1,1,1
attention_raw_topk-minus-attention_connected,633,0.1,0.26729851961135864,0.25591860711574554,0.32434678077697754,0.3443845510482788,0.2618928551673889,0.25692057609558105,0,0,0,0,1,1,1,1,1,1
attention_raw_topk-minus-attention_connected,266,0.1,0.03684696555137634,0.03692394495010376,0.34300005435943604,0.33278632164001465,0.1332668960094452,0.14506417512893677,0,0,0,0,1,1,1,1,1,1
attention_raw_topk-minus-attention_connected,674,0.1,0.10363751649856567,0.12222835421562195,0.29484236240386963,0.32874464988708496,0.10146600008010864,0.15818971395492554,0,0,0,0,1,1,1,1,1,1
attention_raw_topk-minus-attention_connected,394,0.1,0.061171144247055054,0.021047234535217285,0.2827422022819519,0.25897836685180664,0.09283483028411865,0.10467484593391418,0,0,0,0,1,1,1,1,1,1
attention_raw_topk-minus-attention_connected,616,0.1,0.06752172112464905,0.06352353096008301,0.29179322719573975,0.31445062160491943,0.0739593505859375,0.07106161117553711,0,0,0,0,1,1,1,1,1,1
attention_raw_topk-minus-attention_connected,112,0.1,0.04674506187438965,0.09892679750919342,0.3537927269935608,0.34037625789642334,0.1457810401916504,0.18180963397026062,0,0,0,0,1,1,1,1,1,1
attention_raw_topk-minus-attention_connected,397,0.1,0.006731271743774414,0.0013588964939117432,0.3919001817703247,0.37818145751953125,0.13049420714378357,0.13075169920921326,0,0,0,0,1,1,1,1,1,1
attention_raw_topk-minus-attention_connected,464,0.1,0.09528926014900208,0.13201607763767242,0.3741459250450134,0.41115856170654297,0.1258995532989502,0.1612871289253235,0,0,0,0,1,1,1,1,1,1
attention_raw_topk-minus-attention_connected,693,0.1,0.06210625171661377,0.0707097053527832,0.34944087266921997,0.35374367237091064,0.1517353355884552,0.17408549785614014,2,2,1,1,0,0,1,1,1,1
attention_raw_topk-minus-attention_connected,349,0.1,0.06724731624126434,0.06821022927761078,0.47831636667251587,0.4542348384857178,0.27467650175094604,0.2657974362373352,0,0,0,0,1,1,1,1,1,1
attention_raw_topk-minus-attention_connected,487,0.1,0.1311545968055725,0.149469256401062,0.44617635011672974,0.4305729269981384,0.1608736515045166,0.1899024248123169,0,0,0,0,1,1,1,1,1,1
attention_raw_topk-minus-attention_connected,733,0.1,0.017203539609909058,0.036220043897628784,0.23494172096252441,0.25631701946258545,0.06781667470932007,0.06997048854827881,0,0,0,0,1,1,1,1,1,1
attention_raw_topk-minus-attention_connected,471,0.1,-0.04138399660587311,-0.007298693060874939,0.3708336353302002,0.4009009003639221,0.007288083434104919,0.03511492908000946,-17,5,0,0,0,0,1,0,1,0
attention_raw_topk-minus-attention_connected,687,0.1,0.1360662877559662,0.08491992950439453,0.4025195837020874,0.38775062561035156,0.2283422350883484,0.2191128134727478,0,0,0,0,1,1,1,1,1,1
attention_raw_topk-minus-attention_connected,253,0.1,0.06895220279693604,0.018602699041366577,0.2770652770996094,0.26468425989151,0.10606390237808228,0.09466773271560669,0,0,0,0,1,1,1,1,1,1
attention_raw_topk-minus-attention_connected,333,0.1,0.011653468012809753,0.015234708786010742,0.35254764556884766,0.3576589822769165,0.14831551909446716,0.13341721892356873,0,0,0,0,1,1,1,1,1,1
attention_raw_topk-minus-attention_connected,34,0.1,0.019777491688728333,-0.022375360131263733,0.3576586842536926,0.3036257028579712,0.02559661865234375,-0.010302603244781494,94,-46,0,0,0,0,0,0,0,0
attention_raw_topk-minus-attention_connected,290,0.1,0.001350104808807373,0.0006601512432098389,0.33602023124694824,0.33492422103881836,0.07789942622184753,0.07558107376098633,0,0,0,0,1,1,1,1,1,1
attention_raw_topk-minus-attention_connected,110,0.1,-0.0006067752838134766,-0.02119305729866028,0.15763062238693237,0.15965259075164795,0.06571990251541138,0.06241929531097412,0,0,0,0,1,1,1,1,1,1
attention_raw_topk-minus-attention_connected,301,0.1,0.06940209865570068,0.05099368095397949,0.25002098083496094,0.2639681100845337,0.07263007760047913,0.06370773911476135,0,0,0,0,1,1,1,1,1,1
attention_raw_topk-minus-attention_connected,489,0.1,0.19929608702659607,0.19060179591178894,0.3847045302391052,0.3807556629180908,0.22658976912498474,0.21961838006973267,0,0,0,0,1,1,1,1,1,1
attention_raw_topk-minus-attention_connected,154,0.1,0.022845208644866943,0.007761657238006592,0.2946656346321106,0.3055339455604553,0.06129530072212219,0.056418657302856445,0,0,0,0,1,1,1,1,1,1
attention_raw_topk-minus-attention_connected,481,0.1,0.047442227602005005,0.031120896339416504,0.2656039595603943,0.2625476121902466,0.09372258186340332,0.08189600706100464,0,0,0,0,1,1,1,1,1,1
attention_raw_topk-minus-attention_connected,602,0.1,0.0927707850933075,0.10789886116981506,0.22205090522766113,0.23846983909606934,0.07362422347068787,0.07738013565540314,509,537,0,0,0,0,0,0,0,0
attention_raw_topk-minus-attention_connected,48,0.1,0.07263624668121338,0.0901305079460144,0.265252947807312,0.25946927070617676,0.09124314785003662,0.09831628203392029,0,0,0,0,1,1,1,1,1,1
attention_raw_topk-minus-attention_connected,192,0.1,0.005128249526023865,0.0029349029064178467,0.3120996356010437,0.3062833547592163,0.009762480854988098,0.004707083106040955,2,1,1,1,0,0,1,1,1,1
attention_raw_topk-minus-attention_connected,576,0.1,0.025411218404769897,0.0031028389930725098,0.2941857576370239,0.3097955584526062,0.11190152168273926,0.12155318260192871,0,0,0,0,1,1,1,1,1,1
attention_raw_topk-minus-attention_connected,350,0.1,0.1251242458820343,0.12785030901432037,0.42351216077804565,0.518698513507843,0.1893000304698944,0.3135814964771271,0,0,0,0,1,1,1,1,1,1
attention_raw_topk-minus-attention_connected,527,0.1,0.03104376792907715,0.04654476046562195,0.24210631847381592,0.27855682373046875,0.05745244026184082,0.06868934631347656,0,0,0,0,1,1,1,1,1,1
attention_raw_topk-minus-attention_connected,152,0.1,-0.014834225177764893,-0.02551037073135376,0.3812900185585022,0.35106682777404785,0.11014610528945923,0.1202247142791748,0,0,0,0,1,1,1,1,1,1
attention_raw_topk-minus-attention_connected,66,0.1,-0.06243006885051727,-0.06513680517673492,0.27132779359817505,0.28641319274902344,0.020968377590179443,0.023794367909431458,-2,-2,0,0,1,1,1,1,1,1
attention_raw_topk-minus-attention_connected,355,0.1,0.05535757541656494,0.04915502667427063,0.39044660329818726,0.3643307089805603,0.17455372214317322,0.19063565135002136,0,0,0,0,1,1,1,1,1,1
attention_raw_topk-minus-attention_connected,589,0.1,0.07558074593544006,0.07390928268432617,0.3470776677131653,0.35468852519989014,0.09614384174346924,0.09581899642944336,0,0,0,0,1,1,1,1,1,1
attention_raw_topk-minus-attention_connected,241,0.1,-0.028969526290893555,-0.028969526290893555,0.24943101406097412,0.24943101406097412,0.03759142756462097,0.03759142756462097,0,0,0,0,0,0,0,0,0,0
attention_raw_topk-minus-attention_connected,234,0.1,0.0309755802154541,0.03282301127910614,0.44813650846481323,0.4513017535209656,0.10332381725311279,0.0999758243560791,0,0,0,0,1,1,1,1,1,1
attention_raw_topk-minus-attention_connected,542,0.1,0.11167240142822266,0.12498149275779724,0.40318453311920166,0.43982434272766113,0.13421612977981567,0.14805766940116882,0,0,0,0,1,1,1,1,1,1
attention_raw_topk-minus-attention_connected,22,0.1,0.06565004587173462,0.10142743587493896,0.30031639337539673,0.3237230181694031,0.12598901987075806,0.1735069751739502,0,0,0,0,1,1,1,1,1,1
attention_raw_topk-minus-attention_connected,474,0.1,0.16197282075881958,0.16518092155456543,0.37339019775390625,0.3651368021965027,0.22574156522750854,0.22411179542541504,0,0,0,0,1,1,1,1,1,1
attention_raw_topk-minus-attention_connected,658,0.1,0.14026594161987305,0.16746506094932556,0.2862725257873535,0.31084340810775757,0.1741173267364502,0.1965961754322052,0,0,0,0,1,1,1,1,1,1
attention_raw_topk-minus-attention_connected,313,0.1,0.03207692503929138,0.007118344306945801,0.26539158821105957,0.2470608949661255,0.08941319584846497,0.052982211112976074,0,0,0,0,1,1,1,1,1,1
connected_topk:random_token-minus-random_pixel,18,0.1,0.004794788360595703,-0.0012497365474700927,0.01966845989227295,0.10588619709014893,0.005362451076507568,0.0192471981048584,0.0,0.0,0.0,0.0,1.0,1.0,1.0,1.0,1.0,1.0
connected_topk:random_token-minus-random_pixel,22,0.1,0.04631691575050354,0.04514795541763306,0.1583621859550476,0.17831995487213134,0.07125450372695923,0.0657683789730072,0.0,0.0,0.0,0.0,1.0,1.0,1.0,1.0,1.0,1.0
connected_topk:random_token-minus-random_pixel,34,0.1,-0.006192646920681,0.0038059577345848083,0.17461501359939574,0.21149741411209105,0.0054162457585334774,0.010559658706188201,21.2,53.0,0.0,0.0,0.0,0.0,0.2,0.0,0.2,0.0
connected_topk:random_token-minus-random_pixel,36,0.1,0.014156472682952882,0.02811300754547119,0.10814270973205567,0.10308570861816406,0.05103604793548584,0.04512650966644287,0.4,0.2,0.2,0.2,0.8,0.8,1.0,1.0,1.0,1.0
connected_topk:random_token-minus-random_pixel,37,0.1,0.023913866281509398,0.013775810599327087,0.06808693408966064,0.09843323230743409,0.029405975341796876,0.012101203203201294,0.0,0.0,0.0,0.0,1.0,1.0,1.0,1.0,1.0,1.0
connected_topk:random_token-minus-random_pixel,42,0.1,0.009428668022155761,0.0069327235221862795,0.060719525814056395,0.06030299663543701,0.0089164137840271,0.005734097957611084,0.0,0.0,0.0,0.0,1.0,1.0,1.0,1.0,1.0,1.0
connected_topk:random_token-minus-random_pixel,43,0.1,0.03132066428661347,0.04733690619468689,0.09051969051361083,0.18381388187408448,0.03706697821617126,0.05605458617210388,0.0,0.0,0.0,0.0,1.0,1.0,1.0,1.0,1.0,1.0
connected_topk:random_token-minus-random_pixel,48,0.1,0.019094979763031004,0.045803380012512204,0.09152117967605591,0.20705453157424927,0.021987485885620116,0.04934467673301697,0.0,0.0,0.0,0.0,1.0,1.0,1.0,1.0,1.0,1.0
connected_topk:random_token-minus-random_pixel,59,0.1,0.015317529439926147,0.03445558547973633,0.1470036029815674,0.13346056938171386,0.09249403476715087,0.07955105304718017,0.0,0.0,0.0,0.0,1.0,1.0,1.0,1.0,1.0,1.0
connected_topk:random_token-minus-random_pixel,66,0.1,0.00657312273979187,-0.004354369640350342,0.06683493852615356,0.10313942432403564,0.011615496873855592,0.015139532089233399,0.0,-0.4,0.0,0.0,0.0,0.0,1.0,1.0,1.0,1.0
connected_topk:random_token-minus-random_pixel,72,0.1,0.006554043292999268,0.012238860130310059,0.11564570665359497,0.11519371271133423,0.02687382698059082,0.03842287063598633,0.0,0.0,0.0,0.0,1.0,1.0,1.0,1.0,1.0,1.0
connected_topk:random_token-minus-random_pixel,105,0.1,0.01542406678199768,0.029133588075637817,0.2635525941848755,0.33295429944992067,0.0859144389629364,0.11549484133720397,0.0,0.0,0.0,0.0,1.0,1.0,1.0,1.0,1.0,1.0
connected_topk:random_token-minus-random_pixel,110,0.1,0.017097944021224977,0.00517699122428894,0.06945016384124755,0.08332178592681885,0.039767122268676756,0.03782057762145996,0.0,0.0,0.0,0.0,1.0,1.0,1.0,1.0,1.0,1.0
connected_topk:random_token-minus-random_pixel,112,0.1,0.0018674612045288086,0.007454177737236023,0.17429898977279662,0.21869028806686402,0.06919586658477783,0.09381610155105591,0.0,0.0,0.0,0.0,1.0,1.0,1.0,1.0,1.0,1.0
connected_topk:random_token-minus-random_pixel,119,0.1,0.0175886332988739,0.02715756297111511,0.15222784280776977,0.149124813079834,0.03422861099243164,0.05097295045852661,0.0,0.0,0.0,0.0,1.0,1.0,1.0,1.0,1.0,1.0
connected_topk:random_token-minus-random_pixel,129,0.1,0.026298466324806213,0.0013671547174453735,0.18845386505126954,0.21564748287200927,0.00744422972202301,-0.026297014951705933,0.0,0.0,0.0,0.0,1.0,1.0,1.0,1.0,1.0,1.0
connected_topk:random_token-minus-random_pixel,136,0.1,0.019147539138793947,0.02199023962020874,0.10927950143814087,0.184649658203125,0.02655279040336609,0.04852420687675476,0.0,0.0,0.0,0.0,1.0,1.0,1.0,1.0,1.0,1.0
connected_topk:random_token-minus-random_pixel,152,0.1,0.01327539086341858,-0.0001962006092071533,0.057293045520782473,0.20941926240921022,0.026138776540756227,0.06074493527412415,0.0,0.0,0.0,0.0,1.0,1.0,1.0,1.0,1.0,1.0
connected_topk:random_token-minus-random_pixel,154,0.1,0.0273522824048996,0.02988852858543396,0.18438713550567626,0.1923370361328125,0.06862701773643494,0.06114790439605713,0.0,0.0,0.0,0.0,1.0,1.0,1.0,1.0,1.0,1.0
connected_topk:random_token-minus-random_pixel,163,0.1,0.0018094509840011596,-0.001341313123703003,0.12349035739898681,0.11847797632217408,0.010587063431739808,-0.0057788312435150145,0.6,-0.2,0.0,0.0,0.0,0.2,1.0,1.0,1.0,1.0
connected_topk:random_token-minus-random_pixel,190,0.1,0.03436173796653748,0.01942051649093628,0.19256227016448973,0.11288056373596192,0.11497550010681153,0.06594283580780029,0.0,0.0,0.0,0.0,1.0,1.0,1.0,1.0,1.0,1.0
connected_topk:random_token-minus-random_pixel,192,0.1,0.0037712663412094115,0.011972284317016602,0.14861384630203248,0.20995720624923705,0.014043274521827697,0.013673970103263855,1.4,2.2,0.8,0.6,0.2,0.4,1.0,0.8,1.0,1.0
connected_topk:random_token-minus-random_pixel,198,0.1,0.0434149980545044,0.0461037278175354,0.12773497104644777,0.15670785903930665,0.049467945098876955,0.0739859938621521,0.0,0.0,0.0,0.0,1.0,1.0,1.0,1.0,1.0,1.0
connected_topk:random_token-minus-random_pixel,207,0.1,0.005519610643386841,0.008339554071426392,0.09342077970504761,0.10772197246551514,0.03504719734191895,0.03568092584609985,0.0,0.0,0.0,0.0,1.0,1.0,1.0,1.0,1.0,1.0
connected_topk:random_token-minus-random_pixel,210,0.1,0.011606287956237794,0.047054654359817503,0.05742313861846924,0.16564807891845704,0.030495429039001466,0.08421289920806885,0.0,0.0,0.0,0.0,1.0,1.0,1.0,1.0,1.0,1.0
connected_topk:random_token-minus-random_pixel,211,0.1,0.012752914428710937,0.030772900581359862,0.06873470544815063,0.13757065534591675,0.018879199028015138,0.04612575769424439,0.0,0.0,0.0,0.0,1.0,1.0,1.0,1.0,1.0,1.0
connected_topk:random_token-minus-random_pixel,222,0.1,0.007699728012084961,0.015350657701492309,0.08178541660308838,0.111198890209198,0.014935851097106934,0.0345477044582367,0.0,0.0,0.0,0.0,1.0,1.0,1.0,1.0,1.0,1.0
connected_topk:random_token-minus-random_pixel,234,0.1,0.024411886930465698,0.037070590257644656,0.05136375427246094,0.12715561389923097,0.029515087604522705,0.05167689919471741,0.0,0.0,0.0,0.0,1.0,1.0,1.0,1.0,1.0,1.0
connected_topk:random_token-minus-random_pixel,241,0.1,-0.02392236590385437,-0.019216355681419373,0.16160457134246825,0.12501200437545776,0.013059026002883911,0.012276604771614075,-4.8,-5.0,0.0,0.0,0.0,0.0,0.0,0.0,0.0,0.0
connected_topk:random_token-minus-random_pixel,242,0.1,0.0007493495941162109,-0.008824312686920166,0.15131858587265015,0.18514167070388793,0.04652043581008911,0.05785360932350159,0.4,0.2,0.4,0.2,0.6,0.8,1.0,1.0,1.0,1.0
connected_topk:random_token-minus-random_pixel,245,0.1,0.007816684246063233,0.040594571828842164,0.06996313333511353,0.14204429388046264,0.023897612094879152,0.07077929973602295,0.0,0.0,0.0,0.0,1.0,1.0,1.0,1.0,1.0,1.0
connected_topk:random_token-minus-random_pixel,249,0.1,0.0038246870040893554,0.005042564868927002,0.11993640661239624,0.16392199993133544,0.05984474420547485,0.08597111701965332,0.2,0.4,0.2,0.2,0.8,0.8,1.0,1.0,1.0,1.0
connected_topk:random_token-minus-random_pixel,250,0.1,0.0033506453037261963,0.012149131298065186,0.11128460168838501,0.13550549745559692,0.02984017729759216,0.048071593046188354,0.0,0.0,0.0,0.0,1.0,1.0,1.0,1.0,1.0,1.0
connected_topk:random_token-minus-random_pixel,253,0.1,0.01306174397468567,0.009885585308074952,0.1060854434967041,0.1264445185661316,0.055310416221618655,0.05364216566085815,0.0,0.0,0.0,0.0,1.0,1.0,1.0,1.0,1.0,1.0
connected_topk:random_token-minus-random_pixel,258,0.1,0.02208511233329773,0.019861888885498048,0.07139067649841309,0.10091091394424438,0.026495599746704103,0.020127618312835695,0.4,1.0,0.4,0.8,0.6,0.2,1.0,1.0,1.0,1.0
connected_topk:random_token-minus-random_pixel,266,0.1,0.019244962930679323,0.00759093165397644,0.09490355253219604,0.08765366077423095,0.03783806562423706,0.0360719084739685,0.0,0.0,0.0,0.0,1.0,1.0,1.0,1.0,1.0,1.0
connected_topk:random_token-minus-random_pixel,268,0.1,0.016016513109207153,-0.0029825806617736817,0.11496542692184449,0.1370776653289795,0.011683183908462524,0.010608518123626709,0.6,0.2,0.6,0.2,0.4,0.8,1.0,1.0,1.0,1.0
connected_topk:random_token-minus-random_pixel,275,0.1,0.02482095956802368,0.02800811529159546,0.11007298231124878,0.12353931665420533,0.030771690607070922,0.03263821005821228,0.0,0.0,0.0,0.0,1.0,1.0,1.0,1.0,1.0,1.0
connected_topk:random_token-minus-random_pixel,290,0.1,-0.003271937370300293,-0.011843597888946534,0.1560489058494568,0.15584594011306763,0.042889362573623656,0.019015955924987792,0.8,0.0,0.4,0.0,0.6,1.0,1.0,1.0,1.0,1.0
connected_topk:random_token-minus-random_pixel,301,0.1,0.005717754364013672,0.02370038628578186,0.10041549205780029,0.11689634323120117,0.02053174376487732,0.031044507026672365,0.0,0.0,0.0,0.0,1.0,1.0,1.0,1.0,1.0,1.0
connected_topk:random_token-minus-random_pixel,307,0.1,0.023760780692100525,0.039463138580322264,0.11141196489334107,0.18769625425338746,0.02538819909095764,0.04142563343048096,0.0,0.0,0.0,0.0,1.0,1.0,1.0,1.0,1.0,1.0
connected_topk:random_token-minus-random_pixel,313,0.1,0.024620068073272706,0.013836503028869629,0.15883126258850097,0.17185523509979247,0.041103440523147586,0.03435578942298889,0.0,0.0,0.0,0.0,1.0,1.0,1.0,1.0,1.0,1.0
connected_topk:random_token-minus-random_pixel,315,0.1,0.006930720806121826,0.006440740823745727,0.05389704704284668,0.07453871965408325,-0.008059847354888915,0.006522852182388306,0.0,0.0,0.0,0.0,0.0,0.0,0.0,0.0,0.0,0.0
connected_topk:random_token-minus-random_pixel,332,0.1,0.011872351169586182,0.0014649391174316405,0.12724329233169557,0.07793718576431274,0.014860284328460694,0.003760141134262085,0.0,0.0,0.0,0.0,1.0,1.0,1.0,1.0,1.0,1.0
connected_topk:random_token-minus-random_pixel,333,0.1,0.01016445755958557,0.017088621854782104,0.16686254739761353,0.16388248205184935,0.049856054782867434,0.058720731735229494,0.0,0.0,0.0,0.0,1.0,1.0,1.0,1.0,1.0,1.0
connected_topk:random_token-minus-random_pixel,334,0.1,0.02509981393814087,0.02897140383720398,0.13279528617858888,0.14467248916625977,0.05103554725646973,0.06154168844223022,0.0,0.0,0.0,0.0,1.0,1.0,1.0,1.0,1.0,1.0
connected_topk:random_token-minus-random_pixel,343,0.1,0.052652955055236816,0.02178882956504822,0.14674108028411864,0.0918845772743225,0.06843363046646118,0.037455761432647706,0.0,0.0,0.0,0.0,1.0,1.0,1.0,1.0,1.0,1.0
connected_topk:random_token-minus-random_pixel,349,0.1,0.003452533483505249,0.018029075860977174,0.07507461309432983,0.11618441343307495,0.03554797172546387,0.06375561952590943,0.0,0.0,0.0,0.0,1.0,1.0,1.0,1.0,1.0,1.0
connected_topk:random_token-minus-random_pixel,350,0.1,0.001001262664794922,0.013283723592758178,0.08543187379837036,0.08587273359298705,0.03146021366119385,0.03560580015182495,0.0,0.0,0.0,0.0,1.0,1.0,1.0,1.0,1.0,1.0
connected_topk:random_token-minus-random_pixel,355,0.1,0.02085452675819397,0.0036848366260528566,0.18830996751785278,0.10918300151824951,0.07308481335639953,0.0351982593536377,0.0,0.0,0.0,0.0,1.0,1.0,1.0,1.0,1.0,1.0
connected_topk:random_token-minus-random_pixel,358,0.1,0.051847100257873535,0.04597490131855011,0.13482245206832885,0.13614524602890016,0.05578035712242126,0.0551203191280365,0.0,0.0,0.0,0.0,1.0,1.0,1.0,1.0,1.0,1.0
connected_topk:random_token-minus-random_pixel,394,0.1,-0.001546400785446167,0.010485172271728516,0.07492071390151978,0.1225581407546997,0.028646516799926757,0.03719905614852905,0.0,0.0,0.0,0.0,1.0,1.0,1.0,1.0,1.0,1.0
connected_topk:random_token-minus-random_pixel,397,0.1,0.009976959228515625,0.026298582553863525,0.07574877738952637,0.1650105357170105,0.02574268579483032,0.06159324049949646,0.0,0.0,0.0,0.0,1.0,1.0,1.0,1.0,1.0,1.0
connected_topk:random_token-minus-random_pixel,409,0.1,0.03518031239509582,0.016329723596572875,0.17192749977111815,0.06723031997680665,0.027150166034698487,0.015922302007675172,0.0,0.0,0.0,0.0,1.0,1.0,1.0,1.0,1.0,1.0
connected_topk:random_token-minus-random_pixel,429,0.1,0.052961033582687375,0.07626025676727295,0.17550082206726075,0.17521295547485352,0.05518263578414917,0.08545191884040833,0.0,0.0,0.0,0.0,1.0,1.0,1.0,1.0,1.0,1.0
connected_topk:random_token-minus-random_pixel,437,0.1,0.039271426200866696,0.11019940972328186,0.11790788173675537,0.29087080955505373,0.040125155448913576,0.11824334859848022,0.0,0.0,0.0,0.0,1.0,1.0,1.0,1.0,1.0,1.0
connected_topk:random_token-minus-random_pixel,454,0.1,0.002335578203201294,0.005421602725982666,0.10111774206161499,0.10160996913909912,0.020594292879104616,0.021771520376205444,0.0,0.0,0.0,0.0,1.0,1.0,1.0,1.0,1.0,1.0
connected_topk:random_token-minus-random_pixel,464,0.1,0.026596921682357787,0.03126398622989655,0.08910902738571166,0.13566004037857055,0.029126352071762084,0.039128607511520384,0.0,0.0,0.0,0.0,1.0,1.0,1.0,1.0,1.0,1.0
connected_topk:random_token-minus-random_pixel,471,0.1,0.002091771364212036,0.006940627098083496,0.17046948671340942,0.11366784572601318,0.012912917137145995,0.019950926303863525,17.0,26.8,0.0,0.0,0.0,0.0,0.0,0.0,0.0,0.0
connected_topk:random_token-minus-random_pixel,473,0.1,0.03016931414604187,0.0190948486328125,0.14089694023132324,0.10158225297927856,0.04588853120803833,0.030020523071289062,0.0,0.0,0.0,0.0,1.0,1.0,1.0,1.0,1.0,1.0
connected_topk:random_token-minus-random_pixel,474,0.1,0.05747917294502258,0.07615723013877869,0.17171401977539064,0.22776714563369752,0.10012331008911132,0.13522120714187622,0.0,0.0,0.0,0.0,1.0,1.0,1.0,1.0,1.0,1.0
connected_topk:random_token-minus-random_pixel,476,0.1,-0.013351261615753174,-0.027737534046173094,0.09895548820495606,0.20178831815719606,0.03058844804763794,0.02687919735908508,0.0,0.0,0.0,0.0,1.0,1.0,1.0,1.0,1.0,1.0
connected_topk:random_token-minus-random_pixel,481,0.1,0.028845229744911195,0.0029620885848999023,0.17096782922744752,0.07404669523239135,0.056117820739746097,0.01823957562446594,0.0,0.0,0.0,0.0,1.0,1.0,1.0,1.0,1.0,1.0
connected_topk:random_token-minus-random_pixel,482,0.1,0.029896676540374756,0.01866452693939209,0.11152689456939698,0.11859852075576782,0.04821873903274536,0.037191128730773924,0.0,0.0,0.0,0.0,1.0,1.0,1.0,1.0,1.0,1.0
connected_topk:random_token-minus-random_pixel,486,0.1,0.0038432717323303224,0.015060508251190185,0.11630637645721435,0.15196775197982787,0.014370793104171753,0.04024583101272583,0.0,0.2,0.0,0.2,1.0,0.8,1.0,1.0,1.0,1.0
connected_topk:random_token-minus-random_pixel,487,0.1,-0.0040487110614776615,0.06727083921432495,0.028322327136993408,0.24035561084747314,0.003844332695007324,0.09705712795257568,0.0,0.0,0.0,0.0,1.0,1.0,1.0,1.0,1.0,1.0
connected_topk:random_token-minus-random_pixel,489,0.1,0.06528130173683167,0.1135185956954956,0.1774342656135559,0.24001704454421996,0.0777807891368866,0.1334304094314575,0.0,0.0,0.0,0.0,1.0,1.0,1.0,1.0,1.0,1.0
connected_topk:random_token-minus-random_pixel,497,0.1,0.018384552001953124,0.030587583780288696,0.08666418790817261,0.16415584087371826,0.016876447200775146,0.049668741226196286,0.0,0.0,0.0,0.0,1.0,1.0,1.0,1.0,1.0,1.0
connected_topk:random_token-minus-random_pixel,502,0.1,0.04124433398246765,0.03755003809928894,0.10991902351379394,0.16606630086898805,0.04178829193115234,0.05545528531074524,0.0,0.0,0.0,0.0,1.0,1.0,1.0,1.0,1.0,1.0
connected_topk:random_token-minus-random_pixel,505,0.1,0.01977289319038391,0.0342093825340271,0.08076627254486084,0.11755306720733642,0.019978970289230347,0.05698786377906799,0.4,1.2,0.2,0.4,0.8,0.6,1.0,1.0,1.0,1.0
connected_topk:random_token-minus-random_pixel,509,0.1,-0.019351309537887572,-0.0021742105484008787,0.095084547996521,0.12355836629867553,0.005487585067749023,0.014747369289398193,-1.6,-1.2,0.0,0.0,0.8,0.2,1.0,1.0,1.0,1.0
connected_topk:random_token-minus-random_pixel,511,0.1,0.0028338849544525145,0.0034242868423461914,0.10106251239776612,0.20510289669036866,0.0424919605255127,0.08348798751831055,0.0,0.0,0.0,0.0,1.0,1.0,1.0,1.0,1.0,1.0
connected_topk:random_token-minus-random_pixel,512,0.1,0.02925150990486145,0.02868696451187134,0.10073102712631225,0.12384365797042847,0.047354590892791745,0.04281715154647827,0.0,0.0,0.0,0.0,1.0,1.0,1.0,1.0,1.0,1.0
connected_topk:random_token-minus-random_pixel,514,0.1,0.012479805946350097,0.009525197744369506,0.038427650928497314,0.08851152658462524,0.010700786113739013,0.006977343559265136,0.0,0.0,0.0,0.0,1.0,1.0,1.0,1.0,1.0,1.0
connected_topk:random_token-minus-random_pixel,525,0.1,0.10016996264457703,0.06363070011138916,0.1875187039375305,0.14815962314605713,0.10417207479476928,0.0674208402633667,0.0,0.0,0.0,0.0,1.0,1.0,1.0,1.0,1.0,1.0
connected_topk:random_token-minus-random_pixel,527,0.1,0.0004288375377655029,-0.0013365328311920166,0.07963473796844482,0.11506321430206298,0.02352927327156067,0.03785241842269897,0.0,0.0,0.0,0.0,1.0,1.0,1.0,1.0,1.0,1.0
connected_topk:random_token-minus-random_pixel,542,0.1,0.018273097276687623,0.01571860909461975,0.1665643572807312,0.1647030830383301,0.030395805835723877,0.029263514280319213,0.0,0.0,0.0,0.0,1.0,1.0,1.0,1.0,1.0,1.0
connected_topk:random_token-minus-random_pixel,544,0.1,0.08691994547843933,0.056968897581100464,0.17629532814025878,0.1012604832649231,0.07836631536483765,0.04081915616989136,0.0,0.0,0.0,0.0,1.0,1.0,1.0,1.0,1.0,1.0
connected_topk:random_token-minus-random_pixel,549,0.1,0.005394244194030761,0.022536709904670715,0.03865104913711548,0.10308772325515747,0.008933281898498536,0.02919376492500305,0.0,0.0,0.0,0.0,1.0,1.0,1.0,1.0,1.0,1.0
connected_topk:random_token-minus-random_pixel,550,0.1,0.047492265701293945,0.04556366503238678,0.12970579862594606,0.14053049087524414,0.05027540922164917,0.053118550777435304,0.0,0.0,0.0,0.0,1.0,1.0,1.0,1.0,1.0,1.0
connected_topk:random_token-minus-random_pixel,567,0.1,0.01417691707611084,0.009502661228179932,0.08462270498275756,0.10330439805984497,0.04498206377029419,0.04969930648803711,0.0,0.0,0.0,0.0,1.0,1.0,1.0,1.0,1.0,1.0
connected_topk:random_token-minus-random_pixel,576,0.1,0.005918437242507934,-0.007209485769271851,0.15379389524459838,0.09008005857467652,0.04558932185173035,0.024113190174102784,0.0,0.0,0.0,0.0,1.0,1.0,1.0,1.0,1.0,1.0
connected_topk:random_token-minus-random_pixel,589,0.1,0.004487025737762451,0.03934327960014343,0.11604509353637696,0.17459523677825928,0.010180032253265381,0.04295902252197266,0.0,0.0,0.0,0.0,1.0,1.0,1.0,1.0,1.0,1.0
connected_topk:random_token-minus-random_pixel,592,0.1,0.004690098762512207,-0.0018259644508361816,0.09593247175216675,0.08189798593521118,0.049143850803375244,0.034145700931549075,0.0,0.0,0.0,0.0,1.0,1.0,1.0,1.0,1.0,1.0
connected_topk:random_token-minus-random_pixel,598,0.1,0.021047407388687135,0.06308821141719818,0.07332583665847778,0.1812070369720459,0.026405227184295655,0.07014715075492858,0.0,0.0,0.0,0.0,1.0,1.0,1.0,1.0,1.0,1.0
connected_topk:random_token-minus-random_pixel,602,0.1,0.02011222392320633,0.018218518793582918,0.1068261742591858,0.12151834964752198,0.018471892178058624,0.025261299312114717,51.4,51.2,0.0,0.0,0.0,0.0,0.0,0.0,0.4,0.2
connected_topk:random_token-minus-random_pixel,608,0.1,0.00614510178565979,0.04365675151348114,0.06223381757736206,0.16429606676101685,0.022166728973388672,0.07179079055786133,0.0,0.0,0.0,0.0,1.0,1.0,1.0,1.0,1.0,1.0
connected_topk:random_token-minus-random_pixel,613,0.1,0.02964284420013428,0.022931742668151855,0.1987196683883667,0.13936445713043213,0.052612459659576415,0.04204391241073609,0.0,0.0,0.0,0.0,1.0,1.0,1.0,1.0,1.0,1.0
connected_topk:random_token-minus-random_pixel,616,0.1,0.03116111159324646,0.021986562013626098,0.13698376417160035,0.11185613870620728,0.039084327220916745,0.04476627707481384,0.0,0.0,0.0,0.0,1.0,1.0,1.0,1.0,1.0,1.0
connected_topk:random_token-minus-random_pixel,624,0.1,0.022702449560165407,0.03793459534645081,0.08971761465072632,0.09583731889724731,0.014122027158737182,0.029575514793395995,0.0,0.0,0.0,0.0,1.0,1.0,1.0,1.0,1.0,1.0
connected_topk:random_token-minus-random_pixel,633,0.1,0.11072856187820435,0.08586037158966064,0.15624916553497314,0.14111065864562988,0.10802299976348877,0.08768721222877503,0.0,0.0,0.0,0.0,1.0,1.0,1.0,1.0,1.0,1.0
connected_topk:random_token-minus-random_pixel,658,0.1,0.035283899307250975,0.042682725191116336,0.11294500827789307,0.1408887267112732,0.061014747619628905,0.07763711810111999,0.0,0.0,0.0,0.0,1.0,1.0,1.0,1.0,1.0,1.0
connected_topk:random_token-minus-random_pixel,670,0.1,-0.0026949405670166015,0.034595799446105954,0.04236871004104614,0.20974931716918946,0.0008996129035949707,0.09512081146240234,0.0,0.0,0.0,0.0,1.0,1.0,1.0,1.0,1.0,1.0
connected_topk:random_token-minus-random_pixel,674,0.1,0.030231791734695434,0.06586383581161499,0.0996435284614563,0.1717376947402954,0.030642926692962646,0.08442866802215576,0.0,0.0,0.0,0.0,1.0,1.0,1.0,1.0,1.0,1.0
connected_topk:random_token-minus-random_pixel,686,0.1,0.03681345283985138,0.06653251051902771,0.08266922235488891,0.1722094178199768,0.04221470952033997,0.07114660143852233,0.0,0.0,0.0,0.0,1.0,1.0,1.0,1.0,1.0,1.0
connected_topk:random_token-minus-random_pixel,687,0.1,0.05591531991958618,0.03266431093215942,0.20956106185913087,0.14003936052322388,0.13917912244796754,0.07279502153396607,0.0,0.0,0.0,0.0,1.0,1.0,1.0,1.0,1.0,1.0
connected_topk:random_token-minus-random_pixel,689,0.1,0.020160531997680663,0.021890753507614137,0.11693603992462158,0.09668749570846558,0.0626872181892395,0.04687488079071045,0.0,0.0,0.0,0.0,1.0,1.0,1.0,1.0,1.0,1.0
connected_topk:random_token-minus-random_pixel,693,0.1,0.018183797597885132,0.0356450080871582,0.12196924686431884,0.20224571228027344,0.0578553318977356,0.10710826516151428,0.4,0.8,0.4,0.6,0.6,0.4,1.0,1.0,1.0,1.0
connected_topk:random_token-minus-random_pixel,720,0.1,-0.002392566204071045,0.00657002329826355,0.1703261375427246,0.17979198694229126,0.02785962224006653,0.03647175431251526,0.0,0.0,0.0,0.0,1.0,1.0,1.0,1.0,1.0,1.0
connected_topk:random_token-minus-random_pixel,733,0.1,0.015006786584854126,0.02174171805381775,0.041789042949676516,0.10193402767181396,0.015310800075531006,0.041633439064025876,0.0,0.0,0.0,0.0,1.0,1.0,1.0,1.0,1.0,1.0
raw_topk:random_token-minus-random_pixel,18,0.1,0.009340578317642212,0.011604982614517211,0.0551019549369812,0.15771677494049072,0.012455034255981445,0.04771428108215332,0.0,0.0,0.0,0.0,1.0,1.0,1.0,1.0,1.0,1.0
raw_topk:random_token-minus-random_pixel,22,0.1,0.049177241325378415,0.034286612272262575,0.14409441947937013,0.1872330904006958,0.06722906231880188,0.06352947354316711,0.0,0.0,0.0,0.0,1.0,1.0,1.0,1.0,1.0,1.0
raw_topk:random_token-minus-random_pixel,34,0.1,-0.01977350115776062,0.011943338811397553,0.17291656732559205,0.16539102792739868,0.00043728649616241454,0.023995088040828706,-11.4,116.8,0.0,0.0,0.0,0.0,0.0,0.0,0.0,0.0
raw_topk:random_token-minus-random_pixel,36,0.1,0.010138499736785888,0.006086719036102295,0.1264309287071228,0.08728028535842895,0.05696268081665039,0.03418645858764648,0.0,0.0,0.0,0.0,1.0,1.0,1.0,1.0,1.0,1.0
raw_topk:random_token-minus-random_pixel,37,0.1,0.029732787609100343,0.07131494879722595,0.07894982099533081,0.14493767023086548,0.015599656105041503,0.03696371912956238,0.0,0.0,0.0,0.0,1.0,1.0,1.0,1.0,1.0,1.0
raw_topk:random_token-minus-random_pixel,42,0.1,0.009668534994125367,0.019306820631027222,0.08271204233169556,0.12514538764953614,0.016026437282562256,0.02577241659164429,0.0,0.0,0.0,0.0,1.0,1.0,1.0,1.0,1.0,1.0
raw_topk:random_token-minus-random_pixel,43,0.1,0.015266722440719605,0.011109042167663574,0.0942349910736084,0.10504703521728516,0.02767358422279358,0.019525432586669923,0.0,0.0,0.0,0.0,1.0,1.0,1.0,1.0,1.0,1.0
raw_topk:random_token-minus-random_pixel,48,0.1,0.021697348356246947,0.06854579150676728,0.07836827039718627,0.1988959550857544,0.021388107538223268,0.0692055881023407,0.0,0.0,0.0,0.0,1.0,1.0,1.0,1.0,1.0,1.0
raw_topk:random_token-minus-random_pixel,59,0.1,0.02620776891708374,0.025774812698364256,0.08196817636489868,0.13369991779327392,0.043098282814025876,0.06590374708175659,0.0,0.0,0.0,0.0,1.0,1.0,1.0,1.0,1.0,1.0
raw_topk:random_token-minus-random_pixel,66,0.1,0.0034351617097854613,-0.002570033073425293,0.09130444526672363,0.08601305484771729,0.020629552006721497,0.0074026167392730715,-0.2,-0.4,0.0,0.0,0.0,0.0,1.0,1.0,1.0,1.0
raw_topk:random_token-minus-random_pixel,72,0.1,0.00573732852935791,0.01164865493774414,0.07960370779037476,0.11782648563385009,0.02810906171798706,0.037962567806243894,0.0,0.0,0.0,0.0,1.0,1.0,1.0,1.0,1.0,1.0
raw_topk:random_token-minus-random_pixel,105,0.1,0.010568964481353759,0.006873881816864014,0.22329248189926149,0.1855625629425049,0.0865332841873169,0.04901160597801209,0.0,0.0,0.0,0.0,1.0,1.0,1.0,1.0,1.0,1.0
raw_topk:random_token-minus-random_pixel,110,0.1,0.004918158054351807,4.183053970336914e-05,0.09280241727828979,0.04394054412841797,0.03405808210372925,0.010863256454467774,0.0,0.0,0.0,0.0,1.0,1.0,1.0,1.0,1.0,1.0
raw_topk:random_token-minus-random_pixel,112,0.1,0.026508507132530213,0.05326305627822876,0.2211733341217041,0.24955325126647948,0.09142568707466125,0.10547284483909607,0.0,0.0,0.0,0.0,1.0,1.0,1.0,1.0,1.0,1.0
raw_topk:random_token-minus-random_pixel,119,0.1,0.009612995386123657,0.00710524320602417,0.0765458106994629,0.07873246669769288,0.004554533958435058,0.018446803092956543,0.0,0.0,0.0,0.0,1.0,1.0,1.0,1.0,1.0,1.0
raw_topk:random_token-minus-random_pixel,129,0.1,0.01130596399307251,0.010914123058319092,0.15251636505126953,0.12475737333297729,-0.0053660541772842405,0.006695929169654846,0.0,0.0,0.0,0.0,1.0,1.0,1.0,1.0,1.0,1.0
raw_topk:random_token-minus-random_pixel,136,0.1,0.03930583596229553,0.029819029569625854,0.17701562643051147,0.2005557656288147,0.04624188542366028,0.05440845191478729,0.0,0.0,0.0,0.0,1.0,1.0,1.0,1.0,1.0,1.0
raw_topk:random_token-minus-random_pixel,152,0.1,-0.0007726907730102539,-0.0027314841747283934,0.08603672981262207,0.14653325080871582,0.024670934677124022,0.02888827919960022,0.0,0.0,0.0,0.0,1.0,1.0,1.0,1.0,1.0,1.0
raw_topk:random_token-minus-random_pixel,154,0.1,0.028516513109207154,0.0172463983297348,0.21693675518035888,0.19122824668884278,0.07120485603809357,0.04456813931465149,0.0,0.0,0.0,0.0,1.0,1.0,1.0,1.0,1.0,1.0
raw_topk:random_token-minus-random_pixel,163,0.1,-0.0003725975751876831,0.0010551095008850097,0.14605811834335328,0.19037166833877564,0.016857394576072694,0.02285972237586975,0.2,-0.2,0.0,0.0,0.2,0.2,1.0,1.0,1.0,1.0
raw_topk:random_token-minus-random_pixel,190,0.1,0.007483166456222534,0.021314698457717895,0.14579759836196898,0.12674635648727417,0.06200504899024963,0.07057992219924927,0.0,0.0,0.0,0.0,1.0,1.0,1.0,1.0,1.0,1.0
raw_topk:random_token-minus-random_pixel,192,0.1,-0.005486512184143066,0.006063184142112732,0.12814104557037354,0.2563085436820984,0.013852447271347046,0.008597517013549804,2.2,1.2,0.2,0.6,0.8,0.4,0.8,1.0,0.8,1.0
raw_topk:random_token-minus-random_pixel,198,0.1,0.04531110525131225,0.04733152389526367,0.13603878021240234,0.18118062019348144,0.04957529306411743,0.07369049787521362,0.0,0.0,0.0,0.0,1.0,1.0,1.0,1.0,1.0,1.0
raw_topk:random_token-minus-random_pixel,207,0.1,0.019575005769729613,0.01535642147064209,0.12936387062072754,0.15363470315933228,0.05209993124008179,0.059648120403289796,0.0,0.0,0.0,0.0,1.0,1.0,1.0,1.0,1.0,1.0
raw_topk:random_token-minus-random_pixel,210,0.1,0.05186466574668884,0.05201454758644104,0.18896769285202025,0.1573615550994873,0.09899415969848632,0.0813071608543396,0.0,0.0,0.0,0.0,1.0,1.0,1.0,1.0,1.0,1.0
raw_topk:random_token-minus-random_pixel,211,0.1,0.028426337242126464,0.023829317092895506,0.11182627677917481,0.09623798131942748,0.037319934368133544,0.023238563537597658,0.0,0.0,0.0,0.0,1.0,1.0,1.0,1.0,1.0,1.0
raw_topk:random_token-minus-random_pixel,222,0.1,0.011133557558059693,0.009203803539276124,0.19980247020721437,0.11465409994125367,0.02559773325920105,0.024203836917877197,0.0,0.0,0.0,0.0,1.0,1.0,1.0,1.0,1.0,1.0
raw_topk:random_token-minus-random_pixel,234,0.1,0.004948854446411133,0.03104372024536133,0.13665556907653809,0.2526412010192871,0.02852889895439148,0.062099617719650266,0.0,0.0,0.0,0.0,1.0,1.0,1.0,1.0,1.0,1.0
raw_topk:random_token-minus-random_pixel,241,0.1,-0.027318075299263,-0.028882768750190736,0.10992904901504516,0.1319360613822937,0.0020864754915237427,0.0014736443758010865,-3.0,-8.6,0.0,0.0,0.0,0.0,0.2,0.2,0.2,0.8
raw_topk:random_token-minus-random_pixel,242,0.1,-0.005729579925537109,-0.006359273195266723,0.11496670246124267,0.13181167840957642,0.029150134325027464,0.033162420988082884,0.4,0.0,0.4,0.0,0.6,1.0,1.0,1.0,1.0,1.0
raw_topk:random_token-minus-random_pixel,245,0.1,0.0512695848941803,0.06256365776062012,0.10030454397201538,0.15139495134353637,0.05990508794784546,0.09382430315017701,0.0,0.0,0.0,0.0,1.0,1.0,1.0,1.0,1.0,1.0
raw_topk:random_token-minus-random_pixel,249,0.1,-0.0031469106674194337,-0.0007004380226135254,0.14188053607940673,0.07524456977844238,0.059370017051696776,0.036271309852600096,0.4,0.0,0.2,0.0,0.8,1.0,1.0,1.0,1.0,1.0
raw_topk:random_token-minus-random_pixel,250,0.1,0.006211632490158081,0.0027460813522338866,0.09584970474243164,0.13627302646636963,0.031336599588394166,0.029309165477752686,0.0,0.0,0.0,0.0,1.0,1.0,1.0,1.0,1.0,1.0
raw_topk:random_token-minus-random_pixel,253,0.1,0.021794110536575317,0.02579333782196045,0.09229614734649658,0.1580996036529541,0.04177545309066773,0.07031363248825073,0.0,0.0,0.0,0.0,1.0,1.0,1.0,1.0,1.0,1.0
raw_topk:random_token-minus-random_pixel,258,0.1,0.023412835597991944,0.036664605140686035,0.1720054864883423,0.17964322566986085,0.02488144040107727,0.0420571506023407,1.0,0.8,0.6,0.6,0.4,0.4,1.0,1.0,1.0,1.0
raw_topk:random_token-minus-random_pixel,266,0.1,0.03409178256988525,0.018567496538162233,0.22162458896636963,0.06608351469039916,0.08584350943565369,0.026098966598510742,0.0,0.0,0.0,0.0,1.0,1.0,1.0,1.0,1.0,1.0
raw_topk:random_token-minus-random_pixel,268,0.1,-0.0017984509468078613,0.010222303867340087,0.12613745927810668,0.11443603038787842,0.015677809715270996,0.016496294736862184,0.0,0.4,0.0,0.4,1.0,0.6,1.0,1.0,1.0,1.0
raw_topk:random_token-minus-random_pixel,275,0.1,0.059578990936279295,0.05043725967407227,0.1187177300453186,0.20425992012023925,0.06041356921195984,0.052941751480102536,0.0,0.0,0.0,0.0,1.0,1.0,1.0,1.0,1.0,1.0
raw_topk:random_token-minus-random_pixel,290,0.1,-0.002571094036102295,-0.0016016483306884766,0.16471667289733888,0.12201670408248902,0.036409425735473636,0.017533200979232787,0.2,0.2,0.2,0.2,0.8,0.8,1.0,1.0,1.0,1.0
raw_topk:random_token-minus-random_pixel,301,0.1,0.018329715728759764,0.024360126256942748,0.11308871507644654,0.11861482858657837,0.02603614330291748,0.0355390727519989,0.0,0.0,0.0,0.0,1.0,1.0,1.0,1.0,1.0,1.0
raw_topk:random_token-minus-random_pixel,307,0.1,0.025393062829971315,0.034395694732666016,0.12481653690338135,0.26362119913101195,0.03064606189727783,0.044232189655303955,0.0,0.0,0.0,0.0,1.0,1.0,1.0,1.0,1.0,1.0
raw_topk:random_token-minus-random_pixel,313,0.1,0.010967355966567994,0.009026509523391724,0.1559273362159729,0.06446642875671386,0.029508066177368165,0.014876675605773926,0.0,0.0,0.0,0.0,1.0,1.0,1.0,1.0,1.0,1.0
raw_topk:random_token-minus-random_pixel,332,0.1,0.02340525984764099,0.0341190367937088,0.06382488012313843,0.22974194288253785,0.017511272430419923,0.03579298853874206,0.0,0.0,0.0,0.0,1.0,1.0,1.0,1.0,1.0,1.0
raw_topk:random_token-minus-random_pixel,333,0.1,0.023787540197372437,0.0439702570438385,0.1258240222930908,0.16883399486541747,0.04147117137908936,0.061882400512695314,0.0,0.0,0.0,0.0,1.0,1.0,1.0,1.0,1.0,1.0
raw_topk:random_token-minus-random_pixel,334,0.1,0.06782832443714142,0.0877821534872055,0.22971727848052978,0.29826635122299194,0.12634817361831666,0.1654243290424347,0.0,0.0,0.0,0.0,1.0,1.0,1.0,1.0,1.0,1.0
raw_topk:random_token-minus-random_pixel,343,0.1,0.05487719178199768,0.02032809257507324,0.14631611108779907,0.10182691812515259,0.06860342025756835,0.03833684921264648,0.0,0.0,0.0,0.0,1.0,1.0,1.0,1.0,1.0,1.0
raw_topk:random_token-minus-random_pixel,349,0.1,0.00971880555152893,0.04226106703281403,0.09011305570602417,0.24355357885360718,0.04383370876312256,0.1199648916721344,0.0,0.0,0.0,0.0,1.0,1.0,1.0,1.0,1.0,1.0
raw_topk:random_token-minus-random_pixel,350,0.1,0.024514240026474,0.03630722165107727,0.11284841299057007,0.1735326051712036,0.046812820434570315,0.08178923130035401,0.0,0.0,0.0,0.0,1.0,1.0,1.0,1.0,1.0,1.0
raw_topk:random_token-minus-random_pixel,355,0.1,0.014067292213439941,0.009505200386047363,0.147911536693573,0.175432288646698,0.04974004626274109,0.05689016580581665,0.0,0.0,0.0,0.0,1.0,1.0,1.0,1.0,1.0,1.0
raw_topk:random_token-minus-random_pixel,358,0.1,-0.001156565546989441,0.01708374321460724,0.07615044116973876,0.0672081708908081,0.009607869386672973,0.023837572336196898,0.0,0.0,0.0,0.0,1.0,1.0,1.0,1.0,1.0,1.0
raw_topk:random_token-minus-random_pixel,394,0.1,0.025162190198898315,0.03310174942016601,0.07318171262741088,0.21003375053405762,0.03625919818878174,0.08883543014526367,0.0,0.0,0.0,0.0,1.0,1.0,1.0,1.0,1.0,1.0
raw_topk:random_token-minus-random_pixel,397,0.1,0.013867878913879394,0.017385196685791016,0.1358635425567627,0.13773341178894044,0.03929343819618225,0.054165273904800415,0.0,0.0,0.0,0.0,1.0,1.0,1.0,1.0,1.0,1.0
raw_topk:random_token-minus-random_pixel,409,0.1,0.00627824068069458,0.018087464570999145,0.011007153987884521,0.06877008676528931,0.0068085014820098875,0.014910972118377686,0.0,0.0,0.0,0.0,1.0,1.0,1.0,1.0,1.0,1.0
raw_topk:random_token-minus-random_pixel,429,0.1,-0.0007668077945709228,0.049282944202423094,0.08170597553253174,0.23949999809265138,0.007479065656661987,0.06400013566017151,0.0,0.0,0.0,0.0,1.0,1.0,1.0,1.0,1.0,1.0
raw_topk:random_token-minus-random_pixel,437,0.1,0.07074095606803894,0.013831740617752076,0.17203805446624756,0.0702741026878357,0.06667948961257934,0.018223834037780762,0.0,0.0,0.0,0.0,1.0,1.0,1.0,1.0,1.0,1.0
raw_topk:random_token-minus-random_pixel,454,0.1,0.004354667663574219,0.022147500514984132,0.094859778881073,0.17535459995269775,0.016170942783355714,0.07008432745933532,0.0,0.0,0.0,0.0,1.0,1.0,1.0,1.0,1.0,1.0
raw_topk:random_token-minus-random_pixel,464,0.1,0.041705331206321715,0.051079577207565306,0.13611315488815307,0.1493283987045288,0.044455820322036745,0.05254092812538147,0.0,0.0,0.0,0.0,1.0,1.0,1.0,1.0,1.0,1.0
raw_topk:random_token-minus-random_pixel,471,0.1,-0.008921167254447937,-0.008707112073898316,0.07360395193099975,0.16515909433364867,0.0018027931451797484,0.007588577270507812,-2.0,-4.2,0.0,0.0,0.0,0.0,0.0,0.0,0.2,0.4
raw_topk:random_token-minus-random_pixel,473,0.1,0.04166030287742615,0.05403306484222412,0.09287009239196778,0.1704500675201416,0.04569900631904602,0.07321398854255676,0.0,0.0,0.0,0.0,1.0,1.0,1.0,1.0,1.0,1.0
raw_topk:random_token-minus-random_pixel,474,0.1,0.030557471513748168,0.036688762903213504,0.08873317241668702,0.15859864950180053,0.04902459383010864,0.07832340002059937,0.0,0.0,0.0,0.0,1.0,1.0,1.0,1.0,1.0,1.0
raw_topk:random_token-minus-random_pixel,476,0.1,-0.005926042795181274,-0.019239652156829833,0.0749830961227417,0.206978178024292,0.021699488162994385,0.041241055727005003,0.0,0.0,0.0,0.0,1.0,1.0,1.0,1.0,1.0,1.0
raw_topk:random_token-minus-random_pixel,481,0.1,0.011184489727020264,-0.011938381195068359,0.19112371206283568,0.0875573992729187,0.043589890003204346,0.010183274745941162,0.0,0.0,0.0,0.0,1.0,1.0,1.0,1.0,1.0,1.0
raw_topk:random_token-minus-random_pixel,482,0.1,0.009124881029129029,0.009007030725479126,0.1120492935180664,0.11265802383422852,0.02503724694252014,0.039239037036895755,0.0,0.0,0.0,0.0,1.0,1.0,1.0,1.0,1.0,1.0
raw_topk:random_token-minus-random_pixel,486,0.1,0.012091076374053955,0.011068105697631836,0.14082767963409423,0.137861168384552,0.01932087540626526,0.025915050506591798,0.0,0.0,0.0,0.0,1.0,1.0,1.0,1.0,1.0,1.0
raw_topk:random_token-minus-random_pixel,487,0.1,0.024233126640319826,0.03676687479019165,0.0896445631980896,0.12359281778335571,0.02847648859024048,0.04240346550941467,0.0,0.0,0.0,0.0,1.0,1.0,1.0,1.0,1.0,1.0
raw_topk:random_token-minus-random_pixel,489,0.1,0.032335877418518066,0.07219510078430176,0.09613925218582153,0.1596602439880371,0.03886911869049072,0.08029233813285827,0.0,0.0,0.0,0.0,1.0,1.0,1.0,1.0,1.0,1.0
raw_topk:random_token-minus-random_pixel,497,0.1,0.04809187650680542,0.008188194036483765,0.21716928482055664,0.11440798044204711,0.06740482449531555,0.033457064628601076,0.0,0.0,0.0,0.0,1.0,1.0,1.0,1.0,1.0,1.0
raw_topk:random_token-minus-random_pixel,502,0.1,0.011140406131744385,0.02915140986442566,0.08444266319274903,0.12219932079315185,0.02999551296234131,0.0366858959197998,0.0,0.0,0.0,0.0,1.0,1.0,1.0,1.0,1.0,1.0
raw_topk:random_token-minus-random_pixel,505,0.1,0.026171445846557617,0.03443318009376526,0.13696359395980834,0.19467763900756835,0.043288308382034305,0.056940674781799316,0.2,0.4,0.2,0.4,0.8,0.6,1.0,1.0,1.0,1.0
raw_topk:random_token-minus-random_pixel,509,0.1,-0.012063026428222656,0.003624838590621948,0.2159378409385681,0.15118834972381592,0.0477939248085022,0.03039214015007019,-1.4,-1.2,0.0,0.0,0.4,0.4,1.0,1.0,1.0,1.0
raw_topk:random_token-minus-random_pixel,511,0.1,-0.002628028392791748,0.016821467876434328,0.07482703924179077,0.2791386008262634,0.028563320636749268,0.14278247356414794,0.0,0.0,0.0,0.0,1.0,1.0,1.0,1.0,1.0,1.0
raw_topk:random_token-minus-random_pixel,512,0.1,0.047294384241104125,0.028326380252838134,0.19443286657333375,0.10577296018600464,0.07219262719154358,0.04253947734832764,0.0,0.0,0.0,0.0,1.0,1.0,1.0,1.0,1.0,1.0
raw_topk:random_token-minus-random_pixel,514,0.1,0.04520791172981262,0.040709573030471805,0.10799582004547119,0.10138448476791381,0.037387537956237796,0.042307257652282715,0.0,0.0,0.0,0.0,1.0,1.0,1.0,1.0,1.0,1.0
raw_topk:random_token-minus-random_pixel,525,0.1,0.039823216199874875,0.060779839754104614,0.06759079694747924,0.10371918678283691,0.03970382213592529,0.04889315366744995,0.0,0.0,0.0,0.0,1.0,1.0,1.0,1.0,1.0,1.0
raw_topk:random_token-minus-random_pixel,527,0.1,0.0035058319568634032,0.01646731495857239,0.12719660997390747,0.1721927046775818,0.025532174110412597,0.042792224884033205,0.0,0.0,0.0,0.0,1.0,1.0,1.0,1.0,1.0,1.0
raw_topk:random_token-minus-random_pixel,542,0.1,-0.007589492201805115,-0.007670772075653076,0.018371939659118652,0.09216272830963135,0.001804107427597046,-0.003024333715438843,0.0,0.0,0.0,0.0,1.0,1.0,1.0,1.0,1.0,1.0
raw_topk:random_token-minus-random_pixel,544,0.1,0.12053176164627075,0.10677953958511352,0.2462478756904602,0.22359321117401124,0.12034516334533692,0.0991402268409729,0.0,0.0,0.0,0.0,1.0,1.0,1.0,1.0,1.0,1.0
raw_topk:random_token-minus-random_pixel,549,0.1,0.043537214398384094,0.010758429765701294,0.13781280517578126,0.04162430763244629,0.047391575574874875,0.016970980167388915,0.0,0.0,0.0,0.0,1.0,1.0,1.0,1.0,1.0,1.0
raw_topk:random_token-minus-random_pixel,550,0.1,0.05012245178222656,0.04276257157325745,0.09458911418914795,0.14313894510269165,0.05166115760803223,0.046271753311157224,0.0,0.0,0.0,0.0,1.0,1.0,1.0,1.0,1.0,1.0
raw_topk:random_token-minus-random_pixel,567,0.1,0.029066956043243407,0.019595628976821898,0.1900990843772888,0.17630403041839598,0.0740926742553711,0.07661752104759216,0.0,0.0,0.0,0.0,1.0,1.0,1.0,1.0,1.0,1.0
raw_topk:random_token-minus-random_pixel,576,0.1,-0.01132926344871521,0.015222406387329102,0.07767431735992432,0.18070286512374878,0.02161746621131897,0.06029033660888672,0.0,0.0,0.0,0.0,1.0,1.0,1.0,1.0,1.0,1.0
raw_topk:random_token-minus-random_pixel,589,0.1,0.035557395219802855,0.0399336576461792,0.11362096071243286,0.16258487701416016,0.03155474662780762,0.04227643609046936,0.0,0.0,0.0,0.0,1.0,1.0,1.0,1.0,1.0,1.0
raw_topk:random_token-minus-random_pixel,592,0.1,0.0039049386978149414,0.0055089592933654785,0.11294565200805665,0.12901424169540404,0.05431751012802124,0.06103373765945434,0.0,0.0,0.0,0.0,1.0,1.0,1.0,1.0,1.0,1.0
raw_topk:random_token-minus-random_pixel,598,0.1,0.048515066504478455,0.02201058268547058,0.1081818699836731,0.09000231027603149,0.037032926082611085,0.017835259437561035,0.0,0.0,0.0,0.0,1.0,1.0,1.0,1.0,1.0,1.0
raw_topk:random_token-minus-random_pixel,602,0.1,0.016353312134742736,0.056503301858901976,0.12647393941879273,0.17548470497131347,0.022238719463348388,0.05007070004940033,49.6,259.0,0.0,0.0,0.0,0.0,0.2,0.0,0.2,0.0
raw_topk:random_token-minus-random_pixel,608,0.1,0.0442870020866394,0.031159162521362305,0.14303072690963745,0.11705175638198853,0.06192358732223511,0.05734596252441406,0.0,0.0,0.0,0.0,1.0,1.0,1.0,1.0,1.0,1.0
raw_topk:random_token-minus-random_pixel,613,0.1,0.0008713364601135254,0.016180038452148438,0.13593320846557616,0.18314821720123292,0.03300238251686096,0.04715714454650879,0.0,0.0,0.0,0.0,1.0,1.0,1.0,1.0,1.0,1.0
raw_topk:random_token-minus-random_pixel,616,0.1,0.03896458446979523,0.02938448190689087,0.1849209785461426,0.14746248722076416,0.0636846125125885,0.03219795227050781,0.0,0.0,0.0,0.0,1.0,1.0,1.0,1.0,1.0,1.0
raw_topk:random_token-minus-random_pixel,624,0.1,0.026377493143081666,0.02527291178703308,0.09550861120224,0.12142089605331421,0.01862615942955017,0.026938921213150023,0.0,0.0,0.0,0.0,1.0,1.0,1.0,1.0,1.0,1.0
raw_topk:random_token-minus-random_pixel,633,0.1,0.004155075550079346,0.10295282006263733,0.015067219734191895,0.1777827262878418,0.0025153756141662598,0.09857665300369263,0.0,0.0,0.0,0.0,1.0,1.0,1.0,1.0,1.0,1.0
raw_topk:random_token-minus-random_pixel,658,0.1,0.001286482810974121,0.0715312659740448,0.10477669239044189,0.1708928108215332,0.032356441020965576,0.0847317636013031,0.0,0.0,0.0,0.0,1.0,1.0,1.0,1.0,1.0,1.0
raw_topk:random_token-minus-random_pixel,670,0.1,0.011413335800170898,0.01020902395248413,0.07405481338500977,0.07678802013397217,0.02914074659347534,0.026828670501708986,0.0,0.0,0.0,0.0,1.0,1.0,1.0,1.0,1.0,1.0
raw_topk:random_token-minus-random_pixel,674,0.1,0.035862356424331665,0.04116884469985962,0.12500898838043212,0.1384388566017151,0.030828440189361574,0.07318779826164246,0.0,0.0,0.0,0.0,1.0,1.0,1.0,1.0,1.0,1.0
raw_topk:random_token-minus-random_pixel,686,0.1,0.018964669108390807,0.04821733832359314,0.1093794822692871,0.18505771160125734,0.0205993115901947,0.05945484042167663,0.0,0.0,0.0,0.0,1.0,1.0,1.0,1.0,1.0,1.0
raw_topk:random_token-minus-random_pixel,687,0.1,0.041956543922424316,0.042334073781967164,0.15916843414306642,0.20728671550750732,0.0885128378868103,0.10357505083084106,0.0,0.0,0.0,0.0,1.0,1.0,1.0,1.0,1.0,1.0
raw_topk:random_token-minus-random_pixel,689,0.1,0.022350674867630003,0.03213672041893005,0.14378594160079955,0.12156779766082763,0.06361639499664307,0.04902229309082031,0.0,0.0,0.0,0.0,1.0,1.0,1.0,1.0,1.0,1.0
raw_topk:random_token-minus-random_pixel,693,0.1,0.03968893885612488,0.04591796994209289,0.19136266708374022,0.20160953998565673,0.08260014057159423,0.08181887865066528,0.6,0.6,0.6,0.6,0.4,0.4,1.0,1.0,1.0,1.0
raw_topk:random_token-minus-random_pixel,720,0.1,-0.0023022711277008055,0.0030328214168548586,0.18020036220550537,0.17749757766723634,0.03820869326591492,0.04014722108840942,0.0,0.0,0.0,0.0,1.0,1.0,1.0,1.0,1.0,1.0
raw_topk:random_token-minus-random_pixel,733,0.1,0.010882019996643066,0.021592777967453004,0.07698864936828613,0.1228531002998352,0.018101978302001952,0.03972423672676086,0.0,0.0,0.0,0.0,1.0,1.0,1.0,1.0,1.0,1.0
attention_raw_topk-minus-attention_connected,250,0.15,0.023807257413864136,0.02647167444229126,0.43173515796661377,0.42111068964004517,0.11275976896286011,0.11447462439537048,0,0,0,0,1,1,1,1,1,1
attention_raw_topk-minus-attention_connected,190,0.15,0.060770630836486816,0.07157358527183533,0.43138420581817627,0.4637412428855896,0.27512460947036743,0.29541024565696716,0,0,0,0,1,1,1,1,1,1
attention_raw_topk-minus-attention_connected,505,0.15,0.10863354802131653,0.11921733617782593,0.43859314918518066,0.41698139905929565,0.1011151671409607,0.13312667608261108,3,4,1,1,0,0,1,1,1,1
attention_raw_topk-minus-attention_connected,486,0.15,-0.013194650411605835,0.005737572908401489,0.5126632452011108,0.5195339918136597,0.07718315720558167,0.08905324339866638,0,0,0,0,1,1,1,1,1,1
attention_raw_topk-minus-attention_connected,72,0.15,0.0802583396434784,0.10086813569068909,0.3369370698928833,0.36761558055877686,0.1362905204296112,0.15859821438789368,0,0,0,0,1,1,1,1,1,1
attention_raw_topk-minus-attention_connected,222,0.15,0.017106369137763977,0.027528226375579834,0.5163620710372925,0.5020791888237,0.0702562928199768,0.07342967391014099,0,0,0,0,1,1,1,1,1,1
attention_raw_topk-minus-attention_connected,42,0.15,0.07424911856651306,0.06617656350135803,0.28909093141555786,0.20873022079467773,0.07583528757095337,0.04247942566871643,0,0,0,0,1,1,1,1,1,1
attention_raw_topk-minus-attention_connected,59,0.15,0.054214298725128174,0.04571738839149475,0.27410173416137695,0.28049516677856445,0.17342597246170044,0.1679287552833557,0,0,0,0,1,1,1,1,1,1
attention_raw_topk-minus-attention_connected,598,0.15,0.17268159985542297,0.16474977135658264,0.4064375162124634,0.4084690809249878,0.19976574182510376,0.20540010929107666,0,0,0,0,1,1,1,1,1,1
attention_raw_topk-minus-attention_connected,136,0.15,0.10123588144779205,0.08568479120731354,0.4616331458091736,0.4239656925201416,0.15173408389091492,0.146339550614357,0,0,0,0,1,1,1,1,1,1
attention_raw_topk-minus-attention_connected,686,0.15,0.2230565994977951,0.21939913928508759,0.6798160672187805,0.6828088760375977,0.28437408804893494,0.28323692083358765,0,0,0,0,1,1,1,1,1,1
attention_raw_topk-minus-attention_connected,567,0.15,0.060303300619125366,0.05933108925819397,0.3889610171318054,0.4114152193069458,0.2019346058368683,0.23192742466926575,0,0,0,0,1,1,1,1,1,1
attention_raw_topk-minus-attention_connected,343,0.15,0.09842616319656372,0.08923143148422241,0.3014654517173767,0.30567532777786255,0.12871509790420532,0.12099474668502808,0,0,0,0,1,1,1,1,1,1
attention_raw_topk-minus-attention_connected,482,0.15,0.05701032280921936,0.05472239851951599,0.3559457063674927,0.35132306814193726,0.12321999669075012,0.11556857824325562,0,0,0,0,1,1,1,1,1,1
attention_raw_topk-minus-attention_connected,689,0.15,0.07815900444984436,0.08647912740707397,0.42023903131484985,0.43413400650024414,0.20635470747947693,0.22930699586868286,0,0,0,0,1,1,1,1,1,1
attention_raw_topk-minus-attention_connected,129,0.15,0.026075303554534912,0.03987325727939606,0.3921154737472534,0.3952749967575073,0.02623780071735382,0.04201728105545044,0,0,0,0,1,1,1,1,1,1
attention_raw_topk-minus-attention_connected,334,0.15,0.1324399709701538,0.1323610246181488,0.4687643051147461,0.436450719833374,0.23941099643707275,0.23149943351745605,0,0,0,0,1,1,1,1,1,1
attention_raw_topk-minus-attention_connected,242,0.15,-0.027984023094177246,-0.003930777311325073,0.5253725051879883,0.4370502233505249,0.16788384318351746,0.1657654345035553,0,0,0,0,1,1,1,1,1,1
attention_raw_topk-minus-attention_connected,211,0.15,0.11450085043907166,0.10057669878005981,0.3930220603942871,0.38856738805770874,0.1353866457939148,0.12664353847503662,0,0,0,0,1,1,1,1,1,1
attention_raw_topk-minus-attention_connected,315,0.15,0.016506105661392212,0.023383110761642456,0.14735794067382812,0.15090620517730713,-0.03773334622383118,-0.033884257078170776,0,0,0,0,0,0,0,0,0,0
attention_raw_topk-minus-attention_connected,332,0.15,0.008228063583374023,0.023564159870147705,0.3427375555038452,0.34810370206832886,0.00501936674118042,0.01928207278251648,0,0,0,0,1,1,1,1,1,1
attention_raw_topk-minus-attention_connected,544,0.15,0.20155733823776245,0.16465941071510315,0.38625115156173706,0.3908557891845703,0.19849035143852234,0.18592500686645508,0,0,0,0,1,1,1,1,1,1
attention_raw_topk-minus-attention_connected,43,0.15,0.06447397172451019,0.0700131505727768,0.360243558883667,0.3440478444099426,0.08830380439758301,0.08091157674789429,0,0,0,0,1,1,1,1,1,1
attention_raw_topk-minus-attention_connected,36,0.15,0.07448703050613403,0.08452695608139038,0.36556172370910645,0.3774425983428955,0.21073603630065918,0.22023695707321167,3,3,1,1,0,0,1,1,1,1
attention_raw_topk-minus-attention_connected,245,0.15,0.2260168492794037,0.232398122549057,0.4131736755371094,0.39045214653015137,0.2488422989845276,0.2461666762828827,0,0,0,0,1,1,1,1,1,1
attention_raw_topk-minus-attention_connected,624,0.15,0.06447991728782654,0.060527950525283813,0.31895822286605835,0.30656301975250244,0.0809333324432373,0.07562518119812012,0,0,0,0,1,1,1,1,1,1
attention_raw_topk-minus-attention_connected,163,0.15,-0.02093951404094696,-0.005213052034378052,0.44849514961242676,0.473757266998291,0.04952360689640045,0.031150609254837036,-1,0,0,0,1,0,1,1,1,1
attention_raw_topk-minus-attention_connected,307,0.15,0.061441078782081604,0.03113214671611786,0.46805840730667114,0.41764765977859497,0.08403468132019043,0.05032908916473389,0,0,0,0,1,1,1,1,1,1
attention_raw_topk-minus-attention_connected,525,0.15,0.1288413405418396,0.13759344816207886,0.32407450675964355,0.35960817337036133,0.15868055820465088,0.17405635118484497,0,0,0,0,1,1,1,1,1,1
attention_raw_topk-minus-attention_connected,512,0.15,0.06295591592788696,-0.004599213600158691,0.3757222294807434,0.33997130393981934,0.10618546605110168,0.06352570652961731,0,0,0,0,1,1,1,1,1,1
attention_raw_topk-minus-attention_connected,720,0.15,0.03207571804523468,0.03207571804523468,0.4411427974700928,0.4411427974700928,0.12091457843780518,0.12091457843780518,0,0,0,0,1,1,1,1,1,1
attention_raw_topk-minus-attention_connected,437,0.15,0.21560202538967133,0.21461154520511627,0.4886505603790283,0.4899376630783081,0.21010830998420715,0.2075389325618744,0,0,0,0,1,1,1,1,1,1
attention_raw_topk-minus-attention_connected,258,0.15,0.039948731660842896,0.029843181371688843,0.34904956817626953,0.3663526177406311,0.07168301939964294,0.06278204917907715,2,2,1,1,0,0,1,1,1,1
attention_raw_topk-minus-attention_connected,249,0.15,0.013653188943862915,0.01024523377418518,0.4139794111251831,0.41658997535705566,0.17752689123153687,0.17578762769699097,1,0,1,0,0,1,1,1,1,1
attention_raw_topk-minus-attention_connected,476,0.15,-0.03745672106742859,-0.035181671380996704,0.39251744747161865,0.3994317650794983,0.08229216933250427,0.10532304644584656,0,0,0,0,1,1,1,1,1,1
attention_raw_topk-minus-attention_connected,18,0.15,0.05756154656410217,0.05684185028076172,0.32405734062194824,0.31919628381729126,0.05297350883483887,0.05184108018875122,0,0,0,0,1,1,1,1,1,1
attention_raw_topk-minus-attention_connected,358,0.15,0.06885604560375214,0.1373203843832016,0.4121696949005127,0.3042585849761963,0.07079941034317017,0.15670502185821533,0,0,0,0,1,1,1,1,1,1
attention_raw_topk-minus-attention_connected,670,0.15,0.13103917241096497,0.13103917241096497,0.4774712324142456,0.4774712324142456,0.21997952461242676,0.21997952461242676,2,2,1,1,0,0,1,1,1,1
attention_raw_topk-minus-attention_connected,210,0.15,0.14698848128318787,0.15857817232608795,0.5003414750099182,0.5283870100975037,0.2634294629096985,0.3043508529663086,0,0,0,0,1,1,1,1,1,1
attention_raw_topk-minus-attention_connected,549,0.15,0.1597236841917038,0.16180822253227234,0.4567897319793701,0.48156094551086426,0.18599310517311096,0.19232964515686035,0,0,0,0,1,1,1,1,1,1
attention_raw_topk-minus-attention_connected,511,0.15,0.08049765229225159,0.08049765229225159,0.5097217559814453,0.5097217559814453,0.25641825795173645,0.25641825795173645,0,0,0,0,1,1,1,1,1,1
attention_raw_topk-minus-attention_connected,473,0.15,0.20091299712657928,0.21805107593536377,0.5125656127929688,0.5261467695236206,0.25373220443725586,0.267611563205719,0,0,0,0,1,1,1,1,1,1
attention_raw_topk-minus-attention_connected,608,0.15,0.22699561715126038,0.1954149603843689,0.4569739103317261,0.41643333435058594,0.26213592290878296,0.2362404465675354,0,0,0,0,1,1,1,1,1,1
attention_raw_topk-minus-attention_connected,409,0.15,0.08161431550979614,0.1093117892742157,0.3230241537094116,0.40746986865997314,0.0749194324016571,0.10643702745437622,0,0,0,0,1,1,1,1,1,1
attention_raw_topk-minus-attention_connected,429,0.15,0.11744284629821777,0.11572873592376709,0.4226337671279907,0.4230642318725586,0.13996270298957825,0.13824081420898438,0,0,0,0,1,1,1,1,1,1
attention_raw_topk-minus-attention_connected,550,0.15,0.216290682554245,0.216290682554245,0.48918718099594116,0.48918718099594116,0.23901546001434326,0.23901546001434326,0,0,0,0,1,1,1,1,1,1
attention_raw_topk-minus-attention_connected,275,0.15,0.10651224851608276,0.1200295090675354,0.4864864945411682,0.44256359338760376,0.1553952693939209,0.17859378457069397,0,0,0,0,1,1,1,1,1,1
attention_raw_topk-minus-attention_connected,613,0.15,0.07834377884864807,0.07834377884864807,0.3864138126373291,0.3864138126373291,0.10635063052177429,0.10635063052177429,1,1,1,1,0,0,1,1,1,1
attention_raw_topk-minus-attention_connected,509,0.15,-0.05786654353141785,-0.056660860776901245,0.4215129613876343,0.4234631061553955,0.09213793277740479,0.09536516666412354,-2,-2,0,0,1,1,1,1,1,1
attention_raw_topk-minus-attention_connected,37,0.15,0.09433341026306152,0.12109887599945068,0.361775279045105,0.32806897163391113,0.060716986656188965,0.10276329517364502,0,0,0,0,1,1,1,1,1,1
attention_raw_topk-minus-attention_connected,514,0.15,0.13201949000358582,0.031546324491500854,0.29426151514053345,0.2751808166503906,0.11983492970466614,0.052349746227264404,0,0,0,0,1,1,1,1,1,1
attention_raw_topk-minus-attention_connected,268,0.15,0.037463605403900146,0.023458153009414673,0.37429726123809814,0.3759629726409912,0.09460723400115967,0.09757000207901001,2,1,1,1,0,0,1,1,1,1
attention_raw_topk-minus-attention_connected,198,0.15,0.1290220320224762,0.1290220320224762,0.4541710615158081,0.4541710615158081,0.2021641731262207,0.2021641731262207,0,0,0,0,1,1,1,1,1,1
attention_raw_topk-minus-attention_connected,207,0.15,0.04906243085861206,0.05045992136001587,0.38599878549575806,0.37269818782806396,0.1629135012626648,0.16333264112472534,0,0,0,0,1,1,1,1,1,1
attention_raw_topk-minus-attention_connected,454,0.15,0.042071640491485596,0.04680436849594116,0.3027523159980774,0.2865177392959595,0.06622490286827087,0.06395834684371948,0,0,0,0,1,1,1,1,1,1
attention_raw_topk-minus-attention_connected,502,0.15,0.09729020297527313,0.09439384937286377,0.4011033773422241,0.41528862714767456,0.1570585072040558,0.15963143110275269,0,0,0,0,1,1,1,1,1,1
attention_raw_topk-minus-attention_connected,497,0.15,0.1279904842376709,0.12328509986400604,0.38385850191116333,0.38303112983703613,0.1431867480278015,0.14648419618606567,0,0,0,0,1,1,1,1,1,1
attention_raw_topk-minus-attention_connected,592,0.15,0.048399507999420166,0.0645085871219635,0.3570448160171509,0.401106059551239,0.1188197135925293,0.16817167401313782,1,1,1,1,0,0,1,1,1,1
attention_raw_topk-minus-attention_connected,105,0.15,0.0522022545337677,0.05336272716522217,0.534386157989502,0.5295944213867188,0.22907763719558716,0.2243245542049408,0,0,0,0,1,1,1,1,1,1
attention_raw_topk-minus-attention_connected,119,0.15,0.1071351170539856,0.11791835725307465,0.4208815097808838,0.4207897186279297,0.1259918510913849,0.13399893045425415,0,0,0,0,1,1,1,1,1,1
attention_raw_topk-minus-attention_connected,633,0.15,0.3118300586938858,0.3013373613357544,0.4624382257461548,0.47007596492767334,0.33555519580841064,0.32092413306236267,0,0,0,0,1,1,1,1,1,1
attention_raw_topk-minus-attention_connected,266,0.15,0.07786226272583008,0.07786226272583008,0.49297451972961426,0.49297451972961426,0.21643736958503723,0.21643736958503723,0,0,0,0,1,1,1,1,1,1
attention_raw_topk-minus-attention_connected,674,0.15,0.18469026684761047,0.19559454917907715,0.41958969831466675,0.4234139919281006,0.17873159050941467,0.19623523950576782,0,0,0,0,1,1,1,1,1,1
attention_raw_topk-minus-attention_connected,394,0.15,0.07598671317100525,0.07526472210884094,0.39237910509109497,0.3983153700828552,0.15751367807388306,0.1641228199005127,0,0,0,0,1,1,1,1,1,1
attention_raw_topk-minus-attention_connected,616,0.15,0.08619612455368042,0.060702189803123474,0.4341418743133545,0.42410731315612793,0.11962637305259705,0.11271709203720093,0,0,0,0,1,1,1,1,1,1
attention_raw_topk-minus-attention_connected,112,0.15,0.041664376854896545,0.041664376854896545,0.439161479473114,0.439161479473114,0.15834647417068481,0.15834647417068481,0,0,0,0,1,1,1,1,1,1
attention_raw_topk-minus-attention_connected,397,0.15,0.027574241161346436,0.02567911148071289,0.4676036834716797,0.45182931423187256,0.15191224217414856,0.13985449075698853,0,0,0,0,1,1,1,1,1,1
attention_raw_topk-minus-attention_connected,464,0.15,0.20189763605594635,0.2094237208366394,0.5429909825325012,0.5490701198577881,0.21082749962806702,0.21669495105743408,0,0,0,0,1,1,1,1,1,1
attention_raw_topk-minus-attention_connected,693,0.15,0.05836573243141174,0.06558388471603394,0.49774181842803955,0.4477142095565796,0.20010089874267578,0.18751344084739685,3,4,1,1,0,0,1,1,1,1
attention_raw_topk-minus-attention_connected,349,0.15,0.09238240122795105,0.11298328638076782,0.5343002080917358,0.5473848581314087,0.29556167125701904,0.30469515919685364,0,0,0,0,1,1,1,1,1,1
attention_raw_topk-minus-attention_connected,487,0.15,0.20597878098487854,0.19754096865653992,0.5067597031593323,0.48460912704467773,0.2259889841079712,0.22940880060195923,0,0,0,0,1,1,1,1,1,1
attention_raw_topk-minus-attention_connected,733,0.15,0.04765772819519043,0.0377081036567688,0.31705212593078613,0.320453405380249,0.10059276223182678,0.08654960989952087,0,0,0,0,1,1,1,1,1,1
attention_raw_topk-minus-attention_connected,471,0.15,-0.00494462251663208,0.023548349738121033,0.4428302049636841,0.4454665780067444,0.03130312263965607,0.04542972147464752,11,71,0,0,0,0,0,0,0,0
attention_raw_topk-minus-attention_connected,687,0.15,0.14342474937438965,0.14623069763183594,0.4953295588493347,0.49475687742233276,0.2926690876483917,0.2893115282058716,0,0,0,0,1,1,1,1,1,1
attention_raw_topk-minus-attention_connected,253,0.15,0.0866847038269043,0.08223220705986023,0.3781817555427551,0.3773094415664673,0.17936593294143677,0.18080756068229675,0,0,0,0,1,1,1,1,1,1
attention_raw_topk-minus-attention_connected,333,0.15,0.01240481436252594,0.04269099235534668,0.42213964462280273,0.416703462600708,0.15322411060333252,0.14657512307167053,0,0,0,0,1,1,1,1,1,1
attention_raw_topk-minus-attention_connected,34,0.15,0.010806336998939514,0.009788207709789276,0.4640042781829834,0.46712470054626465,0.03935617208480835,0.039014704525470734,114,111,0,0,0,0,0,0,0,0
attention_raw_topk-minus-attention_connected,290,0.15,0.010241270065307617,-0.007624894380569458,0.3830200433731079,0.37041592597961426,0.0974033772945404,0.08009588718414307,1,0,1,0,0,1,1,1,1,1
attention_raw_topk-minus-attention_connected,110,0.15,0.00021985173225402832,-0.014314353466033936,0.2005978226661682,0.20186299085617065,0.06943094730377197,0.07737928628921509,0,0,0,0,1,1,1,1,1,1
attention_raw_topk-minus-attention_connected,301,0.15,0.054923057556152344,0.05840000510215759,0.34359562397003174,0.3571018576622009,0.09936708211898804,0.10081556439399719,0,0,0,0,1,1,1,1,1,1
attention_raw_topk-minus-attention_connected,489,0.15,0.24259085953235626,0.24713602662086487,0.44382035732269287,0.43372422456741333,0.28855299949645996,0.28704169392585754,0,0,0,0,1,1,1,1,1,1
attention_raw_topk-minus-attention_connected,154,0.15,0.02234858274459839,0.024596139788627625,0.3597416281700134,0.3717655539512634,0.06446385383605957,0.0666232705116272,0,0,0,0,1,1,1,1,1,1
attention_raw_topk-minus-attention_connected,481,0.15,0.07202155888080597,0.05122372508049011,0.31222283840179443,0.2864975929260254,0.11531370878219604,0.10562562942504883,0,0,0,0,1,1,1,1,1,1
attention_raw_topk-minus-attention_connected,602,0.15,0.10688522458076477,0.0986950695514679,0.323444664478302,0.34353798627853394,0.0824618861079216,0.07766609638929367,627,562,0,0,0,0,0,0,0,0
attention_raw_topk-minus-attention_connected,48,0.15,0.12125909328460693,0.12290161848068237,0.33572471141815186,0.32605957984924316,0.13419687747955322,0.13592314720153809,0,0,0,0,1,1,1,1,1,1
attention_raw_topk-minus-attention_connected,192,0.15,0.01747077703475952,0.020959794521331787,0.3996922969818115,0.3992021679878235,0.008692681789398193,0.015198290348052979,2,2,1,1,0,0,1,1,1,1
attention_raw_topk-minus-attention_connected,576,0.15,0.0541360080242157,0.0164758563041687,0.39184296131134033,0.3742043972015381,0.1688215136528015,0.11558058857917786,0,0,0,0,1,1,1,1,1,1
attention_raw_topk-minus-attention_connected,350,0.15,0.17164024710655212,0.15073545277118683,0.5801106691360474,0.5673360824584961,0.3485061526298523,0.3340960741043091,0,0,0,0,1,1,1,1,1,1
attention_raw_topk-minus-attention_connected,527,0.15,0.06342878937721252,0.06256884336471558,0.36825454235076904,0.3933655619621277,0.08227559924125671,0.08632594347000122,0,0,0,0,1,1,1,1,1,1
attention_raw_topk-minus-attention_connected,152,0.15,0.011295020580291748,0.023710638284683228,0.44680196046829224,0.47216087579727173,0.16534528136253357,0.16756370663642883,0,0,0,0,1,1,1,1,1,1
attention_raw_topk-minus-attention_connected,66,0.15,-0.057839080691337585,-0.04872748255729675,0.3459264636039734,0.33880549669265747,0.030561625957489014,0.036518603563308716,-2,-2,0,0,1,1,1,1,1,1
attention_raw_topk-minus-attention_connected,355,0.15,0.03629443049430847,0.04402783513069153,0.49759721755981445,0.5027035474777222,0.21302106976509094,0.2378869354724884,0,0,0,0,1,1,1,1,1,1
attention_raw_topk-minus-attention_connected,589,0.15,0.1526488959789276,0.15367311239242554,0.515351414680481,0.5046025514602661,0.18394172191619873,0.18456298112869263,0,0,0,0,1,1,1,1,1,1
attention_raw_topk-minus-attention_connected,241,0.15,-0.018195778131484985,-0.013258233666419983,0.34278160333633423,0.3589158058166504,0.0710502564907074,0.07716858386993408,13,15,0,0,0,0,0,0,0,0
attention_raw_topk-minus-attention_connected,234,0.15,0.07257449626922607,0.06615358591079712,0.5190498232841492,0.5337451100349426,0.15105825662612915,0.13590145111083984,0,0,0,0,1,1,1,1,1,1
attention_raw_topk-minus-attention_connected,542,0.15,0.13678045570850372,0.13747471570968628,0.478895366191864,0.4915640354156494,0.1457827389240265,0.14291927218437195,1,1,1,1,0,0,1,1,1,1
attention_raw_topk-minus-attention_connected,22,0.15,0.10303589701652527,0.11216092109680176,0.4495953917503357,0.46449702978134155,0.18698418140411377,0.2048446238040924,0,0,0,0,1,1,1,1,1,1
attention_raw_topk-minus-attention_connected,474,0.15,0.1891864687204361,0.1891864687204361,0.4203760027885437,0.4203760027885437,0.2631567120552063,0.2631567120552063,0,0,0,0,1,1,1,1,1,1
attention_raw_topk-minus-attention_connected,658,0.15,0.13376310467720032,0.150106281042099,0.35769641399383545,0.3839762210845947,0.21272027492523193,0.20949649810791016,0,0,0,0,1,1,1,1,1,1
attention_raw_topk-minus-attention_connected,313,0.15,0.045341938734054565,0.046432554721832275,0.3600303530693054,0.3568546772003174,0.08400142192840576,0.08883032202720642,0,0,0,0,1,1,1,1,1,1
connected_topk:random_token-minus-random_pixel,18,0.15,0.019855529069900513,0.021189570426940918,0.17493728399276734,0.13771350383758546,0.060444438457489015,0.04742242693901062,0.0,0.0,0.0,0.0,1.0,1.0,1.0,1.0,1.0,1.0
connected_topk:random_token-minus-random_pixel,22,0.15,0.06711350083351135,0.08727761209011078,0.18311187028884887,0.32944267988204956,0.09757413864135742,0.15118225216865538,0.0,0.0,0.0,0.0,1.0,1.0,1.0,1.0,1.0,1.0
connected_topk:random_token-minus-random_pixel,34,0.15,-0.018677720427513124,-0.020605883002281188,0.23200569152832032,0.24453210830688477,-0.0033916473388671876,0.005768883228302002,30.4,48.4,0.0,0.0,0.0,0.0,0.2,0.2,0.4,0.2
connected_topk:random_token-minus-random_pixel,36,0.15,0.005375534296035767,0.018972450494766237,0.16648733615875244,0.18892972469329833,0.0797101080417633,0.08983217477798462,0.4,0.4,0.2,0.2,0.8,0.8,1.0,1.0,1.0,1.0
connected_topk:random_token-minus-random_pixel,37,0.15,0.05791222453117371,0.04385882019996643,0.161795973777771,0.1574025869369507,0.05467204451560974,0.06514903903007507,0.0,0.0,0.0,0.0,1.0,1.0,1.0,1.0,1.0,1.0
connected_topk:random_token-minus-random_pixel,42,0.15,0.022257542610168456,0.007615095376968384,0.11375404596328735,0.13532595634460448,0.024367600679397583,0.004950797557830811,0.0,0.0,0.0,0.0,1.0,1.0,1.0,1.0,1.0,1.0
connected_topk:random_token-minus-random_pixel,43,0.15,0.02058636546134949,0.027284452319145204,0.2144549608230591,0.1613323211669922,0.04043351411819458,0.0495103120803833,0.0,0.0,0.0,0.0,1.0,1.0,1.0,1.0,1.0,1.0
connected_topk:random_token-minus-random_pixel,48,0.15,0.0916653722524643,0.10989118814468384,0.21957783699035643,0.24128338098526,0.09142402410507203,0.10998390913009644,0.0,0.0,0.0,0.0,1.0,1.0,1.0,1.0,1.0,1.0
connected_topk:random_token-minus-random_pixel,59,0.15,0.049566125869750975,0.041258823871612546,0.10416575670242309,0.1449168086051941,0.06879748106002807,0.08948173522949218,0.0,0.0,0.0,0.0,1.0,1.0,1.0,1.0,1.0,1.0
connected_topk:random_token-minus-random_pixel,66,0.15,0.0008904874324798584,-0.009340393543243408,0.1784273386001587,0.13892786502838134,0.039650151133537294,0.021360141038894654,-0.2,-0.4,0.0,0.0,0.0,0.2,1.0,1.0,1.0,1.0
connected_topk:random_token-minus-random_pixel,72,0.15,0.03038433790206909,0.04617024064064026,0.1560875654220581,0.2760469079017639,0.045382213592529294,0.10249368548393249,0.0,0.0,0.0,0.0,1.0,1.0,1.0,1.0,1.0,1.0
connected_topk:random_token-minus-random_pixel,105,0.15,0.010564970970153808,0.023044759035110475,0.1284944772720337,0.2066303014755249,0.044362825155258176,0.07614774107933045,0.0,0.0,0.0,0.0,1.0,1.0,1.0,1.0,1.0,1.0
connected_topk:random_token-minus-random_pixel,110,0.15,0.01309969425201416,0.015076231956481934,0.10974512100219727,0.1388923168182373,0.054562830924987794,0.07469664812088013,0.0,0.0,0.0,0.0,1.0,1.0,1.0,1.0,1.0,1.0
connected_topk:random_token-minus-random_pixel,112,0.15,0.051896631717681885,0.03616616427898407,0.1893412947654724,0.26138145923614503,0.08777779936790467,0.11973643898963929,0.0,0.0,0.0,0.0,1.0,1.0,1.0,1.0,1.0,1.0
connected_topk:random_token-minus-random_pixel,119,0.15,0.03894566297531128,0.060954582691192624,0.12836517095565797,0.2214740753173828,0.03529809713363648,0.07420321106910706,0.0,0.0,0.0,0.0,1.0,1.0,1.0,1.0,1.0,1.0
connected_topk:random_token-minus-random_pixel,129,0.15,0.023225414752960204,0.023808524012565613,0.2725964546203613,0.25468246936798095,0.023582476377487182,0.004420852661132813,0.0,0.0,0.0,0.0,1.0,1.0,1.0,1.0,1.0,1.0
connected_topk:random_token-minus-random_pixel,136,0.15,0.03699649572372436,0.03320745229721069,0.1823244571685791,0.21532258987426758,0.0525604248046875,0.07010373771190644,0.0,0.0,0.0,0.0,1.0,1.0,1.0,1.0,1.0,1.0
connected_topk:random_token-minus-random_pixel,152,0.15,0.014353185892105103,0.03409782648086548,0.13876301050186157,0.16625072956085205,0.041616976261138916,0.06427389979362488,0.0,0.0,0.0,0.0,1.0,1.0,1.0,1.0,1.0,1.0
connected_topk:random_token-minus-random_pixel,154,0.15,0.025772026181221007,0.03527607023715973,0.3212629914283752,0.26789469718933107,0.0855546236038208,0.07385244369506835,0.0,0.0,0.0,0.0,1.0,1.0,1.0,1.0,1.0,1.0
connected_topk:random_token-minus-random_pixel,163,0.15,-0.0010479092597961426,-0.007405900955200195,0.15639833211898804,0.26470284461975097,0.00744670033454895,0.011382895708084106,0.2,-0.4,0.0,0.0,0.2,0.4,1.0,1.0,1.0,1.0
connected_topk:random_token-minus-random_pixel,190,0.15,0.009953081607818604,0.01786954402923584,0.08895560503005981,0.17834819555282594,0.02954479455947876,0.09414066672325135,0.0,0.0,0.0,0.0,1.0,1.0,1.0,1.0,1.0,1.0
connected_topk:random_token-minus-random_pixel,192,0.15,0.010153937339782714,0.015252116322517394,0.20401548147201537,0.24849517345428468,0.019954183697700502,0.025819867849349976,1.2,4.4,0.6,0.8,0.4,0.2,1.0,0.6,1.0,0.8
connected_topk:random_token-minus-random_pixel,198,0.15,0.039196884632110594,0.06278039216995239,0.1681004762649536,0.2445163130760193,0.06960617303848267,0.12599982023239137,0.0,0.0,0.0,0.0,1.0,1.0,1.0,1.0,1.0,1.0
connected_topk:random_token-minus-random_pixel,207,0.15,0.015976029634475707,-0.0007391035556793213,0.13149284124374389,0.0636194109916687,0.05280855894088745,0.024804699420928954,0.0,0.0,0.0,0.0,1.0,1.0,1.0,1.0,1.0,1.0
connected_topk:random_token-minus-random_pixel,210,0.15,0.07398134768009186,0.08648660778999329,0.23579881191253663,0.3037450432777405,0.1400883436203003,0.1698516309261322,0.0,0.0,0.0,0.0,1.0,1.0,1.0,1.0,1.0,1.0
connected_topk:random_token-minus-random_pixel,211,0.15,0.061982208490371705,0.04486994743347168,0.2001168131828308,0.19004433155059813,0.08682122230529785,0.08596072793006897,0.0,0.0,0.0,0.0,1.0,1.0,1.0,1.0,1.0,1.0
connected_topk:random_token-minus-random_pixel,222,0.15,-0.004267758131027222,0.005892127752304077,0.05857841968536377,0.13239747285842896,0.00605928897857666,0.029863572120666503,0.0,0.0,0.0,0.0,1.0,1.0,1.0,1.0,1.0,1.0
connected_topk:random_token-minus-random_pixel,234,0.15,0.06410013139247894,0.05891239047050476,0.3249709963798523,0.2873870491981506,0.1077319860458374,0.09243309497833252,0.0,0.0,0.0,0.0,1.0,1.0,1.0,1.0,1.0,1.0
connected_topk:random_token-minus-random_pixel,241,0.15,-0.023208799958229064,-0.027131929993629456,0.22913700342178345,0.2184422492980957,0.0342975378036499,0.010655304789543152,0.0,-5.2,0.0,0.0,0.0,0.2,0.0,0.4,0.2,0.4
connected_topk:random_token-minus-random_pixel,242,0.15,-0.007891219854354859,-0.002736908197402954,0.16584954261779786,0.25305585861206054,0.05018705129623413,0.09140494465827942,0.0,0.4,0.0,0.4,1.0,0.6,1.0,1.0,1.0,1.0
connected_topk:random_token-minus-random_pixel,245,0.15,0.05900101065635681,0.029741519689559938,0.17129210233688355,0.15520204305648805,0.08671441078186035,0.07466480731964112,0.0,0.0,0.0,0.0,1.0,1.0,1.0,1.0,1.0,1.0
connected_topk:random_token-minus-random_pixel,249,0.15,-0.015017330646514893,-0.015743589401245116,0.18022403717041016,0.16346462965011596,0.08093814849853516,0.07745867967605591,0.2,0.2,0.2,0.2,0.8,0.8,1.0,1.0,1.0,1.0
connected_topk:random_token-minus-random_pixel,250,0.15,0.016093331575393676,0.01824418902397156,0.21000938415527343,0.338288414478302,0.05853937864303589,0.08220637440681458,0.0,0.0,0.0,0.0,1.0,1.0,1.0,1.0,1.0,1.0
connected_topk:random_token-minus-random_pixel,253,0.15,0.0338763952255249,0.04320911169052124,0.1773303270339966,0.23477416038513182,0.08997411131858826,0.12206183075904846,0.0,0.0,0.0,0.0,1.0,1.0,1.0,1.0,1.0,1.0
connected_topk:random_token-minus-random_pixel,258,0.15,0.038226523995399476,0.03368087410926819,0.17088550329208374,0.21525102853775024,0.03546852171421051,0.02720375657081604,6.0,1.0,0.4,0.8,0.6,0.2,0.8,1.0,0.8,1.0
connected_topk:random_token-minus-random_pixel,266,0.15,0.012459105253219605,0.04635888338088989,0.07224376201629638,0.253892195224762,0.026885581016540528,0.09859919548034668,0.0,0.0,0.0,0.0,1.0,1.0,1.0,1.0,1.0,1.0
connected_topk:random_token-minus-random_pixel,268,0.15,0.0006521403789520264,0.011303627490997314,0.15099358558654785,0.19785983562469484,0.01934484839439392,0.03999699950218201,0.2,0.6,0.2,0.4,0.8,0.6,1.0,1.0,1.0,1.0
connected_topk:random_token-minus-random_pixel,275,0.15,0.03271417617797852,0.04485543966293335,0.17993419170379638,0.18196659088134765,0.05947022438049317,0.052257311344146726,0.0,0.0,0.0,0.0,1.0,1.0,1.0,1.0,1.0,1.0
connected_topk:random_token-minus-random_pixel,290,0.15,-0.006379187107086182,0.002077150344848633,0.16913127899169922,0.24137120246887206,0.045737022161483766,0.05437600016593933,0.0,0.6,0.0,0.2,1.0,0.8,1.0,1.0,1.0,1.0
connected_topk:random_token-minus-random_pixel,301,0.15,0.025825244188308717,0.01784643530845642,0.2134185791015625,0.15691877603530885,0.0631584346294403,0.04338138103485108,0.0,0.0,0.0,0.0,1.0,1.0,1.0,1.0,1.0,1.0
connected_topk:random_token-minus-random_pixel,307,0.15,0.07445133626461028,0.05997352004051208,0.22915477752685548,0.22509852647781373,0.06910071969032287,0.07417607307434082,0.0,0.0,0.0,0.0,1.0,1.0,1.0,1.0,1.0,1.0
connected_topk:random_token-minus-random_pixel,313,0.15,0.01826636791229248,0.01848624348640442,0.12846583127975464,0.09700785875320435,0.029827678203582765,0.025482356548309326,0.0,0.0,0.0,0.0,1.0,1.0,1.0,1.0,1.0,1.0
connected_topk:random_token-minus-random_pixel,315,0.15,-0.010976040363311767,0.0029694259166717528,0.07399964332580566,0.10638800859451295,-0.0190382719039917,0.0038566291332244873,0.0,0.0,0.0,0.0,0.0,0.0,0.0,0.0,0.0,0.0
connected_topk:random_token-minus-random_pixel,332,0.15,0.034292864799499514,0.027699697017669677,0.16891796588897706,0.30627185106277466,0.014534980058670044,0.012266165018081665,0.0,0.0,0.0,0.0,1.0,1.0,1.0,1.0,1.0,1.0
connected_topk:random_token-minus-random_pixel,333,0.15,0.05967199206352234,0.0476535439491272,0.1775456190109253,0.17348201274871827,0.065193772315979,0.04749583601951599,0.0,0.0,0.0,0.0,1.0,1.0,1.0,1.0,1.0,1.0
connected_topk:random_token-minus-random_pixel,334,0.15,0.03221789598464966,0.08149979710578918,0.10643577575683594,0.27773324251174925,0.040519559383392335,0.12929698824882507,0.0,0.0,0.0,0.0,1.0,1.0,1.0,1.0,1.0,1.0
connected_topk:random_token-minus-random_pixel,343,0.15,0.0265464723110199,0.05909803509712219,0.12181522846221923,0.17139070034027098,0.0463592529296875,0.06758410930633545,0.0,0.0,0.0,0.0,1.0,1.0,1.0,1.0,1.0,1.0
connected_topk:random_token-minus-random_pixel,349,0.15,0.05096570253372192,0.06005988717079162,0.21114660501480104,0.2686208009719849,0.12041387557983399,0.1589413583278656,0.0,0.0,0.0,0.0,1.0,1.0,1.0,1.0,1.0,1.0
connected_topk:random_token-minus-random_pixel,350,0.15,0.05521506071090698,0.0263735830783844,0.2235170602798462,0.22927603721618653,0.11950993537902832,0.10015962719917297,0.0,0.0,0.0,0.0,1.0,1.0,1.0,1.0,1.0,1.0
connected_topk:random_token-minus-random_pixel,355,0.15,0.019705384969711304,0.02990816831588745,0.25111236572265627,0.25495225191116333,0.10109579563140869,0.09302918314933777,0.0,0.0,0.0,0.0,1.0,1.0,1.0,1.0,1.0,1.0
connected_topk:random_token-minus-random_pixel,358,0.15,0.09190298616886139,0.06512393057346344,0.22824902534484864,0.18206108808517457,0.10193907618522643,0.06783380508422851,0.0,0.0,0.0,0.0,1.0,1.0,1.0,1.0,1.0,1.0
connected_topk:random_token-minus-random_pixel,394,0.15,0.02118731141090393,0.05293172001838684,0.15394665002822877,0.22315922975540162,0.058621734380722046,0.10069325566291809,0.0,0.0,0.0,0.0,1.0,1.0,1.0,1.0,1.0,1.0
connected_topk:random_token-minus-random_pixel,397,0.15,0.012999802827835083,0.028755205869674682,0.17548322677612305,0.15150583982467652,0.05706292390823364,0.05835589170455933,0.0,0.0,0.0,0.0,1.0,1.0,1.0,1.0,1.0,1.0
connected_topk:random_token-minus-random_pixel,409,0.15,0.04329821765422821,0.03577721118927002,0.1375901460647583,0.09239397048950196,0.04156773090362549,0.030342686176300048,0.0,0.0,0.0,0.0,1.0,1.0,1.0,1.0,1.0,1.0
connected_topk:random_token-minus-random_pixel,429,0.15,0.10402414202690125,0.06691344678401948,0.28819602727890015,0.2605785369873047,0.11902957558631896,0.08797959089279175,0.0,0.0,0.0,0.0,1.0,1.0,1.0,1.0,1.0,1.0
connected_topk:random_token-minus-random_pixel,437,0.15,0.08701826333999634,0.07720246911048889,0.21746275424957276,0.2016553521156311,0.09789340496063233,0.08102988004684449,0.0,0.0,0.0,0.0,1.0,1.0,1.0,1.0,1.0,1.0
connected_topk:random_token-minus-random_pixel,454,0.15,0.010163897275924682,0.013635295629501342,0.12862834930419922,0.18609144687652587,0.04268113374710083,0.04806530475616455,0.0,0.0,0.0,0.0,1.0,1.0,1.0,1.0,1.0,1.0
connected_topk:random_token-minus-random_pixel,464,0.15,0.0778213769197464,0.0553980678319931,0.29496121406555176,0.20016098022460938,0.08809832334518433,0.05301108956336975,0.0,0.0,0.0,0.0,1.0,1.0,1.0,1.0,1.0,1.0
connected_topk:random_token-minus-random_pixel,471,0.15,-4.594922065734863e-05,0.013914564251899719,0.21429427862167358,0.2848550915718079,0.02241663932800293,0.018586769700050354,26.0,24.0,0.0,0.0,0.0,0.0,0.0,0.0,0.0,0.0
connected_topk:random_token-minus-random_pixel,473,0.15,0.06013893485069275,0.059713196754455564,0.169610333442688,0.20594002008438111,0.07321581840515137,0.08104848265647888,0.0,0.0,0.0,0.0,1.0,1.0,1.0,1.0,1.0,1.0
connected_topk:random_token-minus-random_pixel,474,0.15,0.037844449281692505,0.08086540699005126,0.11271271705627442,0.22625926733016968,0.05809518098831177,0.13332029581069946,0.0,0.0,0.0,0.0,1.0,1.0,1.0,1.0,1.0,1.0
connected_topk:random_token-minus-random_pixel,476,0.15,-0.024557381868362427,-0.010917836427688598,0.20495209693908692,0.14338191747665405,0.04869839549064636,0.04123938679695129,0.0,0.0,0.0,0.0,1.0,1.0,1.0,1.0,1.0,1.0
connected_topk:random_token-minus-random_pixel,481,0.15,0.05712070763111114,0.021692243218421937,0.23349144458770751,0.15545814037322997,0.09958980083465577,0.04836634993553161,0.0,0.0,0.0,0.0,1.0,1.0,1.0,1.0,1.0,1.0
connected_topk:random_token-minus-random_pixel,482,0.15,0.03101963996887207,0.05619234442710876,0.1897730588912964,0.2749475359916687,0.06842444539070129,0.1104085087776184,0.0,0.0,0.0,0.0,1.0,1.0,1.0,1.0,1.0,1.0
connected_topk:random_token-minus-random_pixel,486,0.15,0.03610882759094238,0.019793033599853516,0.31147212982177735,0.2915905833244324,0.08210797309875488,0.06368190050125122,2.0,0.4,0.2,0.2,0.8,0.8,0.8,1.0,0.8,1.0
connected_topk:random_token-minus-random_pixel,487,0.15,0.06880387663841248,0.08392636775970459,0.20182884931564332,0.26112903356552125,0.08357179164886475,0.10261667966842651,0.0,0.0,0.0,0.0,1.0,1.0,1.0,1.0,1.0,1.0
connected_topk:random_token-minus-random_pixel,489,0.15,0.05977723002433777,0.09775125384330749,0.1642809271812439,0.2384716272354126,0.09020099639892579,0.1159592866897583,0.0,0.0,0.0,0.0,1.0,1.0,1.0,1.0,1.0,1.0
connected_topk:random_token-minus-random_pixel,497,0.15,0.04996785223484039,0.05964845716953278,0.2782794952392578,0.2838763356208801,0.06801303029060364,0.07589390873908997,0.0,0.0,0.0,0.0,1.0,1.0,1.0,1.0,1.0,1.0
connected_topk:random_token-minus-random_pixel,502,0.15,0.04008975625038147,0.035549399256706235,0.22918596267700195,0.19697214365005494,0.07028291821479797,0.07053429484367371,0.0,0.0,0.0,0.0,1.0,1.0,1.0,1.0,1.0,1.0
connected_topk:random_token-minus-random_pixel,505,0.15,0.03814209699630737,0.031170809268951417,0.20513216257095337,0.2156602621078491,0.052220875024795534,0.07854506373405457,0.8,0.6,0.4,0.2,0.6,0.8,1.0,1.0,1.0,1.0
connected_topk:random_token-minus-random_pixel,509,0.15,-0.010424602031707763,-0.01992079019546509,0.0736121416091919,0.21199896335601806,0.0037490367889404298,0.045325356721878055,-1.8,-1.6,0.0,0.0,0.8,0.6,1.0,1.0,1.0,1.0
connected_topk:random_token-minus-random_pixel,511,0.15,0.006362617015838623,-0.002801680564880371,0.14370852708816528,0.2127280354499817,0.06323421001434326,0.10308279991149902,0.0,0.0,0.0,0.0,1.0,1.0,1.0,1.0,1.0,1.0
connected_topk:random_token-minus-random_pixel,512,0.15,0.02229393720626831,0.042952936887741086,0.20499109029769896,0.1602159023284912,0.067844820022583,0.07364310026168823,0.0,0.0,0.0,0.0,1.0,1.0,1.0,1.0,1.0,1.0
connected_topk:random_token-minus-random_pixel,514,0.15,0.014414328336715698,0.03075762391090393,0.11257174015045165,0.09238026142120362,0.009111142158508301,0.024513888359069824,0.0,0.0,0.0,0.0,1.0,1.0,1.0,1.0,1.0,1.0
connected_topk:random_token-minus-random_pixel,525,0.15,0.07069836854934693,0.0669396162033081,0.15654947757720947,0.14370239973068238,0.07777125835418701,0.0674704909324646,0.0,0.0,0.0,0.0,1.0,1.0,1.0,1.0,1.0,1.0
connected_topk:random_token-minus-random_pixel,527,0.15,0.010928523540496827,0.0023570239543914797,0.2528314828872681,0.17271661758422852,0.0543670654296875,0.038232225179672244,0.0,0.0,0.0,0.0,1.0,1.0,1.0,1.0,1.0,1.0
connected_topk:random_token-minus-random_pixel,542,0.15,0.0046127915382385256,-0.015539225935935975,0.2080957293510437,0.1407836675643921,0.007026010751724243,-0.0009258508682250977,0.0,0.0,0.0,0.0,1.0,1.0,1.0,1.0,1.0,1.0
connected_topk:random_token-minus-random_pixel,544,0.15,0.08443000912666321,0.08314168453216553,0.18817278146743774,0.13603520393371582,0.08886237144470215,0.06948031783103943,0.0,0.0,0.0,0.0,1.0,1.0,1.0,1.0,1.0,1.0
connected_topk:random_token-minus-random_pixel,549,0.15,0.013280171155929565,0.037569716572761536,0.1830350637435913,0.15789990425109862,0.026401597261428832,0.058933550119400026,0.0,0.0,0.0,0.0,1.0,1.0,1.0,1.0,1.0,1.0
connected_topk:random_token-minus-random_pixel,550,0.15,0.0664591372013092,0.07586663365364074,0.1518796920776367,0.19043142795562745,0.0728049099445343,0.09027360677719116,0.0,0.0,0.0,0.0,1.0,1.0,1.0,1.0,1.0,1.0
connected_topk:random_token-minus-random_pixel,567,0.15,0.03038134574890137,0.044931381940841675,0.18222763538360595,0.18876482248306276,0.10623476505279542,0.11083548665046691,0.0,0.0,0.0,0.0,1.0,1.0,1.0,1.0,1.0,1.0
connected_topk:random_token-minus-random_pixel,576,0.15,0.011805534362792969,0.013999539613723754,0.21357797384262084,0.25085690021514895,0.0671580672264099,0.07598764896392822,0.0,0.0,0.0,0.0,1.0,1.0,1.0,1.0,1.0,1.0
connected_topk:random_token-minus-random_pixel,589,0.15,0.03548542261123657,0.06481261849403382,0.18042142391204835,0.2768988847732544,0.046322029829025266,0.08254772424697876,0.0,0.0,0.0,0.0,1.0,1.0,1.0,1.0,1.0,1.0
connected_topk:random_token-minus-random_pixel,592,0.15,0.014022839069366456,0.017783921957015992,0.1948970913887024,0.23139947652816772,0.08458752632141113,0.1096606731414795,0.0,0.4,0.0,0.4,1.0,0.6,1.0,1.0,1.0,1.0
connected_topk:random_token-minus-random_pixel,598,0.15,0.11781736612319946,0.13458094298839568,0.2261475443840027,0.26572571992874144,0.10605618357658386,0.12207147479057312,0.0,0.0,0.0,0.0,1.0,1.0,1.0,1.0,1.0,1.0
connected_topk:random_token-minus-random_pixel,602,0.15,0.012081101536750793,0.028301230072975157,0.16100395917892457,0.18227500915527345,0.023200589418411254,0.03017679899930954,66.4,101.4,0.0,0.0,0.0,0.0,0.0,0.0,0.4,0.2
connected_topk:random_token-minus-random_pixel,608,0.15,0.07688406109809875,0.0642134666442871,0.19573310613632203,0.21571240425109864,0.10349612832069396,0.10377914309501649,0.0,0.0,0.0,0.0,1.0,1.0,1.0,1.0,1.0,1.0
connected_topk:random_token-minus-random_pixel,613,0.15,0.0281605064868927,0.06049667596817017,0.18083666563034057,0.26280065774917605,0.0408713161945343,0.0971605122089386,0.0,2.4,0.0,0.6,1.0,0.4,1.0,0.8,1.0,1.0
connected_topk:random_token-minus-random_pixel,616,0.15,0.027879565954208374,0.0525101512670517,0.13982753753662108,0.24094234704971312,0.049750876426696775,0.07747693061828613,0.0,0.0,0.0,0.0,1.0,1.0,1.0,1.0,1.0,1.0
connected_topk:random_token-minus-random_pixel,624,0.15,0.03862937688827515,0.04288477599620819,0.13999247550964355,0.16093658208847045,0.029766994714736938,0.03586255311965943,0.0,0.0,0.0,0.0,1.0,1.0,1.0,1.0,1.0,1.0
connected_topk:random_token-minus-random_pixel,633,0.15,0.18596972823143004,0.07819960713386535,0.2615972995758057,0.1552549958229065,0.17096359729766847,0.07913073301315307,0.0,0.0,0.0,0.0,1.0,1.0,1.0,1.0,1.0,1.0
connected_topk:random_token-minus-random_pixel,658,0.15,0.038357663154602054,0.03556067943572998,0.17839220762252808,0.15161590576171874,0.09143213033676148,0.06040679216384888,0.0,0.0,0.0,0.0,1.0,1.0,1.0,1.0,1.0,1.0
connected_topk:random_token-minus-random_pixel,670,0.15,0.014450734853744507,0.02955699563026428,0.14296023845672606,0.23199020624160765,0.04698687791824341,0.10311957001686096,0.0,0.0,0.0,0.0,1.0,1.0,1.0,1.0,1.0,1.0
connected_topk:random_token-minus-random_pixel,674,0.15,0.042642271518707274,0.10893027186393738,0.13221102952957153,0.3029621481895447,0.05379018783569336,0.14619452953338624,0.0,0.0,0.0,0.0,1.0,1.0,1.0,1.0,1.0,1.0
connected_topk:random_token-minus-random_pixel,686,0.15,0.0651294857263565,0.08474843800067902,0.14547818899154663,0.19853460788726807,0.06853322386741638,0.10796213746070862,0.0,0.0,0.0,0.0,1.0,1.0,1.0,1.0,1.0,1.0
connected_topk:random_token-minus-random_pixel,687,0.15,0.07838913798332214,0.05247494578361511,0.2359858989715576,0.2652027368545532,0.13838921785354613,0.16695367693901061,0.0,0.0,0.0,0.0,1.0,1.0,1.0,1.0,1.0,1.0
connected_topk:random_token-minus-random_pixel,689,0.15,0.05825064182281494,0.03089987635612488,0.2861207127571106,0.12784459590911865,0.14658020734786986,0.057179808616638184,0.0,0.0,0.0,0.0,1.0,1.0,1.0,1.0,1.0,1.0
connected_topk:random_token-minus-random_pixel,693,0.15,0.004938113689422608,0.04046924710273743,0.10879353284835816,0.28278703689575196,0.039447492361068724,0.10718125104904175,0.0,1.0,0.0,0.8,1.0,0.2,1.0,1.0,1.0,1.0
connected_topk:random_token-minus-random_pixel,720,0.15,0.009494853019714356,0.039652293920516966,0.14210023880004882,0.2058586597442627,0.033217883110046385,0.05212263464927673,0.0,0.0,0.0,0.0,1.0,1.0,1.0,1.0,1.0,1.0
connected_topk:random_token-minus-random_pixel,733,0.15,0.030505681037902833,0.03158435821533203,0.12521960735321044,0.15171530246734619,0.057007646560668944,0.053860592842102054,0.0,0.0,0.0,0.0,1.0,1.0,1.0,1.0,1.0,1.0
raw_topk:random_token-minus-random_pixel,18,0.15,0.025028163194656373,0.009658676385879517,0.18032091856002808,0.11502554416656494,0.06002504825592041,0.03171559572219849,0.0,0.0,0.0,0.0,1.0,1.0,1.0,1.0,1.0,1.0
raw_topk:random_token-minus-random_pixel,22,0.15,0.0770597517490387,0.08587799370288848,0.3366000771522522,0.3196912407875061,0.13011478781700134,0.1349206805229187,0.0,0.0,0.0,0.0,1.0,1.0,1.0,1.0,1.0,1.0
raw_topk:random_token-minus-random_pixel,34,0.15,-0.0053660556674003605,-0.012306010723114014,0.23836368322372437,0.278959858417511,0.01959897130727768,0.008996552228927613,73.0,29.2,0.0,0.0,0.0,0.0,0.0,0.0,0.0,0.0
raw_topk:random_token-minus-random_pixel,36,0.15,0.03389080166816712,0.03529698252677917,0.197365665435791,0.24732599258422852,0.07289213538169861,0.11197022795677185,0.6,0.8,0.4,0.6,0.6,0.4,1.0,1.0,1.0,1.0
raw_topk:random_token-minus-random_pixel,37,0.15,0.05671413242816925,0.05689346790313721,0.17946314811706543,0.18170124292373657,0.037622088193893434,0.0429974615573883,0.0,0.0,0.0,0.0,1.0,1.0,1.0,1.0,1.0,1.0
raw_topk:random_token-minus-random_pixel,42,0.15,0.044384431838989255,0.05074961185455322,0.2151004433631897,0.2535867810249329,0.04845507144927978,0.06324653625488282,0.0,0.0,0.0,0.0,1.0,1.0,1.0,1.0,1.0,1.0
raw_topk:random_token-minus-random_pixel,43,0.15,0.046862664818763736,0.028935176134109498,0.19013674259185792,0.21588125228881835,0.05837948322296142,0.049142754077911376,0.0,0.0,0.0,0.0,1.0,1.0,1.0,1.0,1.0,1.0
raw_topk:random_token-minus-random_pixel,48,0.15,0.06026880741119385,0.07016350328922272,0.11834869384765626,0.21104733943939208,0.05845973491668701,0.07094623446464539,0.0,0.0,0.0,0.0,1.0,1.0,1.0,1.0,1.0,1.0
raw_topk:random_token-minus-random_pixel,59,0.15,0.050224268436431886,0.06092765331268311,0.13405619859695433,0.17409058809280395,0.08686416149139405,0.10454920530319214,0.0,0.0,0.0,0.0,1.0,1.0,1.0,1.0,1.0,1.0
raw_topk:random_token-minus-random_pixel,66,0.15,-0.009493440389633179,-0.008185416460037231,0.20700813531875611,0.16709262132644653,0.02369269132614136,0.03257529437541962,-0.6,-0.6,0.0,0.0,0.0,0.0,1.0,1.0,1.0,1.0
raw_topk:random_token-minus-random_pixel,72,0.15,0.019002896547317506,0.023364096879959106,0.1511218547821045,0.20371248722076415,0.04525326490402222,0.08582080006599427,0.0,0.0,0.0,0.0,1.0,1.0,1.0,1.0,1.0,1.0
raw_topk:random_token-minus-random_pixel,105,0.15,0.022796326875686647,0.021368759870529174,0.10418150424957276,0.2958109974861145,0.03383316993713379,0.11209292411804199,0.0,0.0,0.0,0.0,1.0,1.0,1.0,1.0,1.0,1.0
raw_topk:random_token-minus-random_pixel,110,0.15,0.011593836545944213,0.006727057695388794,0.09851905107498168,0.1261255383491516,0.04443237781524658,0.05185997486114502,0.0,0.0,0.0,0.0,1.0,1.0,1.0,1.0,1.0,1.0
raw_topk:random_token-minus-random_pixel,112,0.15,0.026410433650016784,0.06018919348716736,0.16687629222869874,0.2500194787979126,0.062100380659103394,0.10828590989112855,0.0,0.0,0.0,0.0,1.0,1.0,1.0,1.0,1.0,1.0
raw_topk:random_token-minus-random_pixel,119,0.15,0.03174048662185669,0.028093445301055908,0.19809517860412598,0.0994989514350891,0.03814987540245056,0.03694108724594116,0.0,0.0,0.0,0.0,1.0,1.0,1.0,1.0,1.0,1.0
raw_topk:random_token-minus-random_pixel,129,0.15,0.02680889368057251,0.03151595592498779,0.3084985136985779,0.23048170804977416,0.00828808844089508,0.040699532628059386,0.0,0.0,0.0,0.0,1.0,1.0,1.0,1.0,1.0,1.0
raw_topk:random_token-minus-random_pixel,136,0.15,0.030083364248275755,0.022033807635307313,0.2017561674118042,0.1818929433822632,0.03955449461936951,0.037960213422775266,0.0,0.0,0.0,0.0,1.0,1.0,1.0,1.0,1.0,1.0
raw_topk:random_token-minus-random_pixel,152,0.15,0.018032538890838622,0.024836766719818115,0.19910807609558107,0.29324783086776735,0.05480069518089294,0.10131153464317322,0.0,0.0,0.0,0.0,1.0,1.0,1.0,1.0,1.0,1.0
raw_topk:random_token-minus-random_pixel,154,0.15,0.027834179997444152,0.025512498617172242,0.2681665301322937,0.35183957815170286,0.06962257623672485,0.07794208824634552,0.0,0.0,0.0,0.0,1.0,1.0,1.0,1.0,1.0,1.0
raw_topk:random_token-minus-random_pixel,163,0.15,-0.008646824955940246,0.001582595705986023,0.2991800308227539,0.29058668613433836,0.02167770266532898,0.01836027204990387,-0.4,-0.2,0.0,0.0,0.4,0.2,1.0,1.0,1.0,1.0
raw_topk:random_token-minus-random_pixel,190,0.15,0.030839335918426514,0.028196096420288086,0.22780261039733887,0.24054384231567383,0.13438485860824584,0.14342918992042542,0.0,0.0,0.0,0.0,1.0,1.0,1.0,1.0,1.0,1.0
raw_topk:random_token-minus-random_pixel,192,0.15,-0.00010676085948944092,0.011839988827705383,0.14634137153625487,0.29842454195022583,0.006673541665077209,0.009679076075553895,0.6,2.0,0.2,0.8,0.8,0.2,1.0,1.0,1.0,1.0
raw_topk:random_token-minus-random_pixel,198,0.15,0.021428012847900392,0.05129165649414062,0.08332034349441528,0.20207452774047852,0.028058230876922607,0.08064457178115844,0.0,0.0,0.0,0.0,1.0,1.0,1.0,1.0,1.0,1.0
raw_topk:random_token-minus-random_pixel,207,0.15,0.019074320793151855,0.02900141477584839,0.1969663381576538,0.2554548382759094,0.0811569333076477,0.07744622230529785,0.0,0.0,0.0,0.0,1.0,1.0,1.0,1.0,1.0,1.0
raw_topk:random_token-minus-random_pixel,210,0.15,0.05830786824226379,0.07193525433540345,0.14188724756240845,0.19741415977478027,0.08083927631378174,0.10400006771087647,0.0,0.0,0.0,0.0,1.0,1.0,1.0,1.0,1.0,1.0
raw_topk:random_token-minus-random_pixel,211,0.15,0.013500779867172241,0.08437556624412537,0.069927179813385,0.28683451414108274,0.026727592945098876,0.09030808210372925,0.0,0.0,0.0,0.0,1.0,1.0,1.0,1.0,1.0,1.0
raw_topk:random_token-minus-random_pixel,222,0.15,0.01903710663318634,0.0022463560104370116,0.2116815686225891,0.2076823353767395,0.04828602075576782,0.008889853954315186,0.0,0.0,0.0,0.0,1.0,1.0,1.0,1.0,1.0,1.0
raw_topk:random_token-minus-random_pixel,234,0.15,0.03976759314537048,0.028801336884498596,0.2227877140045166,0.3261232376098633,0.07868014574050904,0.0811593472957611,0.0,0.0,0.0,0.0,1.0,1.0,1.0,1.0,1.0,1.0
raw_topk:random_token-minus-random_pixel,241,0.15,-0.03019155263900757,-0.005605897307395935,0.3032464861869812,0.28338286876678465,0.039415740966796876,0.05263327658176422,-3.4,7.0,0.0,0.0,0.0,0.0,0.4,0.0,0.6,0.2
raw_topk:random_token-minus-random_pixel,242,0.15,-0.0017960548400878906,-0.004806751012802124,0.193448269367218,0.274302339553833,0.058084017038345336,0.08577724099159241,0.0,0.2,0.0,0.2,1.0,0.8,1.0,1.0,1.0,1.0
raw_topk:random_token-minus-random_pixel,245,0.15,0.04463932514190674,0.10250357985496521,0.13540180921554565,0.23493417501449584,0.07080352306365967,0.1159092903137207,0.0,0.0,0.0,0.0,1.0,1.0,1.0,1.0,1.0,1.0
raw_topk:random_token-minus-random_pixel,249,0.15,-0.011234623193740845,-0.00790117383003235,0.12399307489395142,0.18798402547836304,0.05555236339569092,0.0937808871269226,0.0,0.2,0.0,0.2,1.0,0.8,1.0,1.0,1.0,1.0
raw_topk:random_token-minus-random_pixel,250,0.15,0.021456694602966307,0.011829233169555664,0.2336673617362976,0.22714269161224365,0.06530932784080505,0.05375828742980957,0.0,0.0,0.0,0.0,1.0,1.0,1.0,1.0,1.0,1.0
raw_topk:random_token-minus-random_pixel,253,0.15,0.03504379987716675,0.027654474973678587,0.24063897132873535,0.1863897681236267,0.09711095094680786,0.09960784316062928,0.0,0.0,0.0,0.0,1.0,1.0,1.0,1.0,1.0,1.0
raw_topk:random_token-minus-random_pixel,258,0.15,0.0408345103263855,0.04397268891334534,0.21603680849075318,0.18383169174194336,0.04793974757194519,0.05087954998016357,3.6,2.2,0.8,1.0,0.2,0.0,0.8,0.8,0.8,1.0
raw_topk:random_token-minus-random_pixel,266,0.15,0.026775872707366942,0.018469732999801636,0.12808692455291748,0.12127554416656494,0.047697031497955324,0.043718016147613524,0.0,0.0,0.0,0.0,1.0,1.0,1.0,1.0,1.0,1.0
raw_topk:random_token-minus-random_pixel,268,0.15,0.0050478637218475345,0.020163911581039428,0.10864531993865967,0.2762224078178406,0.007380282878875733,0.044527333974838254,0.0,0.8,0.0,0.6,1.0,0.4,1.0,1.0,1.0,1.0
raw_topk:random_token-minus-random_pixel,275,0.15,0.05454565286636352,0.07055590152740479,0.2116423010826111,0.2523710489273071,0.06994671821594238,0.09232576489448548,0.0,0.0,0.0,0.0,1.0,1.0,1.0,1.0,1.0,1.0
raw_topk:random_token-minus-random_pixel,290,0.15,-0.01093277931213379,0.0009000420570373536,0.23462055921554564,0.2819479703903198,0.04173403978347778,0.06052185893058777,0.0,0.4,0.0,0.4,1.0,0.6,1.0,1.0,1.0,1.0
raw_topk:random_token-minus-random_pixel,301,0.15,0.011831870675086975,0.032000601291656494,0.20980287790298463,0.25337575674057006,0.05108843445777893,0.06829211711883545,0.0,0.0,0.0,0.0,1.0,1.0,1.0,1.0,1.0,1.0
raw_topk:random_token-minus-random_pixel,307,0.15,0.04418585598468781,0.07872260510921478,0.24293724298477173,0.2977944016456604,0.05311641693115234,0.07886835634708404,0.0,0.0,0.0,0.0,1.0,1.0,1.0,1.0,1.0,1.0
raw_topk:random_token-minus-random_pixel,313,0.15,0.029723864793777467,0.024477794766426086,0.13224496841430664,0.18433802127838134,0.039321786165237425,0.038488006591796874,1.0,0.2,0.4,0.2,0.6,0.8,1.0,1.0,1.0,1.0
raw_topk:random_token-minus-random_pixel,332,0.15,0.02881661057472229,0.03952277302742004,0.17250139713287355,0.3372844457626343,0.010091191530227661,0.027903109788894653,0.0,0.0,0.0,0.0,1.0,1.0,1.0,1.0,1.0,1.0
raw_topk:random_token-minus-random_pixel,333,0.15,0.05994487404823303,0.018375420570373537,0.17620913982391356,0.3093871593475342,0.06478543877601624,0.11251577138900756,0.0,0.0,0.0,0.0,1.0,1.0,1.0,1.0,1.0,1.0
raw_topk:random_token-minus-random_pixel,334,0.15,0.07055222094058991,0.09400522410869598,0.2174535036087036,0.3370232224464417,0.10925174355506898,0.1644773840904236,0.0,0.0,0.0,0.0,1.0,1.0,1.0,1.0,1.0,1.0
raw_topk:random_token-minus-random_pixel,343,0.15,0.07750128507614136,0.055139923095703126,0.20794662237167358,0.16876143217086792,0.09531822204589843,0.06799495220184326,0.0,0.0,0.0,0.0,1.0,1.0,1.0,1.0,1.0,1.0
raw_topk:random_token-minus-random_pixel,349,0.15,0.04614582061767578,0.07346221804618835,0.27919961214065553,0.34801799058914185,0.14692190885543824,0.17758536338806152,0.0,0.0,0.0,0.0,1.0,1.0,1.0,1.0,1.0,1.0
raw_topk:random_token-minus-random_pixel,350,0.15,0.019456660747528075,0.03519134521484375,0.12462654113769531,0.2665663242340088,0.039680033922195435,0.0992960512638092,0.0,0.0,0.0,0.0,1.0,1.0,1.0,1.0,1.0,1.0
raw_topk:random_token-minus-random_pixel,355,0.15,0.009226179122924805,0.01384633183479309,0.1222085952758789,0.16999591588974,0.049125677347183226,0.0655426561832428,0.0,0.0,0.0,0.0,1.0,1.0,1.0,1.0,1.0,1.0
raw_topk:random_token-minus-random_pixel,358,0.15,0.013083866238594056,0.0626351773738861,0.1750830054283142,0.22195302248001098,0.029800063371658324,0.0670095443725586,0.0,0.0,0.0,0.0,1.0,1.0,1.0,1.0,1.0,1.0
raw_topk:random_token-minus-random_pixel,394,0.15,0.0005892276763916016,0.030478477478027344,0.12184147834777832,0.22870792150497438,0.04938414692878723,0.09469038248062134,0.0,0.0,0.0,0.0,1.0,1.0,1.0,1.0,1.0,1.0
raw_topk:random_token-minus-random_pixel,397,0.15,0.01794368028640747,0.05054962635040283,0.19047046899795533,0.35671632289886473,0.06813783049583436,0.13812913298606871,0.0,0.0,0.0,0.0,1.0,1.0,1.0,1.0,1.0,1.0
raw_topk:random_token-minus-random_pixel,409,0.15,0.027262192964553834,0.02863914966583252,0.08869879245758057,0.10016214847564697,0.028813713788986207,0.027792227268218995,0.0,0.0,0.0,0.0,1.0,1.0,1.0,1.0,1.0,1.0
raw_topk:random_token-minus-random_pixel,429,0.15,0.053846275806427,0.0705129086971283,0.18876546621322632,0.2817496180534363,0.07433768510818481,0.0927528202533722,0.0,0.0,0.0,0.0,1.0,1.0,1.0,1.0,1.0,1.0
raw_topk:random_token-minus-random_pixel,437,0.15,0.11631590127944946,0.14012189209461212,0.2687211275100708,0.3322118163108826,0.12270552515983582,0.14251939654350282,0.0,0.0,0.0,0.0,1.0,1.0,1.0,1.0,1.0,1.0
raw_topk:random_token-minus-random_pixel,454,0.15,0.0022692084312438965,0.028954488039016724,0.1103429913520813,0.23994982242584229,0.026063215732574464,0.08528695106506348,0.0,0.0,0.0,0.0,1.0,1.0,1.0,1.0,1.0,1.0
raw_topk:random_token-minus-random_pixel,464,0.15,0.1050161987543106,0.09919743239879608,0.26520185470581054,0.27141096591949465,0.10864266753196716,0.11623044312000275,0.0,0.0,0.0,0.0,1.0,1.0,1.0,1.0,1.0,1.0
raw_topk:random_token-minus-random_pixel,471,0.15,-0.002727404236793518,-0.00200730562210083,0.14747347831726074,0.23569878339767455,0.007616671919822693,0.01049588918685913,6.6,10.0,0.0,0.0,0.0,0.0,0.0,0.2,0.2,0.4
raw_topk:random_token-minus-random_pixel,473,0.15,0.07447587251663208,0.09234850108623505,0.22336660623550414,0.2623587608337402,0.09659003019332886,0.11974661350250244,0.0,0.0,0.0,0.0,1.0,1.0,1.0,1.0,1.0,1.0
raw_topk:random_token-minus-random_pixel,474,0.15,0.05354989171028137,0.059009087085723874,0.14702825546264647,0.19886837005615235,0.08631693124771118,0.10354504585266114,0.0,0.0,0.0,0.0,1.0,1.0,1.0,1.0,1.0,1.0
raw_topk:random_token-minus-random_pixel,476,0.15,-0.009730327129364013,-0.011785745620727539,0.12244468927383423,0.11716628074645996,0.03878435492515564,0.031566941738128663,0.0,0.0,0.0,0.0,1.0,1.0,1.0,1.0,1.0,1.0
raw_topk:random_token-minus-random_pixel,481,0.15,0.05714724063873291,0.07392694652080536,0.21896907091140747,0.2640399098396301,0.09040573835372925,0.10929034948348999,0.0,0.0,0.0,0.0,1.0,1.0,1.0,1.0,1.0,1.0
raw_topk:random_token-minus-random_pixel,482,0.15,0.03708014190196991,0.03321516513824463,0.22691075801849364,0.2635022759437561,0.08713501691818237,0.09630511999130249,0.0,0.0,0.0,0.0,1.0,1.0,1.0,1.0,1.0,1.0
raw_topk:random_token-minus-random_pixel,486,0.15,0.0018642067909240723,0.00759575366973877,0.20765844583511353,0.21943477392196656,0.05960391759872437,0.03442259430885315,0.0,0.0,0.0,0.0,1.0,1.0,1.0,1.0,1.0,1.0
raw_topk:random_token-minus-random_pixel,487,0.15,0.03789234161376953,0.08319841027259826,0.14244160652160645,0.2225123167037964,0.044213485717773435,0.08631722331047058,0.0,0.0,0.0,0.0,1.0,1.0,1.0,1.0,1.0,1.0
raw_topk:random_token-minus-random_pixel,489,0.15,0.12487920522689819,0.05154942870140076,0.27650038003921507,0.17915005683898927,0.1535116493701935,0.08437048196792603,0.0,0.0,0.0,0.0,1.0,1.0,1.0,1.0,1.0,1.0
raw_topk:random_token-minus-random_pixel,497,0.15,0.05371997058391571,0.053226417303085326,0.21219037771224974,0.27678462266922,0.06456782817840576,0.07573177218437195,0.0,0.0,0.0,0.0,1.0,1.0,1.0,1.0,1.0,1.0
raw_topk:random_token-minus-random_pixel,502,0.15,0.05670612454414368,0.05279135704040527,0.26570645570755,0.19586306810379028,0.0935373067855835,0.07503611445426941,0.0,0.0,0.0,0.0,1.0,1.0,1.0,1.0,1.0,1.0
raw_topk:random_token-minus-random_pixel,505,0.15,0.02454742193222046,0.0501311182975769,0.13942227363586426,0.21086620092391967,0.04048009514808655,0.0621018648147583,1.2,1.2,0.2,0.6,0.8,0.4,0.8,1.0,1.0,1.0
raw_topk:random_token-minus-random_pixel,509,0.15,-0.03785659074783325,-0.012180417776107788,0.2572059750556946,0.23478920459747316,0.033248680830001834,0.041901522874832155,-1.8,-1.8,0.0,0.0,0.8,0.8,1.0,1.0,1.0,1.0
raw_topk:random_token-minus-random_pixel,511,0.15,0.01780734658241272,0.011010891199111939,0.14596906900405884,0.30636240243911744,0.06834731101989747,0.15200604796409606,0.0,0.0,0.0,0.0,1.0,1.0,1.0,1.0,1.0,1.0
raw_topk:random_token-minus-random_pixel,512,0.15,0.023113220930099487,0.06954648792743683,0.22973790168762206,0.23661231994628906,0.07586296200752259,0.10880565643310547,0.0,0.0,0.0,0.0,1.0,1.0,1.0,1.0,1.0,1.0
raw_topk:random_token-minus-random_pixel,514,0.15,0.09739702939987183,0.08612483739852905,0.2054728388786316,0.18810399770736694,0.09255577921867371,0.07473615407943726,0.0,0.0,0.0,0.0,1.0,1.0,1.0,1.0,1.0,1.0
raw_topk:random_token-minus-random_pixel,525,0.15,0.058597373962402347,0.0696953296661377,0.10024052858352661,0.11485053300857544,0.05486637353897095,0.05554541349411011,0.0,0.0,0.0,0.0,1.0,1.0,1.0,1.0,1.0,1.0
raw_topk:random_token-minus-random_pixel,527,0.15,-0.006082457304000854,0.011464285850524902,0.2175098180770874,0.24287346601486207,0.03544244170188904,0.0544666588306427,0.0,0.0,0.0,0.0,1.0,1.0,1.0,1.0,1.0,1.0
raw_topk:random_token-minus-random_pixel,542,0.15,0.006987947225570679,-0.020234847068786622,0.1414291024208069,0.06503000259399414,0.01343984603881836,-0.005889922380447388,0.0,0.0,0.0,0.0,1.0,1.0,1.0,1.0,1.0,1.0
raw_topk:random_token-minus-random_pixel,544,0.15,0.08033776879310608,0.096196848154068,0.1389317035675049,0.18694093227386474,0.07013709545135498,0.08574756383895873,0.0,0.0,0.0,0.0,1.0,1.0,1.0,1.0,1.0,1.0
raw_topk:random_token-minus-random_pixel,549,0.15,0.03242799639701843,0.0974767655134201,0.17163780927658082,0.31437360048294066,0.04980918765068054,0.10173597931861877,0.0,0.0,0.0,0.0,1.0,1.0,1.0,1.0,1.0,1.0
raw_topk:random_token-minus-random_pixel,550,0.15,0.08545419573783875,0.06683109402656555,0.2487712621688843,0.1764310598373413,0.0983129858970642,0.07417581081390381,0.0,0.0,0.0,0.0,1.0,1.0,1.0,1.0,1.0,1.0
raw_topk:random_token-minus-random_pixel,567,0.15,0.051617497205734254,0.04576358199119568,0.22613699436187745,0.241771924495697,0.10229963660240174,0.10666081905364991,0.0,0.0,0.0,0.0,1.0,1.0,1.0,1.0,1.0,1.0
raw_topk:random_token-minus-random_pixel,576,0.15,0.000958251953125,0.004658013582229614,0.15377647876739503,0.23773372173309326,0.04626634120941162,0.07502973079681396,0.0,0.0,0.0,0.0,1.0,1.0,1.0,1.0,1.0,1.0
raw_topk:random_token-minus-random_pixel,589,0.15,0.06642636060714721,0.09462809562683105,0.18715575933456421,0.31315566301345826,0.05951581001281738,0.10215453505516052,0.0,0.0,0.0,0.0,1.0,1.0,1.0,1.0,1.0,1.0
raw_topk:random_token-minus-random_pixel,592,0.15,-0.009099811315536499,0.01651967763900757,0.1979665756225586,0.22200192213058473,0.08971039056777955,0.0954127311706543,0.0,0.2,0.0,0.2,1.0,0.8,1.0,1.0,1.0,1.0
raw_topk:random_token-minus-random_pixel,598,0.15,0.07722714841365814,0.05367737412452698,0.1639883279800415,0.14303492307662963,0.06288065314292908,0.04461246728897095,0.0,0.0,0.0,0.0,1.0,1.0,1.0,1.0,1.0,1.0
raw_topk:random_token-minus-random_pixel,602,0.15,0.03367212563753128,0.06054930984973907,0.19090331792831422,0.20870139598846435,0.0374893382191658,0.04846646636724472,91.4,171.2,0.0,0.0,0.0,0.0,0.0,0.0,0.0,0.0
raw_topk:random_token-minus-random_pixel,608,0.15,0.05517687201499939,0.0783040851354599,0.1797207236289978,0.24801031351089478,0.08380610942840576,0.1230652928352356,0.0,0.0,0.0,0.0,1.0,1.0,1.0,1.0,1.0,1.0
raw_topk:random_token-minus-random_pixel,613,0.15,0.018946963548660278,0.029797065258026122,0.1803361654281616,0.1659926652908325,0.055028009414672854,0.035537081956863406,0.0,0.0,0.0,0.0,1.0,1.0,1.0,1.0,1.0,1.0
raw_topk:random_token-minus-random_pixel,616,0.15,0.054110082983970645,0.03661949336528778,0.19917997121810913,0.15297645330429077,0.06102612018585205,0.047074532508850096,0.0,0.0,0.0,0.0,1.0,1.0,1.0,1.0,1.0,1.0
raw_topk:random_token-minus-random_pixel,624,0.15,0.052080351114273074,0.0554820716381073,0.18910008668899536,0.20500513315200805,0.05052540302276611,0.059856879711151126,0.0,0.0,0.0,0.0,1.0,1.0,1.0,1.0,1.0,1.0
raw_topk:random_token-minus-random_pixel,633,0.15,0.09304514229297638,0.16244591176509857,0.16109867095947267,0.2611426830291748,0.09437699913978577,0.1787145733833313,0.0,0.0,0.0,0.0,1.0,1.0,1.0,1.0,1.0,1.0
raw_topk:random_token-minus-random_pixel,658,0.15,0.016126054525375366,0.1279135525226593,0.15572509765625,0.3246959805488586,0.056827080249786374,0.17693729996681212,0.0,0.0,0.0,0.0,1.0,1.0,1.0,1.0,1.0,1.0
raw_topk:random_token-minus-random_pixel,670,0.15,0.04125480055809021,0.01662744879722595,0.24569510221481322,0.17604026794433594,0.11033791899681092,0.08178342580795288,0.2,0.2,0.2,0.2,0.8,0.8,1.0,1.0,1.0,1.0
raw_topk:random_token-minus-random_pixel,674,0.15,0.0912910282611847,0.13524574637413025,0.26760283708572385,0.3224591016769409,0.12607622146606445,0.17482632994651795,0.0,0.0,0.0,0.0,1.0,1.0,1.0,1.0,1.0,1.0
raw_topk:random_token-minus-random_pixel,686,0.15,0.01842525601387024,0.08371945321559907,0.11184040307998658,0.20094237327575684,0.022877824306488038,0.08262786269187927,0.0,0.0,0.0,0.0,1.0,1.0,1.0,1.0,1.0,1.0
raw_topk:random_token-minus-random_pixel,687,0.15,0.033842825889587404,0.042445480823516846,0.12265002727508545,0.2133135437965393,0.05885981321334839,0.10663119554519654,0.0,0.0,0.0,0.0,1.0,1.0,1.0,1.0,1.0,1.0
raw_topk:random_token-minus-random_pixel,689,0.15,0.028016889095306398,0.05025202631950378,0.0854765772819519,0.2338635206222534,0.036181509494781494,0.1196129560470581,0.0,0.0,0.0,0.0,1.0,1.0,1.0,1.0,1.0,1.0
raw_topk:random_token-minus-random_pixel,693,0.15,0.021517103910446166,0.045098108053207395,0.17888234853744506,0.26584339141845703,0.07581374645233155,0.11924691200256347,0.0,0.8,0.0,0.6,1.0,0.4,1.0,1.0,1.0,1.0
raw_topk:random_token-minus-random_pixel,720,0.15,0.048201778531074525,0.005662763118743896,0.16428552865982055,0.16911423206329346,0.05865932703018188,0.03147199749946594,0.0,0.0,0.0,0.0,1.0,1.0,1.0,1.0,1.0,1.0
raw_topk:random_token-minus-random_pixel,733,0.15,0.029081571102142333,0.03310327529907227,0.1798041820526123,0.25054640769958497,0.05738738775253296,0.08940593004226685,0.0,0.0,0.0,0.0,1.0,1.0,1.0,1.0,1.0,1.0
attention_raw_topk-minus-attention_connected,250,0.2,0.035435229539871216,0.036791712045669556,0.4665204882621765,0.46324706077575684,0.1147955060005188,0.11403372883796692,0,0,0,0,1,1,1,1,1,1
attention_raw_topk-minus-attention_connected,190,0.2,0.06880044937133789,0.07295301556587219,0.5431640148162842,0.5261552333831787,0.3121393024921417,0.3057938516139984,0,0,0,0,1,1,1,1,1,1
attention_raw_topk-minus-attention_connected,505,0.2,0.10577559471130371,0.13246136903762817,0.4673142433166504,0.42756855487823486,0.11575227975845337,0.13572239875793457,4,5,1,1,0,0,1,0,1,1
attention_raw_topk-minus-attention_connected,486,0.2,0.07229268550872803,0.15159189701080322,0.591111958026886,0.6437147855758667,0.1426529884338379,0.17642316222190857,3,33,1,1,0,0,1,0,1,0
attention_raw_topk-minus-attention_connected,72,0.2,0.11969959735870361,0.11969959735870361,0.42818260192871094,0.42818260192871094,0.20387345552444458,0.20387345552444458,0,0,0,0,1,1,1,1,1,1
attention_raw_topk-minus-attention_connected,222,0.2,0.03225383162498474,0.04062974452972412,0.5313759446144104,0.5159013271331787,0.06287848949432373,0.07786047458648682,0,0,0,0,1,1,1,1,1,1
attention_raw_topk-minus-attention_connected,42,0.2,0.11309540271759033,0.11774641275405884,0.337332546710968,0.3456568717956543,0.08156484365463257,0.09417343139648438,0,0,0,0,1,1,1,1,1,1
attention_raw_topk-minus-attention_connected,59,0.2,0.06525754928588867,0.058284878730773926,0.3849201202392578,0.39230358600616455,0.22896218299865723,0.22711706161499023,0,0,0,0,1,1,1,1,1,1
attention_raw_topk-minus-attention_connected,598,0.2,0.2126040905714035,0.2126040905714035,0.5606244206428528,0.5606244206428528,0.24602967500686646,0.24602967500686646,0,0,0,0,1,1,1,1,1,1
attention_raw_topk-minus-attention_connected,136,0.2,0.11155194044113159,0.07780943810939789,0.5143542885780334,0.4623793959617615,0.17623929679393768,0.13488876819610596,0,0,0,0,1,1,1,1,1,1
attention_raw_topk-minus-attention_connected,686,0.2,0.29783138632774353,0.29783138632774353,0.737058162689209,0.737058162689209,0.3540150225162506,0.3540150225162506,20,20,1,1,0,0,0,0,0,0
attention_raw_topk-minus-attention_connected,567,0.2,0.10585203766822815,0.09285672008991241,0.49900978803634644,0.5351410508155823,0.25760287046432495,0.2968292832374573,0,0,0,0,1,1,1,1,1,1
attention_raw_topk-minus-attention_connected,343,0.2,0.1203782856464386,0.10873609781265259,0.3532291054725647,0.35574090480804443,0.1613619327545166,0.1543893814086914,0,0,0,0,1,1,1,1,1,1
attention_raw_topk-minus-attention_connected,482,0.2,0.06880566477775574,0.06785154342651367,0.4474520683288574,0.44392991065979004,0.15789851546287537,0.16155573725700378,0,0,0,0,1,1,1,1,1,1
attention_raw_topk-minus-attention_connected,689,0.2,0.08097290992736816,0.07932296395301819,0.4729585647583008,0.47830790281295776,0.21688833832740784,0.2211335003376007,0,0,0,0,1,1,1,1,1,1
attention_raw_topk-minus-attention_connected,129,0.2,0.03875349462032318,0.04347847402095795,0.4775494933128357,0.49868714809417725,0.06395216286182404,0.076526939868927,0,0,0,0,1,1,1,1,1,1
attention_raw_topk-minus-attention_connected,334,0.2,0.1521368771791458,0.14829789102077484,0.53050696849823,0.5375003814697266,0.26912617683410645,0.26835212111473083,0,0,0,0,1,1,1,1,1,1
attention_raw_topk-minus-attention_connected,242,0.2,0.016921699047088623,0.014974236488342285,0.5459238290786743,0.5597670078277588,0.19645321369171143,0.18370968103408813,1,1,1,1,0,0,1,1,1,1
attention_raw_topk-minus-attention_connected,211,0.2,0.15053895115852356,0.153501957654953,0.4534546732902527,0.450287401676178,0.1916588544845581,0.18812978267669678,0,0,0,0,1,1,1,1,1,1
attention_raw_topk-minus-attention_connected,315,0.2,0.01825353503227234,0.02380022406578064,0.16689348220825195,0.17258411645889282,-0.021715790033340454,-0.013243645429611206,0,0,0,0,0,0,0,0,0,0
attention_raw_topk-minus-attention_connected,332,0.2,0.012595176696777344,0.041623473167419434,0.4199247360229492,0.4182214140892029,-0.001026242971420288,0.02837449312210083,0,0,0,0,1,1,1,1,1,1
attention_raw_topk-minus-attention_connected,544,0.2,0.2404695749282837,0.2482338547706604,0.47237497568130493,0.48588860034942627,0.25840309262275696,0.2736499607563019,0,0,0,0,1,1,1,1,1,1
attention_raw_topk-minus-attention_connected,43,0.2,0.09935149550437927,0.09369033575057983,0.40508484840393066,0.38939154148101807,0.11216026544570923,0.10885187983512878,0,0,0,0,1,1,1,1,1,1
attention_raw_topk-minus-attention_connected,36,0.2,0.08412036299705505,0.09100145101547241,0.40315479040145874,0.4460737109184265,0.21204882860183716,0.23019757866859436,2,3,1,1,0,0,1,1,1,1
attention_raw_topk-minus-attention_connected,245,0.2,0.25458598136901855,0.2717561423778534,0.46501004695892334,0.4737069606781006,0.28577303886413574,0.28062954545021057,0,0,0,0,1,1,1,1,1,1
attention_raw_topk-minus-attention_connected,624,0.2,0.08261069655418396,0.08398345112800598,0.3767678737640381,0.3670215606689453,0.10548728704452515,0.10597208142280579,0,0,0,0,1,1,1,1,1,1
attention_raw_topk-minus-attention_connected,163,0.2,-0.00755077600479126,-0.010066285729408264,0.5960618257522583,0.5937578082084656,0.05928009748458862,0.05633658170700073,0,-1,0,0,0,1,1,1,1,1
attention_raw_topk-minus-attention_connected,307,0.2,0.10160616040229797,0.11203671991825104,0.5580551028251648,0.5640579462051392,0.1412358582019806,0.13370230793952942,0,0,0,0,1,1,1,1,1,1
attention_raw_topk-minus-attention_connected,525,0.2,0.2101626694202423,0.2101626694202423,0.41598308086395264,0.41598308086395264,0.2251465916633606,0.2251465916633606,0,0,0,0,1,1,1,1,1,1
attention_raw_topk-minus-attention_connected,512,0.2,0.0863899290561676,0.08084654808044434,0.4335068464279175,0.43137645721435547,0.13277211785316467,0.13472986221313477,0,0,0,0,1,1,1,1,1,1
attention_raw_topk-minus-attention_connected,720,0.2,0.06249503791332245,0.06249503791332245,0.5275449752807617,0.5275449752807617,0.15361860394477844,0.15361860394477844,0,0,0,0,1,1,1,1,1,1
attention_raw_topk-minus-attention_connected,437,0.2,0.24782812595367432,0.2575381398200989,0.5764068365097046,0.5849695205688477,0.26336702704429626,0.26506078243255615,0,0,0,0,1,1,1,1,1,1
attention_raw_topk-minus-attention_connected,258,0.2,0.08463211357593536,0.09218491613864899,0.4667351245880127,0.47996991872787476,0.12663640081882477,0.13357125222682953,7,7,1,1,0,0,0,0,1,1
attention_raw_topk-minus-attention_connected,249,0.2,-0.026892751455307007,-0.023462027311325073,0.5088909864425659,0.5051319003105164,0.20682772994041443,0.20513370633125305,0,0,0,0,1,1,1,1,1,1
attention_raw_topk-minus-attention_connected,476,0.2,-0.0382271409034729,-0.04270666837692261,0.4229954481124878,0.42442142963409424,0.09747195243835449,0.09755828976631165,0,0,0,0,1,1,1,1,1,1
attention_raw_topk-minus-attention_connected,18,0.2,0.09526219964027405,0.09076210856437683,0.4230828285217285,0.41536766290664673,0.12938827276229858,0.1211651861667633,0,0,0,0,1,1,1,1,1,1
attention_raw_topk-minus-attention_connected,358,0.2,0.09747020900249481,0.12044556438922882,0.4436391592025757,0.46349775791168213,0.11781492829322815,0.1431439220905304,0,0,0,0,1,1,1,1,1,1
attention_raw_topk-minus-attention_connected,670,0.2,0.12998232245445251,0.12500664591789246,0.6372233629226685,0.6471297740936279,0.3492909073829651,0.3529750108718872,2,2,1,1,0,0,1,1,1,1
attention_raw_topk-minus-attention_connected,210,0.2,0.14966940879821777,0.15912112593650818,0.5907624959945679,0.5702643394470215,0.306287556886673,0.29825708270072937,0,0,0,0,1,1,1,1,1,1
attention_raw_topk-minus-attention_connected,549,0.2,0.15916067361831665,0.15465940535068512,0.5222705602645874,0.529218316078186,0.1926538646221161,0.19027459621429443,0,0,0,0,1,1,1,1,1,1
attention_raw_topk-minus-attention_connected,511,0.2,0.10766369104385376,0.10766369104385376,0.5904171466827393,0.5904171466827393,0.3042457401752472,0.3042457401752472,2,2,1,1,0,0,1,1,1,1
attention_raw_topk-minus-attention_connected,473,0.2,0.23731714487075806,0.23731714487075806,0.6205906867980957,0.6205906867980957,0.3012065887451172,0.3012065887451172,0,0,0,0,1,1,1,1,1,1
attention_raw_topk-minus-attention_connected,608,0.2,0.2951817959547043,0.2935187369585037,0.5196501016616821,0.5149068236351013,0.3260049521923065,0.32070019841194153,0,0,0,0,1,1,1,1,1,1
attention_raw_topk-minus-attention_connected,409,0.2,0.1458379626274109,0.14529374241828918,0.4653656482696533,0.4745699167251587,0.12414836883544922,0.12196540832519531,0,0,0,0,1,1,1,1,1,1
attention_raw_topk-minus-attention_connected,429,0.2,0.11489492654800415,0.12243372201919556,0.4789752960205078,0.4935866594314575,0.15245458483695984,0.16035431623458862,0,0,0,0,1,1,1,1,1,1
attention_raw_topk-minus-attention_connected,550,0.2,0.29394467175006866,0.28429199755191803,0.5853098630905151,0.5769181251525879,0.3178809583187103,0.3095994293689728,0,0,0,0,1,1,1,1,1,1
attention_raw_topk-minus-attention_connected,275,0.2,0.136799156665802,0.13454920053482056,0.5465795993804932,0.5271615982055664,0.19852367043495178,0.20364201068878174,0,0,0,0,1,1,1,1,1,1
attention_raw_topk-minus-attention_connected,613,0.2,0.1130501925945282,0.1130501925945282,0.4925178289413452,0.4925178289413452,0.20101326704025269,0.20101326704025269,7,7,1,1,0,0,0,0,1,1
attention_raw_topk-minus-attention_connected,509,0.2,-0.05178418755531311,-0.05312103033065796,0.4893072843551636,0.49096643924713135,0.10389885306358337,0.10127449035644531,-2,-2,0,0,1,1,1,1,1,1
attention_raw_topk-minus-attention_connected,37,0.2,0.1324341893196106,0.17482760548591614,0.39470142126083374,0.3648698329925537,0.06485167145729065,0.12283357977867126,0,0,0,0,1,1,1,1,1,1
attention_raw_topk-minus-attention_connected,514,0.2,0.1539173126220703,0.019912004470825195,0.3368278741836548,0.24469399452209473,0.14761587977409363,0.02050560712814331,0,0,0,0,1,1,1,1,1,1
attention_raw_topk-minus-attention_connected,268,0.2,0.00026798248291015625,-0.004617184400558472,0.4854608178138733,0.4920504093170166,0.11619788408279419,0.13093018531799316,0,0,0,0,1,1,1,1,1,1
attention_raw_topk-minus-attention_connected,198,0.2,0.18029752373695374,0.18029752373695374,0.5409426689147949,0.5409426689147949,0.2587997317314148,0.2587997317314148,0,0,0,0,1,1,1,1,1,1
attention_raw_topk-minus-attention_connected,207,0.2,0.10773596167564392,0.10773596167564392,0.5021084547042847,0.5021084547042847,0.2570822834968567,0.2570822834968567,0,0,0,0,1,1,1,1,1,1
attention_raw_topk-minus-attention_connected,454,0.2,0.046093106269836426,0.04825630784034729,0.36098992824554443,0.37600982189178467,0.08725810050964355,0.08924224972724915,0,0,0,0,1,1,1,1,1,1
attention_raw_topk-minus-attention_connected,502,0.2,0.12006883323192596,0.12006883323192596,0.49312227964401245,0.49312227964401245,0.19001814723014832,0.19001814723014832,0,0,0,0,1,1,1,1,1,1
attention_raw_topk-minus-attention_connected,497,0.2,0.17027899622917175,0.17206689715385437,0.4663832187652588,0.47002947330474854,0.20204660296440125,0.21485501527786255,0,0,0,0,1,1,1,1,1,1
attention_raw_topk-minus-attention_connected,592,0.2,0.0584317147731781,0.0584317147731781,0.44792139530181885,0.44792139530181885,0.1840231716632843,0.1840231716632843,1,1,1,1,0,0,1,1,1,1
attention_raw_topk-minus-attention_connected,105,0.2,0.061894237995147705,0.05966794490814209,0.5430973768234253,0.5497133135795593,0.227018803358078,0.22931507229804993,0,0,0,0,1,1,1,1,1,1
attention_raw_topk-minus-attention_connected,119,0.2,0.1366811990737915,0.1366811990737915,0.48220688104629517,0.48220688104629517,0.17820584774017334,0.17820584774017334,0,0,0,0,1,1,1,1,1,1
attention_raw_topk-minus-attention_connected,633,0.2,0.34449781477451324,0.34861093759536743,0.5571114420890808,0.5670138597488403,0.35957083106040955,0.3654991090297699,0,0,0,0,1,1,1,1,1,1
attention_raw_topk-minus-attention_connected,266,0.2,0.1116345226764679,0.1116345226764679,0.6207166910171509,0.6207166910171509,0.2832639515399933,0.2832639515399933,0,0,0,0,1,1,1,1,1,1
attention_raw_topk-minus-attention_connected,674,0.2,0.3029828667640686,0.3029828667640686,0.5603213906288147,0.5603213906288147,0.3428647518157959,0.3428647518157959,1,1,1,1,0,0,1,1,1,1
attention_raw_topk-minus-attention_connected,394,0.2,0.12211865186691284,0.12211865186691284,0.5365917086601257,0.5365917086601257,0.2689169645309448,0.2689169645309448,0,0,0,0,1,1,1,1,1,1
attention_raw_topk-minus-attention_connected,616,0.2,0.10501343011856079,0.1003551334142685,0.528316855430603,0.5226930379867554,0.19149446487426758,0.1821897029876709,0,0,0,0,1,1,1,1,1,1
attention_raw_topk-minus-attention_connected,112,0.2,0.05108487606048584,0.07447341084480286,0.5277771949768066,0.5262279510498047,0.1968683898448944,0.2131490409374237,0,0,0,0,1,1,1,1,1,1
attention_raw_topk-minus-attention_connected,397,0.2,0.05157250165939331,0.03856462240219116,0.5565640926361084,0.5344834923744202,0.1735067367553711,0.17025673389434814,0,0,0,0,1,1,1,1,1,1
attention_raw_topk-minus-attention_connected,464,0.2,0.24355925619602203,0.24663521349430084,0.6522305607795715,0.656309962272644,0.24260778725147247,0.251305490732193,0,0,0,0,1,1,1,1,1,1
attention_raw_topk-minus-attention_connected,693,0.2,0.05970194935798645,0.05970194935798645,0.5573508739471436,0.5573508739471436,0.22366854548454285,0.22366854548454285,2,2,1,1,0,0,1,1,1,1
attention_raw_topk-minus-attention_connected,349,0.2,0.14813311398029327,0.1537286341190338,0.5939343571662903,0.6058652400970459,0.3301752209663391,0.33874380588531494,0,0,0,0,1,1,1,1,1,1
attention_raw_topk-minus-attention_connected,487,0.2,0.24624240398406982,0.24624240398406982,0.6134216785430908,0.6134216785430908,0.26016849279403687,0.26016849279403687,0,0,0,0,1,1,1,1,1,1
attention_raw_topk-minus-attention_connected,733,0.2,0.08206653594970703,0.07498082518577576,0.3823803663253784,0.36618971824645996,0.15054407715797424,0.14029249548912048,0,0,0,0,1,1,1,1,1,1
attention_raw_topk-minus-attention_connected,471,0.2,0.029119044542312622,0.02884155511856079,0.5284494757652283,0.5283100605010986,0.04374510049819946,0.03992879390716553,66,49,0,0,0,0,0,0,0,0
attention_raw_topk-minus-attention_connected,687,0.2,0.17193013429641724,0.18099457025527954,0.5656859874725342,0.5733399987220764,0.3232930302619934,0.3432401716709137,0,0,0,0,1,1,1,1,1,1
attention_raw_topk-minus-attention_connected,253,0.2,0.11244779825210571,0.10672509670257568,0.48363953828811646,0.4760744571685791,0.24110186100006104,0.22850742936134338,0,0,0,0,1,1,1,1,1,1
attention_raw_topk-minus-attention_connected,333,0.2,0.13764970004558563,0.13433632254600525,0.5651788711547852,0.5806592702865601,0.24515439569950104,0.2374264895915985,0,0,0,0,1,1,1,1,1,1
attention_raw_topk-minus-attention_connected,34,0.2,0.036815494298934937,0.03452644497156143,0.5826694965362549,0.587152361869812,0.060123786330223083,0.06634419411420822,357,540,0,0,0,0,0,0,0,0
attention_raw_topk-minus-attention_connected,290,0.2,-0.009879440069198608,-0.033331483602523804,0.456291139125824,0.43381184339523315,0.08507943153381348,0.08648738265037537,0,0,0,0,1,1,1,1,1,1
attention_raw_topk-minus-attention_connected,110,0.2,0.014677166938781738,0.028930068016052246,0.2929152846336365,0.3181133270263672,0.11650300025939941,0.14318376779556274,0,0,0,0,1,1,1,1,1,1
attention_raw_topk-minus-attention_connected,301,0.2,0.08410269021987915,0.055415213108062744,0.43884044885635376,0.4405551552772522,0.15125930309295654,0.14794501662254333,0,0,0,0,1,1,1,1,1,1
attention_raw_topk-minus-attention_connected,489,0.2,0.26417265832424164,0.2736535370349884,0.5068811178207397,0.5081442594528198,0.32240843772888184,0.32469499111175537,0,0,0,0,1,1,1,1,1,1
attention_raw_topk-minus-attention_connected,154,0.2,0.042250365018844604,0.037355005741119385,0.44438648223876953,0.4659489393234253,0.11669185757637024,0.10776004195213318,0,0,0,0,1,1,1,1,1,1
attention_raw_topk-minus-attention_connected,481,0.2,0.09176261723041534,0.09642651677131653,0.3792850971221924,0.37642014026641846,0.16033202409744263,0.16122615337371826,0,0,0,0,1,1,1,1,1,1
attention_raw_topk-minus-attention_connected,602,0.2,0.11155396699905396,0.09460568428039551,0.41448670625686646,0.40784287452697754,0.08014637976884842,0.06806226819753647,645,356,0,0,0,0,0,0,0,0
attention_raw_topk-minus-attention_connected,48,0.2,0.1917075663805008,0.1935601532459259,0.45577001571655273,0.439744770526886,0.18753018975257874,0.18013298511505127,0,0,0,0,1,1,1,1,1,1
attention_raw_topk-minus-attention_connected,192,0.2,0.03440161049365997,0.04340390861034393,0.43734073638916016,0.4507675766944885,0.023824334144592285,0.04491908848285675,2,5,1,1,0,0,1,0,1,1
attention_raw_topk-minus-attention_connected,576,0.2,0.07142800092697144,0.0711800754070282,0.46260273456573486,0.450619637966156,0.1905806064605713,0.18306845426559448,1,1,1,1,0,0,1,1,1,1
attention_raw_topk-minus-attention_connected,350,0.2,0.14509154856204987,0.14509154856204987,0.6014856696128845,0.6014856696128845,0.33278217911720276,0.33278217911720276,0,0,0,0,1,1,1,1,1,1
attention_raw_topk-minus-attention_connected,527,0.2,0.06592032313346863,0.03929561376571655,0.4846881628036499,0.4907644987106323,0.11501890420913696,0.10940366983413696,0,0,0,0,1,1,1,1,1,1
attention_raw_topk-minus-attention_connected,152,0.2,0.05368104577064514,0.04941949248313904,0.4888612627983093,0.4838430881500244,0.22068500518798828,0.20735737681388855,0,0,0,0,1,1,1,1,1,1
attention_raw_topk-minus-attention_connected,66,0.2,-0.08216963708400726,-0.08565486967563629,0.4192349314689636,0.4222998023033142,0.04091702401638031,0.035744935274124146,-2,-2,0,0,1,1,1,1,1,1
attention_raw_topk-minus-attention_connected,355,0.2,0.023434758186340332,0.03395324945449829,0.5281577706336975,0.5301119685173035,0.19159993529319763,0.22667580842971802,0,0,0,0,1,1,1,1,1,1
attention_raw_topk-minus-attention_connected,589,0.2,0.171078622341156,0.16755390167236328,0.6232568621635437,0.6231850385665894,0.2520507872104645,0.24870434403419495,0,0,0,0,1,1,1,1,1,1
attention_raw_topk-minus-attention_connected,241,0.2,-0.0436130166053772,-0.046720460057258606,0.45456528663635254,0.48757052421569824,0.08209037780761719,0.08606849610805511,2,-4,0,0,0,0,0,0,0,0
attention_raw_topk-minus-attention_connected,234,0.2,0.1082245409488678,0.11494722962379456,0.5879441499710083,0.6036883592605591,0.16736653447151184,0.1741374433040619,0,0,0,0,1,1,1,1,1,1
attention_raw_topk-minus-attention_connected,542,0.2,0.15228593349456787,0.15228593349456787,0.5843608379364014,0.5843608379364014,0.15357261896133423,0.15357261896133423,1,1,1,1,0,0,1,1,1,1
attention_raw_topk-minus-attention_connected,22,0.2,0.1219075620174408,0.12147581577301025,0.5226863622665405,0.5224456787109375,0.2073894739151001,0.20549902319908142,0,0,0,0,1,1,1,1,1,1
attention_raw_topk-minus-attention_connected,474,0.2,0.21209686994552612,0.21209686994552612,0.45433759689331055,0.45433759689331055,0.2751096785068512,0.2751096785068512,0,0,0,0,1,1,1,1,1,1
attention_raw_topk-minus-attention_connected,658,0.2,0.17672893404960632,0.1926994025707245,0.45182567834854126,0.44120538234710693,0.26593631505966187,0.25868886709213257,0,0,0,0,1,1,1,1,1,1
attention_raw_topk-minus-attention_connected,313,0.2,0.07025788724422455,0.08513133227825165,0.4220573902130127,0.41902583837509155,0.122189000248909,0.1216522604227066,3,4,1,1,0,0,1,1,1,1
connected_topk:random_token-minus-random_pixel,18,0.2,0.014536690711975098,0.03043375611305237,0.15264347791671753,0.27865755558013916,0.04563307762145996,0.08461726903915405,0.0,0.0,0.0,0.0,1.0,1.0,1.0,1.0,1.0,1.0
connected_topk:random_token-minus-random_pixel,22,0.2,0.05663312375545502,0.1130631148815155,0.22756006717681884,0.44935016632080077,0.10051657557487488,0.1873587489128113,0.0,0.0,0.0,0.0,1.0,1.0,1.0,1.0,1.0,1.0
connected_topk:random_token-minus-random_pixel,34,0.2,-0.025715075433254242,-0.00941174030303955,0.37752768993377683,0.33367868661880495,0.022007916867733002,0.01349758803844452,164.0,116.2,0.0,0.0,0.2,0.0,0.2,0.0,0.2,0.2
connected_topk:random_token-minus-random_pixel,36,0.2,0.03741577863693237,0.020631831884384156,0.31294926404953005,0.20034676790237427,0.163859224319458,0.10261054039001465,1.0,0.4,0.4,0.2,0.6,0.8,1.0,1.0,1.0,1.0
connected_topk:random_token-minus-random_pixel,37,0.2,0.06355006396770477,0.06332377195358277,0.20659220218658447,0.22137535810470582,0.0614499032497406,0.07250089645385742,0.0,0.0,0.0,0.0,1.0,1.0,1.0,1.0,1.0,1.0
connected_topk:random_token-minus-random_pixel,42,0.2,0.040718716382980344,0.035378873348236084,0.16652998924255372,0.19633196592330932,0.036852723360061644,0.05033283829689026,0.0,0.0,0.0,0.0,1.0,1.0,1.0,1.0,1.0,1.0
connected_topk:random_token-minus-random_pixel,43,0.2,0.06006130278110504,0.060077977180480954,0.23904917240142823,0.2620821714401245,0.07151212692260742,0.07636134624481201,0.0,0.0,0.0,0.0,1.0,1.0,1.0,1.0,1.0,1.0
connected_topk:random_token-minus-random_pixel,48,0.2,0.11242917478084564,0.1450358271598816,0.2787292718887329,0.3958869338035583,0.12066673636436462,0.14843689799308776,0.0,0.0,0.0,0.0,1.0,1.0,1.0,1.0,1.0,1.0
connected_topk:random_token-minus-random_pixel,59,0.2,0.06398645639419556,0.06269279718399048,0.1415792465209961,0.1504101037979126,0.08845793008804322,0.09949784874916076,0.0,0.0,0.0,0.0,1.0,1.0,1.0,1.0,1.0,1.0
connected_topk:random_token-minus-random_pixel,66,0.2,-0.021510833501815797,-0.00011353492736816406,0.2553960084915161,0.2378961682319641,0.05223874449729919,0.05046370029449463,-0.8,-0.4,0.0,0.0,0.4,0.0,1.0,1.0,1.0,1.0
connected_topk:random_token-minus-random_pixel,72,0.2,0.019852256774902342,0.008610177040100097,0.18083040714263915,0.10846705436706543,0.061447882652282716,0.0321885347366333,0.0,0.0,0.0,0.0,1.0,1.0,1.0,1.0,1.0,1.0
connected_topk:random_token-minus-random_pixel,105,0.2,0.03550050854682922,0.020137327909469604,0.3587879776954651,0.2561972618103027,0.14683139324188232,0.10435817241668702,0.0,0.0,0.0,0.0,1.0,1.0,1.0,1.0,1.0,1.0
connected_topk:random_token-minus-random_pixel,110,0.2,0.024350136518478394,0.02153124213218689,0.11074436902999878,0.18256174325942992,0.06449664831161499,0.09620885848999024,0.0,0.0,0.0,0.0,1.0,1.0,1.0,1.0,1.0,1.0
connected_topk:random_token-minus-random_pixel,112,0.2,0.04247119426727295,0.09740217924118041,0.2946492671966553,0.37148680686950686,0.1158512532711029,0.15563095211982728,0.0,0.0,0.0,0.0,1.0,1.0,1.0,1.0,1.0,1.0
connected_topk:random_token-minus-random_pixel,119,0.2,0.06625146865844726,0.0640089213848114,0.3150541663169861,0.29583529233932493,0.08994858860969543,0.09025775194168091,0.0,0.0,0.0,0.0,1.0,1.0,1.0,1.0,1.0,1.0
connected_topk:random_token-minus-random_pixel,129,0.2,0.02920673191547394,0.04536017477512359,0.2962361931800842,0.28090094327926635,0.02574950158596039,0.06537759006023407,0.0,0.4,0.0,0.2,1.0,0.8,1.0,1.0,1.0,1.0
connected_topk:random_token-minus-random_pixel,136,0.2,0.04635543525218964,0.053087151050567626,0.32905125617980957,0.35295199155807494,0.09037123322486877,0.11180181503295898,0.0,0.0,0.0,0.0,1.0,1.0,1.0,1.0,1.0,1.0
connected_topk:random_token-minus-random_pixel,152,0.2,0.02361077070236206,0.05691484808921814,0.15102803707122803,0.22369258403778075,0.05338313579559326,0.0817224621772766,0.0,0.0,0.0,0.0,1.0,1.0,1.0,1.0,1.0,1.0
connected_topk:random_token-minus-random_pixel,154,0.2,0.04203670620918274,0.04713849723339081,0.30820019245147706,0.38292821645736697,0.09035988748073578,0.10745952725410461,0.0,0.0,0.0,0.0,1.0,1.0,1.0,1.0,1.0,1.0
connected_topk:random_token-minus-random_pixel,163,0.2,-0.0038415312767028807,-0.015313243865966797,0.054346334934234616,0.27440524101257324,0.004973024129867554,0.0118475079536438,-0.2,-1.0,0.0,0.0,0.2,1.0,1.0,1.0,1.0,1.0
connected_topk:random_token-minus-random_pixel,190,0.2,0.0540133535861969,0.024915051460266114,0.3505530714988708,0.21814868450164795,0.19429553747177125,0.11287000179290771,0.2,0.0,0.2,0.0,0.8,1.0,1.0,1.0,1.0,1.0
connected_topk:random_token-minus-random_pixel,192,0.2,0.020460599660873414,0.02165270447731018,0.3680217146873474,0.3977469801902771,0.03360214829444885,0.03530005812644958,3.4,1.8,1.0,0.8,0.0,0.2,0.8,1.0,1.0,1.0
connected_topk:random_token-minus-random_pixel,198,0.2,0.0986072838306427,0.10947827696800232,0.300450599193573,0.35744088888168335,0.15067018270492555,0.1885246753692627,0.0,0.0,0.0,0.0,1.0,1.0,1.0,1.0,1.0,1.0
connected_topk:random_token-minus-random_pixel,207,0.2,0.031754922866821286,0.040187567472457886,0.17986619472503662,0.2746151566505432,0.07245142459869384,0.10291905403137207,0.0,0.0,0.0,0.0,1.0,1.0,1.0,1.0,1.0,1.0
connected_topk:random_token-minus-random_pixel,210,0.2,0.08390243351459503,0.07372598052024841,0.24597638845443726,0.2585497498512268,0.1395508885383606,0.14277968406677247,0.0,0.0,0.0,0.0,1.0,1.0,1.0,1.0,1.0,1.0
connected_topk:random_token-minus-random_pixel,211,0.2,0.0384485125541687,0.0849349319934845,0.1764094591140747,0.3061423420906067,0.0916897177696228,0.12493551373481751,0.0,0.0,0.0,0.0,1.0,1.0,1.0,1.0,1.0,1.0
connected_topk:random_token-minus-random_pixel,222,0.2,-0.013414350152015687,0.028144332766532897,0.3521721839904785,0.2981584906578064,0.023896974325180054,0.05658343136310577,0.0,0.0,0.0,0.0,1.0,1.0,1.0,1.0,1.0,1.0
connected_topk:random_token-minus-random_pixel,234,0.2,0.06233034431934357,0.08062659204006195,0.4032233238220215,0.5401214838027955,0.13430173993110656,0.15503397583961487,0.0,0.0,0.0,0.0,1.0,1.0,1.0,1.0,1.0,1.0
connected_topk:random_token-minus-random_pixel,241,0.2,-0.024698403477668763,-0.02658546268939972,0.28167095184326174,0.30893059968948366,0.03979215621948242,0.04848894774913788,-2.6,-0.6,0.0,0.0,0.0,0.0,0.0,0.0,0.0,0.0
connected_topk:random_token-minus-random_pixel,242,0.2,0.0009045958518981934,-0.005174130201339722,0.27433401346206665,0.39407663345336913,0.08569278120994568,0.12433543801307678,1.2,0.4,0.6,0.2,0.4,0.8,1.0,1.0,1.0,1.0
connected_topk:random_token-minus-random_pixel,245,0.2,0.07065179347991943,0.05041590332984924,0.20069797039031984,0.14622395038604735,0.09721218943595886,0.07907253503799438,0.0,0.0,0.0,0.0,1.0,1.0,1.0,1.0,1.0,1.0
connected_topk:random_token-minus-random_pixel,249,0.2,0.009506839513778686,-0.01880453824996948,0.1830392837524414,0.32324584722518923,0.11378697156906128,0.139543753862381,0.4,0.4,0.4,0.2,0.6,0.8,1.0,1.0,1.0,1.0
connected_topk:random_token-minus-random_pixel,250,0.2,0.02055116295814514,0.011834549903869628,0.2897347450256348,0.22263611555099488,0.084823739528656,0.05718901753425598,0.0,0.0,0.0,0.0,1.0,1.0,1.0,1.0,1.0,1.0
connected_topk:random_token-minus-random_pixel,253,0.2,0.046169203519821164,0.05785989463329315,0.27388873100280764,0.37413986921310427,0.13503773808479308,0.1903678297996521,0.0,0.0,0.0,0.0,1.0,1.0,1.0,1.0,1.0,1.0
connected_topk:random_token-minus-random_pixel,258,0.2,0.04362287819385528,0.08712177276611328,0.26804115772247317,0.36173574924468993,0.06153782308101654,0.11580052375793456,2.2,40.6,0.6,0.8,0.4,0.2,0.8,0.4,1.0,0.4
connected_topk:random_token-minus-random_pixel,266,0.2,0.03596965670585632,0.03581913709640503,0.19150644540786743,0.2411886930465698,0.08592255711555481,0.09329589009284973,0.0,0.0,0.0,0.0,1.0,1.0,1.0,1.0,1.0,1.0
connected_topk:random_token-minus-random_pixel,268,0.2,0.016119837760925293,-0.0008110344409942627,0.2996938109397888,0.29270775318145753,0.07245884537696838,0.07145177125930786,1.0,0.0,0.4,0.0,0.6,1.0,1.0,1.0,1.0,1.0
connected_topk:random_token-minus-random_pixel,275,0.2,0.057885026931762694,0.06115235090255737,0.32291264533996583,0.23967981338500977,0.09681257009506225,0.09169410467147827,0.0,0.0,0.0,0.0,1.0,1.0,1.0,1.0,1.0,1.0
connected_topk:random_token-minus-random_pixel,290,0.2,-0.01192813515663147,-0.02747930884361267,0.26644071340560915,0.2798125982284546,0.056495767831802365,0.05884466767311096,0.0,0.0,0.0,0.0,1.0,1.0,1.0,1.0,1.0,1.0
connected_topk:random_token-minus-random_pixel,301,0.2,0.030484604835510253,0.025889778137207033,0.3106106758117676,0.3045286774635315,0.08807466626167297,0.08515064120292663,0.0,0.0,0.0,0.0,1.0,1.0,1.0,1.0,1.0,1.0
connected_topk:random_token-minus-random_pixel,307,0.2,0.10146980285644532,0.11702449023723602,0.35556774139404296,0.37861318588256837,0.10584483742713928,0.11650908291339875,0.4,0.0,0.2,0.0,0.8,1.0,1.0,1.0,1.0,1.0
connected_topk:random_token-minus-random_pixel,313,0.2,0.014879971742630005,0.048286962509155276,0.08864927291870117,0.2976471781730652,0.01745758056640625,0.08036985993385315,0.0,0.6,0.0,0.2,1.0,0.8,1.0,1.0,1.0,1.0
connected_topk:random_token-minus-random_pixel,315,0.2,0.000481414794921875,-0.010553467273712158,0.1239812731742859,0.11779664754867554,-0.013751447200775146,0.0065032958984375,0.0,-0.2,0.0,0.0,0.0,0.0,0.0,0.0,0.0,0.0
connected_topk:random_token-minus-random_pixel,332,0.2,0.04442278742790222,0.04487288892269135,0.20936568975448608,0.3413206934928894,0.02252500653266907,0.029353421926498414,0.0,0.0,0.0,0.0,1.0,1.0,1.0,1.0,1.0,1.0
connected_topk:random_token-minus-random_pixel,333,0.2,0.06405566036701202,0.07884465157985687,0.3056188941001892,0.35190774202346803,0.13221964240074158,0.1468397557735443,0.0,0.0,0.0,0.0,1.0,1.0,1.0,1.0,1.0,1.0
connected_topk:random_token-minus-random_pixel,334,0.2,0.07235637307167053,0.07522919476032257,0.2093664288520813,0.26835795640945437,0.10333209037780762,0.13075116872787476,0.0,0.0,0.0,0.0,1.0,1.0,1.0,1.0,1.0,1.0
connected_topk:random_token-minus-random_pixel,343,0.2,0.03628159165382385,0.13511617183685304,0.13655043840408326,0.32963134050369264,0.05472263097763062,0.14593132138252257,0.0,0.0,0.0,0.0,1.0,1.0,1.0,1.0,1.0,1.0
connected_topk:random_token-minus-random_pixel,349,0.2,0.08330263197422028,0.06415331363677979,0.3194232821464539,0.21517955064773558,0.18253258466720582,0.11859167218208314,0.0,0.0,0.0,0.0,1.0,1.0,1.0,1.0,1.0,1.0
connected_topk:random_token-minus-random_pixel,350,0.2,0.059390720725059507,0.101417076587677,0.27830569744110106,0.4400235414505005,0.1287163555622101,0.22670679092407225,0.0,0.0,0.0,0.0,1.0,1.0,1.0,1.0,1.0,1.0
connected_topk:random_token-minus-random_pixel,355,0.2,0.024773037433624266,0.02730398178100586,0.3684112668037415,0.30237998962402346,0.15220324993133544,0.12361544370651245,0.0,0.0,0.0,0.0,1.0,1.0,1.0,1.0,1.0,1.0
connected_topk:random_token-minus-random_pixel,358,0.2,0.050109127163887025,0.09265090525150299,0.22969135046005248,0.3072024703025818,0.0664664089679718,0.1034922480583191,0.0,0.0,0.0,0.0,1.0,1.0,1.0,1.0,1.0,1.0
connected_topk:random_token-minus-random_pixel,394,0.2,0.04537707269191742,0.07645361423492432,0.25448901653289796,0.37634739875793455,0.10860638618469239,0.16929991841316222,0.0,0.0,0.0,0.0,1.0,1.0,1.0,1.0,1.0,1.0
connected_topk:random_token-minus-random_pixel,397,0.2,0.02828640341758728,0.004394036531448364,0.17254499197006226,0.1361868143081665,0.06216792464256286,0.03308010697364807,0.0,0.0,0.0,0.0,1.0,1.0,1.0,1.0,1.0,1.0
connected_topk:random_token-minus-random_pixel,409,0.2,0.04267808794975281,0.06216006875038147,0.118961501121521,0.18665997982025145,0.040840929746627806,0.05867592692375183,0.0,0.0,0.0,0.0,1.0,1.0,1.0,1.0,1.0,1.0
connected_topk:random_token-minus-random_pixel,429,0.2,0.03085007071495056,0.059879925847053525,0.18897593021392822,0.3283742547035217,0.04825342297554016,0.09253126382827759,0.0,0.0,0.0,0.0,1.0,1.0,1.0,1.0,1.0,1.0
connected_topk:random_token-minus-random_pixel,437,0.2,0.17274824678897857,0.09200459122657775,0.36873191595077515,0.23520349264144896,0.1818921983242035,0.1020615577697754,0.0,0.0,0.0,0.0,1.0,1.0,1.0,1.0,1.0,1.0
connected_topk:random_token-minus-random_pixel,454,0.2,0.017813748121261595,0.04035344123840332,0.19142550230026245,0.28828721046447753,0.069670569896698,0.08841424584388732,0.0,0.0,0.0,0.0,1.0,1.0,1.0,1.0,1.0,1.0
connected_topk:random_token-minus-random_pixel,464,0.2,0.0638892412185669,0.04024041891098022,0.2766176462173462,0.16517962217330934,0.07388724684715271,0.035216224193572995,0.0,0.0,0.0,0.0,1.0,1.0,1.0,1.0,1.0,1.0
connected_topk:random_token-minus-random_pixel,471,0.2,-3.7556886672973634e-05,0.01592226028442383,0.26891388893127444,0.2637930750846863,0.016135895252227785,0.030116432905197145,6.8,30.0,0.0,0.0,0.0,0.0,0.2,0.2,0.2,0.2
connected_topk:random_token-minus-random_pixel,473,0.2,0.08805126547813416,0.10803501009941101,0.2794158816337585,0.2946573495864868,0.10917077064514161,0.13764936923980714,0.0,0.0,0.0,0.0,1.0,1.0,1.0,1.0,1.0,1.0
connected_topk:random_token-minus-random_pixel,474,0.2,0.11849087476730347,0.060302740335464476,0.2731524586677551,0.21660269498825074,0.159068763256073,0.11235339641571045,0.0,0.0,0.0,0.0,1.0,1.0,1.0,1.0,1.0,1.0
connected_topk:random_token-minus-random_pixel,476,0.2,-0.012879884243011475,-0.017864805459976197,0.2379266381263733,0.2673498511314392,0.06878386735916138,0.08717455267906189,0.0,0.0,0.0,0.0,1.0,1.0,1.0,1.0,1.0,1.0
connected_topk:random_token-minus-random_pixel,481,0.2,0.04570332169532776,0.07514128386974335,0.22458208799362184,0.35187243223190307,0.07536817193031312,0.13586400151252748,0.0,0.0,0.0,0.0,1.0,1.0,1.0,1.0,1.0,1.0
connected_topk:random_token-minus-random_pixel,482,0.2,0.017049068212509157,0.030981665849685668,0.09366567134857177,0.23214259147644042,0.02895256280899048,0.07712339162826538,0.0,0.0,0.0,0.0,1.0,1.0,1.0,1.0,1.0,1.0
connected_topk:random_token-minus-random_pixel,486,0.2,0.02157469093799591,0.03471162617206573,0.3107109904289246,0.35277112722396853,0.09082823991775513,0.10129908919334411,0.0,1.8,0.0,0.4,1.0,0.6,1.0,0.8,1.0,1.0
connected_topk:random_token-minus-random_pixel,487,0.2,0.12395086884498596,0.07247369289398194,0.33841671943664553,0.22874487638473512,0.13333638310432433,0.0914194107055664,0.0,0.0,0.0,0.0,1.0,1.0,1.0,1.0,1.0,1.0
connected_topk:random_token-minus-random_pixel,489,0.2,0.1836324840784073,0.19471182227134703,0.3947296619415283,0.3855116605758667,0.24682738184928893,0.2331264078617096,0.0,0.0,0.0,0.0,1.0,1.0,1.0,1.0,1.0,1.0
connected_topk:random_token-minus-random_pixel,497,0.2,0.10350608229637145,0.06079679429531097,0.3353570938110352,0.3041989326477051,0.11926849484443665,0.09461959004402161,0.0,0.0,0.0,0.0,1.0,1.0,1.0,1.0,1.0,1.0
connected_topk:random_token-minus-random_pixel,502,0.2,0.05049979984760285,0.06877205073833466,0.27828518152236936,0.3132217288017273,0.09269835352897644,0.11051167249679565,0.0,0.0,0.0,0.0,1.0,1.0,1.0,1.0,1.0,1.0
connected_topk:random_token-minus-random_pixel,505,0.2,0.03389933705329895,0.048074787855148314,0.16772671937942504,0.23615567684173583,0.0397122323513031,0.08119129538536071,0.4,1.4,0.2,0.4,0.8,0.6,1.0,0.8,1.0,1.0
connected_topk:random_token-minus-random_pixel,509,0.2,0.009773719310760497,-0.058716344833374026,0.23323204517364501,0.3227804183959961,0.0663403332233429,0.031990820169448854,-1.2,-1.8,0.0,0.0,0.2,0.8,1.0,1.0,1.0,1.0
connected_topk:random_token-minus-random_pixel,511,0.2,0.019401133060455322,-0.009601414203643799,0.2899344801902771,0.32789207696914674,0.15228078365325928,0.1510339319705963,0.0,0.0,0.0,0.0,1.0,1.0,1.0,1.0,1.0,1.0
connected_topk:random_token-minus-random_pixel,512,0.2,0.04736711978912354,0.07314143776893615,0.2684580683708191,0.3435068130493164,0.10667524337768555,0.13682491779327394,0.0,0.0,0.0,0.0,1.0,1.0,1.0,1.0,1.0,1.0
connected_topk:random_token-minus-random_pixel,514,0.2,0.04407151341438294,0.016369396448135377,0.14355859756469727,0.1662535309791565,0.032283902168273926,0.01249150037765503,0.0,0.0,0.0,0.0,1.0,1.0,1.0,1.0,1.0,1.0
connected_topk:random_token-minus-random_pixel,525,0.2,0.15774582624435424,0.10167227983474732,0.2853312134742737,0.23474520444869995,0.17500388622283936,0.098449444770813,0.0,0.0,0.0,0.0,1.0,1.0,1.0,1.0,1.0,1.0
connected_topk:random_token-minus-random_pixel,527,0.2,0.0010769128799438476,0.019554221630096437,0.22810170650482178,0.24824626445770265,0.04367081522941589,0.06664643287658692,0.0,0.0,0.0,0.0,1.0,1.0,1.0,1.0,1.0,1.0
connected_topk:random_token-minus-random_pixel,542,0.2,0.007601320743560791,-0.001872384548187256,0.21932566165924072,0.09545505046844482,0.01596035063266754,0.020383918285369874,0.0,0.0,0.0,0.0,1.0,1.0,1.0,1.0,1.0,1.0
connected_topk:random_token-minus-random_pixel,544,0.2,0.17532098889350892,0.15980029702186585,0.3642629384994507,0.3099464774131775,0.18272825479507446,0.15311036109924317,0.0,0.0,0.0,0.0,1.0,1.0,1.0,1.0,1.0,1.0
connected_topk:random_token-minus-random_pixel,549,0.2,0.0933915764093399,0.08060334920883179,0.35713223218917844,0.261095130443573,0.11296788454055787,0.09539037346839904,0.0,0.0,0.0,0.0,1.0,1.0,1.0,1.0,1.0,1.0
connected_topk:random_token-minus-random_pixel,550,0.2,0.06874557137489319,0.10811445713043213,0.1547613263130188,0.2822901844978333,0.07636852860450745,0.12839784026145934,0.0,0.0,0.0,0.0,1.0,1.0,1.0,1.0,1.0,1.0
connected_topk:random_token-minus-random_pixel,567,0.2,0.0451710045337677,0.04281963706016541,0.24985594749450685,0.2086616039276123,0.13269110321998595,0.10884405970573426,0.0,0.0,0.0,0.0,1.0,1.0,1.0,1.0,1.0,1.0
connected_topk:random_token-minus-random_pixel,576,0.2,0.010290759801864623,0.03844739198684692,0.2166622519493103,0.3584513783454895,0.06070642471313477,0.12302345037460327,0.2,0.6,0.2,0.6,0.8,0.4,1.0,1.0,1.0,1.0
connected_topk:random_token-minus-random_pixel,589,0.2,0.07490112781524658,0.11182368397712708,0.2371001958847046,0.38375613689422605,0.07741022109985352,0.1440970182418823,0.0,0.0,0.0,0.0,1.0,1.0,1.0,1.0,1.0,1.0
connected_topk:random_token-minus-random_pixel,592,0.2,0.002956491708755493,0.027590322494506835,0.25828381776809695,0.31976889371871947,0.12550743222236632,0.14878308176994323,0.0,0.4,0.0,0.4,1.0,0.6,1.0,1.0,1.0,1.0
connected_topk:random_token-minus-random_pixel,598,0.2,0.1808338075876236,0.14877788722515106,0.36241334676742554,0.35277708768844607,0.17292489409446715,0.15207481384277344,0.0,0.0,0.0,0.0,1.0,1.0,1.0,1.0,1.0,1.0
connected_topk:random_token-minus-random_pixel,602,0.2,0.06155255287885666,0.07697961628437042,0.25080718994140627,0.30498305559158323,0.0455083504319191,0.06595990508794784,195.2,447.4,0.0,0.0,0.0,0.0,0.0,0.0,0.0,0.0
connected_topk:random_token-minus-random_pixel,608,0.2,0.1114298939704895,0.1822261780500412,0.30666264295578005,0.4035354733467102,0.14527692198753356,0.23100438714027405,0.0,0.0,0.0,0.0,1.0,1.0,1.0,1.0,1.0,1.0
connected_topk:random_token-minus-random_pixel,613,0.2,0.047704219818115234,0.06813809871673585,0.24113028049468993,0.3255939483642578,0.09252976775169372,0.12403620481491089,3.2,3.4,0.6,0.6,0.4,0.4,0.6,0.6,1.0,1.0
connected_topk:random_token-minus-random_pixel,616,0.2,0.0736303985118866,0.05393431782722473,0.34469540119171144,0.2494966983795166,0.10879347920417785,0.0784233033657074,0.0,0.0,0.0,0.0,1.0,1.0,1.0,1.0,1.0,1.0
connected_topk:random_token-minus-random_pixel,624,0.2,0.04706514477729797,0.0430361807346344,0.15829473733901978,0.17291730642318726,0.033850014209747314,0.03935955166816711,0.0,0.0,0.0,0.0,1.0,1.0,1.0,1.0,1.0,1.0
connected_topk:random_token-minus-random_pixel,633,0.2,0.02113724946975708,0.12543799877166747,0.05584285259246826,0.2152911901473999,0.018672096729278564,0.12526421546936034,0.0,0.0,0.0,0.0,1.0,1.0,1.0,1.0,1.0,1.0
connected_topk:random_token-minus-random_pixel,658,0.2,0.022074300050735473,0.08338416814804077,0.12516878843307494,0.24090371131896973,0.051375067234039305,0.10533443093299866,0.0,0.0,0.0,0.0,1.0,1.0,1.0,1.0,1.0,1.0
connected_topk:random_token-minus-random_pixel,670,0.2,0.015314382314682008,0.010410892963409423,0.10353254079818726,0.03955931663513183,0.04761168956756592,0.010648930072784423,0.0,0.0,0.0,0.0,1.0,1.0,1.0,1.0,1.0,1.0
connected_topk:random_token-minus-random_pixel,674,0.2,0.07926678657531738,0.0888012707233429,0.22940248250961304,0.24649609327316285,0.10395368337631225,0.10557629466056824,0.0,0.0,0.0,0.0,1.0,1.0,1.0,1.0,1.0,1.0
connected_topk:random_token-minus-random_pixel,686,0.2,0.08279368579387665,0.11288495063781738,0.2710149884223938,0.26132361888885497,0.09333369135856628,0.12247051894664765,0.0,0.0,0.0,0.0,1.0,1.0,1.0,1.0,1.0,1.0
connected_topk:random_token-minus-random_pixel,687,0.2,0.07163620293140412,0.08746187090873718,0.24516476392745973,0.31018991470336915,0.1456691265106201,0.16447948217391967,0.0,0.0,0.0,0.0,1.0,1.0,1.0,1.0,1.0,1.0
connected_topk:random_token-minus-random_pixel,689,0.2,0.03504071235656738,0.03359789252281189,0.1661588191986084,0.24131696224212645,0.07475107908248901,0.11578587889671325,0.0,0.0,0.0,0.0,1.0,1.0,1.0,1.0,1.0,1.0
connected_topk:random_token-minus-random_pixel,693,0.2,0.04883001446723938,0.04205179214477539,0.34946842193603517,0.26532918214797974,0.14034397006034852,0.11237887144088746,2.0,0.8,0.4,0.4,0.6,0.6,0.6,1.0,1.0,1.0
connected_topk:random_token-minus-random_pixel,720,0.2,0.0577715814113617,0.045857015252113345,0.27027533054351804,0.2672446608543396,0.08087763786315919,0.0797707974910736,0.0,0.0,0.0,0.0,1.0,1.0,1.0,1.0,1.0,1.0
connected_topk:random_token-minus-random_pixel,733,0.2,0.037748086452484134,0.05709660053253174,0.16183029413223265,0.24485863447189332,0.06115874648094177,0.10365276336669922,0.0,0.0,0.0,0.0,1.0,1.0,1.0,1.0,1.0,1.0
raw_topk:random_token-minus-random_pixel,18,0.2,0.017608785629272462,0.013040870428085327,0.18766458034515382,0.1627081513404846,0.061626100540161134,0.05136167407035828,0.0,0.0,0.0,0.0,1.0,1.0,1.0,1.0,1.0,1.0
raw_topk:random_token-minus-random_pixel,22,0.2,0.10305818021297455,0.13444536328315734,0.3579316258430481,0.48977514505386355,0.15833606719970703,0.22305160760879517,0.0,0.0,0.0,0.0,1.0,1.0,1.0,1.0,1.0,1.0
raw_topk:random_token-minus-random_pixel,34,0.2,0.0005762562155723572,-0.02039334774017334,0.3816607356071472,0.481829845905304,0.034046117961406705,0.018750956654548644,203.8,137.4,0.0,0.0,0.0,0.2,0.0,0.2,0.0,0.2
raw_topk:random_token-minus-random_pixel,36,0.2,0.0382332444190979,0.03149001002311706,0.3021352648735046,0.3432331919670105,0.14438540935516359,0.14523065686225892,1.0,0.6,0.6,0.4,0.4,0.6,1.0,1.0,1.0,1.0
raw_topk:random_token-minus-random_pixel,37,0.2,0.09104374051094055,0.11806791722774505,0.1968693494796753,0.2885536074638367,0.04757968187332153,0.0918530523777008,0.0,0.0,0.0,0.0,1.0,1.0,1.0,1.0,1.0,1.0
raw_topk:random_token-minus-random_pixel,42,0.2,0.05314788818359375,0.06700102686882019,0.2644342541694641,0.2711702823638916,0.05779600739479065,0.07867575287818909,0.0,0.0,0.0,0.0,1.0,1.0,1.0,1.0,1.0,1.0
raw_topk:random_token-minus-random_pixel,43,0.2,0.02565188705921173,0.05211345851421356,0.26738126277923585,0.36791577339172366,0.047122102975845334,0.08327499032020569,0.0,0.0,0.0,0.0,1.0,1.0,1.0,1.0,1.0,1.0
raw_topk:random_token-minus-random_pixel,48,0.2,0.08556966483592987,0.09504984021186828,0.22524771690368653,0.29486219882965087,0.08523715734481811,0.0990465223789215,0.0,0.0,0.0,0.0,1.0,1.0,1.0,1.0,1.0,1.0
raw_topk:random_token-minus-random_pixel,59,0.2,0.04284257888793945,0.07877691984176635,0.23934381008148192,0.18494592905044555,0.1557476043701172,0.1183053731918335,0.0,0.0,0.0,0.0,1.0,1.0,1.0,1.0,1.0,1.0
raw_topk:random_token-minus-random_pixel,66,0.2,-0.031261271238327025,-0.06388844847679138,0.24919644594192505,0.36236618757247924,0.02413404583930969,0.040201759338378905,-1.2,-1.6,0.0,0.0,0.4,0.6,1.0,1.0,1.0,1.0
raw_topk:random_token-minus-random_pixel,72,0.2,0.03366992473602295,0.022595030069351197,0.24623641967773438,0.21540151834487914,0.09113965034484864,0.06571922302246094,0.0,0.0,0.0,0.0,1.0,1.0,1.0,1.0,1.0,1.0
raw_topk:random_token-minus-random_pixel,105,0.2,0.020019280910491943,0.021631717681884766,0.19345923662185668,0.2149615168571472,0.07117031812667847,0.08970383405685425,0.0,0.0,0.0,0.0,1.0,1.0,1.0,1.0,1.0,1.0
raw_topk:random_token-minus-random_pixel,110,0.2,0.0279693067073822,0.016839206218719482,0.1521424174308777,0.14650806188583373,0.059222829341888425,0.05819194316864014,0.0,0.0,0.0,0.0,1.0,1.0,1.0,1.0,1.0,1.0
raw_topk:random_token-minus-random_pixel,112,0.2,0.04349733293056488,0.04956514537334442,0.3493639588356018,0.40428273677825927,0.15312399864196777,0.16915396451950074,0.0,0.0,0.0,0.0,1.0,1.0,1.0,1.0,1.0,1.0
raw_topk:random_token-minus-random_pixel,119,0.2,0.04487930536270142,0.04970892667770386,0.21239639520645143,0.2909874200820923,0.05228921175003052,0.07810146808624267,0.0,0.0,0.0,0.0,1.0,1.0,1.0,1.0,1.0,1.0
raw_topk:random_token-minus-random_pixel,129,0.2,0.025694870948791505,0.03770573437213898,0.3404490232467651,0.26817262172698975,0.03707993030548096,0.05068883895874023,0.0,1.0,0.0,0.2,1.0,0.8,1.0,0.8,1.0,1.0
raw_topk:random_token-minus-random_pixel,136,0.2,0.02894679605960846,0.029313093423843382,0.26699076890945433,0.2503261923789978,0.060326725244522095,0.059307408332824704,0.0,0.0,0.0,0.0,1.0,1.0,1.0,1.0,1.0,1.0
raw_topk:random_token-minus-random_pixel,152,0.2,0.03379719853401184,0.021779960393905638,0.2594815015792847,0.3476105570793152,0.09285503029823303,0.12284978032112122,0.0,0.0,0.0,0.0,1.0,1.0,1.0,1.0,1.0,1.0
raw_topk:random_token-minus-random_pixel,154,0.2,0.037747859954833984,0.05092487335205078,0.35348284244537354,0.40640767812728884,0.09526130855083466,0.1174737960100174,0.0,0.4,0.0,0.2,1.0,0.8,1.0,1.0,1.0,1.0
raw_topk:random_token-minus-random_pixel,163,0.2,-0.010886767506599426,-0.01721828579902649,0.2708314895629883,0.33168281316757203,0.0156839519739151,0.010163384675979614,0.6,-0.8,0.0,0.0,0.4,0.8,0.8,1.0,1.0,1.0
raw_topk:random_token-minus-random_pixel,190,0.2,0.04087013602256775,0.03967487812042236,0.33567885160446165,0.319748318195343,0.18495724201202393,0.18107543587684632,0.0,0.0,0.0,0.0,1.0,1.0,1.0,1.0,1.0,1.0
raw_topk:random_token-minus-random_pixel,192,0.2,0.007339745759963989,0.011609077453613281,0.34755927324295044,0.34556615352630615,0.011729016900062561,0.028194254636764525,0.8,1.2,0.4,0.8,0.6,0.2,1.0,1.0,1.0,1.0
raw_topk:random_token-minus-random_pixel,198,0.2,0.10228939652442932,0.06399169564247131,0.2943657636642456,0.1813211679458618,0.13819762468338012,0.09475258588790894,0.0,0.0,0.0,0.0,1.0,1.0,1.0,1.0,1.0,1.0
raw_topk:random_token-minus-random_pixel,207,0.2,0.037842965126037596,0.028221118450164794,0.19349411725997925,0.15868806838989258,0.09166935086250305,0.04689018726348877,0.0,0.0,0.0,0.0,1.0,1.0,1.0,1.0,1.0,1.0
raw_topk:random_token-minus-random_pixel,210,0.2,0.1085379958152771,0.17062247395515442,0.3835808038711548,0.49341694116592405,0.21085643172264099,0.2772014379501343,0.0,0.0,0.0,0.0,1.0,1.0,1.0,1.0,1.0,1.0
raw_topk:random_token-minus-random_pixel,211,0.2,0.07873554229736328,0.016246938705444337,0.30931792259216306,0.0997046947479248,0.12953031659126282,0.031580448150634766,0.0,0.0,0.0,0.0,1.0,1.0,1.0,1.0,1.0,1.0
raw_topk:random_token-minus-random_pixel,222,0.2,-0.013381969928741456,-0.006879284977912903,0.27571686506271365,0.3174904346466064,0.0016266167163848876,0.019515901803970337,0.0,0.0,0.0,0.0,1.0,1.0,1.0,1.0,1.0,1.0
raw_topk:random_token-minus-random_pixel,234,0.2,0.06784564554691315,0.08150023818016053,0.37289761304855346,0.4837226510047913,0.12488418221473693,0.13841696977615356,0.0,0.0,0.0,0.0,1.0,1.0,1.0,1.0,1.0,1.0
raw_topk:random_token-minus-random_pixel,241,0.2,-0.03543068170547485,-0.012743410468101502,0.3574849724769592,0.39131555557250974,0.047846630215644836,0.06642916798591614,-6.2,6.8,0.0,0.0,0.0,0.0,0.2,0.0,0.4,0.4
raw_topk:random_token-minus-random_pixel,242,0.2,-0.0029147863388061523,-0.004123425483703614,0.2598618268966675,0.2809900283813477,0.08578771352767944,0.08280370235443116,0.2,0.2,0.2,0.2,0.8,0.8,1.0,1.0,1.0,1.0
raw_topk:random_token-minus-random_pixel,245,0.2,0.11542141437530518,0.13011724948883058,0.30693625211715697,0.3571254968643188,0.17334980964660646,0.2006687879562378,0.0,0.0,0.0,0.0,1.0,1.0,1.0,1.0,1.0,1.0
raw_topk:random_token-minus-random_pixel,249,0.2,-0.02883794903755188,-0.01258043646812439,0.23546531200408935,0.3117296814918518,0.09198784828186035,0.14422627091407775,0.0,0.4,0.0,0.2,1.0,0.8,1.0,1.0,1.0,1.0
raw_topk:random_token-minus-random_pixel,250,0.2,0.020090538263320922,0.008876347541809082,0.26410818099975586,0.3672309637069702,0.06697869300842285,0.09175403118133545,0.0,0.0,0.0,0.0,1.0,1.0,1.0,1.0,1.0,1.0
raw_topk:random_token-minus-random_pixel,253,0.2,0.04758351743221283,0.050029924511909483,0.2550161123275757,0.3893227219581604,0.15105748772621155,0.20725923180580139,0.0,0.0,0.0,0.0,1.0,1.0,1.0,1.0,1.0,1.0
raw_topk:random_token-minus-random_pixel,258,0.2,0.04872273206710816,0.05631325244903564,0.3439401388168335,0.2192712664604187,0.07892841696739197,0.057855790853500365,9.4,26.6,1.0,0.8,0.0,0.2,0.8,0.8,0.8,0.8
raw_topk:random_token-minus-random_pixel,266,0.2,0.036809754371643064,0.029163038730621337,0.22210665941238403,0.21189478635787964,0.08725427985191345,0.08138241171836853,0.0,0.0,0.0,0.0,1.0,1.0,1.0,1.0,1.0,1.0
raw_topk:random_token-minus-random_pixel,268,0.2,-0.0044422447681427,-0.00587642788887024,0.225723934173584,0.1628527522087097,0.037545979022979736,0.01430334448814392,0.2,0.0,0.2,0.0,0.8,1.0,1.0,1.0,1.0,1.0
raw_topk:random_token-minus-random_pixel,275,0.2,0.13467010259628295,0.08770833611488342,0.38256957530975344,0.18304580450057983,0.16801099181175233,0.10204825401306153,0.0,0.0,0.0,0.0,1.0,1.0,1.0,1.0,1.0,1.0
raw_topk:random_token-minus-random_pixel,290,0.2,-0.020515888929367065,-0.024404728412628175,0.20933685302734376,0.25133246183395386,0.03548953533172607,0.05097043514251709,0.0,0.0,0.0,0.0,1.0,1.0,1.0,1.0,1.0,1.0
raw_topk:random_token-minus-random_pixel,301,0.2,0.0343993216753006,0.025211364030838013,0.27657095193862913,0.1857448935508728,0.08142511248588562,0.03930589556694031,0.0,0.0,0.0,0.0,1.0,1.0,1.0,1.0,1.0,1.0
raw_topk:random_token-minus-random_pixel,307,0.2,0.0848010927438736,0.09205435812473298,0.32095229625701904,0.3551547408103943,0.08119378685951233,0.09706062376499176,0.0,0.0,0.0,0.0,1.0,1.0,1.0,1.0,1.0,1.0
raw_topk:random_token-minus-random_pixel,313,0.2,0.029615563154220582,-0.005402880907058716,0.23845124244689941,0.09798123836517333,0.05448007583618164,0.006634408235549926,1.4,0.0,0.2,0.0,0.8,1.0,0.8,1.0,1.0,1.0
raw_topk:random_token-minus-random_pixel,332,0.2,0.02604421377182007,0.052055624127388,0.22261229753494263,0.37913755178451536,0.01070440411567688,0.032224643230438235,0.0,0.0,0.0,0.0,1.0,1.0,1.0,1.0,1.0,1.0
raw_topk:random_token-minus-random_pixel,333,0.2,0.07122068405151367,0.06495372653007507,0.31020982265472413,0.30903379917144774,0.12437438368797302,0.13272301554679872,0.0,0.0,0.0,0.0,1.0,1.0,1.0,1.0,1.0,1.0
raw_topk:random_token-minus-random_pixel,334,0.2,0.11984389722347259,0.11633681058883667,0.39065797328948976,0.362458324432373,0.20014342069625854,0.20021401047706605,0.0,0.0,0.0,0.0,1.0,1.0,1.0,1.0,1.0,1.0
raw_topk:random_token-minus-random_pixel,343,0.2,0.050929474830627444,0.12662892341613768,0.17973209619522096,0.2976515769958496,0.07278689742088318,0.13758631348609923,0.0,0.0,0.0,0.0,1.0,1.0,1.0,1.0,1.0,1.0
raw_topk:random_token-minus-random_pixel,349,0.2,0.11115983128547668,0.0923424243927002,0.3958351731300354,0.30807238817214966,0.22942411303520202,0.17991067767143248,0.0,0.0,0.0,0.0,1.0,1.0,1.0,1.0,1.0,1.0
raw_topk:random_token-minus-random_pixel,350,0.2,0.05210416913032532,0.05016247034072876,0.29059836864471433,0.25298452377319336,0.1253066837787628,0.11411665678024292,0.0,0.0,0.0,0.0,1.0,1.0,1.0,1.0,1.0,1.0
raw_topk:random_token-minus-random_pixel,355,0.2,0.0210162878036499,0.017568141222000122,0.1993282675743103,0.2947324991226196,0.06413880586624146,0.10253071188926696,0.0,0.0,0.0,0.0,1.0,1.0,1.0,1.0,1.0,1.0
raw_topk:random_token-minus-random_pixel,358,0.2,0.04563102126121521,0.07991607189178467,0.21784929037094117,0.2983287930488586,0.04836109280586243,0.08099234104156494,0.0,0.0,0.0,0.0,1.0,1.0,1.0,1.0,1.0,1.0
raw_topk:random_token-minus-random_pixel,394,0.2,0.06406654119491577,0.05417326390743256,0.3444740533828735,0.25628634691238406,0.15680311918258666,0.11420371532440185,0.0,0.0,0.0,0.0,1.0,1.0,1.0,1.0,1.0,1.0
raw_topk:random_token-minus-random_pixel,397,0.2,0.03446353673934936,0.05355290174484253,0.22935711145401,0.341025710105896,0.0730341613292694,0.11875740885734558,0.0,0.0,0.0,0.0,1.0,1.0,1.0,1.0,1.0,1.0
raw_topk:random_token-minus-random_pixel,409,0.2,0.05118118524551392,0.06967725157737732,0.1689357042312622,0.2573012948036194,0.04768592119216919,0.05601207613945007,0.0,0.0,0.0,0.0,1.0,1.0,1.0,1.0,1.0,1.0
raw_topk:random_token-minus-random_pixel,429,0.2,0.06341295540332795,0.035799619555473325,0.26658824682235716,0.26984740495681764,0.08912075757980346,0.06401471495628357,0.0,0.0,0.0,0.0,1.0,1.0,1.0,1.0,1.0,1.0
raw_topk:random_token-minus-random_pixel,437,0.2,0.1261403203010559,0.1816569149494171,0.30369551181793214,0.4054482102394104,0.135129314661026,0.1874695599079132,0.0,0.0,0.0,0.0,1.0,1.0,1.0,1.0,1.0,1.0
raw_topk:random_token-minus-random_pixel,454,0.2,0.01482774019241333,0.03496686220169067,0.1737942337989807,0.2972288250923157,0.03877999782562256,0.11050933003425598,0.0,0.0,0.0,0.0,1.0,1.0,1.0,1.0,1.0,1.0
raw_topk:random_token-minus-random_pixel,464,0.2,0.1030980795621872,0.09362125992774964,0.30794737339019773,0.27054265737533567,0.118283811211586,0.10718061923980712,0.0,0.0,0.0,0.0,1.0,1.0,1.0,1.0,1.0,1.0
raw_topk:random_token-minus-random_pixel,471,0.2,0.01972804069519043,0.00596463680267334,0.25669333934783933,0.2347874402999878,0.043720823526382444,0.03365533947944641,66.0,31.8,0.0,0.0,0.0,0.0,0.0,0.0,0.0,0.0
raw_topk:random_token-minus-random_pixel,473,0.2,0.07320269346237182,0.191685289144516,0.23822718858718872,0.4788734555244446,0.09616276621818542,0.24299537539482116,0.0,0.0,0.0,0.0,1.0,1.0,1.0,1.0,1.0,1.0
raw_topk:random_token-minus-random_pixel,474,0.2,0.027420353889465333,0.152109295129776,0.11047914028167724,0.3913932204246521,0.04065093994140625,0.22600333094596864,0.0,0.0,0.0,0.0,1.0,1.0,1.0,1.0,1.0,1.0
raw_topk:random_token-minus-random_pixel,476,0.2,-0.009453952312469482,-0.021339529752731325,0.2058772325515747,0.2507247805595398,0.054270708560943605,0.06603654623031616,0.0,0.0,0.0,0.0,1.0,1.0,1.0,1.0,1.0,1.0
raw_topk:random_token-minus-random_pixel,481,0.2,0.07489784955978393,0.09096695482730865,0.29513025283813477,0.3707189321517944,0.1153396189212799,0.1555503785610199,0.0,0.0,0.0,0.0,1.0,1.0,1.0,1.0,1.0,1.0
raw_topk:random_token-minus-random_pixel,482,0.2,0.05042344331741333,0.02190974950790405,0.29256032705307006,0.26576833724975585,0.10163887739181518,0.09161556363105774,0.0,0.0,0.0,0.0,1.0,1.0,1.0,1.0,1.0,1.0
raw_topk:random_token-minus-random_pixel,486,0.2,0.019234073162078858,0.025073757767677306,0.4188500761985779,0.4090088129043579,0.09939659237861634,0.09582039415836334,0.2,2.0,0.2,0.4,0.8,0.6,1.0,0.6,1.0,1.0
raw_topk:random_token-minus-random_pixel,487,0.2,0.08178029656410217,0.0916588306427002,0.23810827732086182,0.28665637969970703,0.09401087164878845,0.10897390842437744,0.0,0.0,0.0,0.0,1.0,1.0,1.0,1.0,1.0,1.0
raw_topk:random_token-minus-random_pixel,489,0.2,0.12655227184295653,0.22436869144439697,0.29687526226043703,0.4456100821495056,0.17106975317001344,0.27370997667312624,0.0,0.0,0.0,0.0,1.0,1.0,1.0,1.0,1.0,1.0
raw_topk:random_token-minus-random_pixel,497,0.2,0.08848124742507935,0.09661126136779785,0.3095696210861206,0.3593281388282776,0.11277565956115723,0.14060080647468567,0.0,0.0,0.0,0.0,1.0,1.0,1.0,1.0,1.0,1.0
raw_topk:random_token-minus-random_pixel,502,0.2,0.06704154312610626,0.11925221383571624,0.34234726428985596,0.3886911153793335,0.11228863000869752,0.16352035403251647,0.0,0.0,0.0,0.0,1.0,1.0,1.0,1.0,1.0,1.0
raw_topk:random_token-minus-random_pixel,505,0.2,0.07554044723510742,0.047144022583961484,0.30611366033554077,0.18401411771774293,0.08127577304840088,0.08235757648944855,5.0,2.4,0.6,0.4,0.4,0.6,0.6,0.8,0.6,0.8
raw_topk:random_token-minus-random_pixel,509,0.2,-0.017560917139053344,-0.03866216540336609,0.19363782405853272,0.21292060613632202,0.029376983642578125,0.00211712121963501,-1.4,-1.8,0.0,0.0,0.4,0.8,1.0,1.0,1.0,1.0
raw_topk:random_token-minus-random_pixel,511,0.2,0.043852579593658444,0.011578226089477539,0.468574321269989,0.1766587972640991,0.2535633027553558,0.08711827397346497,0.0,0.0,0.0,0.0,1.0,1.0,1.0,1.0,1.0,1.0
raw_topk:random_token-minus-random_pixel,512,0.2,0.08099575638771057,0.08304762244224548,0.2553144931793213,0.31620577573776243,0.1144327163696289,0.12794828414916992,0.0,0.0,0.0,0.0,1.0,1.0,1.0,1.0,1.0,1.0
raw_topk:random_token-minus-random_pixel,514,0.2,0.12443368434906006,0.12146261930465699,0.2821562647819519,0.25194917917251586,0.12497997283935547,0.11224288940429687,0.0,0.0,0.0,0.0,1.0,1.0,1.0,1.0,1.0,1.0
raw_topk:random_token-minus-random_pixel,525,0.2,0.15307722985744476,0.0965360939502716,0.29997906684875486,0.18645976781845092,0.1703627586364746,0.0988519847393036,0.0,0.0,0.0,0.0,1.0,1.0,1.0,1.0,1.0,1.0
raw_topk:random_token-minus-random_pixel,527,0.2,0.005616176128387451,0.0073705315589904785,0.26266582012176515,0.232451868057251,0.04549047350883484,0.036860108375549316,0.0,0.0,0.0,0.0,1.0,1.0,1.0,1.0,1.0,1.0
raw_topk:random_token-minus-random_pixel,542,0.2,0.00831950008869171,0.02822560667991638,0.18253815174102783,0.2703871488571167,0.019116288423538207,0.05160609781742096,0.0,0.0,0.0,0.0,1.0,1.0,1.0,1.0,1.0,1.0
raw_topk:random_token-minus-random_pixel,544,0.2,0.11338767409324646,0.06503188610076904,0.23096826076507568,0.09635965824127198,0.11554923057556152,0.05182505846023559,0.0,0.0,0.0,0.0,1.0,1.0,1.0,1.0,1.0,1.0
raw_topk:random_token-minus-random_pixel,549,0.2,0.040049183368682864,0.09601029753684998,0.19894851446151735,0.2795044183731079,0.06406360864639282,0.10836544036865234,0.0,0.0,0.0,0.0,1.0,1.0,1.0,1.0,1.0,1.0
raw_topk:random_token-minus-random_pixel,550,0.2,0.10902393460273743,0.11596632301807404,0.26800152063369753,0.2971527099609375,0.1290091335773468,0.14207658171653748,0.0,0.0,0.0,0.0,1.0,1.0,1.0,1.0,1.0,1.0
raw_topk:random_token-minus-random_pixel,567,0.2,0.07028489410877228,0.09037530422210693,0.3326861262321472,0.39455643892288206,0.16713181734085084,0.19898326992988585,0.0,0.0,0.0,0.0,1.0,1.0,1.0,1.0,1.0,1.0
raw_topk:random_token-minus-random_pixel,576,0.2,0.04130787849426269,0.04848307967185974,0.3203504204750061,0.3681569457054138,0.11778447031974792,0.13583793640136718,0.2,0.6,0.2,0.6,0.8,0.4,1.0,1.0,1.0,1.0
raw_topk:random_token-minus-random_pixel,589,0.2,0.0693712055683136,0.12386849820613861,0.25628880262374876,0.37826056480407716,0.0736440122127533,0.16048144102096557,0.0,0.0,0.0,0.0,1.0,1.0,1.0,1.0,1.0,1.0
raw_topk:random_token-minus-random_pixel,592,0.2,-0.014426583051681518,0.031364035606384275,0.27572218179702757,0.36905633211135863,0.11062890291213989,0.16904959678649903,0.0,0.4,0.0,0.4,1.0,0.6,1.0,1.0,1.0,1.0
raw_topk:random_token-minus-random_pixel,598,0.2,0.1640123814344406,0.17306826412677764,0.32119030952453614,0.3508466839790344,0.15070767402648927,0.1647753357887268,0.0,0.0,0.0,0.0,1.0,1.0,1.0,1.0,1.0,1.0
raw_topk:random_token-minus-random_pixel,602,0.2,0.0597670778632164,0.07876254022121429,0.29354979991912844,0.3361577749252319,0.053564970195293424,0.06276233047246933,180.0,283.8,0.0,0.0,0.0,0.0,0.0,0.0,0.0,0.0
raw_topk:random_token-minus-random_pixel,608,0.2,0.14300302267074586,0.18948881924152375,0.324256443977356,0.4315956473350525,0.18368157148361205,0.23845173716545104,0.0,0.0,0.0,0.0,1.0,1.0,1.0,1.0,1.0,1.0
raw_topk:random_token-minus-random_pixel,613,0.2,0.08330326080322266,0.05488903522491455,0.3560001254081726,0.3535237550735474,0.14318717122077942,0.12558431625366212,5.8,3.4,0.8,0.6,0.2,0.4,0.6,0.6,0.6,1.0
raw_topk:random_token-minus-random_pixel,616,0.2,0.05773526430130005,0.06410773992538452,0.26020772457122804,0.35562504529953004,0.06908776164054871,0.10816910862922668,0.0,0.0,0.0,0.0,1.0,1.0,1.0,1.0,1.0,1.0
raw_topk:random_token-minus-random_pixel,624,0.2,0.07322014570236206,0.08062386512756348,0.2846520185470581,0.2678475618362427,0.07495850920677186,0.07876091003417969,0.0,0.0,0.0,0.0,1.0,1.0,1.0,1.0,1.0,1.0
raw_topk:random_token-minus-random_pixel,633,0.2,0.029388153553009035,0.08527429699897766,0.053334832191467285,0.14981864690780639,0.02490299940109253,0.08791131377220154,0.0,0.0,0.0,0.0,1.0,1.0,1.0,1.0,1.0,1.0
raw_topk:random_token-minus-random_pixel,658,0.2,0.05562046766281128,0.11172854900360107,0.25319766998291016,0.3369575500488281,0.13103020191192627,0.18431735038757324,0.0,0.0,0.0,0.0,1.0,1.0,1.0,1.0,1.0,1.0
raw_topk:random_token-minus-random_pixel,670,0.2,0.029730325937271117,0.05522578954696655,0.19635088443756105,0.31063214540481565,0.08745477795600891,0.14693373441696167,0.0,0.6,0.0,0.4,1.0,0.6,1.0,1.0,1.0,1.0
raw_topk:random_token-minus-random_pixel,674,0.2,0.14456647634506226,0.08746025264263153,0.3507997989654541,0.25979615449905397,0.1917301297187805,0.13266560435295105,0.0,0.0,0.0,0.0,1.0,1.0,1.0,1.0,1.0,1.0
raw_topk:random_token-minus-random_pixel,686,0.2,0.08235644102096558,0.10474949777126312,0.23229216337203978,0.25767742395401,0.0943638801574707,0.11852521300315857,0.0,0.0,0.0,0.0,1.0,1.0,1.0,1.0,1.0,1.0
raw_topk:random_token-minus-random_pixel,687,0.2,0.09117570519447327,0.0773901641368866,0.3214618802070618,0.29719791412353513,0.19921764135360717,0.15949116945266723,0.0,0.0,0.0,0.0,1.0,1.0,1.0,1.0,1.0,1.0
raw_topk:random_token-minus-random_pixel,689,0.2,0.058871674537658694,0.0443291962146759,0.318222713470459,0.31758047342300416,0.15247512459754944,0.1504337191581726,0.0,0.0,0.0,0.0,1.0,1.0,1.0,1.0,1.0,1.0
raw_topk:random_token-minus-random_pixel,693,0.2,0.04463312029838562,0.03807433843612671,0.35588195323944094,0.2744061827659607,0.1434461295604706,0.11400149464607238,2.0,0.6,0.4,0.6,0.6,0.4,0.6,1.0,1.0,1.0
raw_topk:random_token-minus-random_pixel,720,0.2,0.0488109827041626,0.027550581097602844,0.2970710277557373,0.4175358176231384,0.0795486569404602,0.09854746460914612,0.0,0.0,0.0,0.0,1.0,1.0,1.0,1.0,1.0,1.0
raw_topk:random_token-minus-random_pixel,733,0.2,0.061915963888168335,0.05430948734283447,0.26170605421066284,0.2456608533859253,0.11430547237396241,0.10536221265792847,0.0,0.0,0.0,0.0,1.0,1.0,1.0,1.0,1.0,1.0
