query_id,image_path,condition,mask_ratio,random_repeat,clean_rank,perturbed_rank,clean_positive_sim,perturbed_positive_sim,clean_negative_sim,perturbed_negative_sim,clean_margin,perturbed_margin,margin_drop,positive_similarity_drop,descriptor_drift,rank_degradation,hit_at_1,hit_at_5,hit_at_10,failure_flip,mask_area_actual,mask_pixels,mask_attention_iou,seed,placement_seed,shift_y,shift_x,paired_eligible,legal_random_locations,exclusion_reason
250,cph/query/images/22ojD2bKI3a_mledG5mgVA.jpg,clean,0.0,-1,1,1,0.41361624002456665,0.41361624002456665,0.3641756772994995,0.3641756772994995,0.04944056272506714,0.04944056272506714,0.0,0.0,0.0,0,1,1,1,0,0.0,0,0.0,2024,0,0,0,True,0,
250,cph/query/images/22ojD2bKI3a_mledG5mgVA.jpg,attention,0.1,-1,1,1,0.41361624002456665,0.34745994210243225,0.3641756772994995,0.3085795044898987,0.04944056272506714,0.03888043761253357,0.01056012511253357,0.0661562979221344,0.25530505180358887,0,1,1,1,0,0.10018903017044067,10388,1.0,2024,1414089152,0,0,True,25424,
250,cph/query/images/22ojD2bKI3a_mledG5mgVA.jpg,random,0.1,0,1,1,0.41361624002456665,0.4021037220954895,0.3641756772994995,0.35175302624702454,0.04944056272506714,0.050350695848464966,-0.0009101331233978271,0.011512517929077148,0.04814577102661133,0,1,1,1,0,0.10018903017044067,10388,0.0,2024,1414089152,-125,-36,True,25424,
250,cph/query/images/22ojD2bKI3a_mledG5mgVA.jpg,random,0.1,1,1,1,0.41361624002456665,0.35431578755378723,0.3641756772994995,0.32934561371803284,0.04944056272506714,0.024970173835754395,0.024470388889312744,0.05930045247077942,0.16394323110580444,0,1,1,1,0,0.10018903017044067,10388,0.14860681114551083,2024,1414089152,23,-80,True,25424,
250,cph/query/images/22ojD2bKI3a_mledG5mgVA.jpg,random,0.1,2,1,1,0.41361624002456665,0.3996366858482361,0.3641756772994995,0.3527321517467499,0.04944056272506714,0.046904534101486206,0.0025360286235809326,0.013979554176330566,0.03542506694793701,0,1,1,1,0,0.10018903017044067,10388,0.0,2024,1414089152,-125,-83,True,25424,
250,cph/query/images/22ojD2bKI3a_mledG5mgVA.jpg,random,0.1,3,1,1,0.41361624002456665,0.3326350748538971,0.3641756772994995,0.2916458249092102,0.04944056272506714,0.04098924994468689,0.008451312780380249,0.08098116517066956,0.2337322235107422,0,1,1,1,0,0.10018903017044067,10388,0.32838874680306906,2024,1414089152,-2,-52,True,25424,
250,cph/query/images/22ojD2bKI3a_mledG5mgVA.jpg,random,0.1,4,1,1,0.41361624002456665,0.33903199434280396,0.3641756772994995,0.31578943133354187,0.04944056272506714,0.023242563009262085,0.026197999715805054,0.0745842456817627,0.19628125429153442,0,1,1,1,0,0.10018903017044067,10388,0.3986804901036758,2024,1414089152,9,-30,True,25424,
250,cph/query/images/22ojD2bKI3a_mledG5mgVA.jpg,attention,0.15,-1,1,1,0.41361624002456665,0.2991415560245514,0.3641756772994995,0.2761727273464203,0.04944056272506714,0.022968828678131104,0.026471734046936035,0.11447468400001526,0.4211106300354004,0,1,1,1,0,0.14933836460113525,15484,1.0,2024,2305544423,0,0,True,2534,
250,cph/query/images/22ojD2bKI3a_mledG5mgVA.jpg,random,0.15,0,1,1,0.41361624002456665,0.32052990794181824,0.3641756772994995,0.2882504463195801,0.04944056272506714,0.03227946162223816,0.01716110110282898,0.09308633208274841,0.30838894844055176,0,1,1,1,0,0.14933836460113525,15484,0.37306021104903786,2024,2305544423,19,14,True,2534,
250,cph/query/images/22ojD2bKI3a_mledG5mgVA.jpg,random,0.15,1,1,1,0.41361624002456665,0.3898184299468994,0.3641756772994995,0.34039369225502014,0.04944056272506714,0.04942473769187927,1.582503318786621e-05,0.023797810077667236,0.2467213273048401,0,1,1,1,0,0.14933836460113525,15484,0.18542336548767416,2024,2305544423,-36,2,True,2534,
250,cph/query/images/22ojD2bKI3a_mledG5mgVA.jpg,random,0.15,2,1,1,0.41361624002456665,0.3091736137866974,0.3641756772994995,0.2915998101234436,0.04944056272506714,0.017573803663253784,0.031866759061813354,0.10444262623786926,0.32411879301071167,0,1,1,1,0,0.14933836460113525,15484,0.39319776858016914,2024,2305544423,18,12,True,2534,
250,cph/query/images/22ojD2bKI3a_mledG5mgVA.jpg,random,0.15,3,1,1,0.41361624002456665,0.31653887033462524,0.3641756772994995,0.2844308018684387,0.04944056272506714,0.03210806846618652,0.017332494258880615,0.0970773696899414,0.4008083939552307,0,1,1,1,0,0.14933836460113525,15484,0.5853383843554828,2024,2305544423,-10,5,True,2534,
250,cph/query/images/22ojD2bKI3a_mledG5mgVA.jpg,random,0.15,4,1,1,0.41361624002456665,0.32098856568336487,0.3641756772994995,0.2963925898075104,0.04944056272506714,0.024595975875854492,0.024844586849212646,0.09262767434120178,0.4114046096801758,0,1,1,1,0,0.14933836460113525,15484,0.556180904522613,2024,2305544423,-12,1,True,2534,
250,cph/query/images/22ojD2bKI3a_mledG5mgVA.jpg,attention,0.2,-1,1,1,0.41361624002456665,0.29958248138427734,0.3641756772994995,0.28693366050720215,0.04944056272506714,0.012648820877075195,0.03679174184799194,0.1140337586402893,0.46324706077575684,0,1,1,1,0,0.20037806034088135,20776,1.0,2024,811304753,0,0,True,2534,
250,cph/query/images/22ojD2bKI3a_mledG5mgVA.jpg,random,0.2,0,1,1,0.41361624002456665,0.3770981729030609,0.3641756772994995,0.3427393138408661,0.04944056272506714,0.034358859062194824,0.015081703662872314,0.03651806712150574,0.11955642700195312,0,1,1,1,0,0.20037806034088135,20776,0.03147651673120842,2024,811304753,-96,2,True,2534,
250,cph/query/images/22ojD2bKI3a_mledG5mgVA.jpg,random,0.2,1,1,1,0.41361624002456665,0.3787325620651245,0.3641756772994995,0.339608758687973,0.04944056272506714,0.03912380337715149,0.01031675934791565,0.03488367795944214,0.09438687562942505,0,1,1,1,0,0.20037806034088135,20776,0.017708001665482868,2024,811304753,-111,11,True,2534,
250,cph/query/images/22ojD2bKI3a_mledG5mgVA.jpg,random,0.2,2,1,1,0.41361624002456665,0.37696272134780884,0.3641756772994995,0.3389754295349121,0.04944056272506714,0.03798729181289673,0.01145327091217041,0.03665351867675781,0.12466144561767578,0,1,1,1,0,0.20037806034088135,20776,0.05472636815920398,2024,811304753,-84,14,True,2534,
250,cph/query/images/22ojD2bKI3a_mledG5mgVA.jpg,random,0.2,3,1,1,0.41361624002456665,0.3563995063304901,0.3641756772994995,0.310781866312027,0.04944056272506714,0.045617640018463135,0.003822922706604004,0.05721673369407654,0.28880178928375244,0,1,1,1,0,0.20037806034088135,20776,0.2623264574535954,2024,811304753,41,1,True,2534,
250,cph/query/images/22ojD2bKI3a_mledG5mgVA.jpg,random,0.2,4,1,1,0.41361624002456665,0.29294314980506897,0.3641756772994995,0.2620006501674652,0.04944056272506714,0.03094249963760376,0.01849806308746338,0.12067309021949768,0.4857739806175232,0,1,1,1,0,0.20037806034088135,20776,0.6993987975951904,2024,811304753,-5,7,True,2534,
190,cph/query/images/RmyLD6Y7F1GzmWsUX6UFtQ.jpg,clean,0.0,-1,1,1,0.6456501483917236,0.6456501483917236,0.5475041270256042,0.5475041270256042,0.09814602136611938,0.09814602136611938,0.0,0.0,0.0,0,1,1,1,0,0.0,0,0.0,2024,0,0,0,True,0,
190,cph/query/images/RmyLD6Y7F1GzmWsUX6UFtQ.jpg,attention,0.1,-1,1,1,0.6456501483917236,0.4393557906150818,0.5475041270256042,0.3704047203063965,0.09814602136611938,0.0689510703086853,0.029194951057434082,0.20629435777664185,0.3082770109176636,0,1,1,1,0,0.10018903017044067,10388,1.0,2024,2538202238,0,0,True,22274,
190,cph/query/images/RmyLD6Y7F1GzmWsUX6UFtQ.jpg,random,0.1,0,1,1,0.6456501483917236,0.45301616191864014,0.5475041270256042,0.4036170244216919,0.09814602136611938,0.04939913749694824,0.04874688386917114,0.1926339864730835,0.3000481128692627,0,1,1,1,0,0.10018903017044067,10388,0.24280672369444278,2024,2538202238,33,-17,True,22274,
190,cph/query/images/RmyLD6Y7F1GzmWsUX6UFtQ.jpg,random,0.1,1,1,1,0.6456501483917236,0.5536738038063049,0.5475041270256042,0.48210105299949646,0.09814602136611938,0.07157275080680847,0.026573270559310913,0.0919763445854187,0.1400488018989563,0,1,1,1,0,0.10018903017044067,10388,0.17008335210633024,2024,2538202238,-23,-41,True,22274,
190,cph/query/images/RmyLD6Y7F1GzmWsUX6UFtQ.jpg,random,0.1,2,1,1,0.6456501483917236,0.6401268839836121,0.5475041270256042,0.5332151055335999,0.09814602136611938,0.10691177845001221,-0.008765757083892822,0.005523264408111572,0.021541833877563477,0,1,1,1,0,0.10018903017044067,10388,0.0,2024,2538202238,-108,-12,True,22274,
190,cph/query/images/RmyLD6Y7F1GzmWsUX6UFtQ.jpg,random,0.1,3,1,1,0.6456501483917236,0.6138325333595276,0.5475041270256042,0.5503224730491638,0.09814602136611938,0.06351006031036377,0.034635961055755615,0.031817615032196045,0.08764594793319702,0,1,1,1,0,0.10018903017044067,10388,0.035899481451934584,2024,2538202238,67,-30,True,22274,
190,cph/query/images/RmyLD6Y7F1GzmWsUX6UFtQ.jpg,random,0.1,4,1,1,0.6456501483917236,0.6378870010375977,0.5475041270256042,0.5356533527374268,0.09814602136611938,0.1022336483001709,-0.004087626934051514,0.0077631473541259766,0.015118002891540527,0,1,1,1,0,0.10018903017044067,10388,0.0,2024,2538202238,-108,-44,True,22274,
190,cph/query/images/RmyLD6Y7F1GzmWsUX6UFtQ.jpg,attention,0.15,-1,1,1,0.6456501483917236,0.35023993253707886,0.5475041270256042,0.3236674964427948,0.09814602136611938,0.026572436094284058,0.07157358527183533,0.2954102158546448,0.4637412428855896,0,1,1,1,0,0.14933836460113525,15484,1.0,2024,2598875707,0,0,True,210,
190,cph/query/images/RmyLD6Y7F1GzmWsUX6UFtQ.jpg,random,0.15,0,1,1,0.6456501483917236,0.5345625281333923,0.5475041270256042,0.4523468315601349,0.09814602136611938,0.08221569657325745,0.01593032479286194,0.1110876202583313,0.26336872577667236,0,1,1,1,0,0.14933836460113525,15484,0.11155778894472362,2024,2598875707,48,0,True,210,
190,cph/query/images/RmyLD6Y7F1GzmWsUX6UFtQ.jpg,random,0.15,1,1,1,0.6456501483917236,0.5802112817764282,0.5475041270256042,0.4979669749736786,0.09814602136611938,0.08224430680274963,0.01590171456336975,0.06543886661529541,0.1244896650314331,0,1,1,1,0,0.14933836460113525,15484,0.050332383665717,2024,2598875707,-60,0,True,210,
190,cph/query/images/RmyLD6Y7F1GzmWsUX6UFtQ.jpg,random,0.15,2,1,1,0.6456501483917236,0.5769569277763367,0.5475041270256042,0.4927328824996948,0.09814602136611938,0.08422404527664185,0.013921976089477539,0.06869322061538696,0.1477060317993164,0,1,1,1,0,0.14933836460113525,15484,0.09180651530108588,2024,2598875707,-51,0,True,210,
190,cph/query/images/RmyLD6Y7F1GzmWsUX6UFtQ.jpg,random,0.15,3,1,1,0.6456501483917236,0.6242452263832092,0.5475041270256042,0.5307888984680176,0.09814602136611938,0.09345632791519165,0.004689693450927734,0.021404922008514404,0.053382277488708496,0,1,1,1,0,0.14933836460113525,15484,0.007285974499089253,2024,2598875707,-96,0,True,210,
190,cph/query/images/RmyLD6Y7F1GzmWsUX6UFtQ.jpg,random,0.15,4,1,1,0.6456501483917236,0.4415711462497711,0.5475041270256042,0.382329523563385,0.09814602136611938,0.05924162268638611,0.038904398679733276,0.20407900214195251,0.30279427766799927,0,1,1,1,0,0.14933836460113525,15484,0.42159383033419023,2024,2598875707,-16,0,True,210,
190,cph/query/images/RmyLD6Y7F1GzmWsUX6UFtQ.jpg,attention,0.2,-1,1,1,0.6456501483917236,0.3398562967777252,0.5475041270256042,0.314663290977478,0.09814602136611938,0.025193005800247192,0.07295301556587219,0.3057938516139984,0.5261552333831787,0,1,1,1,0,0.20037806034088135,20776,1.0,2024,3993651600,0,0,True,196,
190,cph/query/images/RmyLD6Y7F1GzmWsUX6UFtQ.jpg,random,0.2,0,1,1,0.6456501483917236,0.6037977933883667,0.5475041270256042,0.5053451657295227,0.09814602136611938,0.098452627658844,-0.0003066062927246094,0.041852355003356934,0.07568591833114624,0,1,1,1,0,0.20037806034088135,20776,0.017135023989033583,2024,3993651600,-100,0,True,196,
190,cph/query/images/RmyLD6Y7F1GzmWsUX6UFtQ.jpg,random,0.2,1,1,1,0.6456501483917236,0.6194359064102173,0.5475041270256042,0.5172980427742004,0.09814602136611938,0.10213786363601685,-0.003991842269897461,0.026214241981506348,0.06420129537582397,0,1,1,1,0,0.20037806034088135,20776,0.0057607590647238225,2024,3993651600,-111,0,True,196,
190,cph/query/images/RmyLD6Y7F1GzmWsUX6UFtQ.jpg,random,0.2,2,1,1,0.6456501483917236,0.6123501658439636,0.5475041270256042,0.5250416994094849,0.09814602136611938,0.08730846643447876,0.010837554931640625,0.03329998254776001,0.12942707538604736,0,1,1,1,0,0.20037806034088135,20776,0.05285562256119191,2024,3993651600,71,0,True,196,
190,cph/query/images/RmyLD6Y7F1GzmWsUX6UFtQ.jpg,random,0.2,3,1,1,0.6456501483917236,0.448894202709198,0.5475041270256042,0.3915519118309021,0.09814602136611938,0.0573422908782959,0.040803730487823486,0.19675594568252563,0.34218883514404297,0,1,1,1,0,0.20037806034088135,20776,0.38691588785046727,2024,3993651600,-27,0,True,196,
190,cph/query/images/RmyLD6Y7F1GzmWsUX6UFtQ.jpg,random,0.2,4,1,1,0.6456501483917236,0.37942278385162354,0.5475041270256042,0.3585091531276703,0.09814602136611938,0.020913630723953247,0.07723239064216614,0.2662273645401001,0.4792402386665344,0,1,1,1,0,0.20037806034088135,20776,0.616557734204793,2024,3993651600,-11,0,True,196,
505,sf/query/images/bTg7hH4cfIBoNmOi08SRDQ.jpg,clean,0.0,-1,1,1,0.39776140451431274,0.39776140451431274,0.3516719341278076,0.3516719341278076,0.04608947038650513,0.04608947038650513,0.0,0.0,0.0,0,1,1,1,0,0.0,0,0.0,2024,0,0,0,True,0,
505,sf/query/images/bTg7hH4cfIBoNmOi08SRDQ.jpg,attention,0.1,-1,1,3,0.39776140451431274,0.3358980417251587,0.3516719341278076,0.3749828338623047,0.04608947038650513,-0.039084792137145996,0.08517426252365112,0.06186336278915405,0.3450014591217041,2,0,1,1,1,0.10018903017044067,10388,1.0,2024,3300206143,0,0,True,23660,
505,sf/query/images/bTg7hH4cfIBoNmOi08SRDQ.jpg,random,0.1,0,1,4,0.39776140451431274,0.2996657192707062,0.3516719341278076,0.32369744777679443,0.04608947038650513,-0.024031728506088257,0.07012119889259338,0.09809568524360657,0.21124684810638428,3,0,1,1,1,0.10018903017044067,10388,0.09647456195904582,2024,3300206143,-47,10,True,23660,
505,sf/query/images/bTg7hH4cfIBoNmOi08SRDQ.jpg,random,0.1,1,1,1,0.39776140451431274,0.3808628022670746,0.3516719341278076,0.34458377957344055,0.04608947038650513,0.03627902269363403,0.009810447692871094,0.01689860224723816,0.04034435749053955,0,1,1,1,0,0.10018903017044067,10388,0.0,2024,3300206143,-93,94,True,23660,
505,sf/query/images/bTg7hH4cfIBoNmOi08SRDQ.jpg,random,0.1,2,1,1,0.39776140451431274,0.3978292644023895,0.3516719341278076,0.3655911087989807,0.04608947038650513,0.032238155603408813,0.013851314783096313,-6.785988807678223e-05,0.02011120319366455,0,1,1,1,0,0.10018903017044067,10388,0.0,2024,3300206143,-122,30,True,23660,
505,sf/query/images/bTg7hH4cfIBoNmOi08SRDQ.jpg,random,0.1,3,1,4,0.39776140451431274,0.2867623567581177,0.3516719341278076,0.30673325061798096,0.04608947038650513,-0.01997089385986328,0.06606036424636841,0.11099904775619507,0.21512091159820557,3,0,1,1,1,0.10018903017044067,10388,0.17591125198098256,2024,3300206143,-37,0,True,23660,
505,sf/query/images/bTg7hH4cfIBoNmOi08SRDQ.jpg,random,0.1,4,1,1,0.39776140451431274,0.338747501373291,0.3516719341278076,0.3038618266582489,0.04608947038650513,0.034885674715042114,0.011203795671463013,0.05901390314102173,0.10094225406646729,0,1,1,1,0,0.10018903017044067,10388,0.04433497536945813,2024,3300206143,60,45,True,23660,
505,sf/query/images/bTg7hH4cfIBoNmOi08SRDQ.jpg,attention,0.15,-1,1,5,0.39776140451431274,0.26463475823402405,0.3516719341278076,0.33776262402534485,0.04608947038650513,-0.0731278657913208,0.11921733617782593,0.1331266462802887,0.41698139905929565,4,0,1,1,1,0.14933836460113525,15484,1.0,2024,606291623,0,0,True,20888,
505,sf/query/images/bTg7hH4cfIBoNmOi08SRDQ.jpg,random,0.15,0,1,1,0.39776140451431274,0.3887973427772522,0.3516719341278076,0.3570142090320587,0.04608947038650513,0.03178313374519348,0.014306336641311646,0.008964061737060547,0.027924180030822754,0,1,1,1,0,0.14933836460113525,15484,0.0,2024,606291623,-114,64,True,20888,
505,sf/query/images/bTg7hH4cfIBoNmOi08SRDQ.jpg,random,0.15,1,1,1,0.39776140451431274,0.27711886167526245,0.3516719341278076,0.2587718367576599,0.04608947038650513,0.01834702491760254,0.027742445468902588,0.12064254283905029,0.2465972900390625,0,1,1,1,0,0.14933836460113525,15484,0.3198090692124105,2024,606291623,-12,70,True,20888,
505,sf/query/images/bTg7hH4cfIBoNmOi08SRDQ.jpg,random,0.15,2,1,1,0.39776140451431274,0.3413088321685791,0.3516719341278076,0.30135276913642883,0.04608947038650513,0.03995606303215027,0.006133407354354858,0.05645257234573364,0.1541258692741394,0,1,1,1,0,0.14933836460113525,15484,0.14492753623188406,2024,606291623,-42,56,True,20888,
505,sf/query/images/bTg7hH4cfIBoNmOi08SRDQ.jpg,random,0.15,3,1,1,0.39776140451431274,0.3116026222705841,0.3516719341278076,0.2782214283943176,0.04608947038650513,0.03338119387626648,0.012708276510238647,0.08615878224372864,0.2877769470214844,0,1,1,1,0,0.14933836460113525,15484,0.4160036579789666,2024,606291623,10,71,True,20888,
505,sf/query/images/bTg7hH4cfIBoNmOi08SRDQ.jpg,random,0.15,4,1,4,0.39776140451431274,0.27725404500961304,0.3516719341278076,0.32612812519073486,0.04608947038650513,-0.048874080181121826,0.09496355056762695,0.12050735950469971,0.3618769645690918,3,0,1,1,1,0.14933836460113525,15484,0.6567515514658677,2024,606291623,4,24,True,20888,
505,sf/query/images/bTg7hH4cfIBoNmOi08SRDQ.jpg,attention,0.2,-1,1,6,0.39776140451431274,0.2620390057563782,0.3516719341278076,0.348410964012146,0.04608947038650513,-0.08637195825576782,0.13246142864227295,0.13572239875793457,0.4275684952735901,5,0,0,1,1,0.20037806034088135,20776,1.0,2024,3264692568,0,0,True,11228,
505,sf/query/images/bTg7hH4cfIBoNmOi08SRDQ.jpg,random,0.2,0,1,6,0.39776140451431274,0.24617686867713928,0.3516719341278076,0.32900509238243103,0.04608947038650513,-0.08282822370529175,0.12891769409179688,0.15158453583717346,0.4431353211402893,5,0,0,1,1,0.20037806034088135,20776,0.8122819260293092,2024,3264692568,4,6,True,11228,
505,sf/query/images/bTg7hH4cfIBoNmOi08SRDQ.jpg,random,0.2,1,1,3,0.39776140451431274,0.2757880687713623,0.3516719341278076,0.3070303797721863,0.04608947038650513,-0.031242311000823975,0.0773317813873291,0.12197333574295044,0.41094470024108887,2,0,1,1,1,0.20037806034088135,20776,0.419901585565883,2024,3264692568,34,16,True,11228,
505,sf/query/images/bTg7hH4cfIBoNmOi08SRDQ.jpg,random,0.2,2,1,1,0.39776140451431274,0.36227506399154663,0.3516719341278076,0.3234715759754181,0.04608947038650513,0.03880348801612854,0.007285982370376587,0.03548634052276611,0.07781755924224854,0,1,1,1,0,0.20037806034088135,20776,0.03641624264192358,2024,3264692568,-81,44,True,11228,
505,sf/query/images/bTg7hH4cfIBoNmOi08SRDQ.jpg,random,0.2,3,1,1,0.39776140451431274,0.3664543330669403,0.3516719341278076,0.3334752321243286,0.04608947038650513,0.032979100942611694,0.013110369443893433,0.031307071447372437,0.05738919973373413,0,1,1,1,0,0.20037806034088135,20776,0.010702471297917883,2024,3264692568,-96,45,True,11228,
505,sf/query/images/bTg7hH4cfIBoNmOi08SRDQ.jpg,random,0.2,4,1,1,0.39776140451431274,0.33215615153312683,0.3516719341278076,0.2997950315475464,0.04608947038650513,0.032361119985580444,0.013728350400924683,0.06560525298118591,0.1914917230606079,0,1,1,1,0,0.20037806034088135,20776,0.14144438645166607,2024,3264692568,69,17,True,11228,
486,cph/query/images/iy0ImmSsSBAPMncync8gEA.jpg,clean,0.0,-1,1,1,0.397749662399292,0.397749662399292,0.3581008315086365,0.3581008315086365,0.03964883089065552,0.03964883089065552,0.0,0.0,0.0,0,1,1,1,0,0.0,0,0.0,2024,0,0,0,True,0,
486,cph/query/images/iy0ImmSsSBAPMncync8gEA.jpg,attention,0.1,-1,1,1,0.397749662399292,0.38351547718048096,0.3581008315086365,0.3632984161376953,0.03964883089065552,0.020217061042785645,0.019431769847869873,0.014234185218811035,0.36365407705307007,0,1,1,1,0,0.10018903017044067,10388,1.0,2024,2091731602,0,0,True,19502,
486,cph/query/images/iy0ImmSsSBAPMncync8gEA.jpg,random,0.1,0,1,1,0.397749662399292,0.3887133002281189,0.3581008315086365,0.3429182767868042,0.03964883089065552,0.0457950234413147,-0.00614619255065918,0.009036362171173096,0.06608664989471436,0,1,1,1,0,0.10018903017044067,10388,0.0009153538565303271,2024,2091731602,-111,61,True,19502,
486,cph/query/images/iy0ImmSsSBAPMncync8gEA.jpg,random,0.1,1,1,1,0.397749662399292,0.33312392234802246,0.3581008315086365,0.31373220682144165,0.03964883089065552,0.01939171552658081,0.020257115364074707,0.06462574005126953,0.21570515632629395,0,1,1,1,0,0.10018903017044067,10388,0.054940591042957246,2024,2091731602,-81,40,True,19502,
486,cph/query/images/iy0ImmSsSBAPMncync8gEA.jpg,random,0.1,2,1,2,0.397749662399292,0.2886466383934021,0.3581008315086365,0.29333043098449707,0.03964883089065552,-0.004683792591094971,0.04433262348175049,0.10910302400588989,0.28423458337783813,1,0,1,1,1,0.10018903017044067,10388,0.08797653958944282,2024,2091731602,-74,16,True,19502,
486,cph/query/images/iy0ImmSsSBAPMncync8gEA.jpg,random,0.1,3,1,1,0.397749662399292,0.4021020233631134,0.3581008315086365,0.36524003744125366,0.03964883089065552,0.03686198592185974,0.0027868449687957764,-0.004352360963821411,0.08838051557540894,0,1,1,1,0,0.10018903017044067,10388,0.10616547758492173,2024,2091731602,69,20,True,19502,
486,cph/query/images/iy0ImmSsSBAPMncync8gEA.jpg,random,0.1,4,1,1,0.397749662399292,0.3749331831932068,0.3581008315086365,0.3493565320968628,0.03964883089065552,0.025576651096343994,0.014072179794311523,0.022816479206085205,0.10543191432952881,0,1,1,1,0,0.10018903017044067,10388,0.15345325338663113,2024,2091731602,51,29,True,19502,
486,cph/query/images/iy0ImmSsSBAPMncync8gEA.jpg,attention,0.15,-1,1,1,0.397749662399292,0.3086963891983032,0.3581008315086365,0.2747851610183716,0.03964883089065552,0.03391122817993164,0.005737602710723877,0.08905327320098877,0.5195339322090149,0,1,1,1,0,0.14933836460113525,15484,1.0,2024,1797109798,0,0,True,14364,
486,cph/query/images/iy0ImmSsSBAPMncync8gEA.jpg,random,0.15,0,1,1,0.397749662399292,0.32477620244026184,0.3581008315086365,0.2890149652957916,0.03964883089065552,0.035761237144470215,0.0038875937461853027,0.07297345995903015,0.2527134418487549,0,1,1,1,0,0.14933836460113525,15484,0.28604651162790695,2024,1797109798,-28,50,True,14364,
486,cph/query/images/iy0ImmSsSBAPMncync8gEA.jpg,random,0.15,1,1,3,0.397749662399292,0.279511421918869,0.3581008315086365,0.3196268081665039,0.03964883089065552,-0.04011538624763489,0.0797642171382904,0.11823824048042297,0.36793452501296997,2,0,1,1,1,0.14933836460113525,15484,0.30655640874187834,2024,1797109798,-32,43,True,14364,
486,cph/query/images/iy0ImmSsSBAPMncync8gEA.jpg,random,0.15,2,1,1,0.397749662399292,0.3855597674846649,0.3581008315086365,0.3563961088657379,0.03964883089065552,0.029163658618927002,0.010485172271728516,0.012189894914627075,0.11868274211883545,0,1,1,1,0,0.14933836460113525,15484,0.13145780051150896,2024,1797109798,63,32,True,14364,
486,cph/query/images/iy0ImmSsSBAPMncync8gEA.jpg,random,0.15,3,1,1,0.397749662399292,0.3941897451877594,0.3581008315086365,0.33843934535980225,0.03964883089065552,0.05575039982795715,-0.016101568937301636,0.0035599172115325928,0.35130202770233154,0,1,1,1,0,0.14933836460113525,15484,0.4134185303514377,2024,1797109798,15,25,True,14364,
486,cph/query/images/iy0ImmSsSBAPMncync8gEA.jpg,random,0.15,4,1,1,0.397749662399292,0.2863015830516815,0.3581008315086365,0.26758259534835815,0.03964883089065552,0.018718987703323364,0.020929843187332153,0.11144807934761047,0.36732017993927,0,1,1,1,0,0.14933836460113525,15484,0.22674694977024243,2024,1797109798,-54,24,True,14364,
486,cph/query/images/iy0ImmSsSBAPMncync8gEA.jpg,attention,0.2,-1,1,34,0.397749662399292,0.22132650017738342,0.3581008315086365,0.33326950669288635,0.03964883089065552,-0.11194300651550293,0.15159183740615845,0.17642316222190857,0.6437147855758667,33,0,0,0,1,0.20037806034088135,20776,1.0,2024,3866160423,0,0,True,8834,
486,cph/query/images/iy0ImmSsSBAPMncync8gEA.jpg,random,0.2,0,1,1,0.397749662399292,0.3761224150657654,0.3581008315086365,0.3412679433822632,0.03964883089065552,0.0348544716835022,0.00479435920715332,0.02162724733352661,0.2890878915786743,0,1,1,1,0,0.20037806034088135,20776,0.2608326253186066,2024,3866160423,58,7,True,8834,
486,cph/query/images/iy0ImmSsSBAPMncync8gEA.jpg,random,0.2,1,1,1,0.397749662399292,0.2623785734176636,0.3581008315086365,0.24254576861858368,0.03964883089065552,0.019832804799079895,0.019816026091575623,0.13537108898162842,0.38593679666519165,0,1,1,1,0,0.20037806034088135,20776,0.2727272727272727,2024,3866160423,-62,18,True,8834,
486,cph/query/images/iy0ImmSsSBAPMncync8gEA.jpg,random,0.2,2,1,4,0.397749662399292,0.22884488105773926,0.3581008315086365,0.23166005313396454,0.03964883089065552,-0.0028151720762252808,0.0424640029668808,0.16890478134155273,0.3951590657234192,3,0,1,1,1,0.20037806034088135,20776,0.237698081734779,2024,3866160423,-75,50,True,8834,
486,cph/query/images/iy0ImmSsSBAPMncync8gEA.jpg,random,0.2,3,1,7,0.397749662399292,0.2314419448375702,0.3581008315086365,0.2829989194869995,0.03964883089065552,-0.05155697464942932,0.09120580554008484,0.1663077175617218,0.4784510135650635,6,0,0,1,1,0.20037806034088135,20776,0.41709296773753496,2024,3866160423,-37,26,True,8834,
486,cph/query/images/iy0ImmSsSBAPMncync8gEA.jpg,random,0.2,4,1,1,0.397749662399292,0.38346511125564575,0.3581008315086365,0.35909414291381836,0.03964883089065552,0.024370968341827393,0.015277862548828125,0.01428455114364624,0.21522080898284912,0,1,1,1,0,0.20037806034088135,20776,0.1853035143769968,2024,3866160423,62,28,True,8834,
72,cph/query/images/93Q0u3UXpnwXYEwG5BS7eQ.jpg,clean,0.0,-1,1,1,0.6353868842124939,0.6353868842124939,0.44217348098754883,0.44217348098754883,0.19321340322494507,0.19321340322494507,0.0,0.0,0.0,0,1,1,1,0,0.0,0,0.0,2024,0,0,0,True,0,
72,cph/query/images/93Q0u3UXpnwXYEwG5BS7eQ.jpg,attention,0.1,-1,1,1,0.6353868842124939,0.5402422547340393,0.44217348098754883,0.4286118149757385,0.19321340322494507,0.11163043975830078,0.08158296346664429,0.09514462947845459,0.2534712553024292,0,1,1,1,0,0.10018903017044067,10388,1.0,2024,1849027512,0,0,True,23842,
72,cph/query/images/93Q0u3UXpnwXYEwG5BS7eQ.jpg,random,0.1,0,1,1,0.6353868842124939,0.6333017945289612,0.44217348098754883,0.4331966042518616,0.19321340322494507,0.2001051902770996,-0.006891787052154541,0.002085089683532715,0.00726163387298584,0,1,1,1,0,0.10018903017044067,10388,0.0,2024,1849027512,125,-34,True,23842,
72,cph/query/images/93Q0u3UXpnwXYEwG5BS7eQ.jpg,random,0.1,1,1,1,0.6353868842124939,0.6208518743515015,0.44217348098754883,0.42056694626808167,0.19321340322494507,0.2002849280834198,-0.0070715248584747314,0.014535009860992432,0.04364579916000366,0,1,1,1,0,0.10018903017044067,10388,0.0040595399188092015,2024,1849027512,64,-70,True,23842,
72,cph/query/images/93Q0u3UXpnwXYEwG5BS7eQ.jpg,random,0.1,2,1,1,0.6353868842124939,0.5774365663528442,0.44217348098754883,0.40925922989845276,0.19321340322494507,0.16817733645439148,0.02503606677055359,0.05795031785964966,0.22311639785766602,0,1,1,1,0,0.10018903017044067,10388,0.39473684210526316,2024,1849027512,18,0,True,23842,
72,cph/query/images/93Q0u3UXpnwXYEwG5BS7eQ.jpg,random,0.1,3,1,1,0.6353868842124939,0.5978248119354248,0.44217348098754883,0.4251716136932373,0.19321340322494507,0.1726531982421875,0.02056020498275757,0.03756207227706909,0.08415359258651733,0,1,1,1,0,0.10018903017044067,10388,0.03306648103028194,2024,1849027512,-69,-35,True,23842,
72,cph/query/images/93Q0u3UXpnwXYEwG5BS7eQ.jpg,random,0.1,4,1,1,0.6353868842124939,0.5554049015045166,0.44217348098754883,0.3917529582977295,0.19321340322494507,0.1636519432067871,0.02956146001815796,0.0799819827079773,0.21779096126556396,0,1,1,1,0,0.10018903017044067,10388,0.2357839638353557,2024,1849027512,-23,24,True,23842,
72,cph/query/images/93Q0u3UXpnwXYEwG5BS7eQ.jpg,attention,0.15,-1,1,1,0.6353868842124939,0.4767886698246002,0.44217348098754883,0.3844434320926666,0.19321340322494507,0.0923452377319336,0.10086816549301147,0.15859821438789368,0.36761558055877686,0,1,1,1,0,0.14933836460113525,15484,1.0,2024,4153729370,0,0,True,9072,
72,cph/query/images/93Q0u3UXpnwXYEwG5BS7eQ.jpg,random,0.15,0,1,1,0.6353868842124939,0.5997327566146851,0.44217348098754883,0.4174269139766693,0.19321340322494507,0.18230584263801575,0.010907560586929321,0.03565412759780884,0.08510041236877441,0,1,1,1,0,0.14933836460113525,15484,0.1144378868576364,2024,4153729370,66,25,True,9072,
72,cph/query/images/93Q0u3UXpnwXYEwG5BS7eQ.jpg,random,0.15,1,1,1,0.6353868842124939,0.5542080402374268,0.44217348098754883,0.39716824889183044,0.19321340322494507,0.1570397913455963,0.036173611879348755,0.08117884397506714,0.3025573492050171,0,1,1,1,0,0.14933836460113525,15484,0.4331728989263236,2024,4153729370,16,24,True,9072,
72,cph/query/images/93Q0u3UXpnwXYEwG5BS7eQ.jpg,random,0.15,2,1,1,0.6353868842124939,0.443143367767334,0.44217348098754883,0.3749406635761261,0.19321340322494507,0.06820270419120789,0.12501069903373718,0.1922435164451599,0.4211909770965576,0,1,1,1,0,0.14933836460113525,15484,0.7458563535911602,2024,4153729370,7,0,True,9072,
72,cph/query/images/93Q0u3UXpnwXYEwG5BS7eQ.jpg,random,0.15,3,1,1,0.6353868842124939,0.48578399419784546,0.44217348098754883,0.3425855040550232,0.19321340322494507,0.14319849014282227,0.0500149130821228,0.14960289001464844,0.3487851619720459,0,1,1,1,0,0.14933836460113525,15484,0.5907129648654201,2024,4153729370,-2,17,True,9072,
72,cph/query/images/93Q0u3UXpnwXYEwG5BS7eQ.jpg,random,0.15,4,1,1,0.6353868842124939,0.5815979242324829,0.44217348098754883,0.3971290588378906,0.19321340322494507,0.18446886539459229,0.008744537830352783,0.053788959980010986,0.22260069847106934,0,1,1,1,0,0.14933836460113525,15484,0.22752497225305215,2024,4153729370,-35,27,True,9072,
72,cph/query/images/93Q0u3UXpnwXYEwG5BS7eQ.jpg,attention,0.2,-1,1,1,0.6353868842124939,0.4315134286880493,0.44217348098754883,0.35799968242645264,0.19321340322494507,0.07351374626159668,0.11969965696334839,0.20387345552444458,0.4281826615333557,0,1,1,1,0,0.20037806034088135,20776,1.0,2024,1367220317,0,0,True,7868,
72,cph/query/images/93Q0u3UXpnwXYEwG5BS7eQ.jpg,random,0.2,0,1,1,0.6353868842124939,0.5324534773826599,0.44217348098754883,0.39058753848075867,0.19321340322494507,0.14186593890190125,0.05134746432304382,0.10293340682983398,0.3022046685218811,0,1,1,1,0,0.20037806034088135,20776,0.3973634651600753,2024,1367220317,28,5,True,7868,
72,cph/query/images/93Q0u3UXpnwXYEwG5BS7eQ.jpg,random,0.2,1,1,1,0.6353868842124939,0.6326777935028076,0.44217348098754883,0.43365955352783203,0.19321340322494507,0.19901823997497559,-0.005804836750030518,0.0027090907096862793,0.025329232215881348,0,1,1,1,0,0.20037806034088135,20776,0.014230271668822769,2024,1367220317,117,23,True,7868,
72,cph/query/images/93Q0u3UXpnwXYEwG5BS7eQ.jpg,random,0.2,2,1,1,0.6353868842124939,0.6128653287887573,0.44217348098754883,0.4200742840766907,0.19321340322494507,0.19279104471206665,0.00042235851287841797,0.022521555423736572,0.06986218690872192,0,1,1,1,0,0.20037806034088135,20776,0.04570163076303604,2024,1367220317,87,8,True,7868,
72,cph/query/images/93Q0u3UXpnwXYEwG5BS7eQ.jpg,random,0.2,3,1,1,0.6353868842124939,0.6112462282180786,0.44217348098754883,0.41868311166763306,0.19321340322494507,0.19256311655044556,0.0006502866744995117,0.024140655994415283,0.08611446619033813,0,1,1,1,0,0.20037806034088135,20776,0.08152004164497657,2024,1367220317,75,16,True,7868,
72,cph/query/images/93Q0u3UXpnwXYEwG5BS7eQ.jpg,random,0.2,4,1,1,0.6353868842124939,0.6267489194869995,0.44217348098754883,0.4299711287021637,0.19321340322494507,0.19677779078483582,-0.003564387559890747,0.008637964725494385,0.05882471799850464,0,1,1,1,0,0.20037806034088135,20776,0.046359950643398554,2024,1367220317,89,21,True,7868,
222,cph/query/images/DK3i8QTkCMjpNbYIvA4dEw.jpg,clean,0.0,-1,1,1,0.3639777898788452,0.3639777898788452,0.28524062037467957,0.28524062037467957,0.07873716950416565,0.07873716950416565,0.0,0.0,0.0,0,1,1,1,0,0.0,0,0.0,2024,0,0,0,True,0,
222,cph/query/images/DK3i8QTkCMjpNbYIvA4dEw.jpg,attention,0.1,-1,1,1,0.3639777898788452,0.2852547764778137,0.28524062037467957,0.25422200560569763,0.07873716950416565,0.03103277087211609,0.04770439863204956,0.0787230134010315,0.44710779190063477,0,1,1,1,0,0.10018903017044067,10388,1.0,2024,3576925045,0,0,True,21504,
222,cph/query/images/DK3i8QTkCMjpNbYIvA4dEw.jpg,random,0.1,0,1,1,0.3639777898788452,0.3591121435165405,0.28524062037467957,0.2847535312175751,0.07873716950416565,0.07435861229896545,0.004378557205200195,0.0048656463623046875,0.020073115825653076,0,1,1,1,0,0.10018903017044067,10388,0.0,2024,3576925045,102,-2,True,21504,
222,cph/query/images/DK3i8QTkCMjpNbYIvA4dEw.jpg,random,0.1,1,1,1,0.3639777898788452,0.27734440565109253,0.28524062037467957,0.24720950424671173,0.07873716950416565,0.0301349014043808,0.04860226809978485,0.08663338422775269,0.186143159866333,0,1,1,1,0,0.10018903017044067,10388,0.19484702093397746,2024,3576925045,-32,-15,True,21504,
222,cph/query/images/DK3i8QTkCMjpNbYIvA4dEw.jpg,random,0.1,2,1,1,0.3639777898788452,0.3604355752468109,0.28524062037467957,0.2746007442474365,0.07873716950416565,0.08583483099937439,-0.00709766149520874,0.0035422146320343018,0.028032541275024414,0,1,1,1,0,0.10018903017044067,10388,0.0,2024,3576925045,-92,0,True,21504,
222,cph/query/images/DK3i8QTkCMjpNbYIvA4dEw.jpg,random,0.1,3,1,1,0.3639777898788452,0.31581351161003113,0.28524062037467957,0.26018577814102173,0.07873716950416565,0.0556277334690094,0.02310943603515625,0.04816427826881409,0.2597251534461975,0,1,1,1,0,0.10018903017044067,10388,0.359952870327944,2024,3576925045,-15,-45,True,21504,
222,cph/query/images/DK3i8QTkCMjpNbYIvA4dEw.jpg,random,0.1,4,1,1,0.3639777898788452,0.33444494009017944,0.28524062037467957,0.2634684145450592,0.07873716950416565,0.07097652554512024,0.00776064395904541,0.02953284978866577,0.06202059984207153,0,1,1,1,0,0.10018903017044067,10388,0.010899182561307902,2024,3576925045,-62,-29,True,21504,
222,cph/query/images/DK3i8QTkCMjpNbYIvA4dEw.jpg,attention,0.15,-1,1,1,0.3639777898788452,0.290548175573349,0.28524062037467957,0.23933909833431244,0.07873716950416565,0.05120907723903656,0.02752809226512909,0.07342961430549622,0.5020791292190552,0,1,1,1,0,0.14933836460113525,15484,1.0,2024,3055908937,0,0,True,16744,
222,cph/query/images/DK3i8QTkCMjpNbYIvA4dEw.jpg,random,0.15,0,1,1,0.3639777898788452,0.3421652615070343,0.28524062037467957,0.2684078812599182,0.07873716950416565,0.07375738024711609,0.0049797892570495605,0.021812528371810913,0.07619225978851318,0,1,1,1,0,0.14933836460113525,15484,0.015610651974288337,2024,3055908937,-95,-48,True,16744,
222,cph/query/images/DK3i8QTkCMjpNbYIvA4dEw.jpg,random,0.15,1,1,1,0.3639777898788452,0.33495116233825684,0.28524062037467957,0.24775373935699463,0.07873716950416565,0.08719742298126221,-0.008460253477096558,0.02902662754058838,0.2763022184371948,0,1,1,1,0,0.14933836460113525,15484,0.3435723892576684,2024,3055908937,-13,-51,True,16744,
222,cph/query/images/DK3i8QTkCMjpNbYIvA4dEw.jpg,random,0.15,2,1,1,0.3639777898788452,0.3230166435241699,0.28524062037467957,0.2697829008102417,0.07873716950416565,0.05323374271392822,0.025503426790237427,0.04096114635467529,0.1481722593307495,0,1,1,1,0,0.14933836460113525,15484,0.07550184066124888,2024,3055908937,-59,-62,True,16744,
222,cph/query/images/DK3i8QTkCMjpNbYIvA4dEw.jpg,random,0.15,3,1,1,0.3639777898788452,0.3582630753517151,0.28524062037467957,0.2784201502799988,0.07873716950416565,0.07984292507171631,-0.0011057555675506592,0.005714714527130127,0.03620779514312744,0,1,1,1,0,0.14933836460113525,15484,0.0,2024,3055908937,-116,-70,True,16744,
222,cph/query/images/DK3i8QTkCMjpNbYIvA4dEw.jpg,random,0.15,4,1,1,0.3639777898788452,0.31217503547668457,0.28524062037467957,0.24198122322559357,0.07873716950416565,0.070193812251091,0.008543357253074646,0.051802754402160645,0.1251128911972046,0,1,1,1,0,0.14933836460113525,15484,0.07281923370054735,2024,3055908937,-64,-55,True,16744,
222,cph/query/images/DK3i8QTkCMjpNbYIvA4dEw.jpg,attention,0.2,-1,1,1,0.3639777898788452,0.2861173450946808,0.28524062037467957,0.24800989031791687,0.07873716950416565,0.038107454776763916,0.04062971472740173,0.07786044478416443,0.5159013271331787,0,1,1,1,0,0.20037806034088135,20776,1.0,2024,2504502775,0,0,True,12992,
222,cph/query/images/DK3i8QTkCMjpNbYIvA4dEw.jpg,random,0.2,0,1,1,0.3639777898788452,0.25822266936302185,0.28524062037467957,0.22526440024375916,0.07873716950416565,0.032958269119262695,0.045778900384902954,0.10575512051582336,0.2270680069923401,0,1,1,1,0,0.20037806034088135,20776,0.10410798745814955,2024,2504502775,-74,-9,True,12992,
222,cph/query/images/DK3i8QTkCMjpNbYIvA4dEw.jpg,random,0.2,1,1,1,0.3639777898788452,0.3426235318183899,0.28524062037467957,0.26020893454551697,0.07873716950416565,0.08241459727287292,-0.0036774277687072754,0.021354258060455322,0.45819127559661865,0,1,1,1,0,0.20037806034088135,20776,0.5227764136768425,2024,2504502775,11,-25,True,12992,
222,cph/query/images/DK3i8QTkCMjpNbYIvA4dEw.jpg,random,0.2,2,1,1,0.3639777898788452,0.362826406955719,0.28524062037467957,0.2847602665424347,0.07873716950416565,0.0780661404132843,0.0006710290908813477,0.0011513829231262207,0.24282217025756836,0,1,1,1,0,0.20037806034088135,20776,0.2136931884565954,2024,2504502775,48,-31,True,12992,
222,cph/query/images/DK3i8QTkCMjpNbYIvA4dEw.jpg,random,0.2,3,1,1,0.3639777898788452,0.24462541937828064,0.28524062037467957,0.24373482167720795,0.07873716950416565,0.0008905977010726929,0.07784657180309296,0.11935237050056458,0.4576801061630249,0,1,1,1,0,0.20037806034088135,20776,0.4060638873849486,2024,2504502775,-32,-6,True,12992,
222,cph/query/images/DK3i8QTkCMjpNbYIvA4dEw.jpg,random,0.2,4,1,1,0.3639777898788452,0.32867398858070374,0.28524062037467957,0.2700392007827759,0.07873716950416565,0.058634787797927856,0.020102381706237793,0.03530380129814148,0.10503077507019043,0,1,1,1,0,0.20037806034088135,20776,0.0465444287729196,2024,2504502775,-95,-52,True,12992,
42,cph/query/images/u3avZUcIm3g6J0GFZC9ppg.jpg,clean,0.0,-1,1,1,0.4745416045188904,0.4745416045188904,0.2852059006690979,0.2852059006690979,0.18933570384979248,0.18933570384979248,0.0,0.0,0.0,0,1,1,1,0,0.0,0,0.0,2024,0,0,0,True,0,
42,cph/query/images/u3avZUcIm3g6J0GFZC9ppg.jpg,attention,0.1,-1,1,1,0.4745416045188904,0.45728668570518494,0.2852059006690979,0.2899850010871887,0.18933570384979248,0.16730168461799622,0.022034019231796265,0.017254918813705444,0.157082200050354,0,1,1,1,0,0.10018903017044067,10388,1.0,2024,1117320340,0,0,True,25802,
42,cph/query/images/u3avZUcIm3g6J0GFZC9ppg.jpg,random,0.1,0,1,1,0.4745416045188904,0.4661383628845215,0.2852059006690979,0.27055832743644714,0.18933570384979248,0.19558003544807434,-0.00624433159828186,0.008403241634368896,0.03970211744308472,0,1,1,1,0,0.10018903017044067,10388,0.0023157082207641835,2024,1117320340,-52,-128,True,25802,
42,cph/query/images/u3avZUcIm3g6J0GFZC9ppg.jpg,random,0.1,1,1,1,0.4745416045188904,0.4640563130378723,0.2852059006690979,0.2846359610557556,0.18933570384979248,0.1794203519821167,0.009915351867675781,0.010485291481018066,0.07153326272964478,0,1,1,1,0,0.10018903017044067,10388,0.15756630265210608,2024,1117320340,-21,-38,True,25802,
42,cph/query/images/u3avZUcIm3g6J0GFZC9ppg.jpg,random,0.1,2,1,1,0.4745416045188904,0.5092820525169373,0.2852059006690979,0.30470484495162964,0.18933570384979248,0.20457720756530762,-0.015241503715515137,-0.034740447998046875,0.0947791337966919,0,1,1,1,0,0.10018903017044067,10388,0.303714859437751,2024,1117320340,32,-6,True,25802,
42,cph/query/images/u3avZUcIm3g6J0GFZC9ppg.jpg,random,0.1,3,1,1,0.4745416045188904,0.4475865066051483,0.2852059006690979,0.2904878854751587,0.18933570384979248,0.15709862112998962,0.032237082719802856,0.026955097913742065,0.06022477149963379,0,1,1,1,0,0.10018903017044067,10388,0.0,2024,1117320340,-30,-170,True,25802,
42,cph/query/images/u3avZUcIm3g6J0GFZC9ppg.jpg,random,0.1,4,1,1,0.4745416045188904,0.4569742679595947,0.2852059006690979,0.2816355228424072,0.18933570384979248,0.1753387451171875,0.01399695873260498,0.017567336559295654,0.03527569770812988,0,1,1,1,0,0.10018903017044067,10388,0.0,2024,1117320340,45,-145,True,25802,
42,cph/query/images/u3avZUcIm3g6J0GFZC9ppg.jpg,attention,0.15,-1,1,1,0.4745416045188904,0.43206220865249634,0.2852059006690979,0.3089030385017395,0.18933570384979248,0.12315917015075684,0.06617653369903564,0.04247939586639404,0.20873022079467773,0,1,1,1,0,0.14933836460113525,15484,1.0,2024,3366230696,0,0,True,6062,
42,cph/query/images/u3avZUcIm3g6J0GFZC9ppg.jpg,random,0.15,0,1,1,0.4745416045188904,0.49360501766204834,0.2852059006690979,0.28106433153152466,0.18933570384979248,0.21254068613052368,-0.0232049822807312,-0.01906341314315796,0.12694096565246582,0,1,1,1,0,0.14933836460113525,15484,0.2329007086551477,2024,3366230696,36,-25,True,6062,
42,cph/query/images/u3avZUcIm3g6J0GFZC9ppg.jpg,random,0.15,1,1,1,0.4745416045188904,0.467878520488739,0.2852059006690979,0.28250306844711304,0.18933570384979248,0.18537545204162598,0.003960251808166504,0.006663084030151367,0.11809587478637695,0,1,1,1,0,0.14933836460113525,15484,0.22166554893684168,2024,3366230696,-33,-13,True,6062,
42,cph/query/images/u3avZUcIm3g6J0GFZC9ppg.jpg,random,0.15,2,1,1,0.4745416045188904,0.4535266160964966,0.2852059006690979,0.2835840880870819,0.18933570384979248,0.16994252800941467,0.019393175840377808,0.0210149884223938,0.15273141860961914,0,1,1,1,0,0.14933836460113525,15484,0.30666666666666664,2024,3366230696,-24,-5,True,6062,
42,cph/query/images/u3avZUcIm3g6J0GFZC9ppg.jpg,random,0.15,3,1,1,0.4745416045188904,0.48523029685020447,0.2852059006690979,0.29897141456604004,0.18933570384979248,0.18625888228416443,0.0030768215656280518,-0.010688692331314087,0.10889166593551636,0,1,1,1,0,0.14933836460113525,15484,0.20273419294702502,2024,3366230696,39,-30,True,6062,
42,cph/query/images/u3avZUcIm3g6J0GFZC9ppg.jpg,random,0.15,4,1,1,0.4745416045188904,0.4477136731147766,0.2852059006690979,0.2932280898094177,0.18933570384979248,0.1544855833053589,0.034850120544433594,0.02682793140411377,0.1699698567390442,0,1,1,1,0,0.14933836460113525,15484,0.22957198443579765,2024,3366230696,46,-3,True,6062,
42,cph/query/images/u3avZUcIm3g6J0GFZC9ppg.jpg,attention,0.2,-1,1,1,0.4745416045188904,0.3803682029247284,0.2852059006690979,0.3087787926197052,0.18933570384979248,0.0715894103050232,0.11774629354476929,0.09417340159416199,0.3456568717956543,0,1,1,1,0,0.20037806034088135,20776,1.0,2024,1993357045,0,0,True,140,
42,cph/query/images/u3avZUcIm3g6J0GFZC9ppg.jpg,random,0.2,0,1,1,0.4745416045188904,0.434105783700943,0.2852059006690979,0.2525721788406372,0.18933570384979248,0.1815336048603058,0.007802098989486694,0.04043582081794739,0.28498536348342896,0,1,1,1,0,0.20037806034088135,20776,0.4802992518703242,2024,1993357045,-15,0,True,140,
42,cph/query/images/u3avZUcIm3g6J0GFZC9ppg.jpg,random,0.2,1,1,1,0.4745416045188904,0.4086885154247284,0.2852059006690979,0.2838395833969116,0.18933570384979248,0.12484893202781677,0.06448677182197571,0.06585308909416199,0.1660791039466858,0,1,1,1,0,0.20037806034088135,20776,0.1276595744680851,2024,1993357045,63,0,True,140,
42,cph/query/images/u3avZUcIm3g6J0GFZC9ppg.jpg,random,0.2,2,1,1,0.4745416045188904,0.4301629960536957,0.2852059006690979,0.29290536046028137,0.18933570384979248,0.1372576355934143,0.052078068256378174,0.0443786084651947,0.1324312686920166,0,1,1,1,0,0.20037806034088135,20776,0.11077844311377245,2024,1993357045,67,0,True,140,
42,cph/query/images/u3avZUcIm3g6J0GFZC9ppg.jpg,random,0.2,3,1,1,0.4745416045188904,0.4172365367412567,0.2852059006690979,0.26371651887893677,0.18933570384979248,0.15352001786231995,0.035815685987472534,0.05730506777763367,0.23346370458602905,0,1,1,1,0,0.20037806034088135,20776,0.307488986784141,2024,1993357045,32,0,True,140,
42,cph/query/images/u3avZUcIm3g6J0GFZC9ppg.jpg,random,0.2,4,1,1,0.4745416045188904,0.4308497905731201,0.2852059006690979,0.2582258880138397,0.18933570384979248,0.1726239025592804,0.016711801290512085,0.043691813945770264,0.16470050811767578,0,1,1,1,0,0.20037806034088135,20776,0.24705882352941178,2024,1993357045,-42,0,True,140,
59,cph/query/images/n1QiaeWYyLMsI0fOVrQX2g.jpg,clean,0.0,-1,1,1,0.6991719603538513,0.6991719603538513,0.5532000660896301,0.5532000660896301,0.1459718942642212,0.1459718942642212,0.0,0.0,0.0,0,1,1,1,0,0.0,0,0.0,2024,0,0,0,True,0,
59,cph/query/images/n1QiaeWYyLMsI0fOVrQX2g.jpg,attention,0.1,-1,1,1,0.6991719603538513,0.581782877445221,0.5532000660896301,0.45326751470565796,0.1459718942642212,0.128515362739563,0.017456531524658203,0.11738908290863037,0.2303905487060547,0,1,1,1,0,0.10018903017044067,10388,1.0,2024,348702323,0,0,True,19096,
59,cph/query/images/n1QiaeWYyLMsI0fOVrQX2g.jpg,random,0.1,0,1,1,0.6991719603538513,0.6387667655944824,0.5532000660896301,0.5212630033493042,0.1459718942642212,0.11750376224517822,0.02846813201904297,0.060405194759368896,0.09424376487731934,0,1,1,1,0,0.10018903017044067,10388,0.029636237486371297,2024,348702323,-85,-2,True,19096,
59,cph/query/images/n1QiaeWYyLMsI0fOVrQX2g.jpg,random,0.1,1,1,1,0.6991719603538513,0.6003167033195496,0.5532000660896301,0.47143372893333435,0.1459718942642212,0.1288829743862152,0.01708891987800598,0.09885525703430176,0.19327795505523682,0,1,1,1,0,0.10018903017044067,10388,0.23666666666666666,2024,348702323,-7,44,True,19096,
59,cph/query/images/n1QiaeWYyLMsI0fOVrQX2g.jpg,random,0.1,2,1,1,0.6991719603538513,0.6141186952590942,0.5532000660896301,0.5447261333465576,0.1459718942642212,0.06939256191253662,0.07657933235168457,0.08505326509475708,0.14253836870193481,0,1,1,1,0,0.10018903017044067,10388,0.09809725158562368,2024,348702323,-64,11,True,19096,
59,cph/query/images/n1QiaeWYyLMsI0fOVrQX2g.jpg,random,0.1,3,1,1,0.6991719603538513,0.6563843488693237,0.5532000660896301,0.5312281847000122,0.1459718942642212,0.12515616416931152,0.020815730094909668,0.04278761148452759,0.06161004304885864,0,1,1,1,0,0.10018903017044067,10388,0.01783264746227709,2024,348702323,-98,-2,True,19096,
59,cph/query/images/n1QiaeWYyLMsI0fOVrQX2g.jpg,random,0.1,4,1,1,0.6991719603538513,0.5885177850723267,0.5532000660896301,0.47187185287475586,0.1459718942642212,0.1166459321975708,0.02932596206665039,0.11065417528152466,0.1756327748298645,0,1,1,1,0,0.10018903017044067,10388,0.2579317025914265,2024,348702323,-23,22,True,19096,
59,cph/query/images/n1QiaeWYyLMsI0fOVrQX2g.jpg,attention,0.15,-1,1,1,0.6991719603538513,0.531243085861206,0.5532000660896301,0.43098872900009155,0.1459718942642212,0.1002543568611145,0.04571753740310669,0.16792887449264526,0.2804951071739197,0,1,1,1,0,0.14933836460113525,15484,1.0,2024,59337565,0,0,True,17514,
59,cph/query/images/n1QiaeWYyLMsI0fOVrQX2g.jpg,random,0.15,0,1,1,0.6991719603538513,0.5868342518806458,0.5532000660896301,0.46299225091934204,0.1459718942642212,0.12384200096130371,0.02212989330291748,0.11233770847320557,0.1988125443458557,0,1,1,1,0,0.14933836460113525,15484,0.22514538908889503,2024,59337565,7,75,True,17514,
59,cph/query/images/n1QiaeWYyLMsI0fOVrQX2g.jpg,random,0.15,1,1,1,0.6991719603538513,0.5784950852394104,0.5532000660896301,0.5233616232872009,0.1459718942642212,0.05513346195220947,0.09083843231201172,0.12067687511444092,0.16070973873138428,0,1,1,1,0,0.14933836460113525,15484,0.11379657603222558,2024,59337565,-44,64,True,17514,
59,cph/query/images/n1QiaeWYyLMsI0fOVrQX2g.jpg,random,0.15,2,1,1,0.6991719603538513,0.6114926338195801,0.5532000660896301,0.4710020124912262,0.1459718942642212,0.14049062132835388,0.00548127293586731,0.08767932653427124,0.18128633499145508,0,1,1,1,0,0.14933836460113525,15484,0.19236100415832436,2024,59337565,-3,80,True,17514,
59,cph/query/images/n1QiaeWYyLMsI0fOVrQX2g.jpg,random,0.15,3,1,1,0.6991719603538513,0.6532406806945801,0.5532000660896301,0.5502110123634338,0.1459718942642212,0.10302966833114624,0.04294222593307495,0.04593127965927124,0.06013846397399902,0,1,1,1,0,0.14933836460113525,15484,0.0008726285511134094,2024,59337565,-109,75,True,17514,
59,cph/query/images/n1QiaeWYyLMsI0fOVrQX2g.jpg,random,0.15,4,1,1,0.6991719603538513,0.6183883547782898,0.5532000660896301,0.5173187255859375,0.1459718942642212,0.1010696291923523,0.044902265071868896,0.08078360557556152,0.12363708019256592,0,1,1,1,0,0.14933836460113525,15484,0.04262339236415056,2024,59337565,-94,-9,True,17514,
59,cph/query/images/n1QiaeWYyLMsI0fOVrQX2g.jpg,attention,0.2,-1,1,1,0.6991719603538513,0.47205492854118347,0.5532000660896301,0.3843679130077362,0.1459718942642212,0.08768701553344727,0.058284878730773926,0.22711703181266785,0.39230358600616455,0,1,1,1,0,0.20037806034088135,20776,1.0,2024,1436214555,0,0,True,10010,
59,cph/query/images/n1QiaeWYyLMsI0fOVrQX2g.jpg,random,0.2,0,1,1,0.6991719603538513,0.6347233653068542,0.5532000660896301,0.5363771915435791,0.1459718942642212,0.09834617376327515,0.047625720500946045,0.06444859504699707,0.08537274599075317,0,1,1,1,0,0.20037806034088135,20776,0.003041568097330179,2024,1436214555,-117,23,True,10010,
59,cph/query/images/n1QiaeWYyLMsI0fOVrQX2g.jpg,random,0.2,1,1,1,0.6991719603538513,0.6506503820419312,0.5532000660896301,0.5561325550079346,0.1459718942642212,0.09451782703399658,0.05145406723022461,0.048521578311920166,0.06348097324371338,0,1,1,1,0,0.20037806034088135,20776,0.0011806375442739079,2024,1436214555,-111,63,True,10010,
59,cph/query/images/n1QiaeWYyLMsI0fOVrQX2g.jpg,random,0.2,2,1,1,0.6991719603538513,0.4945346713066101,0.5532000660896301,0.42315709590911865,0.1459718942642212,0.07137757539749146,0.07459431886672974,0.2046372890472412,0.2966523766517639,0,1,1,1,0,0.20037806034088135,20776,0.4235011990407674,2024,1436214555,-29,14,True,10010,
59,cph/query/images/n1QiaeWYyLMsI0fOVrQX2g.jpg,random,0.2,3,1,1,0.6991719603538513,0.5898222327232361,0.5532000660896301,0.546078622341156,0.1459718942642212,0.04374361038208008,0.10222828388214111,0.10934972763061523,0.19915485382080078,0,1,1,1,0,0.20037806034088135,20776,0.10894048572191087,2024,1436214555,-73,26,True,10010,
59,cph/query/images/n1QiaeWYyLMsI0fOVrQX2g.jpg,random,0.2,4,1,1,0.6991719603538513,0.6286398768424988,0.5532000660896301,0.5202298164367676,0.1459718942642212,0.1084100604057312,0.03756183385848999,0.07053208351135254,0.10738945007324219,0,1,1,1,0,0.20037806034088135,20776,0.011243611584327087,2024,1436214555,-108,29,True,10010,
598,sf/query/images/jk0pva-VazNfAtpydKFinQ.jpg,clean,0.0,-1,1,1,0.5148645043373108,0.5148645043373108,0.24137836694717407,0.24137836694717407,0.2734861373901367,0.2734861373901367,0.0,0.0,0.0,0,1,1,1,0,0.0,0,0.0,2024,0,0,0,True,0,
598,sf/query/images/jk0pva-VazNfAtpydKFinQ.jpg,attention,0.1,-1,1,1,0.5148645043373108,0.3674229681491852,0.24137836694717407,0.22228343784809113,0.2734861373901367,0.14513953030109406,0.12834660708904266,0.1474415361881256,0.3012579679489136,0,1,1,1,0,0.10018903017044067,10388,1.0,2024,840494990,0,0,True,20678,
598,sf/query/images/jk0pva-VazNfAtpydKFinQ.jpg,random,0.1,0,1,1,0.5148645043373108,0.43989670276641846,0.24137836694717407,0.22747166454792023,0.2734861373901367,0.21242503821849823,0.06106109917163849,0.07496780157089233,0.18911409378051758,0,1,1,1,0,0.10018903017044067,10388,0.1447462670119566,2024,840494990,-29,61,True,20678,
598,sf/query/images/jk0pva-VazNfAtpydKFinQ.jpg,random,0.1,1,1,1,0.5148645043373108,0.4389066696166992,0.24137836694717407,0.2458469569683075,0.2734861373901367,0.19305971264839172,0.080426424741745,0.07595783472061157,0.19211184978485107,0,1,1,1,0,0.10018903017044067,10388,0.20987654320987653,2024,840494990,36,38,True,20678,
598,sf/query/images/jk0pva-VazNfAtpydKFinQ.jpg,random,0.1,2,1,1,0.5148645043373108,0.43611565232276917,0.24137836694717407,0.2505995035171509,0.2734861373901367,0.1855161488056183,0.08796998858451843,0.07874885201454163,0.20078611373901367,0,1,1,1,0,0.10018903017044067,10388,0.153773532515133,2024,840494990,1,83,True,20678,
598,sf/query/images/jk0pva-VazNfAtpydKFinQ.jpg,random,0.1,3,1,1,0.5148645043373108,0.4587436318397522,0.24137836694717407,0.2240608036518097,0.2734861373901367,0.2346828281879425,0.038803309202194214,0.056120872497558594,0.15416091680526733,0,1,1,1,0,0.10018903017044067,10388,0.18152866242038215,2024,840494990,-29,38,True,20678,
598,sf/query/images/jk0pva-VazNfAtpydKFinQ.jpg,random,0.1,4,1,1,0.5148645043373108,0.44992420077323914,0.24137836694717407,0.22361820936203003,0.2734861373901367,0.2263059914112091,0.04718014597892761,0.06494030356407166,0.1698620319366455,0,1,1,1,0,0.10018903017044067,10388,0.0740281224152192,2024,840494990,18,107,True,20678,
598,sf/query/images/jk0pva-VazNfAtpydKFinQ.jpg,attention,0.15,-1,1,1,0.5148645043373108,0.30946436524391174,0.24137836694717407,0.20072804391384125,0.2734861373901367,0.1087363213300705,0.16474981606006622,0.20540013909339905,0.40846896171569824,0,1,1,1,0,0.14933836460113525,15484,1.0,2024,2241443853,0,0,True,5306,
598,sf/query/images/jk0pva-VazNfAtpydKFinQ.jpg,random,0.15,0,1,1,0.5148645043373108,0.3696732521057129,0.24137836694717407,0.2450295090675354,0.2734861373901367,0.12464374303817749,0.14884239435195923,0.1451912522315979,0.2788872718811035,0,1,1,1,0,0.14933836460113525,15484,0.3112033195020747,2024,2241443853,21,28,True,5306,
598,sf/query/images/jk0pva-VazNfAtpydKFinQ.jpg,random,0.15,1,1,1,0.5148645043373108,0.3392319977283478,0.24137836694717407,0.2788292169570923,0.2734861373901367,0.06040278077125549,0.21308335661888123,0.175632506608963,0.3679935932159424,0,1,1,1,0,0.14933836460113525,15484,0.449812734082397,2024,2241443853,2,19,True,5306,
598,sf/query/images/jk0pva-VazNfAtpydKFinQ.jpg,random,0.15,2,1,1,0.5148645043373108,0.4337248206138611,0.24137836694717407,0.23563268780708313,0.2734861373901367,0.19809213280677795,0.07539400458335876,0.08113968372344971,0.24536985158920288,0,1,1,1,0,0.14933836460113525,15484,0.19373988127361036,2024,2241443853,-35,8,True,5306,
598,sf/query/images/jk0pva-VazNfAtpydKFinQ.jpg,random,0.15,3,1,1,0.5148645043373108,0.49266311526298523,0.24137836694717407,0.2515879273414612,0.2734861373901367,0.24107518792152405,0.03241094946861267,0.02220138907432556,0.06929469108581543,0,1,1,1,0,0.14933836460113525,15484,0.0407312810861675,2024,2241443853,-81,6,True,5306,
598,sf/query/images/jk0pva-VazNfAtpydKFinQ.jpg,random,0.15,4,1,1,0.5148645043373108,0.328671932220459,0.24137836694717407,0.2583598494529724,0.2734861373901367,0.07031208276748657,0.20317405462265015,0.1861925721168518,0.36708319187164307,0,1,1,1,0,0.14933836460113525,15484,0.5817754622535499,2024,2241443853,3,10,True,5306,
598,sf/query/images/jk0pva-VazNfAtpydKFinQ.jpg,attention,0.2,-1,1,1,0.5148645043373108,0.26883482933044434,0.24137836694717407,0.20795275270938873,0.2734861373901367,0.0608820766210556,0.21260406076908112,0.24602967500686646,0.5606244206428528,0,1,1,1,0,0.20037806034088135,20776,1.0,2024,666371496,0,0,True,2324,
598,sf/query/images/jk0pva-VazNfAtpydKFinQ.jpg,random,0.2,0,1,1,0.5148645043373108,0.37539875507354736,0.24137836694717407,0.23473195731639862,0.2734861373901367,0.14066679775714874,0.13281933963298798,0.13946574926376343,0.3586323857307434,0,1,1,1,0,0.20037806034088135,20776,0.2625182304326689,2024,666371496,39,8,True,2324,
598,sf/query/images/jk0pva-VazNfAtpydKFinQ.jpg,random,0.2,1,1,1,0.5148645043373108,0.2910073697566986,0.24137836694717407,0.22116631269454956,0.2734861373901367,0.06984105706214905,0.20364508032798767,0.22385713458061218,0.44914889335632324,0,1,1,1,0,0.20037806034088135,20776,0.3970345963756178,2024,666371496,21,11,True,2324,
598,sf/query/images/jk0pva-VazNfAtpydKFinQ.jpg,random,0.2,2,1,1,0.5148645043373108,0.32779794931411743,0.24137836694717407,0.24075773358345032,0.2734861373901367,0.08704021573066711,0.1864459216594696,0.18706655502319336,0.45614486932754517,0,1,1,1,0,0.20037806034088135,20776,0.670096463022508,2024,666371496,2,11,True,2324,
598,sf/query/images/jk0pva-VazNfAtpydKFinQ.jpg,random,0.2,3,1,1,0.5148645043373108,0.40550610423088074,0.24137836694717407,0.2183854579925537,0.2734861373901367,0.18712064623832703,0.08636549115180969,0.10935840010643005,0.2619199752807617,0,1,1,1,0,0.20037806034088135,20776,0.18672530987604957,2024,666371496,53,14,True,2324,
598,sf/query/images/jk0pva-VazNfAtpydKFinQ.jpg,random,0.2,4,1,1,0.5148645043373108,0.41423848271369934,0.24137836694717407,0.27536553144454956,0.2734861373901367,0.13887295126914978,0.13461318612098694,0.10062602162361145,0.23803925514221191,0,1,1,1,0,0.20037806034088135,20776,0.23976608187134502,2024,666371496,-42,4,True,2324,
136,cph/query/images/qFTi6YurbWQFzZRZdOADyA.jpg,clean,0.0,-1,1,1,0.3700236678123474,0.3700236678123474,0.24849429726600647,0.24849429726600647,0.12152937054634094,0.12152937054634094,0.0,0.0,0.0,0,1,1,1,0,0.0,0,0.0,2024,0,0,0,True,0,
136,cph/query/images/qFTi6YurbWQFzZRZdOADyA.jpg,attention,0.1,-1,1,1,0.3700236678123474,0.2716595232486725,0.24849429726600647,0.1969013661146164,0.12152937054634094,0.07475815713405609,0.04677121341228485,0.09836414456367493,0.3070131540298462,0,1,1,1,0,0.10018903017044067,10388,1.0,2024,1889436119,0,0,True,26194,
136,cph/query/images/qFTi6YurbWQFzZRZdOADyA.jpg,random,0.1,0,1,1,0.3700236678123474,0.28989672660827637,0.24849429726600647,0.2111642211675644,0.12152937054634094,0.07873250544071198,0.04279686510562897,0.08012694120407104,0.18835222721099854,0,1,1,1,0,0.10018903017044067,10388,0.14638856701429123,2024,1889436119,-49,-33,True,26194,
136,cph/query/images/qFTi6YurbWQFzZRZdOADyA.jpg,random,0.1,1,1,1,0.3700236678123474,0.29280441999435425,0.24849429726600647,0.21220743656158447,0.12152937054634094,0.08059698343276978,0.04093238711357117,0.07721924781799316,0.18538182973861694,0,1,1,1,0,0.10018903017044067,10388,0.13878535408901557,2024,1889436119,-40,-46,True,26194,
136,cph/query/images/qFTi6YurbWQFzZRZdOADyA.jpg,random,0.1,2,1,1,0.3700236678123474,0.3377422094345093,0.24849429726600647,0.2266668677330017,0.12152937054634094,0.11107534170150757,0.010454028844833374,0.032281458377838135,0.22239220142364502,0,1,1,1,0,0.10018903017044067,10388,0.233729216152019,2024,1889436119,34,23,True,26194,
136,cph/query/images/qFTi6YurbWQFzZRZdOADyA.jpg,random,0.1,3,1,1,0.3700236678123474,0.35966452956199646,0.24849429726600647,0.24013495445251465,0.12152937054634094,0.11952957510948181,0.001999795436859131,0.010359138250350952,0.17489254474639893,0,1,1,1,0,0.10018903017044067,10388,0.1987075928917609,2024,1889436119,50,-24,True,26194,
136,cph/query/images/qFTi6YurbWQFzZRZdOADyA.jpg,random,0.1,4,1,1,0.3700236678123474,0.3273894786834717,0.24849429726600647,0.2196281999349594,0.12152937054634094,0.10776127874851227,0.013768091797828674,0.04263418912887573,0.15222960710525513,0,1,1,1,0,0.10018903017044067,10388,0.17008335210633024,2024,1889436119,-59,36,True,26194,
136,cph/query/images/qFTi6YurbWQFzZRZdOADyA.jpg,attention,0.15,-1,1,1,0.3700236678123474,0.2236841320991516,0.24849429726600647,0.187839537858963,0.12152937054634094,0.0358445942401886,0.08568477630615234,0.1463395357131958,0.4239656925201416,0,1,1,1,0,0.14933836460113525,15484,1.0,2024,1563262575,0,0,True,21462,
136,cph/query/images/qFTi6YurbWQFzZRZdOADyA.jpg,random,0.15,0,1,1,0.3700236678123474,0.3121868968009949,0.24849429726600647,0.20862962305545807,0.12152937054634094,0.1035572737455368,0.017972096800804138,0.05783677101135254,0.23385334014892578,0,1,1,1,0,0.14933836460113525,15484,0.28221265319642264,2024,1563262575,48,6,True,21462,
136,cph/query/images/qFTi6YurbWQFzZRZdOADyA.jpg,random,0.15,1,1,1,0.3700236678123474,0.26319897174835205,0.24849429726600647,0.20122957229614258,0.12152937054634094,0.06196939945220947,0.05955997109413147,0.10682469606399536,0.2742176055908203,0,1,1,1,0,0.14933836460113525,15484,0.3082122338627915,2024,1563262575,-12,-57,True,21462,
136,cph/query/images/qFTi6YurbWQFzZRZdOADyA.jpg,random,0.15,2,1,1,0.3700236678123474,0.3157680630683899,0.24849429726600647,0.21494950354099274,0.12152937054634094,0.10081855952739716,0.020710811018943787,0.05425560474395752,0.17091703414916992,0,1,1,1,0,0.14933836460113525,15484,0.21567088011305646,2024,1563262575,-59,1,True,21462,
136,cph/query/images/qFTi6YurbWQFzZRZdOADyA.jpg,random,0.15,3,1,1,0.3700236678123474,0.24125394225120544,0.24849429726600647,0.18075376749038696,0.12152937054634094,0.06050017476081848,0.06102919578552246,0.12876972556114197,0.3227519989013672,0,1,1,1,0,0.14933836460113525,15484,0.38801488055219396,2024,1563262575,9,-51,True,21462,
136,cph/query/images/qFTi6YurbWQFzZRZdOADyA.jpg,random,0.15,4,1,1,0.3700236678123474,0.36719173192977905,0.24849429726600647,0.25242769718170166,0.12152937054634094,0.11476403474807739,0.00676533579826355,0.0028319358825683594,0.07487297058105469,0,1,1,1,0,0.14933836460113525,15484,0.07066795740561471,2024,1563262575,-90,10,True,21462,
136,cph/query/images/qFTi6YurbWQFzZRZdOADyA.jpg,attention,0.2,-1,1,1,0.3700236678123474,0.23513486981391907,0.24849429726600647,0.1914149820804596,0.12152937054634094,0.04371988773345947,0.07780948281288147,0.13488879799842834,0.4623793363571167,0,1,1,1,0,0.20037806034088135,20776,1.0,2024,3382150851,0,0,True,17514,
136,cph/query/images/qFTi6YurbWQFzZRZdOADyA.jpg,random,0.2,0,1,1,0.3700236678123474,0.2694031894207001,0.24849429726600647,0.19851219654083252,0.12152937054634094,0.07089099287986755,0.05063837766647339,0.10062047839164734,0.32519519329071045,0,1,1,1,0,0.20037806034088135,20776,0.17978421351504828,2024,3382150851,-24,-86,True,17514,
136,cph/query/images/qFTi6YurbWQFzZRZdOADyA.jpg,random,0.2,1,1,1,0.3700236678123474,0.2620443105697632,0.24849429726600647,0.19205522537231445,0.12152937054634094,0.06998908519744873,0.05154028534889221,0.10797935724258423,0.3540537357330322,0,1,1,1,0,0.20037806034088135,20776,0.2502106149957877,2024,3382150851,51,-84,True,17514,
136,cph/query/images/qFTi6YurbWQFzZRZdOADyA.jpg,random,0.2,2,1,1,0.3700236678123474,0.31264811754226685,0.24849429726600647,0.19897319376468658,0.12152937054634094,0.11367492377758026,0.007854446768760681,0.057375550270080566,0.2900129556655884,0,1,1,1,0,0.20037806034088135,20776,0.41198858230256896,2024,3382150851,42,4,True,17514,
136,cph/query/images/qFTi6YurbWQFzZRZdOADyA.jpg,random,0.2,3,1,1,0.3700236678123474,0.22730635106563568,0.24849429726600647,0.19072005152702332,0.12152937054634094,0.036586299538612366,0.08494307100772858,0.14271731674671173,0.4087666869163513,0,1,1,1,0,0.20037806034088135,20776,0.489532549469458,2024,3382150851,-32,-2,True,17514,
136,cph/query/images/qFTi6YurbWQFzZRZdOADyA.jpg,random,0.2,4,1,1,0.3700236678123474,0.21970722079277039,0.24849429726600647,0.16863755881786346,0.12152937054634094,0.05106966197490692,0.07045970857143402,0.15031644701957703,0.3867313861846924,0,1,1,1,0,0.20037806034088135,20776,0.25511991783966653,2024,3382150851,-31,-62,True,17514,
686,sf/query/images/dRcFCxWKCUm6nG_n5a6XLw.jpg,clean,0.0,-1,1,1,0.5083626508712769,0.5083626508712769,0.2582431137561798,0.2582431137561798,0.25011953711509705,0.25011953711509705,0.0,0.0,0.0,0,1,1,1,0,0.0,0,0.0,2024,0,0,0,True,0,
686,sf/query/images/dRcFCxWKCUm6nG_n5a6XLw.jpg,attention,0.1,-1,1,1,0.5083626508712769,0.32211408019065857,0.2582431137561798,0.25844189524650574,0.25011953711509705,0.06367218494415283,0.1864473521709442,0.1862485706806183,0.45715367794036865,0,1,1,1,0,0.10018903017044067,10388,1.0,2024,1356055757,0,0,True,20888,
686,sf/query/images/dRcFCxWKCUm6nG_n5a6XLw.jpg,random,0.1,0,1,1,0.5083626508712769,0.40843307971954346,0.2582431137561798,0.25007525086402893,0.25011953711509705,0.15835782885551453,0.09176170825958252,0.0999295711517334,0.25995373725891113,0,1,1,1,0,0.10018903017044067,10388,0.21796224645327705,2024,1356055757,-4,79,True,20888,
686,sf/query/images/dRcFCxWKCUm6nG_n5a6XLw.jpg,random,0.1,1,1,1,0.5083626508712769,0.5011429190635681,0.2582431137561798,0.2514115869998932,0.25011953711509705,0.24973133206367493,0.00038820505142211914,0.00721973180770874,0.02764672040939331,0,1,1,1,0,0.10018903017044067,10388,0.00048155639025329865,2024,1356055757,96,75,True,20888,
686,sf/query/images/dRcFCxWKCUm6nG_n5a6XLw.jpg,random,0.1,2,1,1,0.5083626508712769,0.5011242032051086,0.2582431137561798,0.2533928453922272,0.25011953711509705,0.24773135781288147,0.002388179302215576,0.007238447666168213,0.022693634033203125,0,1,1,1,0,0.10018903017044067,10388,0.0,2024,1356055757,-88,10,True,20888,
686,sf/query/images/dRcFCxWKCUm6nG_n5a6XLw.jpg,random,0.1,3,1,1,0.5083626508712769,0.39773041009902954,0.2582431137561798,0.24996213614940643,0.25011953711509705,0.1477682739496231,0.10235126316547394,0.11063224077224731,0.25958263874053955,0,1,1,1,0,0.10018903017044067,10388,0.21044045676998369,2024,1356055757,14,67,True,20888,
686,sf/query/images/dRcFCxWKCUm6nG_n5a6XLw.jpg,random,0.1,4,1,1,0.5083626508712769,0.37764960527420044,0.2582431137561798,0.2633032500743866,0.25011953711509705,0.11434635519981384,0.1357731819152832,0.13071304559707642,0.29117029905319214,0,1,1,1,0,0.10018903017044067,10388,0.20454545454545456,2024,1356055757,21,56,True,20888,
686,sf/query/images/dRcFCxWKCUm6nG_n5a6XLw.jpg,attention,0.15,-1,1,1,0.5083626508712769,0.2251257300376892,0.2582431137561798,0.19440536201000214,0.25011953711509705,0.030720368027687073,0.21939916908740997,0.28323692083358765,0.6828088760375977,0,1,1,1,0,0.14933836460113525,15484,1.0,2024,1259626893,0,0,True,14980,
686,sf/query/images/dRcFCxWKCUm6nG_n5a6XLw.jpg,random,0.15,0,1,1,0.5083626508712769,0.36205747723579407,0.2582431137561798,0.21377083659172058,0.25011953711509705,0.1482866406440735,0.10183289647102356,0.1463051736354828,0.27070045471191406,0,1,1,1,0,0.14933836460113525,15484,0.11894782483017777,2024,1259626893,46,30,True,14980,
686,sf/query/images/dRcFCxWKCUm6nG_n5a6XLw.jpg,random,0.15,1,1,1,0.5083626508712769,0.4721357524394989,0.2582431137561798,0.26523834466934204,0.25011953711509705,0.20689740777015686,0.043222129344940186,0.036226898431777954,0.07701647281646729,0,1,1,1,0,0.14933836460113525,15484,0.023938632456024334,2024,1259626893,69,58,True,14980,
686,sf/query/images/dRcFCxWKCUm6nG_n5a6XLw.jpg,random,0.15,2,1,1,0.5083626508712769,0.47915732860565186,0.2582431137561798,0.2466517984867096,0.25011953711509705,0.23250553011894226,0.017614006996154785,0.029205322265625,0.0621027946472168,0,1,1,1,0,0.14933836460113525,15484,0.0044110015568240785,2024,1259626893,96,8,True,14980,
686,sf/query/images/dRcFCxWKCUm6nG_n5a6XLw.jpg,random,0.15,3,1,1,0.5083626508712769,0.2979290783405304,0.2582431137561798,0.22660571336746216,0.25011953711509705,0.07132336497306824,0.1787961721420288,0.21043357253074646,0.3876428008079529,0,1,1,1,0,0.14933836460113525,15484,0.35207823960880197,2024,1259626893,26,14,True,14980,
686,sf/query/images/dRcFCxWKCUm6nG_n5a6XLw.jpg,random,0.15,4,1,1,0.5083626508712769,0.3907230496406555,0.2582431137561798,0.22288036346435547,0.25011953711509705,0.16784268617630005,0.082276850938797,0.11763960123062134,0.19521045684814453,0,1,1,1,0,0.14933836460113525,15484,0.09134479842120101,2024,1259626893,54,20,True,14980,
686,sf/query/images/dRcFCxWKCUm6nG_n5a6XLw.jpg,attention,0.2,-1,1,21,0.5083626508712769,0.15434758365154266,0.2582431137561798,0.20205947756767273,0.25011953711509705,-0.047711893916130066,0.2978314310312271,0.3540150672197342,0.737058162689209,20,0,0,0,1,0.20037806034088135,20776,1.0,2024,1664149710,0,0,True,13986,
686,sf/query/images/dRcFCxWKCUm6nG_n5a6XLw.jpg,random,0.2,0,1,1,0.5083626508712769,0.35194721817970276,0.2582431137561798,0.21547794342041016,0.25011953711509705,0.1364692747592926,0.11365026235580444,0.1564154326915741,0.2410060167312622,0,1,1,1,0,0.20037806034088135,20776,0.18815052041633307,2024,1664149710,50,52,True,13986,
686,sf/query/images/dRcFCxWKCUm6nG_n5a6XLw.jpg,random,0.2,1,1,1,0.5083626508712769,0.24662888050079346,0.2582431137561798,0.24221864342689514,0.25011953711509705,0.004410237073898315,0.24570930004119873,0.2617337703704834,0.46736741065979004,0,1,1,1,0,0.20037806034088135,20776,0.46972269383135257,2024,1664149710,18,29,True,13986,
686,sf/query/images/dRcFCxWKCUm6nG_n5a6XLw.jpg,random,0.2,2,1,1,0.5083626508712769,0.44871461391448975,0.2582431137561798,0.25851526856422424,0.25011953711509705,0.1901993453502655,0.05992019176483154,0.05964803695678711,0.17346632480621338,0,1,1,1,0,0.20037806034088135,20776,0.14575635581536425,2024,1664149710,-67,58,True,13986,
686,sf/query/images/dRcFCxWKCUm6nG_n5a6XLw.jpg,random,0.2,3,1,1,0.5083626508712769,0.4384879171848297,0.2582431137561798,0.2718236744403839,0.25011953711509705,0.1666642427444458,0.08345529437065125,0.06987473368644714,0.22376751899719238,0,1,1,1,0,0.20037806034088135,20776,0.17001745790392522,2024,1664149710,-65,40,True,13986,
686,sf/query/images/dRcFCxWKCUm6nG_n5a6XLw.jpg,random,0.2,4,1,1,0.5083626508712769,0.4436820149421692,0.2582431137561798,0.25525224208831787,0.25011953711509705,0.18842977285385132,0.06168976426124573,0.06468063592910767,0.2010108232498169,0,1,1,1,0,0.20037806034088135,20776,0.14698981422695778,2024,1664149710,-69,9,True,13986,
567,sf/query/images/5hxY1rubxiRI8P1HzCjKbQ.jpg,clean,0.0,-1,1,1,0.6438791751861572,0.6438791751861572,0.4050881564617157,0.4050881564617157,0.23879101872444153,0.23879101872444153,0.0,0.0,0.0,0,1,1,1,0,0.0,0,0.0,2024,0,0,0,True,0,
567,sf/query/images/5hxY1rubxiRI8P1HzCjKbQ.jpg,attention,0.1,-1,1,1,0.6438791751861572,0.46507689356803894,0.4050881564617157,0.2551148533821106,0.23879101872444153,0.20996204018592834,0.028828978538513184,0.1788022816181183,0.29089856147766113,0,1,1,1,0,0.10018903017044067,10388,1.0,2024,208045818,0,0,True,33488,
567,sf/query/images/5hxY1rubxiRI8P1HzCjKbQ.jpg,random,0.1,0,1,1,0.6438791751861572,0.5879643559455872,0.4050881564617157,0.3485864996910095,0.23879101872444153,0.23937785625457764,-0.0005868375301361084,0.05591481924057007,0.12218284606933594,0,1,1,1,0,0.10018903017044067,10388,0.029840388619014575,2024,208045818,-31,-96,True,33488,
567,sf/query/images/5hxY1rubxiRI8P1HzCjKbQ.jpg,random,0.1,1,1,1,0.6438791751861572,0.5795606374740601,0.4050881564617157,0.34574171900749207,0.23879101872444153,0.233818918466568,0.004972100257873535,0.06431853771209717,0.12471586465835571,0,1,1,1,0,0.10018903017044067,10388,0.15666406858924395,2024,208045818,-6,-61,True,33488,
567,sf/query/images/5hxY1rubxiRI8P1HzCjKbQ.jpg,random,0.1,2,1,1,0.6438791751861572,0.6318790316581726,0.4050881564617157,0.39965295791625977,0.23879101872444153,0.23222607374191284,0.0065649449825286865,0.01200014352798462,0.017356812953948975,0,1,1,1,0,0.10018903017044067,10388,0.001156515034695451,2024,208045818,-100,-40,True,33488,
567,sf/query/images/5hxY1rubxiRI8P1HzCjKbQ.jpg,random,0.1,3,1,1,0.6438791751861572,0.6258971691131592,0.4050881564617157,0.38633808493614197,0.23879101872444153,0.2395590841770172,-0.0007680654525756836,0.017982006072998047,0.08690965175628662,0,1,1,1,0,0.10018903017044067,10388,0.0,2024,208045818,-95,-136,True,33488,
567,sf/query/images/5hxY1rubxiRI8P1HzCjKbQ.jpg,random,0.1,4,1,1,0.6438791751861572,0.545598030090332,0.4050881564617157,0.34413862228393555,0.23879101872444153,0.20145940780639648,0.037331610918045044,0.0982811450958252,0.16535687446594238,0,1,1,1,0,0.10018903017044067,10388,0.3385735455189743,2024,208045818,-15,-33,True,33488,
567,sf/query/images/5hxY1rubxiRI8P1HzCjKbQ.jpg,attention,0.15,-1,1,1,0.6438791751861572,0.41195186972618103,0.4050881564617157,0.23249182105064392,0.23879101872444153,0.1794600486755371,0.05933097004890442,0.2319273054599762,0.4114152193069458,0,1,1,1,0,0.14933836460113525,15484,1.0,2024,181088628,0,0,True,7868,
567,sf/query/images/5hxY1rubxiRI8P1HzCjKbQ.jpg,random,0.15,0,1,1,0.6438791751861572,0.5008699893951416,0.4050881564617157,0.3014361560344696,0.23879101872444153,0.199433833360672,0.03935718536376953,0.14300918579101562,0.26116645336151123,0,1,1,1,0,0.14933836460113525,15484,0.2870085612168565,2024,181088628,37,-40,True,7868,
567,sf/query/images/5hxY1rubxiRI8P1HzCjKbQ.jpg,random,0.15,1,1,1,0.6438791751861572,0.5490111112594604,0.4050881564617157,0.3902687728404999,0.23879101872444153,0.15874233841896057,0.08004868030548096,0.09486806392669678,0.17549371719360352,0,1,1,1,0,0.14933836460113525,15484,0.1688243064729194,2024,181088628,63,-3,True,7868,
567,sf/query/images/5hxY1rubxiRI8P1HzCjKbQ.jpg,random,0.15,2,1,1,0.6438791751861572,0.5249015092849731,0.4050881564617157,0.3261083662509918,0.23879101872444153,0.19879314303398132,0.039997875690460205,0.11897766590118408,0.16412431001663208,0,1,1,1,0,0.14933836460113525,15484,0.07639902676399027,2024,181088628,-83,-6,True,7868,
567,sf/query/images/5hxY1rubxiRI8P1HzCjKbQ.jpg,random,0.15,3,1,1,0.6438791751861572,0.614646315574646,0.4050881564617157,0.3984183371067047,0.23879101872444153,0.21622797846794128,0.022563040256500244,0.02923285961151123,0.04513049125671387,0,1,1,1,0,0.14933836460113525,15484,0.00447615958481998,2024,181088628,-109,-19,True,7868,
567,sf/query/images/5hxY1rubxiRI8P1HzCjKbQ.jpg,random,0.15,4,1,1,0.6438791751861572,0.4757894277572632,0.4050881564617157,0.2796887755393982,0.23879101872444153,0.196100652217865,0.04269036650657654,0.16808974742889404,0.2979092597961426,0,1,1,1,0,0.14933836460113525,15484,0.45049180327868854,2024,181088628,21,-12,True,7868,
567,sf/query/images/5hxY1rubxiRI8P1HzCjKbQ.jpg,attention,0.2,-1,1,1,0.6438791751861572,0.34704986214637756,0.4050881564617157,0.20111557841300964,0.23879101872444153,0.14593428373336792,0.09285673499107361,0.29682931303977966,0.5351410508155823,0,1,1,1,0,0.20037806034088135,20776,1.0,2024,1641477873,0,0,True,182,
567,sf/query/images/5hxY1rubxiRI8P1HzCjKbQ.jpg,random,0.2,0,1,1,0.6438791751861572,0.5422394275665283,0.4050881564617157,0.34465792775154114,0.23879101872444153,0.19758149981498718,0.041209518909454346,0.1016397476196289,0.1487332582473755,0,1,1,1,0,0.20037806034088135,20776,0.08638360175695461,2024,1641477873,-86,0,True,182,
567,sf/query/images/5hxY1rubxiRI8P1HzCjKbQ.jpg,random,0.2,1,1,1,0.6438791751861572,0.6202270984649658,0.4050881564617157,0.41449522972106934,0.23879101872444153,0.20573186874389648,0.033059149980545044,0.023652076721191406,0.066683828830719,0,1,1,1,0,0.20037806034088135,20776,0.0392156862745098,2024,1641477873,-102,0,True,182,
567,sf/query/images/5hxY1rubxiRI8P1HzCjKbQ.jpg,random,0.2,2,1,1,0.6438791751861572,0.5782366991043091,0.4050881564617157,0.3855268657207489,0.23879101872444153,0.19270983338356018,0.04608118534088135,0.06564247608184814,0.1020234227180481,0,1,1,1,0,0.20037806034088135,20776,0.06456241032998565,2024,1641477873,-93,0,True,182,
567,sf/query/images/5hxY1rubxiRI8P1HzCjKbQ.jpg,random,0.2,3,1,1,0.6438791751861572,0.4705497622489929,0.4050881564617157,0.28320491313934326,0.23879101872444153,0.18734484910964966,0.05144616961479187,0.1733294129371643,0.3520885109901428,0,1,1,1,0,0.20037806034088135,20776,0.23976608187134502,2024,1641477873,-53,0,True,182,
567,sf/query/images/5hxY1rubxiRI8P1HzCjKbQ.jpg,random,0.2,4,1,1,0.6438791751861572,0.4639226198196411,0.4050881564617157,0.26743361353874207,0.23879101872444153,0.19648900628089905,0.04230201244354248,0.1799565553665161,0.37377893924713135,0,1,1,1,0,0.20037806034088135,20776,0.2619047619047619,2024,1641477873,-50,0,True,182,
343,cph/query/images/lc-DzB7JKnbo2V-DQmM1zw.jpg,clean,0.0,-1,1,1,0.6614127159118652,0.6614127159118652,0.2729549705982208,0.2729549705982208,0.3884577453136444,0.3884577453136444,0.0,0.0,0.0,0,1,1,1,0,0.0,0,0.0,2024,0,0,0,True,0,
343,cph/query/images/lc-DzB7JKnbo2V-DQmM1zw.jpg,attention,0.1,-1,1,1,0.6614127159118652,0.5815652012825012,0.2729549705982208,0.2710437774658203,0.3884577453136444,0.3105214238166809,0.0779363214969635,0.07984751462936401,0.2320089340209961,0,1,1,1,0,0.10018903017044067,10388,1.0,2024,1824549451,0,0,True,15554,
343,cph/query/images/lc-DzB7JKnbo2V-DQmM1zw.jpg,random,0.1,0,1,1,0.6614127159118652,0.6145329475402832,0.2729549705982208,0.27486687898635864,0.3884577453136444,0.33966606855392456,0.04879167675971985,0.04687976837158203,0.11644816398620605,0,1,1,1,0,0.10018903017044067,10388,0.041716807059767345,2024,1824549451,-58,72,True,15554,
343,cph/query/images/lc-DzB7JKnbo2V-DQmM1zw.jpg,random,0.1,1,1,1,0.6614127159118652,0.598100483417511,0.2729549705982208,0.2522237002849579,0.3884577453136444,0.3458767831325531,0.04258096218109131,0.06331223249435425,0.12653589248657227,0,1,1,1,0,0.10018903017044067,10388,0.08638360175695461,2024,1824549451,27,70,True,15554,
343,cph/query/images/lc-DzB7JKnbo2V-DQmM1zw.jpg,random,0.1,2,1,1,0.6614127159118652,0.6566290855407715,0.2729549705982208,0.2664361000061035,0.3884577453136444,0.39019298553466797,-0.0017352402210235596,0.00478363037109375,0.038355231285095215,0,1,1,1,0,0.10018903017044067,10388,0.01783264746227709,2024,1824549451,96,11,True,15554,
343,cph/query/images/lc-DzB7JKnbo2V-DQmM1zw.jpg,random,0.1,3,1,1,0.6614127159118652,0.6498997807502747,0.2729549705982208,0.2680470943450928,0.3884577453136444,0.3818526864051819,0.006605058908462524,0.011512935161590576,0.024665236473083496,0,1,1,1,0,0.10018903017044067,10388,0.004253673627223511,2024,1824549451,108,73,True,15554,
343,cph/query/images/lc-DzB7JKnbo2V-DQmM1zw.jpg,random,0.1,4,1,1,0.6614127159118652,0.6006224155426025,0.2729549705982208,0.22486639022827148,0.3884577453136444,0.37575602531433105,0.012701719999313354,0.060790300369262695,0.1534184217453003,0,1,1,1,0,0.10018903017044067,10388,0.17034700315457413,2024,1824549451,34,35,True,15554,
343,cph/query/images/lc-DzB7JKnbo2V-DQmM1zw.jpg,attention,0.15,-1,1,1,0.6614127159118652,0.5404179096221924,0.2729549705982208,0.24119165539741516,0.3884577453136444,0.2992262542247772,0.08923149108886719,0.12099480628967285,0.3056752681732178,0,1,1,1,0,0.14933836460113525,15484,1.0,2024,1381906621,0,0,True,168,
343,cph/query/images/lc-DzB7JKnbo2V-DQmM1zw.jpg,random,0.15,0,1,1,0.6614127159118652,0.6419585347175598,0.2729549705982208,0.25587034225463867,0.3884577453136444,0.38608819246292114,0.0023695528507232666,0.01945418119430542,0.07301199436187744,0,1,1,1,0,0.14933836460113525,15484,0.05233111322549953,2024,1381906621,90,0,True,168,
343,cph/query/images/lc-DzB7JKnbo2V-DQmM1zw.jpg,random,0.15,1,1,1,0.6614127159118652,0.564903199672699,0.2729549705982208,0.27689817547798157,0.3884577453136444,0.2880050241947174,0.100452721118927,0.09650951623916626,0.25896382331848145,0,1,1,1,0,0.14933836460113525,15484,0.37733499377334995,2024,1381906621,18,0,True,168,
343,cph/query/images/lc-DzB7JKnbo2V-DQmM1zw.jpg,random,0.15,2,1,1,0.6614127159118652,0.6429481506347656,0.2729549705982208,0.2521815896034241,0.3884577453136444,0.39076656103134155,-0.0023088157176971436,0.01846456527709961,0.06610679626464844,0,1,1,1,0,0.14933836460113525,15484,0.031235431235431235,2024,1381906621,101,0,True,168,
343,cph/query/images/lc-DzB7JKnbo2V-DQmM1zw.jpg,random,0.15,3,1,1,0.6614127159118652,0.5576907396316528,0.2729549705982208,0.260426789522171,0.3884577453136444,0.2972639501094818,0.0911937952041626,0.1037219762802124,0.22451746463775635,0,1,1,1,0,0.14933836460113525,15484,0.21806167400881057,2024,1381906621,-36,0,True,168,
343,cph/query/images/lc-DzB7JKnbo2V-DQmM1zw.jpg,random,0.15,4,1,1,0.6614127159118652,0.5616422891616821,0.2729549705982208,0.2769676446914673,0.3884577453136444,0.28467464447021484,0.10378310084342957,0.0997704267501831,0.2343534231185913,0,1,1,1,0,0.14933836460113525,15484,0.24549549549549549,2024,1381906621,-32,0,True,168,
343,cph/query/images/lc-DzB7JKnbo2V-DQmM1zw.jpg,attention,0.2,-1,1,1,0.6614127159118652,0.5070233941078186,0.2729549705982208,0.2273017168045044,0.3884577453136444,0.2797216773033142,0.1087360680103302,0.15438932180404663,0.35574090480804443,0,1,1,1,0,0.20037806034088135,20776,1.0,2024,649473458,0,0,True,168,
343,cph/query/images/lc-DzB7JKnbo2V-DQmM1zw.jpg,random,0.2,0,1,1,0.6614127159118652,0.49460121989250183,0.2729549705982208,0.25497543811798096,0.3884577453136444,0.23962578177452087,0.14883196353912354,0.1668114960193634,0.365267276763916,0,1,1,1,0,0.20037806034088135,20776,0.6069301570113698,2024,649473458,-11,0,True,168,
343,cph/query/images/lc-DzB7JKnbo2V-DQmM1zw.jpg,random,0.2,1,1,1,0.6614127159118652,0.5159875154495239,0.2729549705982208,0.2523875832557678,0.3884577453136444,0.2635999321937561,0.1248578131198883,0.1454252004623413,0.33259332180023193,0,1,1,1,0,0.20037806034088135,20776,0.42623738587217685,2024,649473458,23,0,True,168,
343,cph/query/images/lc-DzB7JKnbo2V-DQmM1zw.jpg,random,0.2,2,1,1,0.6614127159118652,0.5331307649612427,0.2729549705982208,0.2686098515987396,0.3884577453136444,0.26452091336250305,0.12393683195114136,0.12828195095062256,0.3003386855125427,0,1,1,1,0,0.20037806034088135,20776,0.25549915397631134,2024,649473458,-41,0,True,168,
343,cph/query/images/lc-DzB7JKnbo2V-DQmM1zw.jpg,random,0.2,3,1,1,0.6614127159118652,0.5176999568939209,0.2729549705982208,0.28233861923217773,0.3884577453136444,0.23536133766174316,0.15309640765190125,0.14371275901794434,0.3173641562461853,0,1,1,1,0,0.20037806034088135,20776,0.23000414421881477,2024,649473458,-45,0,True,168,
343,cph/query/images/lc-DzB7JKnbo2V-DQmM1zw.jpg,random,0.2,4,1,1,0.6614127159118652,0.5159875154495239,0.2729549705982208,0.2523875832557678,0.3884577453136444,0.2635999321937561,0.1248578131198883,0.1454252004623413,0.33259332180023193,0,1,1,1,0,0.20037806034088135,20776,0.42623738587217685,2024,649473458,23,0,True,168,
482,cph/query/images/N1BC-zJzEK5PtJrr9STp8Q.jpg,clean,0.0,-1,1,1,0.49831315875053406,0.49831315875053406,0.32778653502464294,0.32778653502464294,0.1705266237258911,0.1705266237258911,0.0,0.0,0.0,0,1,1,1,0,0.0,0,0.0,2024,0,0,0,True,0,
482,cph/query/images/N1BC-zJzEK5PtJrr9STp8Q.jpg,attention,0.1,-1,1,1,0.49831315875053406,0.3771757185459137,0.32778653502464294,0.2565086781978607,0.1705266237258911,0.12066704034805298,0.049859583377838135,0.12113744020462036,0.3288164734840393,0,1,1,1,0,0.10018903017044067,10388,1.0,2024,228435112,0,0,True,14980,
482,cph/query/images/N1BC-zJzEK5PtJrr9STp8Q.jpg,random,0.1,0,1,1,0.49831315875053406,0.4381386637687683,0.32778653502464294,0.2962580919265747,0.1705266237258911,0.1418805718421936,0.02864605188369751,0.06017449498176575,0.14349305629730225,0,1,1,1,0,0.10018903017044067,10388,0.13368983957219252,2024,228435112,48,-1,True,14980,
482,cph/query/images/N1BC-zJzEK5PtJrr9STp8Q.jpg,random,0.1,1,1,1,0.49831315875053406,0.46951615810394287,0.32778653502464294,0.31674787402153015,0.1705266237258911,0.15276828408241272,0.017758339643478394,0.028797000646591187,0.0485987663269043,0,1,1,1,0,0.10018903017044067,10388,0.021887757611529193,2024,228435112,-83,45,True,14980,
482,cph/query/images/N1BC-zJzEK5PtJrr9STp8Q.jpg,random,0.1,2,1,1,0.49831315875053406,0.4942759573459625,0.32778653502464294,0.320366770029068,0.1705266237258911,0.17390918731689453,-0.003382563591003418,0.004037201404571533,0.02471160888671875,0,1,1,1,0,0.10018903017044067,10388,0.006296619199845007,2024,228435112,85,46,True,14980,
482,cph/query/images/N1BC-zJzEK5PtJrr9STp8Q.jpg,random,0.1,3,1,1,0.49831315875053406,0.4647071063518524,0.32778653502464294,0.31670159101486206,0.1705266237258911,0.14800551533699036,0.022521108388900757,0.03360605239868164,0.13892149925231934,0,1,1,1,0,0.10018903017044067,10388,0.11831198191409194,2024,228435112,-48,47,True,14980,
482,cph/query/images/N1BC-zJzEK5PtJrr9STp8Q.jpg,random,0.1,4,1,1,0.49831315875053406,0.43897223472595215,0.32778653502464294,0.29622548818588257,0.1705266237258911,0.14274674654006958,0.027779877185821533,0.05934092402458191,0.23726755380630493,0,1,1,1,0,0.10018903017044067,10388,0.3895131086142322,2024,228435112,-14,2,True,14980,
482,cph/query/images/N1BC-zJzEK5PtJrr9STp8Q.jpg,attention,0.15,-1,1,1,0.49831315875053406,0.3827446401119232,0.32778653502464294,0.26694029569625854,0.1705266237258911,0.11580434441566467,0.05472227931022644,0.11556851863861084,0.35132306814193726,0,1,1,1,0,0.14933836460113525,15484,1.0,2024,1799345611,0,0,True,6118,
482,cph/query/images/N1BC-zJzEK5PtJrr9STp8Q.jpg,random,0.15,0,1,1,0.49831315875053406,0.4914412498474121,0.32778653502464294,0.3240813910961151,0.1705266237258911,0.167359858751297,0.003166764974594116,0.006871908903121948,0.027871429920196533,0,1,1,1,0,0.14933836460113525,15484,0.0009049773755656109,2024,1799345611,96,13,True,6118,
482,cph/query/images/N1BC-zJzEK5PtJrr9STp8Q.jpg,random,0.15,1,1,1,0.49831315875053406,0.3249337673187256,0.32778653502464294,0.25009891390800476,0.1705266237258911,0.07483485341072083,0.09569177031517029,0.17337939143180847,0.43319159746170044,0,1,1,1,0,0.14933836460113525,15484,0.43636363636363634,2024,1799345611,14,14,True,6118,
482,cph/query/images/N1BC-zJzEK5PtJrr9STp8Q.jpg,random,0.15,2,1,1,0.49831315875053406,0.3500348627567291,0.32778653502464294,0.26700443029403687,0.1705266237258911,0.08303043246269226,0.08749619126319885,0.14827829599380493,0.36890846490859985,0,1,1,1,0,0.14933836460113525,15484,0.5255172413793103,2024,1799345611,14,-10,True,6118,
482,cph/query/images/N1BC-zJzEK5PtJrr9STp8Q.jpg,random,0.15,3,1,1,0.49831315875053406,0.4018474221229553,0.32778653502464294,0.24492666125297546,0.1705266237258911,0.15692076086997986,0.013605862855911255,0.09646573662757874,0.22679322957992554,0,1,1,1,0,0.14933836460113525,15484,0.16917733227621098,2024,1799345611,-45,5,True,6118,
482,cph/query/images/N1BC-zJzEK5PtJrr9STp8Q.jpg,random,0.15,4,1,1,0.49831315875053406,0.3712659776210785,0.32778653502464294,0.2817404270172119,0.1705266237258911,0.08952555060386658,0.08100107312202454,0.12704718112945557,0.3179730176925659,0,1,1,1,0,0.14933836460113525,15484,0.25845253576072824,2024,1799345611,30,13,True,6118,
482,cph/query/images/N1BC-zJzEK5PtJrr9STp8Q.jpg,attention,0.2,-1,1,1,0.49831315875053406,0.3367573916912079,0.32778653502464294,0.23408231139183044,0.1705266237258911,0.10267508029937744,0.06785154342651367,0.16155576705932617,0.44392991065979004,0,1,1,1,0,0.20037806034088135,20776,1.0,2024,2957075767,0,0,True,3164,
482,cph/query/images/N1BC-zJzEK5PtJrr9STp8Q.jpg,random,0.2,0,1,1,0.49831315875053406,0.4769890606403351,0.32778653502464294,0.30349627137184143,0.1705266237258911,0.17349278926849365,-0.002966165542602539,0.021324098110198975,0.05153250694274902,0,1,1,1,0,0.20037806034088135,20776,0.019230769230769232,2024,2957075767,-91,-14,True,3164,
482,cph/query/images/N1BC-zJzEK5PtJrr9STp8Q.jpg,random,0.2,1,1,1,0.49831315875053406,0.35065650939941406,0.32778653502464294,0.2384682595729828,0.1705266237258911,0.11218824982643127,0.05833837389945984,0.14765664935112,0.4399905204772949,0,1,1,1,0,0.20037806034088135,20776,0.65625,2024,2957075767,10,-7,True,3164,
482,cph/query/images/N1BC-zJzEK5PtJrr9STp8Q.jpg,random,0.2,2,1,1,0.49831315875053406,0.3713589012622833,0.32778653502464294,0.2540142834186554,0.1705266237258911,0.11734461784362793,0.053182005882263184,0.12695425748825073,0.39258062839508057,0,1,1,1,0,0.20037806034088135,20776,0.4425774198028052,2024,2957075767,-22,-4,True,3164,
482,cph/query/images/N1BC-zJzEK5PtJrr9STp8Q.jpg,random,0.2,3,1,1,0.49831315875053406,0.4846961498260498,0.32778653502464294,0.31609979271888733,0.1705266237258911,0.16859635710716248,0.0019302666187286377,0.013617008924484253,0.07071185111999512,0,1,1,1,0,0.20037806034088135,20776,0.02999355510386198,2024,2957075767,86,-3,True,3164,
482,cph/query/images/N1BC-zJzEK5PtJrr9STp8Q.jpg,random,0.2,4,1,1,0.49831315875053406,0.4222482740879059,0.32778653502464294,0.2961455285549164,0.1705266237258911,0.1261027455329895,0.04442387819290161,0.07606488466262817,0.20589733123779297,0,1,1,1,0,0.20037806034088135,20776,0.12381673608481636,2024,2957075767,63,-8,True,3164,
689,sf/query/images/gpHie-PlDaVAAaneT-Zr_g.jpg,clean,0.0,-1,1,1,0.6614136099815369,0.6614136099815369,0.4649895131587982,0.4649895131587982,0.19642409682273865,0.19642409682273865,0.0,0.0,0.0,0,1,1,1,0,0.0,0,0.0,2024,0,0,0,True,0,
689,sf/query/images/gpHie-PlDaVAAaneT-Zr_g.jpg,attention,0.1,-1,1,1,0.6614136099815369,0.5022127032279968,0.4649895131587982,0.3927992880344391,0.19642409682273865,0.10941341519355774,0.08701068162918091,0.15920090675354004,0.34424781799316406,0,1,1,1,0,0.10018903017044067,10388,1.0,2024,939285929,0,0,True,22274,
689,sf/query/images/gpHie-PlDaVAAaneT-Zr_g.jpg,random,0.1,0,1,1,0.6614136099815369,0.5760447382926941,0.4649895131587982,0.42825159430503845,0.19642409682273865,0.14779314398765564,0.04863095283508301,0.08536887168884277,0.15314877033233643,0,1,1,1,0,0.10018903017044067,10388,0.11411411411411411,2024,939285929,-36,42,True,22274,
689,sf/query/images/gpHie-PlDaVAAaneT-Zr_g.jpg,random,0.1,1,1,1,0.6614136099815369,0.6637101173400879,0.4649895131587982,0.466174840927124,0.19642409682273865,0.19753527641296387,-0.0011111795902252197,-0.0022965073585510254,0.011290669441223145,0,1,1,1,0,0.10018903017044067,10388,0.0,2024,939285929,98,13,True,22274,
689,sf/query/images/gpHie-PlDaVAAaneT-Zr_g.jpg,random,0.1,2,1,1,0.6614136099815369,0.6668229103088379,0.4649895131587982,0.4681113362312317,0.19642409682273865,0.1987115740776062,-0.0022874772548675537,-0.005409300327301025,0.00813448429107666,0,1,1,1,0,0.10018903017044067,10388,0.0,2024,939285929,120,11,True,22274,
689,sf/query/images/gpHie-PlDaVAAaneT-Zr_g.jpg,random,0.1,3,1,1,0.6614136099815369,0.6358767747879028,0.4649895131587982,0.44845813512802124,0.19642409682273865,0.1874186396598816,0.009005457162857056,0.025536835193634033,0.03376394510269165,0,1,1,1,0,0.10018903017044067,10388,0.01643835616438356,2024,939285929,79,28,True,22274,
689,sf/query/images/gpHie-PlDaVAAaneT-Zr_g.jpg,random,0.1,4,1,1,0.6614136099815369,0.5302388668060303,0.4649895131587982,0.38903099298477173,0.19642409682273865,0.14120787382125854,0.0552162230014801,0.1311747431755066,0.277099609375,0,1,1,1,0,0.10018903017044067,10388,0.21248905748468047,2024,939285929,31,39,True,22274,
689,sf/query/images/gpHie-PlDaVAAaneT-Zr_g.jpg,attention,0.15,-1,1,1,0.6614136099815369,0.432106614112854,0.4649895131587982,0.32216164469718933,0.19642409682273865,0.10994496941566467,0.08647912740707397,0.22930699586868286,0.43413400650024414,0,1,1,1,0,0.14933836460113525,15484,1.0,2024,2023737251,0,0,True,3164,
689,sf/query/images/gpHie-PlDaVAAaneT-Zr_g.jpg,random,0.15,0,1,1,0.6614136099815369,0.658173143863678,0.4649895131587982,0.47091037034988403,0.19642409682273865,0.18726277351379395,0.009161323308944702,0.0032404661178588867,0.02403271198272705,0,1,1,1,0,0.14933836460113525,15484,0.0006462453147214682,2024,2023737251,88,2,True,3164,
689,sf/query/images/gpHie-PlDaVAAaneT-Zr_g.jpg,random,0.15,1,1,1,0.6614136099815369,0.6675825119018555,0.4649895131587982,0.4706780016422272,0.19642409682273865,0.1969045102596283,-0.00048041343688964844,-0.0061689019203186035,0.011440873146057129,0,1,1,1,0,0.14933836460113525,15484,0.0,2024,2023737251,107,9,True,3164,
689,sf/query/images/gpHie-PlDaVAAaneT-Zr_g.jpg,random,0.15,2,1,1,0.6614136099815369,0.5063663721084595,0.4649895131587982,0.3738733232021332,0.19642409682273865,0.1324930489063263,0.06393104791641235,0.1550472378730774,0.29850590229034424,0,1,1,1,0,0.14933836460113525,15484,0.264,2024,2023737251,29,0,True,3164,
689,sf/query/images/gpHie-PlDaVAAaneT-Zr_g.jpg,random,0.15,3,1,1,0.6614136099815369,0.5298017859458923,0.4649895131587982,0.40583860874176025,0.19642409682273865,0.12396317720413208,0.07246091961860657,0.13161182403564453,0.2783099412918091,0,1,1,1,0,0.14933836460113525,15484,0.17552383844518676,2024,2023737251,38,8,True,3164,
689,sf/query/images/gpHie-PlDaVAAaneT-Zr_g.jpg,random,0.15,4,1,1,0.6614136099815369,0.6592451930046082,0.4649895131587982,0.47224748134613037,0.19642409682273865,0.18699771165847778,0.009426385164260864,0.002168416976928711,0.02693355083465576,0,1,1,1,0,0.14933836460113525,15484,0.003759885906910411,2024,2023737251,82,5,True,3164,
689,sf/query/images/gpHie-PlDaVAAaneT-Zr_g.jpg,attention,0.2,-1,1,1,0.6614136099815369,0.44028007984161377,0.4649895131587982,0.3231790065765381,0.19642409682273865,0.11710107326507568,0.07932302355766296,0.2211335301399231,0.47830796241760254,0,1,1,1,0,0.20037806034088135,20776,1.0,2024,3826384800,0,0,True,196,
689,sf/query/images/gpHie-PlDaVAAaneT-Zr_g.jpg,random,0.2,0,1,1,0.6614136099815369,0.6032176613807678,0.4649895131587982,0.41354960203170776,0.19642409682273865,0.18966805934906006,0.006756037473678589,0.05819594860076904,0.12752914428710938,0,1,1,1,0,0.20037806034088135,20776,0.0952029520295203,2024,3826384800,64,0,True,196,
689,sf/query/images/gpHie-PlDaVAAaneT-Zr_g.jpg,random,0.2,1,1,1,0.6614136099815369,0.6096470952033997,0.4649895131587982,0.4199276864528656,0.19642409682273865,0.18971940875053406,0.00670468807220459,0.05176651477813721,0.10536032915115356,0,1,1,1,0,0.20037806034088135,20776,0.06570915619389588,2024,3826384800,69,0,True,196,
689,sf/query/images/gpHie-PlDaVAAaneT-Zr_g.jpg,random,0.2,2,1,1,0.6614136099815369,0.44926151633262634,0.4649895131587982,0.2900870740413666,0.19642409682273865,0.15917444229125977,0.03724965453147888,0.21215209364891052,0.4517207741737366,0,1,1,1,0,0.20037806034088135,20776,0.46062992125984253,2024,3826384800,22,0,True,196,
689,sf/query/images/gpHie-PlDaVAAaneT-Zr_g.jpg,random,0.2,3,1,1,0.6614136099815369,0.5399479269981384,0.4649895131587982,0.39995715022087097,0.19642409682273865,0.13999077677726746,0.05643332004547119,0.12146568298339844,0.22770529985427856,0,1,1,1,0,0.20037806034088135,20776,0.1977401129943503,2024,3826384800,-49,0,True,196,
689,sf/query/images/gpHie-PlDaVAAaneT-Zr_g.jpg,random,0.2,4,1,1,0.6614136099815369,0.5260645151138306,0.4649895131587982,0.39048612117767334,0.19642409682273865,0.13557839393615723,0.06084570288658142,0.1353490948677063,0.294269323348999,0,1,1,1,0,0.20037806034088135,20776,0.28207343412527,2024,3826384800,-39,0,True,196,
129,cph/query/images/MJftIY7W5M-Q6N7OgqhQUQ.jpg,clean,0.0,-1,1,1,0.2667880356311798,0.2667880356311798,0.19018860161304474,0.19018860161304474,0.07659943401813507,0.07659943401813507,0.0,0.0,0.0,0,1,1,1,0,0.0,0,0.0,2024,0,0,0,True,0,
129,cph/query/images/MJftIY7W5M-Q6N7OgqhQUQ.jpg,attention,0.1,-1,1,1,0.2667880356311798,0.24913114309310913,0.19018860161304474,0.20259566605091095,0.07659943401813507,0.04653547704219818,0.03006395697593689,0.01765689253807068,0.29198598861694336,0,1,1,1,0,0.10018903017044067,10388,1.0,2024,1944054362,0,0,True,29750,
129,cph/query/images/MJftIY7W5M-Q6N7OgqhQUQ.jpg,random,0.1,0,1,1,0.2667880356311798,0.273441344499588,0.19018860161304474,0.221658855676651,0.07659943401813507,0.05178248882293701,0.02481694519519806,-0.006653308868408203,0.2862691879272461,0,1,1,1,0,0.10018903017044067,10388,0.4626865671641791,2024,1944054362,12,8,True,29750,
129,cph/query/images/MJftIY7W5M-Q6N7OgqhQUQ.jpg,random,0.1,1,1,1,0.2667880356311798,0.3040734529495239,0.19018860161304474,0.22020258009433746,0.07659943401813507,0.08387087285518646,-0.007271438837051392,-0.037285417318344116,0.2109033465385437,0,1,1,1,0,0.10018903017044067,10388,0.2077665387745611,2024,1944054362,30,33,True,29750,
129,cph/query/images/MJftIY7W5M-Q6N7OgqhQUQ.jpg,random,0.1,2,1,1,0.2667880356311798,0.2935679256916046,0.19018860161304474,0.2153676301240921,0.07659943401813507,0.07820029556751251,-0.0016008615493774414,-0.026779890060424805,0.12672853469848633,0,1,1,1,0,0.10018903017044067,10388,0.09763313609467456,2024,1944054362,48,55,True,29750,
129,cph/query/images/MJftIY7W5M-Q6N7OgqhQUQ.jpg,random,0.1,3,1,1,0.2667880356311798,0.2810652256011963,0.19018860161304474,0.2064216583967209,0.07659943401813507,0.0746435672044754,0.001955866813659668,-0.01427718997001648,0.206950843334198,0,1,1,1,0,0.10018903017044067,10388,0.26159825115375274,2024,1944054362,23,27,True,29750,
129,cph/query/images/MJftIY7W5M-Q6N7OgqhQUQ.jpg,random,0.1,4,1,1,0.2667880356311798,0.31327733397483826,0.19018860161304474,0.2256130576133728,0.07659943401813507,0.08766427636146545,-0.011064842343330383,-0.04648929834365845,0.24738538265228271,0,1,1,1,0,0.10018903017044067,10388,0.17140279657194407,2024,1944054362,26,-79,True,29750,
129,cph/query/images/MJftIY7W5M-Q6N7OgqhQUQ.jpg,attention,0.15,-1,1,1,0.2667880356311798,0.22477072477340698,0.19018860161304474,0.18804457783699036,0.07659943401813507,0.036726146936416626,0.039873287081718445,0.04201731085777283,0.3952749967575073,0,1,1,1,0,0.14933836460113525,15484,1.0,2024,265142988,0,0,True,19502,
129,cph/query/images/MJftIY7W5M-Q6N7OgqhQUQ.jpg,random,0.15,0,1,1,0.2667880356311798,0.30372223258018494,0.19018860161304474,0.2419397085905075,0.07659943401813507,0.06178252398967743,0.014816910028457642,-0.03693419694900513,0.28223955631256104,0,1,1,1,0,0.14933836460113525,15484,0.26907630522088355,2024,265142988,41,-22,True,19502,
129,cph/query/images/MJftIY7W5M-Q6N7OgqhQUQ.jpg,random,0.15,1,1,1,0.2667880356311798,0.2943650186061859,0.19018860161304474,0.22911436855793,0.07659943401813507,0.06525065004825592,0.01134878396987915,-0.027576982975006104,0.23108166456222534,0,1,1,1,0,0.14933836460113525,15484,0.18162393162393162,2024,265142988,56,10,True,19502,
129,cph/query/images/MJftIY7W5M-Q6N7OgqhQUQ.jpg,random,0.15,2,1,1,0.2667880356311798,0.28533855080604553,0.19018860161304474,0.23150217533111572,0.07659943401813507,0.05383637547492981,0.02276305854320526,-0.018550515174865723,0.2567504644393921,0,1,1,1,0,0.14933836460113525,15484,0.2214246272777471,2024,265142988,49,-6,True,19502,
129,cph/query/images/MJftIY7W5M-Q6N7OgqhQUQ.jpg,random,0.15,3,1,1,0.2667880356311798,0.18541857600212097,0.19018860161304474,0.1626741886138916,0.07659943401813507,0.02274438738822937,0.0538550466299057,0.08136945962905884,0.38964271545410156,0,1,1,1,0,0.14933836460113525,15484,0.4511715089034677,2024,265142988,-6,-36,True,19502,
129,cph/query/images/MJftIY7W5M-Q6N7OgqhQUQ.jpg,random,0.15,4,1,1,0.2667880356311798,0.24299167096614838,0.19018860161304474,0.18265078961849213,0.07659943401813507,0.06034088134765625,0.01625855267047882,0.023796364665031433,0.1136980652809143,0,1,1,1,0,0.14933836460113525,15484,0.11044176706827309,2024,265142988,-74,-21,True,19502,
129,cph/query/images/MJftIY7W5M-Q6N7OgqhQUQ.jpg,attention,0.2,-1,1,1,0.2667880356311798,0.1902611255645752,0.19018860161304474,0.15714015066623688,0.07659943401813507,0.03312097489833832,0.04347845911979675,0.07652691006660461,0.49868714809417725,0,1,1,1,0,0.20037806034088135,20776,1.0,2024,1617011056,0,0,True,9632,
129,cph/query/images/MJftIY7W5M-Q6N7OgqhQUQ.jpg,random,0.2,0,1,1,0.2667880356311798,0.24725857377052307,0.19018860161304474,0.1941116601228714,0.07659943401813507,0.05314691364765167,0.0234525203704834,0.01952946186065674,0.11667311191558838,0,1,1,1,0,0.20037806034088135,20776,0.08519195612431445,2024,1617011056,-86,21,True,9632,
129,cph/query/images/MJftIY7W5M-Q6N7OgqhQUQ.jpg,random,0.2,1,1,3,0.2667880356311798,0.1545228362083435,0.19018860161304474,0.1616135835647583,0.07659943401813507,-0.007090747356414795,0.08369018137454987,0.1122651994228363,0.3332892656326294,2,0,1,1,1,0.20037806034088135,20776,0.22039473684210525,2024,1617011056,-45,56,True,9632,
129,cph/query/images/MJftIY7W5M-Q6N7OgqhQUQ.jpg,random,0.2,2,1,1,0.2667880356311798,0.18049415946006775,0.19018860161304474,0.15331310033798218,0.07659943401813507,0.02718105912208557,0.0494183748960495,0.08629387617111206,0.5283565521240234,0,1,1,1,0,0.20037806034088135,20776,0.5574212893553223,2024,1617011056,16,8,True,9632,
129,cph/query/images/MJftIY7W5M-Q6N7OgqhQUQ.jpg,random,0.2,3,1,1,0.2667880356311798,0.26909157633781433,0.19018860161304474,0.19679883122444153,0.07659943401813507,0.0722927451133728,0.004306688904762268,-0.0023035407066345215,0.12932461500167847,0,1,1,1,0,0.20037806034088135,20776,0.09278350515463918,2024,1617011056,-84,4,True,9632,
129,cph/query/images/MJftIY7W5M-Q6N7OgqhQUQ.jpg,random,0.2,4,1,1,0.2667880356311798,0.15568509697914124,0.19018860161304474,0.14501872658729553,0.07659943401813507,0.010666370391845703,0.06593306362628937,0.11110293865203857,0.29686111211776733,0,1,1,1,0,0.20037806034088135,20776,0.2188911704312115,2024,1617011056,-52,29,True,9632,
334,cph/query/images/iNfWnobxnG4snhNK5MhvoA.jpg,clean,0.0,-1,1,1,0.6247389912605286,0.6247389912605286,0.2989371716976166,0.2989371716976166,0.325801819562912,0.325801819562912,0.0,0.0,0.0,0,1,1,1,0,0.0,0,0.0,2024,0,0,0,True,0,
334,cph/query/images/iNfWnobxnG4snhNK5MhvoA.jpg,attention,0.1,-1,1,1,0.6247389912605286,0.38513094186782837,0.2989371716976166,0.19776535034179688,0.325801819562912,0.1873655915260315,0.1384362280368805,0.2396080493927002,0.4236871004104614,0,1,1,1,0,0.10018903017044067,10388,1.0,2024,798340009,0,0,True,16968,
334,cph/query/images/iNfWnobxnG4snhNK5MhvoA.jpg,random,0.1,0,1,1,0.6247389912605286,0.5858580470085144,0.2989371716976166,0.2888929843902588,0.325801819562912,0.2969650626182556,0.028836756944656372,0.03888094425201416,0.1153024435043335,0,1,1,1,0,0.10018903017044067,10388,0.0665845269264336,2024,798340009,-51,29,True,16968,
334,cph/query/images/iNfWnobxnG4snhNK5MhvoA.jpg,random,0.1,1,1,1,0.6247389912605286,0.5671108961105347,0.2989371716976166,0.25966987013816833,0.325801819562912,0.30744102597236633,0.018360793590545654,0.057628095149993896,0.11848080158233643,0,1,1,1,0,0.10018903017044067,10388,0.04982314300151592,2024,798340009,-55,64,True,16968,
334,cph/query/images/iNfWnobxnG4snhNK5MhvoA.jpg,random,0.1,2,1,1,0.6247389912605286,0.6316369771957397,0.2989371716976166,0.3020979166030884,0.325801819562912,0.32953906059265137,-0.00373724102973938,-0.006897985935211182,0.049109816551208496,0,1,1,1,0,0.10018903017044067,10388,0.0,2024,798340009,-114,24,True,16968,
334,cph/query/images/iNfWnobxnG4snhNK5MhvoA.jpg,random,0.1,3,1,1,0.6247389912605286,0.4027740955352783,0.2989371716976166,0.18146546185016632,0.325801819562912,0.221308633685112,0.10449318587779999,0.22196489572525024,0.40733277797698975,0,1,1,1,0,0.10018903017044067,10388,0.5101032126762611,2024,798340009,1,22,True,16968,
334,cph/query/images/iNfWnobxnG4snhNK5MhvoA.jpg,random,0.1,4,1,1,0.6247389912605286,0.6286064982414246,0.2989371716976166,0.29970815777778625,0.325801819562912,0.3288983404636383,-0.0030965209007263184,-0.003867506980895996,0.033136606216430664,0,1,1,1,0,0.10018903017044067,10388,0.0,2024,798340009,-109,56,True,16968,
334,cph/query/images/iNfWnobxnG4snhNK5MhvoA.jpg,attention,0.15,-1,1,1,0.6247389912605286,0.3932395577430725,0.2989371716976166,0.1997988224029541,0.325801819562912,0.1934407353401184,0.13236108422279358,0.23149943351745605,0.436450719833374,0,1,1,1,0,0.14933836460113525,15484,1.0,2024,471229792,0,0,True,14980,
334,cph/query/images/iNfWnobxnG4snhNK5MhvoA.jpg,random,0.15,0,1,1,0.6247389912605286,0.3841554522514343,0.2989371716976166,0.2029459923505783,0.325801819562912,0.18120945990085602,0.14459235966205597,0.24058353900909424,0.4397556185722351,0,1,1,1,0,0.14933836460113525,15484,0.371661425344377,2024,471229792,-3,43,True,14980,
334,cph/query/images/iNfWnobxnG4snhNK5MhvoA.jpg,random,0.15,1,1,1,0.6247389912605286,0.4946547746658325,0.2989371716976166,0.24267145991325378,0.325801819562912,0.25198331475257874,0.07381850481033325,0.13008421659469604,0.30457091331481934,0,1,1,1,0,0.14933836460113525,15484,0.3422330097087379,2024,471229792,18,63,True,14980,
334,cph/query/images/iNfWnobxnG4snhNK5MhvoA.jpg,random,0.15,2,1,1,0.6247389912605286,0.48587700724601746,0.2989371716976166,0.22290772199630737,0.325801819562912,0.2629692852497101,0.0628325343132019,0.1388619840145111,0.3149195909500122,0,1,1,1,0,0.14933836460113525,15484,0.2642064010450686,2024,471229792,36,11,True,14980,
334,cph/query/images/iNfWnobxnG4snhNK5MhvoA.jpg,random,0.15,3,1,1,0.6247389912605286,0.5370146632194519,0.2989371716976166,0.2645810842514038,0.325801819562912,0.2724335789680481,0.05336824059486389,0.08772432804107666,0.22049963474273682,0,1,1,1,0,0.14933836460113525,15484,0.16421052631578947,2024,471229792,49,37,True,14980,
334,cph/query/images/iNfWnobxnG4snhNK5MhvoA.jpg,random,0.15,4,1,1,0.6247389912605286,0.5755080580711365,0.2989371716976166,0.32259371876716614,0.325801819562912,0.25291433930397034,0.07288748025894165,0.04923093318939209,0.10892045497894287,0,1,1,1,0,0.14933836460113525,15484,0.11267605633802817,2024,471229792,56,67,True,14980,
334,cph/query/images/iNfWnobxnG4snhNK5MhvoA.jpg,attention,0.2,-1,1,1,0.6247389912605286,0.35638684034347534,0.2989371716976166,0.178882896900177,0.325801819562912,0.17750394344329834,0.14829787611961365,0.2683521509170532,0.5375003814697266,0,1,1,1,0,0.20037806034088135,20776,1.0,2024,3757714942,0,0,True,210,
334,cph/query/images/iNfWnobxnG4snhNK5MhvoA.jpg,random,0.2,0,1,1,0.6247389912605286,0.5988947749137878,0.2989371716976166,0.29753202199935913,0.325801819562912,0.3013627529144287,0.024439066648483276,0.025844216346740723,0.12060427665710449,0,1,1,1,0,0.20037806034088135,20776,0.033426183844011144,2024,3757714942,-89,0,True,210,
334,cph/query/images/iNfWnobxnG4snhNK5MhvoA.jpg,random,0.2,1,1,1,0.6247389912605286,0.34183269739151,0.2989371716976166,0.16416898369789124,0.325801819562912,0.17766371369361877,0.1481381058692932,0.28290629386901855,0.46274471282958984,0,1,1,1,0,0.20037806034088135,20776,0.30979699911738745,2024,3757714942,-34,0,True,210,
334,cph/query/images/iNfWnobxnG4snhNK5MhvoA.jpg,random,0.2,2,1,1,0.6247389912605286,0.563679575920105,0.2989371716976166,0.27058690786361694,0.325801819562912,0.29309266805648804,0.03270915150642395,0.061059415340423584,0.15346050262451172,0,1,1,1,0,0.20037806034088135,20776,0.0707070707070707,2024,3757714942,-74,0,True,210,
334,cph/query/images/iNfWnobxnG4snhNK5MhvoA.jpg,random,0.2,3,1,1,0.6247389912605286,0.40736156702041626,0.2989371716976166,0.20498359203338623,0.325801819562912,0.20237797498703003,0.12342384457588196,0.2173774242401123,0.4070005416870117,0,1,1,1,0,0.20037806034088135,20776,0.2915578764142733,2024,3757714942,36,0,True,210,
334,cph/query/images/iNfWnobxnG4snhNK5MhvoA.jpg,random,0.2,4,1,1,0.6247389912605286,0.5581705570220947,0.2989371716976166,0.2798043191432953,0.325801819562912,0.27836623787879944,0.04743558168411255,0.06656843423843384,0.19797974824905396,0,1,1,1,0,0.20037806034088135,20776,0.15217391304347827,2024,3757714942,58,0,True,210,
242,cph/query/images/JvAK8zwvuerI_Oj5wo1srQ.jpg,clean,0.0,-1,1,1,0.4751507639884949,0.4751507639884949,0.4731576442718506,0.4731576442718506,0.001993119716644287,0.001993119716644287,0.0,0.0,0.0,0,1,1,1,0,0.0,0,0.0,2024,0,0,0,True,0,
242,cph/query/images/JvAK8zwvuerI_Oj5wo1srQ.jpg,attention,0.1,-1,1,1,0.4751507639884949,0.3469327986240387,0.4731576442718506,0.3246123790740967,0.001993119716644287,0.022320419549942017,-0.02032729983329773,0.12821796536445618,0.3631913661956787,0,1,1,1,0,0.10018903017044067,10388,1.0,2024,961937704,0,0,True,23660,
242,cph/query/images/JvAK8zwvuerI_Oj5wo1srQ.jpg,random,0.1,0,1,1,0.4751507639884949,0.4716102182865143,0.4731576442718506,0.45896726846694946,0.001993119716644287,0.01264294981956482,-0.010649830102920532,0.003540545701980591,0.029776573181152344,0,1,1,1,0,0.10018903017044067,10388,0.0052254693245597054,2024,961937704,80,55,True,23660,
242,cph/query/images/JvAK8zwvuerI_Oj5wo1srQ.jpg,random,0.1,1,1,1,0.4751507639884949,0.385087251663208,0.4731576442718506,0.3593894839286804,0.001993119716644287,0.025697767734527588,-0.0237046480178833,0.09006351232528687,0.29556798934936523,0,1,1,1,0,0.10018903017044067,10388,0.16817542873207758,2024,961937704,-29,47,True,23660,
242,cph/query/images/JvAK8zwvuerI_Oj5wo1srQ.jpg,random,0.1,2,1,1,0.4751507639884949,0.4768962562084198,0.4731576442718506,0.4729923605918884,0.001993119716644287,0.003903895616531372,-0.001910775899887085,-0.0017454922199249268,0.013721346855163574,0,1,1,1,0,0.10018903017044067,10388,0.0,2024,961937704,-124,1,True,23660,
242,cph/query/images/JvAK8zwvuerI_Oj5wo1srQ.jpg,random,0.1,3,1,1,0.4751507639884949,0.361530065536499,0.4731576442718506,0.34330418705940247,0.001993119716644287,0.018225878477096558,-0.01623275876045227,0.11362069845199585,0.3009524345397949,0,1,1,1,0,0.10018903017044067,10388,0.2545893719806763,2024,961937704,15,86,True,23660,
242,cph/query/images/JvAK8zwvuerI_Oj5wo1srQ.jpg,random,0.1,4,1,2,0.4751507639884949,0.39136213064193726,0.4731576442718506,0.3977453112602234,0.001993119716644287,-0.006383180618286133,0.00837630033493042,0.08378863334655762,0.2856900691986084,1,0,1,1,1,0.10018903017044067,10388,0.4269230769230769,2024,961937704,-15,7,True,23660,
242,cph/query/images/JvAK8zwvuerI_Oj5wo1srQ.jpg,attention,0.15,-1,1,1,0.4751507639884949,0.30938538908958435,0.4731576442718506,0.3034614622592926,0.001993119716644287,0.005923926830291748,-0.003930807113647461,0.16576537489891052,0.4370502233505249,0,1,1,1,0,0.14933836460113525,15484,1.0,2024,4269281532,0,0,True,11228,
242,cph/query/images/JvAK8zwvuerI_Oj5wo1srQ.jpg,random,0.15,0,1,2,0.4751507639884949,0.34920305013656616,0.4731576442718506,0.36615124344825745,0.001993119716644287,-0.016948193311691284,0.01894131302833557,0.1259477138519287,0.3163805603981018,1,0,1,1,1,0.14933836460113525,15484,0.3112033195020747,2024,4269281532,17,56,True,11228,
242,cph/query/images/JvAK8zwvuerI_Oj5wo1srQ.jpg,random,0.15,1,1,1,0.4751507639884949,0.40666815638542175,0.4731576442718506,0.40077757835388184,0.001993119716644287,0.005890578031539917,-0.00389745831489563,0.06848260760307312,0.2096693515777588,0,1,1,1,0,0.14933836460113525,15484,0.13435897435897437,2024,4269281532,-50,28,True,11228,
242,cph/query/images/JvAK8zwvuerI_Oj5wo1srQ.jpg,random,0.15,2,1,2,0.4751507639884949,0.4119551479816437,0.4731576442718506,0.4221815764904022,0.001993119716644287,-0.010226428508758545,0.012219548225402832,0.0631956160068512,0.12034463882446289,1,0,1,1,1,0.14933836460113525,15484,0.06397306397306397,2024,4269281532,62,47,True,11228,
242,cph/query/images/JvAK8zwvuerI_Oj5wo1srQ.jpg,random,0.15,3,1,1,0.4751507639884949,0.4066610336303711,0.4731576442718506,0.3672921061515808,0.001993119716644287,0.03936892747879028,-0.037375807762145996,0.06848973035812378,0.2552790641784668,0,1,1,1,0,0.14933836460113525,15484,0.1916269047252578,2024,4269281532,41,18,True,11228,
242,cph/query/images/JvAK8zwvuerI_Oj5wo1srQ.jpg,random,0.15,4,1,1,0.4751507639884949,0.344241738319397,0.4731576442718506,0.33867672085762024,0.001993119716644287,0.005565017461776733,-0.0035718977451324463,0.1309090256690979,0.36360567808151245,0,1,1,1,0,0.14933836460113525,15484,0.41328952172325667,2024,4269281532,-6,33,True,11228,
242,cph/query/images/JvAK8zwvuerI_Oj5wo1srQ.jpg,attention,0.2,-1,1,2,0.4751507639884949,0.29144108295440674,0.4731576442718506,0.30442216992378235,0.001993119716644287,-0.01298108696937561,0.014974206686019897,0.18370968103408813,0.5597670674324036,1,0,1,1,1,0.20037806034088135,20776,1.0,2024,3633859112,0,0,True,196,
242,cph/query/images/JvAK8zwvuerI_Oj5wo1srQ.jpg,random,0.2,0,1,1,0.4751507639884949,0.3621147871017456,0.4731576442718506,0.3566311001777649,0.001993119716644287,0.005483686923980713,-0.0034905672073364258,0.11303597688674927,0.37935495376586914,0,1,1,1,0,0.20037806034088135,20776,0.3533971728226174,2024,3633859112,31,0,True,196,
242,cph/query/images/JvAK8zwvuerI_Oj5wo1srQ.jpg,random,0.2,1,1,3,0.4751507639884949,0.37167245149612427,0.4731576442718506,0.37363138794898987,0.001993119716644287,-0.0019589364528656006,0.003952056169509888,0.1034783124923706,0.28925228118896484,2,0,1,1,1,0.20037806034088135,20776,0.23255813953488372,2024,3633859112,44,0,True,196,
242,cph/query/images/JvAK8zwvuerI_Oj5wo1srQ.jpg,random,0.2,2,1,1,0.4751507639884949,0.3767935335636139,0.4731576442718506,0.3723061680793762,0.001993119716644287,0.004487365484237671,-0.002494245767593384,0.09835723042488098,0.25979292392730713,0,1,1,1,0,0.20037806034088135,20776,0.14683153013910355,2024,3633859112,-57,0,True,196,
242,cph/query/images/JvAK8zwvuerI_Oj5wo1srQ.jpg,random,0.2,3,1,1,0.4751507639884949,0.3138221204280853,0.4731576442718506,0.30074506998062134,0.001993119716644287,0.01307705044746399,-0.011083930730819702,0.16132864356040955,0.5187980532646179,0,1,1,1,0,0.20037806034088135,20776,0.5204918032786885,2024,3633859112,-18,0,True,196,
242,cph/query/images/JvAK8zwvuerI_Oj5wo1srQ.jpg,random,0.2,4,1,1,0.4751507639884949,0.3296738564968109,0.4731576442718506,0.31492674350738525,0.001993119716644287,0.01474711298942566,-0.012753993272781372,0.14547690749168396,0.5231850147247314,0,1,1,1,0,0.20037806034088135,20776,0.6307692307692307,2024,3633859112,-12,0,True,196,
211,cph/query/images/19UsTBrdJxYt76X7IHdlNw.jpg,clean,0.0,-1,1,1,0.6642127633094788,0.6642127633094788,0.48162463307380676,0.48162463307380676,0.182588130235672,0.182588130235672,0.0,0.0,0.0,0,1,1,1,0,0.0,0,0.0,2024,0,0,0,True,0,
211,cph/query/images/19UsTBrdJxYt76X7IHdlNw.jpg,attention,0.1,-1,1,1,0.6642127633094788,0.5497735738754272,0.48162463307380676,0.44531235098838806,0.182588130235672,0.10446122288703918,0.07812690734863281,0.11443918943405151,0.33063626289367676,0,1,1,1,0,0.10018903017044067,10388,1.0,2024,2128438703,0,0,True,15974,
211,cph/query/images/19UsTBrdJxYt76X7IHdlNw.jpg,random,0.1,0,1,1,0.6642127633094788,0.5628604292869568,0.48162463307380676,0.4640272855758667,0.182588130235672,0.09883314371109009,0.08375498652458191,0.10135233402252197,0.3040352463722229,0,1,1,1,0,0.10018903017044067,10388,0.4139104396352253,2024,2128438703,-8,15,True,15974,
211,cph/query/images/19UsTBrdJxYt76X7IHdlNw.jpg,random,0.1,1,1,1,0.6642127633094788,0.6437285542488098,0.48162463307380676,0.4587065875530243,0.182588130235672,0.18502196669578552,-0.0024338364601135254,0.020484209060668945,0.05798172950744629,0,1,1,1,0,0.10018903017044067,10388,0.021335168616655197,2024,2128438703,-73,5,True,15974,
211,cph/query/images/19UsTBrdJxYt76X7IHdlNw.jpg,random,0.1,2,1,1,0.6642127633094788,0.6512855291366577,0.48162463307380676,0.48260748386383057,0.182588130235672,0.16867804527282715,0.013910084962844849,0.012927234172821045,0.0683746337890625,0,1,1,1,0,0.10018903017044067,10388,0.04182128171697924,2024,2128438703,67,6,True,15974,
211,cph/query/images/19UsTBrdJxYt76X7IHdlNw.jpg,random,0.1,3,1,1,0.6642127633094788,0.577413022518158,0.48162463307380676,0.44178998470306396,0.182588130235672,0.135623037815094,0.046965092420578,0.0867997407913208,0.16983866691589355,0,1,1,1,0,0.10018903017044067,10388,0.18408754131995897,2024,2128438703,-33,50,True,15974,
211,cph/query/images/19UsTBrdJxYt76X7IHdlNw.jpg,random,0.1,4,1,1,0.6642127633094788,0.6551476120948792,0.48162463307380676,0.4842275381088257,0.182588130235672,0.17092007398605347,0.01166805624961853,0.00906515121459961,0.08762294054031372,0,1,1,1,0,0.10018903017044067,10388,0.0739170888038871,2024,2128438703,61,22,True,15974,
211,cph/query/images/19UsTBrdJxYt76X7IHdlNw.jpg,attention,0.15,-1,1,1,0.6642127633094788,0.5375692248344421,0.48162463307380676,0.4555579125881195,0.182588130235672,0.08201131224632263,0.10057681798934937,0.12664353847503662,0.38856732845306396,0,1,1,1,0,0.14933836460113525,15484,1.0,2024,949866615,0,0,True,196,
211,cph/query/images/19UsTBrdJxYt76X7IHdlNw.jpg,random,0.15,0,1,1,0.6642127633094788,0.548606276512146,0.48162463307380676,0.43843936920166016,0.182588130235672,0.11016690731048584,0.07242122292518616,0.11560648679733276,0.3328108787536621,0,1,1,1,0,0.14933836460113525,15484,0.30424528301886794,2024,949866615,24,0,True,196,
211,cph/query/images/19UsTBrdJxYt76X7IHdlNw.jpg,random,0.15,1,1,1,0.6642127633094788,0.5645573139190674,0.48162463307380676,0.4376145601272583,0.182588130235672,0.12694275379180908,0.055645376443862915,0.09965544939041138,0.20441865921020508,0,1,1,1,0,0.14933836460113525,15484,0.21806167400881057,2024,949866615,-36,0,True,196,
211,cph/query/images/19UsTBrdJxYt76X7IHdlNw.jpg,random,0.15,2,1,1,0.6642127633094788,0.6680831909179688,0.48162463307380676,0.48365336656570435,0.182588130235672,0.1844298243522644,-0.0018416941165924072,-0.0038704276084899902,0.051748037338256836,0,1,1,1,0,0.14933836460113525,15484,0.035580524344569285,2024,949866615,82,0,True,196,
211,cph/query/images/19UsTBrdJxYt76X7IHdlNw.jpg,random,0.15,3,1,1,0.6642127633094788,0.6111628413200378,0.48162463307380676,0.4471828043460846,0.182588130235672,0.16398003697395325,0.01860809326171875,0.05304992198944092,0.10410261154174805,0,1,1,1,0,0.14933836460113525,15484,0.11044176706827309,2024,949866615,-61,0,True,196,
211,cph/query/images/19UsTBrdJxYt76X7IHdlNw.jpg,random,0.15,4,1,1,0.6642127633094788,0.4988507032394409,0.48162463307380676,0.3957790434360504,0.182588130235672,0.1030716598033905,0.0795164704322815,0.16536206007003784,0.2571413516998291,0,1,1,1,0,0.14933836460113525,15484,0.23852183650615902,2024,949866615,-33,0,True,196,
211,cph/query/images/19UsTBrdJxYt76X7IHdlNw.jpg,attention,0.2,-1,1,1,0.6642127633094788,0.47608304023742676,0.48162463307380676,0.4469967186450958,0.182588130235672,0.029086321592330933,0.15350180864334106,0.188129723072052,0.450287401676178,0,1,1,1,0,0.20037806034088135,20776,1.0,2024,592812943,0,0,True,182,
211,cph/query/images/19UsTBrdJxYt76X7IHdlNw.jpg,random,0.2,0,1,1,0.6642127633094788,0.5236368775367737,0.48162463307380676,0.45815038681030273,0.182588130235672,0.06548649072647095,0.11710163950920105,0.14057588577270508,0.4373365640640259,0,1,1,1,0,0.20037806034088135,20776,0.4303614457831325,2024,592812943,17,0,True,182,
211,cph/query/images/19UsTBrdJxYt76X7IHdlNw.jpg,random,0.2,1,1,1,0.6642127633094788,0.5660246014595032,0.48162463307380676,0.4564024806022644,0.182588130235672,0.10962212085723877,0.07296600937843323,0.09818816184997559,0.24269860982894897,0,1,1,1,0,0.20037806034088135,20776,0.23255813953488372,2024,592812943,48,0,True,182,
211,cph/query/images/19UsTBrdJxYt76X7IHdlNw.jpg,random,0.2,2,1,1,0.6642127633094788,0.5751751661300659,0.48162463307380676,0.44136613607406616,0.182588130235672,0.13380903005599976,0.04877910017967224,0.08903759717941284,0.18648231029510498,0,1,1,1,0,0.20037806034088135,20776,0.23615160349854228,2024,592812943,-47,0,True,182,
211,cph/query/images/19UsTBrdJxYt76X7IHdlNw.jpg,random,0.2,3,1,1,0.6642127633094788,0.44328317046165466,0.48162463307380676,0.3849627375602722,0.182588130235672,0.058320432901382446,0.12426769733428955,0.2209295928478241,0.44646763801574707,0,1,1,1,0,0.20037806034088135,20776,0.5514898065865134,2024,592812943,-11,0,True,182,
211,cph/query/images/19UsTBrdJxYt76X7IHdlNw.jpg,random,0.2,4,1,1,0.6642127633094788,0.5882665514945984,0.48162463307380676,0.4672386050224304,0.182588130235672,0.12102794647216797,0.06156018376350403,0.07594621181488037,0.21772640943527222,0,1,1,1,0,0.20037806034088135,20776,0.21839080459770116,2024,592812943,52,0,True,182,
315,cph/query/images/wAAEmSpj2P0rzxo-A3zwCQ.jpg,clean,0.0,-1,18,18,0.48289260268211365,0.48289260268211365,0.6238502860069275,0.6238502860069275,-0.14095768332481384,-0.14095768332481384,0.0,0.0,0.0,0,0,0,0,0,0.0,0,0.0,2024,0,0,0,True,0,
315,cph/query/images/wAAEmSpj2P0rzxo-A3zwCQ.jpg,attention,0.1,-1,18,18,0.48289260268211365,0.5006014108657837,0.6238502860069275,0.6695791482925415,-0.14095768332481384,-0.1689777374267578,0.02802005410194397,-0.017708808183670044,0.11542457342147827,0,0,0,0,0,0.10018903017044067,10388,1.0,2024,716184506,0,0,True,10430,
315,cph/query/images/wAAEmSpj2P0rzxo-A3zwCQ.jpg,random,0.1,0,18,18,0.48289260268211365,0.46889039874076843,0.6238502860069275,0.6388351321220398,-0.14095768332481384,-0.16994473338127136,0.02898705005645752,0.014002203941345215,0.10315704345703125,0,0,0,0,0,0.10018903017044067,10388,0.37973170407756673,2024,716184506,12,-11,True,10430,
315,cph/query/images/wAAEmSpj2P0rzxo-A3zwCQ.jpg,random,0.1,1,18,18,0.48289260268211365,0.4720059335231781,0.6238502860069275,0.6321282982826233,-0.14095768332481384,-0.1601223647594452,0.019164681434631348,0.010886669158935547,0.09274548292160034,0,0,0,0,0,0.10018903017044067,10388,0.22746071133167908,2024,716184506,23,7,True,10430,
315,cph/query/images/wAAEmSpj2P0rzxo-A3zwCQ.jpg,random,0.1,2,18,18,0.48289260268211365,0.48264774680137634,0.6238502860069275,0.6202348470687866,-0.14095768332481384,-0.13758710026741028,-0.0033705830574035645,0.0002448558807373047,0.06084918975830078,0,0,0,0,0,0.10018903017044067,10388,0.03137410643367752,2024,716184506,74,-4,True,10430,
315,cph/query/images/wAAEmSpj2P0rzxo-A3zwCQ.jpg,random,0.1,3,18,18,0.48289260268211365,0.47336235642433167,0.6238502860069275,0.6118662357330322,-0.14095768332481384,-0.13850387930870056,-0.0024538040161132812,0.009530246257781982,0.059076547622680664,0,0,0,0,0,0.10018903017044067,10388,0.029228177945110474,2024,716184506,75,-6,True,10430,
315,cph/query/images/wAAEmSpj2P0rzxo-A3zwCQ.jpg,random,0.1,4,18,18,0.48289260268211365,0.4849421977996826,0.6238502860069275,0.615776538848877,-0.14095768332481384,-0.13083434104919434,-0.010123342275619507,-0.0020495951175689697,0.05686545372009277,0,0,0,0,0,0.10018903017044067,10388,0.0,2024,716184506,151,10,True,10430,
315,cph/query/images/wAAEmSpj2P0rzxo-A3zwCQ.jpg,attention,0.15,-1,18,18,0.48289260268211365,0.5167768597602844,0.6238502860069275,0.681117594242096,-0.14095768332481384,-0.16434073448181152,0.02338305115699768,-0.033884257078170776,0.15090620517730713,0,0,0,0,0,0.14933836460113525,15484,1.0,2024,400919248,0,0,True,4844,
315,cph/query/images/wAAEmSpj2P0rzxo-A3zwCQ.jpg,random,0.15,0,18,18,0.48289260268211365,0.48392200469970703,0.6238502860069275,0.6199893951416016,-0.14095768332481384,-0.13606739044189453,-0.0048902928829193115,-0.0010294020175933838,0.1274874210357666,0,0,0,0,0,0.14933836460113525,15484,0.24189926211100418,2024,400919248,25,19,True,4844,
315,cph/query/images/wAAEmSpj2P0rzxo-A3zwCQ.jpg,random,0.15,1,18,18,0.48289260268211365,0.4764661192893982,0.6238502860069275,0.6112141609191895,-0.14095768332481384,-0.13474804162979126,-0.006209641695022583,0.006426483392715454,0.08302205801010132,0,0,0,0,0,0.14933836460113525,15484,0.09559187716691431,2024,400919248,63,23,True,4844,
315,cph/query/images/wAAEmSpj2P0rzxo-A3zwCQ.jpg,random,0.15,2,18,18,0.48289260268211365,0.47693386673927307,0.6238502860069275,0.6181414723396301,-0.14095768332481384,-0.14120760560035706,0.0002499222755432129,0.005958735942840576,0.1032402515411377,0,0,0,0,0,0.14933836460113525,15484,0.2205580955383888,2024,400919248,33,1,True,4844,
315,cph/query/images/wAAEmSpj2P0rzxo-A3zwCQ.jpg,random,0.15,3,18,18,0.48289260268211365,0.4844514727592468,0.6238502860069275,0.6161213517189026,-0.14095768332481384,-0.13166987895965576,-0.009287804365158081,-0.0015588700771331787,0.07723414897918701,0,0,0,0,0,0.14933836460113525,15484,0.10379241516966067,2024,400919248,80,2,True,4844,
315,cph/query/images/wAAEmSpj2P0rzxo-A3zwCQ.jpg,random,0.15,4,18,18,0.48289260268211365,0.4734063744544983,0.6238502860069275,0.6493490934371948,-0.14095768332481384,-0.17594271898269653,0.03498503565788269,0.009486228227615356,0.14095604419708252,0,0,0,0,0,0.14933836460113525,15484,0.3118142923709069,2024,400919248,9,-27,True,4844,
315,cph/query/images/wAAEmSpj2P0rzxo-A3zwCQ.jpg,attention,0.2,-1,18,18,0.48289260268211365,0.4961361885070801,0.6238502860069275,0.6608941555023193,-0.14095768332481384,-0.16475796699523926,0.023800283670425415,-0.01324358582496643,0.17258405685424805,0,0,0,0,0,0.20037806034088135,20776,1.0,2024,1030479796,0,0,True,1246,
315,cph/query/images/wAAEmSpj2P0rzxo-A3zwCQ.jpg,random,0.2,0,18,18,0.48289260268211365,0.4851375222206116,0.6238502860069275,0.6227322220802307,-0.14095768332481384,-0.13759469985961914,-0.003362983465194702,-0.002244919538497925,0.08274465799331665,0,0,0,0,0,0.20037806034088135,20776,0.21142857142857144,2024,1030479796,42,0,True,1246,
315,cph/query/images/wAAEmSpj2P0rzxo-A3zwCQ.jpg,random,0.2,1,18,17,0.48289260268211365,0.49121353030204773,0.6238502860069275,0.6105524897575378,-0.14095768332481384,-0.11933895945549011,-0.02161872386932373,-0.008320927619934082,0.11670529842376709,-1,0,0,0,0,0.20037806034088135,20776,0.18247011952191236,2024,1030479796,42,10,True,1246,
315,cph/query/images/wAAEmSpj2P0rzxo-A3zwCQ.jpg,random,0.2,2,18,18,0.48289260268211365,0.48007702827453613,0.6238502860069275,0.6135064363479614,-0.14095768332481384,-0.1334294080734253,-0.00752827525138855,0.0028155744075775146,0.09841018915176392,0,0,0,0,0,0.20037806034088135,20776,0.21689216892168922,2024,1030479796,41,0,True,1246,
315,cph/query/images/wAAEmSpj2P0rzxo-A3zwCQ.jpg,random,0.2,3,18,18,0.48289260268211365,0.48331254720687866,0.6238502860069275,0.5926413536071777,-0.14095768332481384,-0.10932880640029907,-0.03162887692451477,-0.00041994452476501465,0.13138347864151,0,0,0,0,0,0.20037806034088135,20776,0.21810506566604126,2024,1030479796,32,13,True,1246,
315,cph/query/images/wAAEmSpj2P0rzxo-A3zwCQ.jpg,random,0.2,4,18,18,0.48289260268211365,0.44220587611198425,0.6238502860069275,0.5945351123809814,-0.14095768332481384,-0.1523292362689972,0.01137155294418335,0.040686726570129395,0.15973979234695435,0,0,0,0,0,0.20037806034088135,20776,0.30617377090406134,2024,1030479796,22,10,True,1246,
332,cph/query/images/H1GOutK4IxgiTbDsorcknw.jpg,clean,0.0,-1,1,1,0.4800339937210083,0.4800339937210083,0.17137254774570465,0.17137254774570465,0.30866146087646484,0.30866146087646484,0.0,0.0,0.0,0,1,1,1,0,0.0,0,0.0,2024,0,0,0,True,0,
332,cph/query/images/H1GOutK4IxgiTbDsorcknw.jpg,attention,0.1,-1,1,1,0.4800339937210083,0.4771656095981598,0.17137254774570465,0.18082591891288757,0.30866146087646484,0.2963396906852722,0.012321770191192627,0.0028683841228485107,0.28192514181137085,0,1,1,1,0,0.10018903017044067,10388,1.0,2024,1964380493,0,0,True,25018,
332,cph/query/images/H1GOutK4IxgiTbDsorcknw.jpg,random,0.1,0,1,1,0.4800339937210083,0.4789026379585266,0.17137254774570465,0.17311489582061768,0.30866146087646484,0.30578774213790894,0.002873718738555908,0.0011313557624816895,0.016115665435791016,0,1,1,1,0,0.10018903017044067,10388,0.002025658338960162,2024,1964380493,-109,-40,True,25018,
332,cph/query/images/H1GOutK4IxgiTbDsorcknw.jpg,random,0.1,1,1,1,0.4800339937210083,0.49174124002456665,0.17137254774570465,0.1644364595413208,0.30866146087646484,0.32730478048324585,-0.018643319606781006,-0.01170724630355835,0.08860385417938232,0,1,1,1,0,0.10018903017044067,10388,0.07770515613652869,2024,1964380493,-60,-55,True,25018,
332,cph/query/images/H1GOutK4IxgiTbDsorcknw.jpg,random,0.1,2,1,1,0.4800339937210083,0.4575279951095581,0.17137254774570465,0.17358407378196716,0.30866146087646484,0.28394392132759094,0.0247175395488739,0.022505998611450195,0.14646345376968384,0,1,1,1,0,0.10018903017044067,10388,0.10557684120902512,2024,1964380493,74,-62,True,25018,
332,cph/query/images/H1GOutK4IxgiTbDsorcknw.jpg,random,0.1,3,1,1,0.4800339937210083,0.47147423028945923,0.17137254774570465,0.16023646295070648,0.30866146087646484,0.31123775243759155,-0.002576291561126709,0.008559763431549072,0.09409946203231812,0,1,1,1,0,0.10018903017044067,10388,0.05784114052953157,2024,1964380493,-51,-78,True,25018,
332,cph/query/images/H1GOutK4IxgiTbDsorcknw.jpg,random,0.1,4,1,1,0.4800339937210083,0.4817235469818115,0.17137254774570465,0.17401480674743652,0.30866146087646484,0.307708740234375,0.0009527206420898438,-0.0016895532608032227,0.0444033145904541,0,1,1,1,0,0.10018903017044067,10388,0.01823171927073123,2024,1964380493,-73,-96,True,25018,
332,cph/query/images/H1GOutK4IxgiTbDsorcknw.jpg,attention,0.15,-1,1,1,0.4800339937210083,0.4607519507408142,0.17137254774570465,0.1756545901298523,0.30866146087646484,0.2850973606109619,0.02356410026550293,0.019282042980194092,0.34810376167297363,0,1,1,1,0,0.14933836460113525,15484,1.0,2024,149698838,0,0,True,2744,
332,cph/query/images/H1GOutK4IxgiTbDsorcknw.jpg,random,0.15,0,1,1,0.4800339937210083,0.43230754137039185,0.17137254774570465,0.17569656670093536,0.30866146087646484,0.2566109895706177,0.05205047130584717,0.047726452350616455,0.3105729818344116,0,1,1,1,0,0.14933836460113525,15484,0.23911651728553138,2024,149698838,38,4,True,2744,
332,cph/query/images/H1GOutK4IxgiTbDsorcknw.jpg,random,0.15,1,1,1,0.4800339937210083,0.45838645100593567,0.17137254774570465,0.17662733793258667,0.30866146087646484,0.281759113073349,0.026902347803115845,0.021647542715072632,0.392939031124115,0,1,1,1,0,0.14933836460113525,15484,0.7571493418066273,2024,149698838,3,5,True,2744,
332,cph/query/images/H1GOutK4IxgiTbDsorcknw.jpg,random,0.15,2,1,1,0.4800339937210083,0.4942356050014496,0.17137254774570465,0.19864317774772644,0.30866146087646484,0.29559242725372314,0.0130690336227417,-0.014201611280441284,0.22598767280578613,0,1,1,1,0,0.14933836460113525,15484,0.22378976486860305,2024,149698838,-43,7,True,2744,
332,cph/query/images/H1GOutK4IxgiTbDsorcknw.jpg,random,0.15,3,1,1,0.4800339937210083,0.4602787494659424,0.17137254774570465,0.1893015205860138,0.30866146087646484,0.2709772288799286,0.037684231996536255,0.019755244255065918,0.34653812646865845,0,1,1,1,0,0.14933836460113525,15484,0.4193134424125762,2024,149698838,-21,9,True,2744,
332,cph/query/images/H1GOutK4IxgiTbDsorcknw.jpg,random,0.15,4,1,1,0.4800339937210083,0.4936307668685913,0.17137254774570465,0.19376173615455627,0.30866146087646484,0.29986903071403503,0.00879243016242981,-0.013596773147583008,0.2553215026855469,0,1,1,1,0,0.14933836460113525,15484,0.22942554289570843,2024,149698838,-41,3,True,2744,
332,cph/query/images/H1GOutK4IxgiTbDsorcknw.jpg,attention,0.2,-1,1,1,0.4800339937210083,0.45165950059890747,0.17137254774570465,0.18462149798870087,0.30866146087646484,0.2670379877090454,0.041623473167419434,0.02837449312210083,0.41822147369384766,0,1,1,1,0,0.20037806034088135,20776,1.0,2024,2144854066,0,0,True,2744,
332,cph/query/images/H1GOutK4IxgiTbDsorcknw.jpg,random,0.2,0,1,1,0.4800339937210083,0.41725486516952515,0.17137254774570465,0.1599418818950653,0.30866146087646484,0.25731298327445984,0.051348477602005005,0.06277912855148315,0.45453763008117676,0,1,1,1,0,0.20037806034088135,20776,0.638098241740913,2024,2144854066,12,3,True,2744,
332,cph/query/images/H1GOutK4IxgiTbDsorcknw.jpg,random,0.2,1,1,1,0.4800339937210083,0.40323731303215027,0.17137254774570465,0.15976980328559875,0.30866146087646484,0.2434675097465515,0.06519395112991333,0.07679668068885803,0.42006903886795044,0,1,1,1,0,0.20037806034088135,20776,0.3518120892706097,2024,2144854066,30,11,True,2744,
332,cph/query/images/H1GOutK4IxgiTbDsorcknw.jpg,random,0.2,2,1,1,0.4800339937210083,0.5039495229721069,0.17137254774570465,0.20356185734272003,0.30866146087646484,0.3003876805305481,0.008273780345916748,-0.023915529251098633,0.19185906648635864,0,1,1,1,0,0.20037806034088135,20776,0.13616974734769768,2024,2144854066,-60,2,True,2744,
332,cph/query/images/H1GOutK4IxgiTbDsorcknw.jpg,random,0.2,3,1,1,0.4800339937210083,0.46304452419281006,0.17137254774570465,0.20126685500144958,0.30866146087646484,0.2617776691913605,0.04688379168510437,0.016989469528198242,0.2707527279853821,0,1,1,1,0,0.20037806034088135,20776,0.21839080459770116,2024,2144854066,-47,13,True,2744,
332,cph/query/images/H1GOutK4IxgiTbDsorcknw.jpg,random,0.2,4,1,1,0.4800339937210083,0.46591681241989136,0.17137254774570465,0.20991969108581543,0.30866146087646484,0.2559971213340759,0.052664339542388916,0.014117181301116943,0.3693850636482239,0,1,1,1,0,0.20037806034088135,20776,0.5301222565915451,2024,2144854066,-18,5,True,2744,
544,sf/query/images/zgJe0ol8EOFDDpZi9GKrgw.jpg,clean,0.0,-1,1,1,0.6901547312736511,0.6901547312736511,0.1797116994857788,0.1797116994857788,0.5104430317878723,0.5104430317878723,0.0,0.0,0.0,0,1,1,1,0,0.0,0,0.0,2024,0,0,0,True,0,
544,sf/query/images/zgJe0ol8EOFDDpZi9GKrgw.jpg,attention,0.1,-1,1,1,0.6901547312736511,0.5483224987983704,0.1797116994857788,0.17856675386428833,0.5104430317878723,0.36975574493408203,0.14068728685379028,0.14183223247528076,0.30859851837158203,0,1,1,1,0,0.10018903017044067,10388,1.0,2024,1726891428,0,0,True,28574,
544,sf/query/images/zgJe0ol8EOFDDpZi9GKrgw.jpg,random,0.1,0,1,1,0.6901547312736511,0.5943248271942139,0.1797116994857788,0.20671668648719788,0.5104430317878723,0.387608140707016,0.12283489108085632,0.09582990407943726,0.22841894626617432,0,1,1,1,0,0.10018903017044067,10388,0.23402233309574721,2024,1726891428,-41,-10,True,28574,
544,sf/query/images/zgJe0ol8EOFDDpZi9GKrgw.jpg,random,0.1,1,1,1,0.6901547312736511,0.6841927766799927,0.1797116994857788,0.19182167947292328,0.5104430317878723,0.4923710823059082,0.01807194948196411,0.005961954593658447,0.016066431999206543,0,1,1,1,0,0.10018903017044067,10388,0.0,2024,1726891428,-122,43,True,28574,
544,sf/query/images/zgJe0ol8EOFDDpZi9GKrgw.jpg,random,0.1,2,1,1,0.6901547312736511,0.6210619211196899,0.1797116994857788,0.1973566710948944,0.5104430317878723,0.42370525002479553,0.08673778176307678,0.06909281015396118,0.16489362716674805,0,1,1,1,0,0.10018903017044067,10388,0.20650406504065041,2024,1726891428,-46,-4,True,28574,
544,sf/query/images/zgJe0ol8EOFDDpZi9GKrgw.jpg,random,0.1,3,1,1,0.6901547312736511,0.6596444249153137,0.1797116994857788,0.1938205361366272,0.5104430317878723,0.4658238887786865,0.04461914300918579,0.030510306358337402,0.0853813886642456,0,1,1,1,0,0.10018903017044067,10388,0.019430814524043178,2024,1726891428,-79,-16,True,28574,
544,sf/query/images/zgJe0ol8EOFDDpZi9GKrgw.jpg,random,0.1,4,1,1,0.6901547312736511,0.687454342842102,0.1797116994857788,0.18959157168865204,0.5104430317878723,0.4978627562522888,0.012580275535583496,0.0027003884315490723,0.011541903018951416,0,1,1,1,0,0.10018903017044067,10388,0.0,2024,1726891428,-141,36,True,28574,
544,sf/query/images/zgJe0ol8EOFDDpZi9GKrgw.jpg,attention,0.15,-1,1,1,0.6901547312736511,0.504229724407196,0.1797116994857788,0.15844614803791046,0.5104430317878723,0.3457835912704468,0.16465944051742554,0.18592500686645508,0.3908557891845703,0,1,1,1,0,0.14933836460113525,15484,1.0,2024,2092376118,0,0,True,5712,
544,sf/query/images/zgJe0ol8EOFDDpZi9GKrgw.jpg,random,0.15,0,1,1,0.6901547312736511,0.6645164489746094,0.1797116994857788,0.19265544414520264,0.5104430317878723,0.47186100482940674,0.038582026958465576,0.025638282299041748,0.028898417949676514,0,1,1,1,0,0.14933836460113525,15484,0.0,2024,2092376118,-127,-6,True,5712,
544,sf/query/images/zgJe0ol8EOFDDpZi9GKrgw.jpg,random,0.15,1,1,1,0.6901547312736511,0.6589829325675964,0.1797116994857788,0.19068527221679688,0.5104430317878723,0.46829766035079956,0.042145371437072754,0.031171798706054688,0.0433657169342041,0,1,1,1,0,0.14933836460113525,15484,0.0,2024,2092376118,-116,0,True,5712,
544,sf/query/images/zgJe0ol8EOFDDpZi9GKrgw.jpg,random,0.15,2,1,1,0.6901547312736511,0.6273287534713745,0.1797116994857788,0.18437154591083527,0.5104430317878723,0.44295722246170044,0.06748580932617188,0.06282597780227661,0.1503981351852417,0,1,1,1,0,0.14933836460113525,15484,0.1450968791598876,2024,2092376118,-55,-10,True,5712,
544,sf/query/images/zgJe0ol8EOFDDpZi9GKrgw.jpg,random,0.15,3,1,1,0.6901547312736511,0.6907806396484375,0.1797116994857788,0.19638843834400177,0.5104430317878723,0.4943922162055969,0.01605081558227539,-0.000625908374786377,0.019435763359069824,0,1,1,1,0,0.14933836460113525,15484,0.0,2024,2092376118,-140,-11,True,5712,
544,sf/query/images/zgJe0ol8EOFDDpZi9GKrgw.jpg,random,0.15,4,1,1,0.6901547312736511,0.461763471364975,0.1797116994857788,0.20276492834091187,0.5104430317878723,0.2589985430240631,0.2514444887638092,0.22839125990867615,0.4380779266357422,0,1,1,1,0,0.14933836460113525,15484,0.5731775463550927,2024,2092376118,9,-17,True,5712,
544,sf/query/images/zgJe0ol8EOFDDpZi9GKrgw.jpg,attention,0.2,-1,1,1,0.6901547312736511,0.41650480031967163,0.1797116994857788,0.15429559350013733,0.5104430317878723,0.2622092068195343,0.248233824968338,0.2736499309539795,0.48588860034942627,0,1,1,1,0,0.20037806034088135,20776,1.0,2024,3020056995,0,0,True,2744,
544,sf/query/images/zgJe0ol8EOFDDpZi9GKrgw.jpg,random,0.2,0,1,1,0.6901547312736511,0.6152734756469727,0.1797116994857788,0.20218199491500854,0.5104430317878723,0.4130914807319641,0.0973515510559082,0.07488125562667847,0.1626555323600769,0,1,1,1,0,0.20037806034088135,20776,0.10446015629153155,2024,3020056995,-72,-5,True,2744,
544,sf/query/images/zgJe0ol8EOFDDpZi9GKrgw.jpg,random,0.2,1,1,1,0.6901547312736511,0.6122945547103882,0.1797116994857788,0.18961679935455322,0.5104430317878723,0.42267775535583496,0.08776527643203735,0.07786017656326294,0.21294724941253662,0,1,1,1,0,0.20037806034088135,20776,0.15051500719902536,2024,3020056995,-61,-1,True,2744,
544,sf/query/images/zgJe0ol8EOFDDpZi9GKrgw.jpg,random,0.2,2,1,1,0.6901547312736511,0.5932924747467041,0.1797116994857788,0.19877314567565918,0.5104430317878723,0.3945193290710449,0.11592370271682739,0.09686225652694702,0.21778643131256104,0,1,1,1,0,0.20037806034088135,20776,0.14191491700560624,2024,3020056995,-62,-13,True,2744,
544,sf/query/images/zgJe0ol8EOFDDpZi9GKrgw.jpg,random,0.2,3,1,1,0.6901547312736511,0.4182049036026001,0.1797116994857788,0.16529908776283264,0.5104430317878723,0.25290581583976746,0.25753721594810486,0.271949827671051,0.48841995000839233,0,1,1,1,0,0.20037806034088135,20776,0.7436844313890054,2024,3020056995,3,-12,True,2744,
544,sf/query/images/zgJe0ol8EOFDDpZi9GKrgw.jpg,random,0.2,4,1,1,0.6901547312736511,0.4461562931537628,0.1797116994857788,0.17613716423511505,0.5104430317878723,0.2700191140174866,0.24042391777038574,0.2439984381198883,0.46792328357696533,0,1,1,1,0,0.20037806034088135,20776,0.6103553850327481,2024,3020056995,-15,-9,True,2744,
43,cph/query/images/2PJ_PaTt0XmmQk3CRh-wTQ.jpg,clean,0.0,-1,1,1,0.5319070816040039,0.5319070816040039,0.24860118329524994,0.24860118329524994,0.2833058834075928,0.2833058834075928,0.0,0.0,0.0,0,1,1,1,0,0.0,0,0.0,2024,0,0,0,True,0,
43,cph/query/images/2PJ_PaTt0XmmQk3CRh-wTQ.jpg,attention,0.1,-1,1,1,0.5319070816040039,0.44552189111709595,0.24860118329524994,0.23026207089424133,0.2833058834075928,0.21525982022285461,0.06804606318473816,0.08638519048690796,0.3005855679512024,0,1,1,1,0,0.10018903017044067,10388,1.0,2024,1539592450,0,0,True,13622,
43,cph/query/images/2PJ_PaTt0XmmQk3CRh-wTQ.jpg,random,0.1,0,1,1,0.5319070816040039,0.44060516357421875,0.24860118329524994,0.25440236926078796,0.2833058834075928,0.1862027943134308,0.09710308909416199,0.09130191802978516,0.28163230419158936,0,1,1,1,0,0.10018903017044067,10388,0.44357976653696496,2024,1539592450,-4,-19,True,13622,
43,cph/query/images/2PJ_PaTt0XmmQk3CRh-wTQ.jpg,random,0.1,1,1,1,0.5319070816040039,0.4498884081840515,0.24860118329524994,0.24192406237125397,0.2833058834075928,0.20796434581279755,0.07534153759479523,0.08201867341995239,0.1738365888595581,0,1,1,1,0,0.10018903017044067,10388,0.16850393700787403,2024,1539592450,-24,-54,True,13622,
43,cph/query/images/2PJ_PaTt0XmmQk3CRh-wTQ.jpg,random,0.1,2,1,1,0.5319070816040039,0.5007039904594421,0.24860118329524994,0.23384973406791687,0.2833058834075928,0.26685425639152527,0.016451627016067505,0.031203091144561768,0.07976698875427246,0,1,1,1,0,0.10018903017044067,10388,0.04601752089416977,2024,1539592450,-47,-30,True,13622,
43,cph/query/images/2PJ_PaTt0XmmQk3CRh-wTQ.jpg,random,0.1,3,1,1,0.5319070816040039,0.5258622765541077,0.24860118329524994,0.2225627601146698,0.2833058834075928,0.30329951643943787,-0.019993633031845093,0.00604480504989624,0.10546839237213135,0,1,1,1,0,0.10018903017044067,10388,0.018930848455125063,2024,1539592450,51,-32,True,13622,
43,cph/query/images/2PJ_PaTt0XmmQk3CRh-wTQ.jpg,random,0.1,4,1,1,0.5319070816040039,0.462202787399292,0.24860118329524994,0.24667862057685852,0.2833058834075928,0.21552416682243347,0.0677817165851593,0.06970429420471191,0.2783651351928711,0,1,1,1,0,0.10018903017044067,10388,0.8269433696799156,2024,1539592450,-2,-2,True,13622,
43,cph/query/images/2PJ_PaTt0XmmQk3CRh-wTQ.jpg,attention,0.15,-1,1,1,0.5319070816040039,0.450995534658432,0.24860118329524994,0.23770283162593842,0.2833058834075928,0.2132927030324936,0.07001318037509918,0.0809115469455719,0.3440478444099426,0,1,1,1,0,0.14933836460113525,15484,1.0,2024,295333969,0,0,True,10430,
43,cph/query/images/2PJ_PaTt0XmmQk3CRh-wTQ.jpg,random,0.15,0,1,1,0.5319070816040039,0.49514392018318176,0.24860118329524994,0.23193632066249847,0.2833058834075928,0.2632076144218445,0.02009826898574829,0.036763161420822144,0.07288122177124023,0,1,1,1,0,0.14933836460113525,15484,0.029452828934246392,2024,295333969,-86,-33,True,10430,
43,cph/query/images/2PJ_PaTt0XmmQk3CRh-wTQ.jpg,random,0.15,1,1,1,0.5319070816040039,0.47870880365371704,0.24860118329524994,0.22941608726978302,0.2833058834075928,0.24929271638393402,0.03401316702365875,0.053198277950286865,0.1124231219291687,0,1,1,1,0,0.14933836460113525,15484,0.1114381078850088,2024,295333969,-59,-13,True,10430,
43,cph/query/images/2PJ_PaTt0XmmQk3CRh-wTQ.jpg,random,0.15,2,1,1,0.5319070816040039,0.4110245704650879,0.24860118329524994,0.23243257403373718,0.2833058834075928,0.1785919964313507,0.10471388697624207,0.12088251113891602,0.3378780484199524,0,1,1,1,0,0.14933836460113525,15484,0.35753112396984044,2024,295333969,-6,-38,True,10430,
43,cph/query/images/2PJ_PaTt0XmmQk3CRh-wTQ.jpg,random,0.15,3,1,1,0.5319070816040039,0.5049035549163818,0.24860118329524994,0.20573949813842773,0.2833058834075928,0.2991640567779541,-0.015858173370361328,0.02700352668762207,0.15089434385299683,0,1,1,1,0,0.14933836460113525,15484,0.08942517413635404,2024,295333969,53,-54,True,10430,
43,cph/query/images/2PJ_PaTt0XmmQk3CRh-wTQ.jpg,random,0.15,4,1,1,0.5319070816040039,0.5222030282020569,0.24860118329524994,0.2323521077632904,0.2833058834075928,0.2898509204387665,-0.006545037031173706,0.009704053401947021,0.13258486986160278,0,1,1,1,0,0.14933836460113525,15484,0.0558472553699284,2024,295333969,68,-7,True,10430,
43,cph/query/images/2PJ_PaTt0XmmQk3CRh-wTQ.jpg,attention,0.2,-1,1,1,0.5319070816040039,0.42305517196655273,0.24860118329524994,0.23343968391418457,0.2833058834075928,0.18961548805236816,0.09369039535522461,0.10885190963745117,0.38939154148101807,0,1,1,1,0,0.20037806034088135,20776,1.0,2024,2964740189,0,0,True,168,
43,cph/query/images/2PJ_PaTt0XmmQk3CRh-wTQ.jpg,random,0.2,0,1,1,0.5319070816040039,0.4975866675376892,0.24860118329524994,0.23377130925655365,0.2833058834075928,0.26381534337997437,0.019490540027618408,0.0343204140663147,0.17637211084365845,0,1,1,1,0,0.20037806034088135,20776,0.12808817939946787,2024,2964740189,61,0,True,168,
43,cph/query/images/2PJ_PaTt0XmmQk3CRh-wTQ.jpg,random,0.2,1,1,1,0.5319070816040039,0.42487263679504395,0.24860118329524994,0.23252616822719574,0.2833058834075928,0.1923464685678482,0.09095941483974457,0.10703444480895996,0.2892628312110901,0,1,1,1,0,0.20037806034088135,20776,0.2672929120409906,2024,2964740189,-37,0,True,168,
43,cph/query/images/2PJ_PaTt0XmmQk3CRh-wTQ.jpg,random,0.2,2,1,1,0.5319070816040039,0.48647716641426086,0.24860118329524994,0.24169853329658508,0.2833058834075928,0.24477863311767578,0.03852725028991699,0.04542991518974304,0.23551523685455322,0,1,1,1,0,0.20037806034088135,20776,0.2035685320356853,2024,2964740189,46,0,True,168,
43,cph/query/images/2PJ_PaTt0XmmQk3CRh-wTQ.jpg,random,0.2,3,1,1,0.5319070816040039,0.4138524532318115,0.24860118329524994,0.22674962878227234,0.2833058834075928,0.18710282444953918,0.09620305895805359,0.11805462837219238,0.29976749420166016,0,1,1,1,0,0.20037806034088135,20776,0.2938099389712293,2024,2964740189,-34,0,True,168,
43,cph/query/images/2PJ_PaTt0XmmQk3CRh-wTQ.jpg,random,0.2,4,1,1,0.5319070816040039,0.454939603805542,0.24860118329524994,0.22684350609779358,0.2833058834075928,0.2280960977077484,0.05520978569984436,0.07696747779846191,0.30949312448501587,0,1,1,1,0,0.20037806034088135,20776,0.2760103181427343,2024,2964740189,36,0,True,168,
36,cph/query/images/0kud1LpDqELD-q9V_5ObNA.jpg,clean,0.0,-1,1,1,0.6124072670936584,0.6124072670936584,0.5777034759521484,0.5777034759521484,0.03470379114151001,0.03470379114151001,0.0,0.0,0.0,0,1,1,1,0,0.0,0,0.0,2024,0,0,0,True,0,
36,cph/query/images/0kud1LpDqELD-q9V_5ObNA.jpg,attention,0.1,-1,1,4,0.6124072670936584,0.4472951591014862,0.5777034759521484,0.5078780651092529,0.03470379114151001,-0.060582906007766724,0.09528669714927673,0.16511210799217224,0.2675926685333252,3,0,1,1,1,0.10018903017044067,10388,1.0,2024,702606221,0,0,True,25424,
36,cph/query/images/0kud1LpDqELD-q9V_5ObNA.jpg,random,0.1,0,1,1,0.6124072670936584,0.577944815158844,0.5777034759521484,0.555733323097229,0.03470379114151001,0.02221149206161499,0.01249229907989502,0.03446245193481445,0.04237771034240723,0,1,1,1,0,0.10018903017044067,10388,0.0,2024,702606221,-106,52,True,25424,
36,cph/query/images/0kud1LpDqELD-q9V_5ObNA.jpg,random,0.1,1,1,1,0.6124072670936584,0.5989676713943481,0.5777034759521484,0.5739800930023193,0.03470379114151001,0.02498757839202881,0.009716212749481201,0.013439595699310303,0.06719934940338135,0,1,1,1,0,0.10018903017044067,10388,0.02698961937716263,2024,702606221,-68,-7,True,25424,
36,cph/query/images/0kud1LpDqELD-q9V_5ObNA.jpg,random,0.1,2,1,2,0.6124072670936584,0.520518958568573,0.5777034759521484,0.5815638303756714,0.03470379114151001,-0.06104487180709839,0.0957486629486084,0.09188830852508545,0.23252028226852417,1,0,1,1,1,0.10018903017044067,10388,0.3017543859649123,2024,702606221,-31,-21,True,25424,
36,cph/query/images/0kud1LpDqELD-q9V_5ObNA.jpg,random,0.1,3,1,1,0.6124072670936584,0.5510480403900146,0.5777034759521484,0.531229555606842,0.03470379114151001,0.019818484783172607,0.014885306358337402,0.0613592267036438,0.13675439357757568,0,1,1,1,0,0.10018903017044067,10388,0.05848787446504993,2024,702606221,45,-44,True,25424,
36,cph/query/images/0kud1LpDqELD-q9V_5ObNA.jpg,random,0.1,4,1,1,0.6124072670936584,0.587924063205719,0.5777034759521484,0.5609430074691772,0.03470379114151001,0.026981055736541748,0.007722735404968262,0.024483203887939453,0.036576688289642334,0,1,1,1,0,0.10018903017044067,10388,0.0,2024,702606221,-99,21,True,25424,
36,cph/query/images/0kud1LpDqELD-q9V_5ObNA.jpg,attention,0.15,-1,1,4,0.6124072670936584,0.3921702802181244,0.5777034759521484,0.44199338555336,0.03470379114151001,-0.049823105335235596,0.0845268964767456,0.22023698687553406,0.3774425983428955,3,0,1,1,1,0.14933836460113525,15484,1.0,2024,3037385651,0,0,True,9072,
36,cph/query/images/0kud1LpDqELD-q9V_5ObNA.jpg,random,0.15,0,1,1,0.6124072670936584,0.46397313475608826,0.5777034759521484,0.43661588430404663,0.03470379114151001,0.027357250452041626,0.007346540689468384,0.1484341323375702,0.314103901386261,0,1,1,1,0,0.14933836460113525,15484,0.3004115226337449,2024,3037385651,32,19,True,9072,
36,cph/query/images/0kud1LpDqELD-q9V_5ObNA.jpg,random,0.15,1,1,1,0.6124072670936584,0.5682982802391052,0.5777034759521484,0.5533639192581177,0.03470379114151001,0.014934360980987549,0.01976943016052246,0.04410898685455322,0.16497927904129028,0,1,1,1,0,0.14933836460113525,15484,0.1183820873961719,2024,3037385651,-53,18,True,9072,
36,cph/query/images/0kud1LpDqELD-q9V_5ObNA.jpg,random,0.15,2,1,1,0.6124072670936584,0.5708950757980347,0.5777034759521484,0.5445839166641235,0.03470379114151001,0.026311159133911133,0.008392632007598877,0.04151219129562378,0.05643463134765625,0,1,1,1,0,0.14933836460113525,15484,0.0,2024,3037385651,-133,15,True,9072,
36,cph/query/images/0kud1LpDqELD-q9V_5ObNA.jpg,random,0.15,3,1,1,0.6124072670936584,0.5811020135879517,0.5777034759521484,0.5560977458953857,0.03470379114151001,0.025004267692565918,0.009699523448944092,0.03130525350570679,0.05680525302886963,0,1,1,1,0,0.14933836460113525,15484,0.017479300827966882,2024,3037385651,-93,15,True,9072,
36,cph/query/images/0kud1LpDqELD-q9V_5ObNA.jpg,random,0.15,4,1,3,0.6124072670936584,0.42860692739486694,0.5777034759521484,0.4435573220252991,0.03470379114151001,-0.014950394630432129,0.04965418577194214,0.1838003396987915,0.35232555866241455,2,0,1,1,1,0.14933836460113525,15484,0.522367515485203,2024,3037385651,14,11,True,9072,
36,cph/query/images/0kud1LpDqELD-q9V_5ObNA.jpg,attention,0.2,-1,1,4,0.6124072670936584,0.3822097182273865,0.5777034759521484,0.4385072886943817,0.03470379114151001,-0.05629757046699524,0.09100136160850525,0.23019754886627197,0.4460737705230713,3,0,1,1,1,0.20037806034088135,20776,1.0,2024,1515138734,0,0,True,5306,
36,cph/query/images/0kud1LpDqELD-q9V_5ObNA.jpg,random,0.2,0,1,1,0.6124072670936584,0.46659472584724426,0.5777034759521484,0.42734193801879883,0.03470379114151001,0.039252787828445435,-0.004548996686935425,0.14581254124641418,0.2991735339164734,0,1,1,1,0,0.20037806034088135,20776,0.31327433628318585,2024,1515138734,38,14,True,5306,
36,cph/query/images/0kud1LpDqELD-q9V_5ObNA.jpg,random,0.2,1,1,3,0.6124072670936584,0.4090375304222107,0.5777034759521484,0.4460531175136566,0.03470379114151001,-0.03701558709144592,0.07171937823295593,0.20336973667144775,0.4198397994041443,2,0,1,1,1,0.20037806034088135,20776,0.5639867509786209,2024,1515138734,11,24,True,5306,
36,cph/query/images/0kud1LpDqELD-q9V_5ObNA.jpg,random,0.2,2,1,1,0.6124072670936584,0.5710673928260803,0.5777034759521484,0.5455262660980225,0.03470379114151001,0.02554112672805786,0.009162664413452148,0.041339874267578125,0.12992966175079346,0,1,1,1,0,0.20037806034088135,20776,0.08400292184075968,2024,1515138734,-75,12,True,5306,
36,cph/query/images/0kud1LpDqELD-q9V_5ObNA.jpg,random,0.2,3,1,1,0.6124072670936584,0.5465072393417358,0.5777034759521484,0.5297796130180359,0.03470379114151001,0.01672762632369995,0.01797616481781006,0.06590002775192261,0.08044660091400146,0,1,1,1,0,0.20037806034088135,20776,0.003041568097330179,2024,1515138734,-119,9,True,5306,
36,cph/query/images/0kud1LpDqELD-q9V_5ObNA.jpg,random,0.2,4,1,1,0.6124072670936584,0.5557766556739807,0.5777034759521484,0.5299229025840759,0.03470379114151001,0.025853753089904785,0.008850038051605225,0.056630611419677734,0.07234430313110352,0,1,1,1,0,0.20037806034088135,20776,0.0002888781896966779,2024,1515138734,-120,1,True,5306,
245,cph/query/images/vLuUq899Q_XHNBnwPLv8zg.jpg,clean,0.0,-1,1,1,0.6776909232139587,0.6776909232139587,0.4033541679382324,0.4033541679382324,0.2743367552757263,0.2743367552757263,0.0,0.0,0.0,0,1,1,1,0,0.0,0,0.0,2024,0,0,0,True,0,
245,cph/query/images/vLuUq899Q_XHNBnwPLv8zg.jpg,attention,0.1,-1,1,1,0.6776909232139587,0.4356387257575989,0.4033541679382324,0.38040292263031006,0.2743367552757263,0.05523580312728882,0.2191009521484375,0.24205219745635986,0.3495776653289795,0,1,1,1,0,0.10018903017044067,10388,1.0,2024,1009347745,0,0,True,19124,
245,cph/query/images/vLuUq899Q_XHNBnwPLv8zg.jpg,random,0.1,0,1,1,0.6776909232139587,0.520305871963501,0.4033541679382324,0.3548789620399475,0.2743367552757263,0.16542690992355347,0.10890984535217285,0.15738505125045776,0.2916523814201355,0,1,1,1,0,0.10018903017044067,10388,0.40151106314085266,2024,1009347745,10,16,True,19124,
245,cph/query/images/vLuUq899Q_XHNBnwPLv8zg.jpg,random,0.1,1,1,1,0.6776909232139587,0.5919334888458252,0.4033541679382324,0.3638302683830261,0.2743367552757263,0.22810322046279907,0.046233534812927246,0.08575743436813354,0.17014968395233154,0,1,1,1,0,0.10018903017044067,10388,0.048234106962663975,2024,1009347745,50,9,True,19124,
245,cph/query/images/vLuUq899Q_XHNBnwPLv8zg.jpg,random,0.1,2,1,1,0.6776909232139587,0.6165005564689636,0.4033541679382324,0.3765231966972351,0.2743367552757263,0.23997735977172852,0.0343593955039978,0.06119036674499512,0.09937912225723267,0,1,1,1,0,0.10018903017044067,10388,0.033426183844011144,2024,1009347745,63,27,True,19124,
245,cph/query/images/vLuUq899Q_XHNBnwPLv8zg.jpg,random,0.1,3,1,1,0.6776909232139587,0.664722740650177,0.4033541679382324,0.3895246684551239,0.2743367552757263,0.2751980721950531,-0.0008613169193267822,0.012968182563781738,0.027804255485534668,0,1,1,1,0,0.10018903017044067,10388,0.0024607961399276236,2024,1009347745,-81,11,True,19124,
245,cph/query/images/vLuUq899Q_XHNBnwPLv8zg.jpg,random,0.1,4,1,1,0.6776909232139587,0.6410954594612122,0.4033541679382324,0.38109004497528076,0.2743367552757263,0.2600054144859314,0.014331340789794922,0.03659546375274658,0.12123608589172363,0,1,1,1,0,0.10018903017044067,10388,0.031630170316301706,2024,1009347745,59,77,True,19124,
245,cph/query/images/vLuUq899Q_XHNBnwPLv8zg.jpg,attention,0.15,-1,1,1,0.6776909232139587,0.4315241277217865,0.4033541679382324,0.38958558440208435,0.2743367552757263,0.04193854331970215,0.23239821195602417,0.24616679549217224,0.39045214653015137,0,1,1,1,0,0.14933836460113525,15484,1.0,2024,833608465,0,0,True,12992,
245,cph/query/images/vLuUq899Q_XHNBnwPLv8zg.jpg,random,0.15,0,1,1,0.6776909232139587,0.5677441358566284,0.4033541679382324,0.32219478487968445,0.2743367552757263,0.24554935097694397,0.02878740429878235,0.10994678735733032,0.23617374897003174,0,1,1,1,0,0.14933836460113525,15484,0.22205122134091,2024,833608465,-41,55,True,12992,
245,cph/query/images/vLuUq899Q_XHNBnwPLv8zg.jpg,random,0.15,1,1,1,0.6776909232139587,0.6687345504760742,0.4033541679382324,0.39366909861564636,0.2743367552757263,0.27506545186042786,-0.0007286965847015381,0.008956372737884521,0.023705720901489258,0,1,1,1,0,0.14933836460113525,15484,0.010408169923977945,2024,833608465,-97,31,True,12992,
245,cph/query/images/vLuUq899Q_XHNBnwPLv8zg.jpg,random,0.15,2,1,1,0.6776909232139587,0.673753559589386,0.4033541679382324,0.39297011494636536,0.2743367552757263,0.28078344464302063,-0.0064466893672943115,0.003937363624572754,0.03635901212692261,0,1,1,1,0,0.14933836460113525,15484,0.02883720930232558,2024,833608465,-88,42,True,12992,
245,cph/query/images/vLuUq899Q_XHNBnwPLv8zg.jpg,random,0.15,3,1,1,0.6776909232139587,0.5168303847312927,0.4033541679382324,0.34211912751197815,0.2743367552757263,0.17471125721931458,0.09962549805641174,0.16086053848266602,0.31138718128204346,0,1,1,1,0,0.14933836460113525,15484,0.24770346494762288,2024,833608465,32,17,True,12992,
245,cph/query/images/vLuUq899Q_XHNBnwPLv8zg.jpg,random,0.15,4,1,1,0.6776909232139587,0.5880677103996277,0.4033541679382324,0.3412012457847595,0.2743367552757263,0.24686646461486816,0.027470290660858154,0.08962321281433105,0.16838455200195312,0,1,1,1,0,0.14933836460113525,15484,0.127420998980632,2024,833608465,58,12,True,12992,
245,cph/query/images/vLuUq899Q_XHNBnwPLv8zg.jpg,attention,0.2,-1,1,1,0.6776909232139587,0.3970613479614258,0.4033541679382324,0.3944806456565857,0.2743367552757263,0.002580702304840088,0.27175605297088623,0.28062957525253296,0.4737069606781006,0,1,1,1,0,0.20037806034088135,20776,1.0,2024,537473983,0,0,True,182,
245,cph/query/images/vLuUq899Q_XHNBnwPLv8zg.jpg,random,0.2,0,1,1,0.6776909232139587,0.6100019812583923,0.4033541679382324,0.3873446583747864,0.2743367552757263,0.22265732288360596,0.05167943239212036,0.0676889419555664,0.15305155515670776,0,1,1,1,0,0.20037806034088135,20776,0.16118935837245696,2024,537473983,-58,0,True,182,
245,cph/query/images/vLuUq899Q_XHNBnwPLv8zg.jpg,random,0.2,1,1,1,0.6776909232139587,0.6616116166114807,0.4033541679382324,0.39033976197242737,0.2743367552757263,0.27127185463905334,0.0030649006366729736,0.016079306602478027,0.026425957679748535,0,1,1,1,0,0.20037806034088135,20776,0.016786570743405275,2024,537473983,-91,0,True,182,
245,cph/query/images/vLuUq899Q_XHNBnwPLv8zg.jpg,random,0.2,2,1,1,0.6776909232139587,0.6558476686477661,0.4033541679382324,0.3903992772102356,0.2743367552757263,0.2654483914375305,0.0088883638381958,0.021843254566192627,0.048404574394226074,0,1,1,1,0,0.20037806034088135,20776,0.03885194259712986,2024,537473983,-83,0,True,182,
245,cph/query/images/vLuUq899Q_XHNBnwPLv8zg.jpg,random,0.2,3,1,1,0.6776909232139587,0.6647815704345703,0.4033541679382324,0.39606109261512756,0.2743367552757263,0.26872047781944275,0.005616277456283569,0.012909352779388428,0.019173622131347656,0,1,1,1,0,0.20037806034088135,20776,0.0,2024,537473983,-101,0,True,182,
245,cph/query/images/vLuUq899Q_XHNBnwPLv8zg.jpg,random,0.2,4,1,1,0.6776909232139587,0.40084919333457947,0.4033541679382324,0.30934303998947144,0.2743367552757263,0.09150615334510803,0.1828306019306183,0.2768417298793793,0.48406410217285156,0,1,1,1,0,0.20037806034088135,20776,0.421455938697318,2024,537473983,25,0,True,182,
624,sf/query/images/e3pZn3-lsxgaWYNGieK8tw.jpg,clean,0.0,-1,1,1,0.5280031561851501,0.5280031561851501,0.1890539824962616,0.1890539824962616,0.33894917368888855,0.33894917368888855,0.0,0.0,0.0,0,1,1,1,0,0.0,0,0.0,2024,0,0,0,True,0,
624,sf/query/images/e3pZn3-lsxgaWYNGieK8tw.jpg,attention,0.1,-1,1,1,0.5280031561851501,0.4623343348503113,0.1890539824962616,0.18534280359745026,0.33894917368888855,0.2769915461540222,0.06195762753486633,0.06566882133483887,0.2407151460647583,0,1,1,1,0,0.10018903017044067,10388,1.0,2024,1318582052,0,0,True,13986,
624,sf/query/images/e3pZn3-lsxgaWYNGieK8tw.jpg,random,0.1,0,1,1,0.5280031561851501,0.4373334050178528,0.1890539824962616,0.18701769411563873,0.33894917368888855,0.25031572580337524,0.0886334478855133,0.09066975116729736,0.21620184183120728,0,1,1,1,0,0.10018903017044067,10388,0.237698081734779,2024,1318582052,13,-56,True,13986,
624,sf/query/images/e3pZn3-lsxgaWYNGieK8tw.jpg,random,0.1,1,1,1,0.5280031561851501,0.5112087726593018,0.1890539824962616,0.1986766755580902,0.33894917368888855,0.31253209710121155,0.026417076587677002,0.01679438352584839,0.030090034008026123,0,1,1,1,0,0.10018903017044067,10388,0.0,2024,1318582052,-143,0,True,13986,
624,sf/query/images/e3pZn3-lsxgaWYNGieK8tw.jpg,random,0.1,2,1,1,0.5280031561851501,0.524094820022583,0.1890539824962616,0.19185544550418854,0.33894917368888855,0.33223938941955566,0.006709784269332886,0.003908336162567139,0.03344714641571045,0,1,1,1,0,0.10018903017044067,10388,0.009523809523809525,2024,1318582052,-99,0,True,13986,
624,sf/query/images/e3pZn3-lsxgaWYNGieK8tw.jpg,random,0.1,3,1,1,0.5280031561851501,0.5221201181411743,0.1890539824962616,0.2020411193370819,0.33894917368888855,0.3200789988040924,0.018870174884796143,0.00588303804397583,0.02392446994781494,0,1,1,1,0,0.10018903017044067,10388,0.0,2024,1318582052,-150,-56,True,13986,
624,sf/query/images/e3pZn3-lsxgaWYNGieK8tw.jpg,random,0.1,4,1,1,0.5280031561851501,0.49738115072250366,0.1890539824962616,0.2074744552373886,0.33894917368888855,0.28990668058395386,0.04904249310493469,0.030622005462646484,0.17552363872528076,0,1,1,1,0,0.10018903017044067,10388,0.3421188630490956,2024,1318582052,-22,-4,True,13986,
624,sf/query/images/e3pZn3-lsxgaWYNGieK8tw.jpg,attention,0.15,-1,1,1,0.5280031561851501,0.4523780047893524,0.1890539824962616,0.17395679652690887,0.33894917368888855,0.27842122316360474,0.060527950525283813,0.07562515139579773,0.30656301975250244,0,1,1,1,0,0.14933836460113525,15484,1.0,2024,2474508847,0,0,True,2744,
624,sf/query/images/e3pZn3-lsxgaWYNGieK8tw.jpg,random,0.15,0,1,1,0.5280031561851501,0.5242806673049927,0.1890539824962616,0.19909392297267914,0.33894917368888855,0.32518672943115234,0.013762444257736206,0.0037224888801574707,0.07722163200378418,0,1,1,1,0,0.14933836460113525,15484,0.016944699855510312,2024,2474508847,-116,10,True,2744,
624,sf/query/images/e3pZn3-lsxgaWYNGieK8tw.jpg,random,0.15,1,1,1,0.5280031561851501,0.4926415979862213,0.1890539824962616,0.1930643916130066,0.33894917368888855,0.2995772063732147,0.03937196731567383,0.03536155819892883,0.246659517288208,0,1,1,1,0,0.14933836460113525,15484,0.5403899721448467,2024,2474508847,-10,0,True,2744,
624,sf/query/images/e3pZn3-lsxgaWYNGieK8tw.jpg,random,0.15,2,1,1,0.5280031561851501,0.42248955368995667,0.1890539824962616,0.17547312378883362,0.33894917368888855,0.24701642990112305,0.0919327437877655,0.10551360249519348,0.33404451608657837,0,1,1,1,0,0.14933836460113525,15484,0.510855247109333,2024,2474508847,3,13,True,2744,
624,sf/query/images/e3pZn3-lsxgaWYNGieK8tw.jpg,random,0.15,3,1,1,0.5280031561851501,0.5151912569999695,0.1890539824962616,0.2037687748670578,0.33894917368888855,0.3114224672317505,0.02752670645713806,0.012811899185180664,0.08445686101913452,0,1,1,1,0,0.14933836460113525,15484,0.0372454448017149,2024,2474508847,-104,5,True,2744,
624,sf/query/images/e3pZn3-lsxgaWYNGieK8tw.jpg,random,0.15,4,1,1,0.5280031561851501,0.506100058555603,0.1890539824962616,0.20898091793060303,0.33894917368888855,0.297119140625,0.04183003306388855,0.02190309762954712,0.062300801277160645,0,1,1,1,0,0.14933836460113525,15484,0.0006462453147214682,2024,2474508847,-136,9,True,2744,
624,sf/query/images/e3pZn3-lsxgaWYNGieK8tw.jpg,attention,0.2,-1,1,1,0.5280031561851501,0.42203107476234436,0.1890539824962616,0.16706536710262299,0.33894917368888855,0.25496572256088257,0.08398345112800598,0.10597208142280579,0.3670216202735901,0,1,1,1,0,0.20037806034088135,20776,1.0,2024,2341626117,0,0,True,182,
624,sf/query/images/e3pZn3-lsxgaWYNGieK8tw.jpg,random,0.2,0,1,1,0.5280031561851501,0.4281718134880066,0.1890539824962616,0.16281305253505707,0.33894917368888855,0.26535874605178833,0.07359042763710022,0.09983134269714355,0.264693021774292,0,1,1,1,0,0.20037806034088135,20776,0.3046153846153846,2024,2341626117,27,0,True,182,
624,sf/query/images/e3pZn3-lsxgaWYNGieK8tw.jpg,random,0.2,1,1,1,0.5280031561851501,0.5126852989196777,0.1890539824962616,0.19757705926895142,0.33894917368888855,0.3151082396507263,0.02384093403816223,0.015317857265472412,0.09817790985107422,0,1,1,1,0,0.20037806034088135,20776,0.017135023989033583,2024,2341626117,-117,0,True,182,
624,sf/query/images/e3pZn3-lsxgaWYNGieK8tw.jpg,random,0.2,2,1,1,0.5280031561851501,0.4781731963157654,0.1890539824962616,0.20706124603748322,0.33894917368888855,0.27111196517944336,0.06783720850944519,0.049829959869384766,0.26501381397247314,0,1,1,1,0,0.20037806034088135,20776,0.23976608187134502,2024,2341626117,-42,0,True,182,
624,sf/query/images/e3pZn3-lsxgaWYNGieK8tw.jpg,random,0.2,3,1,1,0.5280031561851501,0.5072562098503113,0.1890539824962616,0.1987403780221939,0.33894917368888855,0.30851584672927856,0.030433326959609985,0.020746946334838867,0.14352333545684814,0,1,1,1,0,0.20037806034088135,20776,0.06303724928366762,2024,2341626117,-94,0,True,182,
624,sf/query/images/e3pZn3-lsxgaWYNGieK8tw.jpg,random,0.2,4,1,1,0.5280031561851501,0.5169315934181213,0.1890539824962616,0.1974613219499588,0.33894917368888855,0.31947028636932373,0.01947888731956482,0.011071562767028809,0.09317874908447266,0,1,1,1,0,0.20037806034088135,20776,0.014354066985645933,2024,2341626117,-119,0,True,182,
163,cph/query/images/3Ras1u2CIZ7OoPIVZozBgg.jpg,clean,0.0,-1,2,2,0.275656133890152,0.275656133890152,0.28388500213623047,0.28388500213623047,-0.008228868246078491,-0.008228868246078491,0.0,0.0,0.0,0,0,1,1,0,0.0,0,0.0,2024,0,0,0,True,0,
163,cph/query/images/3Ras1u2CIZ7OoPIVZozBgg.jpg,attention,0.1,-1,2,1,0.275656133890152,0.21930088102817535,0.28388500213623047,0.21327894926071167,-0.008228868246078491,0.006021931767463684,-0.014250800013542175,0.056355252861976624,0.3724960684776306,-1,1,1,1,0,0.10018903017044067,10388,1.0,2024,2456970966,0,0,True,16968,
163,cph/query/images/3Ras1u2CIZ7OoPIVZozBgg.jpg,random,0.1,0,2,1,0.275656133890152,0.290750116109848,0.28388500213623047,0.289274662733078,-0.008228868246078491,0.0014754533767700195,-0.00970432162284851,-0.015093982219696045,0.1772117018699646,-1,1,1,1,0,0.10018903017044067,10388,0.10276008492569003,2024,2456970966,-44,16,True,16968,
163,cph/query/images/3Ras1u2CIZ7OoPIVZozBgg.jpg,random,0.1,1,2,2,0.275656133890152,0.30076807737350464,0.28388500213623047,0.3059476315975189,-0.008228868246078491,-0.005179554224014282,-0.003049314022064209,-0.02511194348335266,0.14938360452651978,0,0,1,1,0,0.10018903017044067,10388,0.07469480653838195,2024,2456970966,-46,37,True,16968,
163,cph/query/images/3Ras1u2CIZ7OoPIVZozBgg.jpg,random,0.1,2,2,2,0.275656133890152,0.26367172598838806,0.28388500213623047,0.2769305408000946,-0.008228868246078491,-0.013258814811706543,0.005029946565628052,0.011984407901763916,0.04294407367706299,0,0,1,1,0,0.10018903017044067,10388,0.019881203671886505,2024,2456970966,61,-3,True,16968,
163,cph/query/images/3Ras1u2CIZ7OoPIVZozBgg.jpg,random,0.1,3,2,2,0.275656133890152,0.25859275460243225,0.28388500213623047,0.2680053114891052,-0.008228868246078491,-0.009412556886672974,0.0011836886405944824,0.017063379287719727,0.09226351976394653,0,0,1,1,0,0.10018903017044067,10388,0.11435314310233856,2024,2456970966,44,16,True,16968,
163,cph/query/images/3Ras1u2CIZ7OoPIVZozBgg.jpg,random,0.1,4,2,2,0.275656133890152,0.29339221119880676,0.28388500213623047,0.3014545142650604,-0.008228868246078491,-0.008062303066253662,-0.0001665651798248291,-0.017736077308654785,0.1305871605873108,0,0,1,1,0,0.10018903017044067,10388,0.05440519691433211,2024,2456970966,-52,34,True,16968,
163,cph/query/images/3Ras1u2CIZ7OoPIVZozBgg.jpg,attention,0.15,-1,2,2,0.275656133890152,0.2445055991411209,0.28388500213623047,0.24752137064933777,-0.008228868246078491,-0.003015771508216858,-0.005213096737861633,0.031150534749031067,0.47375714778900146,0,0,1,1,0,0.14933836460113525,15484,1.0,2024,791706163,0,0,True,3374,
163,cph/query/images/3Ras1u2CIZ7OoPIVZozBgg.jpg,random,0.15,0,2,2,0.275656133890152,0.28184637427330017,0.28388500213623047,0.28455767035484314,-0.008228868246078491,-0.0027112960815429688,-0.0055175721645355225,-0.006190240383148193,0.14303123950958252,0,0,1,1,0,0.14933836460113525,15484,0.07527777777777778,2024,791706163,-60,9,True,3374,
163,cph/query/images/3Ras1u2CIZ7OoPIVZozBgg.jpg,random,0.15,1,2,2,0.275656133890152,0.2786110043525696,0.28388500213623047,0.2874257564544678,-0.008228868246078491,-0.008814752101898193,0.0005858838558197021,-0.0029548704624176025,0.12858045101165771,0,0,1,1,0,0.14933836460113525,15484,0.06360763841186977,2024,791706163,-62,9,True,3374,
163,cph/query/images/3Ras1u2CIZ7OoPIVZozBgg.jpg,random,0.15,2,2,2,0.275656133890152,0.2736800014972687,0.28388500213623047,0.28272420167922974,-0.008228868246078491,-0.00904420018196106,0.0008153319358825684,0.0019761323928833008,0.05701100826263428,0,0,1,1,0,0.14933836460113525,15484,0.016610859431422757,2024,791706163,73,4,True,3374,
163,cph/query/images/3Ras1u2CIZ7OoPIVZozBgg.jpg,random,0.15,3,2,1,0.275656133890152,0.247076153755188,0.28388500213623047,0.24341946840286255,-0.008228868246078491,0.0036566853523254395,-0.01188555359840393,0.02857998013496399,0.47778522968292236,-1,1,1,1,0,0.14933836460113525,15484,0.66190833959429,2024,791706163,-5,6,True,3374,
163,cph/query/images/3Ras1u2CIZ7OoPIVZozBgg.jpg,random,0.15,4,2,1,0.275656133890152,0.24015264213085175,0.28388500213623047,0.22735390067100525,-0.008228868246078491,0.012798741459846497,-0.021027609705924988,0.03550349175930023,0.5171066522598267,-1,1,1,1,0,0.14933836460113525,15484,0.9152699610365514,2024,791706163,1,1,True,3374,
163,cph/query/images/3Ras1u2CIZ7OoPIVZozBgg.jpg,attention,0.2,-1,2,1,0.275656133890152,0.21931958198547363,0.28388500213623047,0.21748214960098267,-0.008228868246078491,0.0018374323844909668,-0.010066300630569458,0.056336551904678345,0.5937578082084656,-1,1,1,1,0,0.20037806034088135,20776,1.0,2024,3851146886,0,0,True,196,
163,cph/query/images/3Ras1u2CIZ7OoPIVZozBgg.jpg,random,0.2,0,2,1,0.275656133890152,0.2645566761493683,0.28388500213623047,0.257399320602417,-0.008228868246078491,0.007157355546951294,-0.015386223793029785,0.011099457740783691,0.09494525194168091,-1,1,1,1,0,0.20037806034088135,20776,0.06265664160401002,2024,3851146886,71,0,True,196,
163,cph/query/images/3Ras1u2CIZ7OoPIVZozBgg.jpg,random,0.2,1,2,1,0.275656133890152,0.2905704975128174,0.28388500213623047,0.288058340549469,-0.008228868246078491,0.0025121569633483887,-0.01074102520942688,-0.014914363622665405,0.334694504737854,-1,1,1,1,0,0.20037806034088135,20776,0.3167701863354037,2024,3851146886,-30,0,True,196,
163,cph/query/images/3Ras1u2CIZ7OoPIVZozBgg.jpg,random,0.2,2,2,1,0.275656133890152,0.2606472969055176,0.28388500213623047,0.2605164647102356,-0.008228868246078491,0.00013083219528198242,-0.008359700441360474,0.0150088369846344,0.29259002208709717,-1,1,1,1,0,0.20037806034088135,20776,0.25443786982248523,2024,3851146886,-38,0,True,196,
163,cph/query/images/3Ras1u2CIZ7OoPIVZozBgg.jpg,random,0.2,3,2,1,0.275656133890152,0.23871204257011414,0.28388500213623047,0.22024786472320557,-0.008228868246078491,0.01846417784690857,-0.02669304609298706,0.03694409132003784,0.5548515319824219,-1,1,1,1,0,0.20037806034088135,20776,0.6271929824561403,2024,3851146886,10,0,True,196,
163,cph/query/images/3Ras1u2CIZ7OoPIVZozBgg.jpg,random,0.2,4,2,1,0.275656133890152,0.2645566761493683,0.28388500213623047,0.257399320602417,-0.008228868246078491,0.007157355546951294,-0.015386223793029785,0.011099457740783691,0.09494525194168091,-1,1,1,1,0,0.20037806034088135,20776,0.06265664160401002,2024,3851146886,71,0,True,196,
307,cph/query/images/tazR3BCh5ChnXBXr4PGEGA.jpg,clean,0.0,-1,1,1,0.33896303176879883,0.33896303176879883,0.18254859745502472,0.18254859745502472,0.1564144343137741,0.1564144343137741,0.0,0.0,0.0,0,1,1,1,0,0.0,0,0.0,2024,0,0,0,True,0,
307,cph/query/images/tazR3BCh5ChnXBXr4PGEGA.jpg,attention,0.1,-1,1,1,0.33896303176879883,0.3165644407272339,0.18254859745502472,0.15765559673309326,0.1564144343137741,0.15890884399414062,-0.002494409680366516,0.02239859104156494,0.3267366290092468,0,1,1,1,0,0.10018903017044067,10388,1.0,2024,1985929445,0,0,True,25018,
307,cph/query/images/tazR3BCh5ChnXBXr4PGEGA.jpg,random,0.1,0,1,1,0.33896303176879883,0.29087164998054504,0.18254859745502472,0.17199546098709106,0.1564144343137741,0.11887618899345398,0.03753824532032013,0.048091381788253784,0.12946367263793945,0,1,1,1,0,0.10018903017044067,10388,0.05698005698005698,2024,1985929445,-64,27,True,25018,
307,cph/query/images/tazR3BCh5ChnXBXr4PGEGA.jpg,random,0.1,1,1,1,0.33896303176879883,0.316879004240036,0.18254859745502472,0.17459790408611298,0.1564144343137741,0.14228110015392303,0.014133334159851074,0.022084027528762817,0.03831899166107178,0,1,1,1,0,0.10018903017044067,10388,0.008837525492861998,2024,1985929445,-99,-3,True,25018,
307,cph/query/images/tazR3BCh5ChnXBXr4PGEGA.jpg,random,0.1,2,1,1,0.33896303176879883,0.29183530807495117,0.18254859745502472,0.18109126389026642,0.1564144343137741,0.11074404418468475,0.045670390129089355,0.047127723693847656,0.3251052498817444,0,1,1,1,0,0.10018903017044067,10388,0.2739759627176846,2024,1985929445,10,-46,True,25018,
307,cph/query/images/tazR3BCh5ChnXBXr4PGEGA.jpg,random,0.1,3,1,1,0.33896303176879883,0.2922188639640808,0.18254859745502472,0.1956375688314438,0.1564144343137741,0.09658129513263702,0.059833139181137085,0.04674416780471802,0.1385883092880249,0,1,1,1,0,0.10018903017044067,10388,0.07380607814761216,2024,1985929445,-56,36,True,25018,
307,cph/query/images/tazR3BCh5ChnXBXr4PGEGA.jpg,random,0.1,4,1,1,0.33896303176879883,0.2958821654319763,0.18254859745502472,0.17960825562477112,0.1564144343137741,0.1162739098072052,0.04014052450656891,0.04308086633682251,0.3070051074028015,0,1,1,1,0,0.10018903017044067,10388,0.2942935459755794,2024,1985929445,33,10,True,25018,
307,cph/query/images/tazR3BCh5ChnXBXr4PGEGA.jpg,attention,0.15,-1,1,1,0.33896303176879883,0.28863397240638733,0.18254859745502472,0.16335171461105347,0.1564144343137741,0.12528225779533386,0.031132176518440247,0.0503290593624115,0.41764765977859497,0,1,1,1,0,0.14933836460113525,15484,1.0,2024,3885781254,0,0,True,15554,
307,cph/query/images/tazR3BCh5ChnXBXr4PGEGA.jpg,random,0.15,0,1,1,0.33896303176879883,0.28299278020858765,0.18254859745502472,0.16551318764686584,0.1564144343137741,0.1174795925617218,0.03893484175205231,0.05597025156021118,0.12034690380096436,0,1,1,1,0,0.14933836460113525,15484,0.025498377375985166,2024,3885781254,-103,-57,True,15554,
307,cph/query/images/tazR3BCh5ChnXBXr4PGEGA.jpg,random,0.15,1,1,1,0.33896303176879883,0.24518068134784698,0.18254859745502472,0.16194097697734833,0.1564144343137741,0.08323970437049866,0.07317472994327545,0.09378235042095184,0.1833866834640503,0,1,1,1,0,0.14933836460113525,15484,0.038497652582159626,2024,3885781254,-94,-68,True,15554,
307,cph/query/images/tazR3BCh5ChnXBXr4PGEGA.jpg,random,0.15,2,1,1,0.33896303176879883,0.2878711521625519,0.18254859745502472,0.1765202432870865,0.1564144343137741,0.1113509088754654,0.045063525438308716,0.05109187960624695,0.33373594284057617,0,1,1,1,0,0.14933836460113525,15484,0.2565122129351619,2024,3885781254,31,-34,True,15554,
307,cph/query/images/tazR3BCh5ChnXBXr4PGEGA.jpg,random,0.15,3,1,1,0.33896303176879883,0.25730085372924805,0.18254859745502472,0.18744423985481262,0.1564144343137741,0.06985661387443542,0.08655782043933868,0.08166217803955078,0.3104022145271301,0,1,1,1,0,0.14933836460113525,15484,0.18288770053475936,2024,3885781254,26,-64,True,15554,
307,cph/query/images/tazR3BCh5ChnXBXr4PGEGA.jpg,random,0.15,4,1,1,0.33896303176879883,0.2505893111228943,0.18254859745502472,0.15031161904335022,0.1564144343137741,0.10027769207954407,0.05613674223423004,0.08837372064590454,0.17762088775634766,0,1,1,1,0,0.14933836460113525,15484,0.045368620037807186,2024,3885781254,-88,-52,True,15554,
307,cph/query/images/tazR3BCh5ChnXBXr4PGEGA.jpg,attention,0.2,-1,1,1,0.33896303176879883,0.20526070892810822,0.18254859745502472,0.16088297963142395,0.1564144343137741,0.044377729296684265,0.11203670501708984,0.1337023228406906,0.5640580058097839,0,1,1,1,0,0.20037806034088135,20776,1.0,2024,1303370767,0,0,True,2744,
307,cph/query/images/tazR3BCh5ChnXBXr4PGEGA.jpg,random,0.2,0,1,1,0.33896303176879883,0.2139357626438141,0.18254859745502472,0.17714561522006989,0.1564144343137741,0.0367901474237442,0.11962428689002991,0.12502726912498474,0.3151509165763855,0,1,1,1,0,0.20037806034088135,20776,0.11662904439428141,2024,1303370767,-63,13,True,2744,
307,cph/query/images/tazR3BCh5ChnXBXr4PGEGA.jpg,random,0.2,1,1,1,0.33896303176879883,0.2150532305240631,0.18254859745502472,0.18090158700942993,0.1564144343137741,0.03415164351463318,0.12226279079914093,0.12390980124473572,0.32301437854766846,0,1,1,1,0,0.20037806034088135,20776,0.11620910116585183,2024,1303370767,-64,7,True,2744,
307,cph/query/images/tazR3BCh5ChnXBXr4PGEGA.jpg,random,0.2,2,1,1,0.33896303176879883,0.2345096468925476,0.18254859745502472,0.19780400395393372,0.1564144343137741,0.03670564293861389,0.11970879137516022,0.10445338487625122,0.4465630054473877,0,1,1,1,0,0.20037806034088135,20776,0.29485821128077283,2024,1303370767,39,6,True,2744,
307,cph/query/images/tazR3BCh5ChnXBXr4PGEGA.jpg,random,0.2,3,1,1,0.33896303176879883,0.18789643049240112,0.18254859745502472,0.15792910754680634,0.1564144343137741,0.029967322945594788,0.12644711136817932,0.1510666012763977,0.5681476593017578,0,1,1,1,0,0.20037806034088135,20776,0.877292852624921,2024,1303370767,1,4,True,2744,
307,cph/query/images/tazR3BCh5ChnXBXr4PGEGA.jpg,random,0.2,4,1,1,0.33896303176879883,0.2608746886253357,0.18254859745502472,0.20153966546058655,0.1564144343137741,0.059335023164749146,0.09707941114902496,0.07808834314346313,0.24018996953964233,0,1,1,1,0,0.20037806034088135,20776,0.11662904439428141,2024,1303370767,65,1,True,2744,
525,sf/query/images/zwd1k1D3bc0aVaNgBr2lWA.jpg,clean,0.0,-1,1,1,0.7470882534980774,0.7470882534980774,0.2626304626464844,0.2626304626464844,0.484457790851593,0.484457790851593,0.0,0.0,0.0,0,1,1,1,0,0.0,0,0.0,2024,0,0,0,True,0,
525,sf/query/images/zwd1k1D3bc0aVaNgBr2lWA.jpg,attention,0.1,-1,1,1,0.7470882534980774,0.6350544691085815,0.2626304626464844,0.24607333540916443,0.484457790851593,0.3889811336994171,0.0954766571521759,0.11203378438949585,0.2410551905632019,0,1,1,1,0,0.10018903017044067,10388,1.0,2024,1808901341,0,0,True,15974,
525,sf/query/images/zwd1k1D3bc0aVaNgBr2lWA.jpg,random,0.1,0,1,1,0.7470882534980774,0.608707845211029,0.2626304626464844,0.23844942450523376,0.484457790851593,0.3702584207057953,0.11419937014579773,0.13838040828704834,0.26109635829925537,0,1,1,1,0,0.10018903017044067,10388,0.2691508857666463,2024,1808901341,1,61,True,15974,
525,sf/query/images/zwd1k1D3bc0aVaNgBr2lWA.jpg,random,0.1,1,1,1,0.7470882534980774,0.7107007503509521,0.2626304626464844,0.27826815843582153,0.484457790851593,0.4324325919151306,0.0520251989364624,0.036387503147125244,0.09011703729629517,0,1,1,1,0,0.10018903017044067,10388,0.06707755521314844,2024,1808901341,52,15,True,15974,
525,sf/query/images/zwd1k1D3bc0aVaNgBr2lWA.jpg,random,0.1,2,1,1,0.7470882534980774,0.6363120079040527,0.2626304626464844,0.23421570658683777,0.484457790851593,0.40209630131721497,0.08236148953437805,0.11077624559402466,0.27928775548934937,0,1,1,1,0,0.10018903017044067,10388,0.4899598393574297,2024,1808901341,2,14,True,15974,
525,sf/query/images/zwd1k1D3bc0aVaNgBr2lWA.jpg,random,0.1,3,1,1,0.7470882534980774,0.6978757977485657,0.2626304626464844,0.2792493402957916,0.484457790851593,0.41862645745277405,0.06583133339881897,0.04921245574951172,0.09758150577545166,0,1,1,1,0,0.10018903017044067,10388,0.13368983957219252,2024,1808901341,43,42,True,15974,
525,sf/query/images/zwd1k1D3bc0aVaNgBr2lWA.jpg,random,0.1,4,1,1,0.7470882534980774,0.7447404861450195,0.2626304626464844,0.26401907205581665,0.484457790851593,0.4807214140892029,0.0037363767623901367,0.0023477673530578613,0.012716054916381836,0,1,1,1,0,0.10018903017044067,10388,0.0,2024,1808901341,100,69,True,15974,
525,sf/query/images/zwd1k1D3bc0aVaNgBr2lWA.jpg,attention,0.15,-1,1,1,0.7470882534980774,0.5730319023132324,0.2626304626464844,0.22616761922836304,0.484457790851593,0.3468642830848694,0.13759350776672363,0.17405635118484497,0.3596082925796509,0,1,1,1,0,0.14933836460113525,15484,1.0,2024,728833505,0,0,True,9072,
525,sf/query/images/zwd1k1D3bc0aVaNgBr2lWA.jpg,random,0.15,0,1,1,0.7470882534980774,0.5697438716888428,0.2626304626464844,0.2511952519416809,0.484457790851593,0.31854861974716187,0.16590917110443115,0.17734438180923462,0.3178224563598633,0,1,1,1,0,0.14933836460113525,15484,0.31666666666666665,2024,728833505,-29,16,True,9072,
525,sf/query/images/zwd1k1D3bc0aVaNgBr2lWA.jpg,random,0.15,1,1,1,0.7470882534980774,0.6545629501342773,0.2626304626464844,0.2540464699268341,0.484457790851593,0.40051648020744324,0.08394131064414978,0.09252530336380005,0.16023194789886475,0,1,1,1,0,0.14933836460113525,15484,0.0896551724137931,2024,728833505,-62,32,True,9072,
525,sf/query/images/zwd1k1D3bc0aVaNgBr2lWA.jpg,random,0.15,2,1,1,0.7470882534980774,0.7381041646003723,0.2626304626464844,0.2677326202392578,0.484457790851593,0.4703715443611145,0.014086246490478516,0.008984088897705078,0.01812875270843506,0,1,1,1,0,0.14933836460113525,15484,0.0,2024,728833505,-109,7,True,9072,
525,sf/query/images/zwd1k1D3bc0aVaNgBr2lWA.jpg,random,0.15,3,1,1,0.7470882534980774,0.7034696936607361,0.2626304626464844,0.2754454016685486,0.484457790851593,0.4280242919921875,0.05643349885940552,0.04361855983734131,0.17915600538253784,0,1,1,1,0,0.14933836460113525,15484,0.1772219265566791,2024,728833505,49,11,True,9072,
525,sf/query/images/zwd1k1D3bc0aVaNgBr2lWA.jpg,random,0.15,4,1,1,0.7470882534980774,0.7322081923484802,0.2626304626464844,0.26207825541496277,0.484457790851593,0.47012993693351746,0.014327853918075562,0.014880061149597168,0.04317331314086914,0,1,1,1,0,0.14933836460113525,15484,0.02076603599446239,2024,728833505,-89,14,True,9072,
525,sf/query/images/zwd1k1D3bc0aVaNgBr2lWA.jpg,attention,0.2,-1,1,1,0.7470882534980774,0.5219416618347168,0.2626304626464844,0.2476465106010437,0.484457790851593,0.2742951512336731,0.21016263961791992,0.2251465916633606,0.4159831404685974,0,1,1,1,0,0.20037806034088135,20776,1.0,2024,170876180,0,0,True,210,
525,sf/query/images/zwd1k1D3bc0aVaNgBr2lWA.jpg,random,0.2,0,1,1,0.7470882534980774,0.7227978110313416,0.2626304626464844,0.25967323780059814,0.484457790851593,0.4631245732307434,0.02133321762084961,0.02429044246673584,0.1109190583229065,0,1,1,1,0,0.20037806034088135,20776,0.06379928315412187,2024,170876180,76,0,True,210,
525,sf/query/images/zwd1k1D3bc0aVaNgBr2lWA.jpg,random,0.2,1,1,1,0.7470882534980774,0.7328412532806396,0.2626304626464844,0.2711215615272522,0.484457790851593,0.46171969175338745,0.022738099098205566,0.014247000217437744,0.07214808464050293,0,1,1,1,0,0.20037806034088135,20776,0.031988873435326845,2024,170876180,85,0,True,210,
525,sf/query/images/zwd1k1D3bc0aVaNgBr2lWA.jpg,random,0.2,2,1,1,0.7470882534980774,0.6412757039070129,0.2626304626464844,0.2613321840763092,0.484457790851593,0.37994351983070374,0.10451427102088928,0.10581254959106445,0.2635863423347473,0,1,1,1,0,0.20037806034088135,20776,0.19967663702506064,2024,170876180,51,0,True,210,
525,sf/query/images/zwd1k1D3bc0aVaNgBr2lWA.jpg,random,0.2,3,1,1,0.7470882534980774,0.6459936499595642,0.2626304626464844,0.269711971282959,0.484457790851593,0.3762816786766052,0.10817611217498779,0.10109460353851318,0.27357757091522217,0,1,1,1,0,0.20037806034088135,20776,0.2804141501294219,2024,170876180,39,0,True,210,
525,sf/query/images/zwd1k1D3bc0aVaNgBr2lWA.jpg,random,0.2,4,1,1,0.7470882534980774,0.5002855062484741,0.2626304626464844,0.267427533864975,0.484457790851593,0.23285797238349915,0.25159981846809387,0.24680274724960327,0.4534953236579895,0,1,1,1,0,0.20037806034088135,20776,0.673055242390079,2024,170876180,-10,0,True,210,
512,sf/query/images/0B3a9Rts45N3tAdLx1LOhA.jpg,clean,0.0,-1,1,1,0.4639880657196045,0.4639880657196045,0.3201186954975128,0.3201186954975128,0.14386937022209167,0.14386937022209167,0.0,0.0,0.0,0,1,1,1,0,0.0,0,0.0,2024,0,0,0,True,0,
512,sf/query/images/0B3a9Rts45N3tAdLx1LOhA.jpg,attention,0.1,-1,1,1,0.4639880657196045,0.4339362382888794,0.3201186954975128,0.28526854515075684,0.14386937022209167,0.14866769313812256,-0.004798322916030884,0.030051827430725098,0.2618408203125,0,1,1,1,0,0.10018903017044067,10388,1.0,2024,355185756,0,0,True,11228,
512,sf/query/images/0B3a9Rts45N3tAdLx1LOhA.jpg,random,0.1,0,1,1,0.4639880657196045,0.4549134373664856,0.3201186954975128,0.3166468143463135,0.14386937022209167,0.13826662302017212,0.005602747201919556,0.009074628353118896,0.01558387279510498,0,1,1,1,0,0.10018903017044067,10388,0.0,2024,355185756,-147,-18,True,11228,
512,sf/query/images/0B3a9Rts45N3tAdLx1LOhA.jpg,random,0.1,1,1,1,0.4639880657196045,0.4093872308731079,0.3201186954975128,0.2931206226348877,0.14386937022209167,0.11626660823822021,0.02760276198387146,0.05460083484649658,0.2882198095321655,0,1,1,1,0,0.10018903017044067,10388,0.3078182047085484,2024,355185756,15,-2,True,11228,
512,sf/query/images/0B3a9Rts45N3tAdLx1LOhA.jpg,random,0.1,2,1,1,0.4639880657196045,0.46024152636528015,0.3201186954975128,0.31855952739715576,0.14386937022209167,0.1416819989681244,0.002187371253967285,0.003746539354324341,0.006030082702636719,0,1,1,1,0,0.10018903017044067,10388,0.0,2024,355185756,-151,-28,True,11228,
512,sf/query/images/0B3a9Rts45N3tAdLx1LOhA.jpg,random,0.1,3,1,1,0.4639880657196045,0.3732043504714966,0.3201186954975128,0.2970620095729828,0.14386937022209167,0.0761423408985138,0.06772702932357788,0.09078371524810791,0.2472623586654663,0,1,1,1,0,0.10018903017044067,10388,0.16824111560953667,2024,355185756,-30,-15,True,11228,
512,sf/query/images/0B3a9Rts45N3tAdLx1LOhA.jpg,random,0.1,4,1,1,0.4639880657196045,0.40810802578926086,0.3201186954975128,0.3045535385608673,0.14386937022209167,0.10355448722839355,0.04031488299369812,0.05588003993034363,0.06212210655212402,0,1,1,1,0,0.10018903017044067,10388,0.0040595399188092015,2024,355185756,-100,-21,True,11228,
512,sf/query/images/0B3a9Rts45N3tAdLx1LOhA.jpg,attention,0.15,-1,1,1,0.4639880657196045,0.40046238899230957,0.3201186954975128,0.25199368596076965,0.14386937022209167,0.14846870303153992,-0.004599332809448242,0.06352567672729492,0.33997130393981934,0,1,1,1,0,0.14933836460113525,15484,1.0,2024,1649905579,0,0,True,8470,
512,sf/query/images/0B3a9Rts45N3tAdLx1LOhA.jpg,random,0.15,0,1,1,0.4639880657196045,0.39566895365715027,0.3201186954975128,0.30348894000053406,0.14386937022209167,0.09218001365661621,0.051689356565475464,0.06831911206245422,0.10060453414916992,0,1,1,1,0,0.14933836460113525,15484,0.028700504916290195,2024,1649905579,-90,-8,True,8470,
512,sf/query/images/0B3a9Rts45N3tAdLx1LOhA.jpg,random,0.15,1,1,1,0.4639880657196045,0.31318506598472595,0.3201186954975128,0.273510217666626,0.14386937022209167,0.039674848318099976,0.1041945219039917,0.15080299973487854,0.22798097133636475,0,1,1,1,0,0.14933836460113525,15484,0.11195691202872532,2024,1649905579,-61,-25,True,8470,
512,sf/query/images/0B3a9Rts45N3tAdLx1LOhA.jpg,random,0.15,2,1,1,0.4639880657196045,0.38076090812683105,0.3201186954975128,0.27789753675460815,0.14386937022209167,0.1028633713722229,0.041005998849868774,0.08322715759277344,0.3738679885864258,0,1,1,1,0,0.14933836460113525,15484,0.44777933613838244,2024,1649905579,13,8,True,8470,
512,sf/query/images/0B3a9Rts45N3tAdLx1LOhA.jpg,random,0.15,3,1,1,0.4639880657196045,0.4230961203575134,0.3201186954975128,0.2951131761074066,0.14386937022209167,0.1279829442501068,0.015886425971984863,0.040891945362091064,0.056249380111694336,0,1,1,1,0,0.14933836460113525,15484,0.0,2024,1649905579,-115,-23,True,8470,
512,sf/query/images/0B3a9Rts45N3tAdLx1LOhA.jpg,random,0.15,4,1,1,0.4639880657196045,0.4390137195587158,0.3201186954975128,0.29713281989097595,0.14386937022209167,0.14188089966773987,0.0019884705543518066,0.024974346160888672,0.04237663745880127,0,1,1,1,0,0.14933836460113525,15484,0.0,2024,1649905579,-139,-8,True,8470,
512,sf/query/images/0B3a9Rts45N3tAdLx1LOhA.jpg,attention,0.2,-1,1,1,0.4639880657196045,0.3292582035064697,0.3201186954975128,0.2662353515625,0.14386937022209167,0.06302285194396973,0.08084651827812195,0.13472986221313477,0.43137645721435547,0,1,1,1,0,0.20037806034088135,20776,1.0,2024,2809752237,0,0,True,182,
512,sf/query/images/0B3a9Rts45N3tAdLx1LOhA.jpg,random,0.2,0,1,1,0.4639880657196045,0.3179740905761719,0.3201186954975128,0.22804197669029236,0.14386937022209167,0.08993211388587952,0.05393725633621216,0.14601397514343262,0.37804853916168213,0,1,1,1,0,0.20037806034088135,20776,0.4187380497131931,2024,2809752237,20,0,True,182,
512,sf/query/images/0B3a9Rts45N3tAdLx1LOhA.jpg,random,0.2,1,1,1,0.4639880657196045,0.3271215558052063,0.3201186954975128,0.2521260380744934,0.14386937022209167,0.07499551773071289,0.06887385249137878,0.1368665099143982,0.38433802127838135,0,1,1,1,0,0.20037806034088135,20776,0.248107653490328,2024,2809752237,39,0,True,182,
512,sf/query/images/0B3a9Rts45N3tAdLx1LOhA.jpg,random,0.2,2,1,1,0.4639880657196045,0.29361653327941895,0.3201186954975128,0.24320434033870697,0.14386937022209167,0.050412192940711975,0.0934571772813797,0.17037153244018555,0.4400785565376282,0,1,1,1,0,0.20037806034088135,20776,0.3478655767484105,2024,2809752237,-25,0,True,182,
512,sf/query/images/0B3a9Rts45N3tAdLx1LOhA.jpg,random,0.2,3,1,1,0.4639880657196045,0.43445929884910583,0.3201186954975128,0.3067304193973541,0.14386937022209167,0.1277288794517517,0.016140490770339966,0.029528766870498657,0.040978312492370605,0,1,1,1,0,0.20037806034088135,20776,0.0,2024,2809752237,-123,0,True,182,
512,sf/query/images/0B3a9Rts45N3tAdLx1LOhA.jpg,random,0.2,4,1,1,0.4639880657196045,0.2626442015171051,0.3201186954975128,0.2520732283592224,0.14386937022209167,0.01057097315788269,0.13329839706420898,0.2013438642024994,0.47409069538116455,0,1,1,1,0,0.20037806034088135,20776,0.7582938388625592,2024,2809752237,-6,0,True,182,
720,sf/query/images/MBQLQO-DLgRFOncZWxpB_A.jpg,clean,0.0,-1,1,1,0.4680948555469513,0.4680948555469513,0.3148866593837738,0.3148866593837738,0.1532081961631775,0.1532081961631775,0.0,0.0,0.0,0,1,1,1,0,0.0,0,0.0,2024,0,0,0,True,0,
720,sf/query/images/MBQLQO-DLgRFOncZWxpB_A.jpg,attention,0.1,-1,1,1,0.4680948555469513,0.3927420377731323,0.3148866593837738,0.23658913373947144,0.1532081961631775,0.1561529040336609,-0.0029447078704833984,0.07535281777381897,0.2909623384475708,0,1,1,1,0,0.10018903017044067,10388,1.0,2024,4180987651,0,0,True,17934,
720,sf/query/images/MBQLQO-DLgRFOncZWxpB_A.jpg,random,0.1,0,1,1,0.4680948555469513,0.4104815423488617,0.3148866593837738,0.2520860731601715,0.1532081961631775,0.15839546918869019,-0.005187273025512695,0.0576133131980896,0.2817538380622864,0,1,1,1,0,0.10018903017044067,10388,0.5041992470315667,2024,4180987651,11,-6,True,17934,
720,sf/query/images/MBQLQO-DLgRFOncZWxpB_A.jpg,random,0.1,1,1,1,0.4680948555469513,0.4219783544540405,0.3148866593837738,0.24814258515834808,0.1532081961631775,0.17383576929569244,-0.020627573132514954,0.04611650109291077,0.24755144119262695,0,1,1,1,0,0.10018903017044067,10388,0.3202846975088968,2024,4180987651,-12,41,True,17934,
720,sf/query/images/MBQLQO-DLgRFOncZWxpB_A.jpg,random,0.1,2,1,1,0.4680948555469513,0.4547525644302368,0.3148866593837738,0.3072223961353302,0.1532081961631775,0.14753016829490662,0.005678027868270874,0.013342291116714478,0.057321131229400635,0,1,1,1,0,0.10018903017044067,10388,0.012031759949339959,2024,4180987651,-85,23,True,17934,
720,sf/query/images/MBQLQO-DLgRFOncZWxpB_A.jpg,random,0.1,3,1,1,0.4680948555469513,0.43820130825042725,0.3148866593837738,0.27357617020606995,0.1532081961631775,0.1646251380443573,-0.01141694188117981,0.029893547296524048,0.24455952644348145,0,1,1,1,0,0.10018903017044067,10388,0.19196787148594377,2024,4180987651,33,25,True,17934,
720,sf/query/images/MBQLQO-DLgRFOncZWxpB_A.jpg,random,0.1,4,1,1,0.4680948555469513,0.43270161747932434,0.3148866593837738,0.34389728307724,0.1532081961631775,0.08880433440208435,0.06440386176109314,0.03539323806762695,0.06777393817901611,0,1,1,1,0,0.10018903017044067,10388,0.02912621359223301,2024,4180987651,70,12,True,17934,
720,sf/query/images/MBQLQO-DLgRFOncZWxpB_A.jpg,attention,0.15,-1,1,1,0.4680948555469513,0.3471802771091461,0.3148866593837738,0.22604776918888092,0.1532081961631775,0.1211325079202652,0.03207568824291229,0.12091457843780518,0.4411427974700928,0,1,1,1,0,0.14933836460113525,15484,1.0,2024,1080370366,0,0,True,3164,
720,sf/query/images/MBQLQO-DLgRFOncZWxpB_A.jpg,random,0.15,0,1,1,0.4680948555469513,0.3607248067855835,0.3148866593837738,0.23919817805290222,0.1532081961631775,0.12152662873268127,0.031681567430496216,0.1073700487613678,0.4378577470779419,0,1,1,1,0,0.14933836460113525,15484,0.5240157480314961,2024,1080370366,9,-12,True,3164,
720,sf/query/images/MBQLQO-DLgRFOncZWxpB_A.jpg,random,0.15,1,1,1,0.4680948555469513,0.3973730802536011,0.3148866593837738,0.2868668735027313,0.1532081961631775,0.11050620675086975,0.04270198941230774,0.07072177529335022,0.27543479204177856,0,1,1,1,0,0.14933836460113525,15484,0.20031007751937985,2024,1080370366,36,-1,True,3164,
720,sf/query/images/MBQLQO-DLgRFOncZWxpB_A.jpg,random,0.15,2,1,1,0.4680948555469513,0.46779847145080566,0.3148866593837738,0.2984672784805298,0.1532081961631775,0.16933119297027588,-0.01612299680709839,0.0002963840961456299,0.04957079887390137,0,1,1,1,0,0.14933836460113525,15484,0.005454545454545455,2024,1080370366,-98,-12,True,3164,
720,sf/query/images/MBQLQO-DLgRFOncZWxpB_A.jpg,random,0.15,3,1,1,0.4680948555469513,0.43950340151786804,0.3148866593837738,0.3389272391796112,0.1532081961631775,0.10057616233825684,0.052632033824920654,0.028591454029083252,0.09772127866744995,0,1,1,1,0,0.14933836460113525,15484,0.06192990878540566,2024,1080370366,65,-3,True,3164,
720,sf/query/images/MBQLQO-DLgRFOncZWxpB_A.jpg,random,0.15,4,1,1,0.4680948555469513,0.41446125507354736,0.3148866593837738,0.3486221432685852,0.1532081961631775,0.06583911180496216,0.08736908435821533,0.05363360047340393,0.16870850324630737,0,1,1,1,0,0.14933836460113525,15484,0.09667823500247893,2024,1080370366,53,0,True,3164,
720,sf/query/images/MBQLQO-DLgRFOncZWxpB_A.jpg,attention,0.2,-1,1,1,0.4680948555469513,0.3144763112068176,0.3148866593837738,0.2237631380558014,0.1532081961631775,0.09071317315101624,0.062495023012161255,0.15361854434013367,0.5275449752807617,0,1,1,1,0,0.20037806034088135,20776,1.0,2024,1724420177,0,0,True,154,
720,sf/query/images/MBQLQO-DLgRFOncZWxpB_A.jpg,random,0.2,0,1,1,0.4680948555469513,0.35927364230155945,0.3148866593837738,0.2657032310962677,0.1532081961631775,0.09357041120529175,0.05963778495788574,0.10882121324539185,0.34439003467559814,0,1,1,1,0,0.20037806034088135,20776,0.2592278319898176,2024,1724420177,39,0,True,154,
720,sf/query/images/MBQLQO-DLgRFOncZWxpB_A.jpg,random,0.2,1,1,1,0.4680948555469513,0.4303537607192993,0.3148866593837738,0.3287564516067505,0.1532081961631775,0.10159730911254883,0.05161088705062866,0.03774109482765198,0.12308937311172485,0,1,1,1,0,0.20037806034088135,20776,0.0707070707070707,2024,1724420177,76,0,True,154,
720,sf/query/images/MBQLQO-DLgRFOncZWxpB_A.jpg,random,0.2,2,1,1,0.4680948555469513,0.4275844693183899,0.3148866593837738,0.33452096581459045,0.1532081961631775,0.09306350350379944,0.06014469265937805,0.0405103862285614,0.16773200035095215,0,1,1,1,0,0.20037806034088135,20776,0.10663683818046234,2024,1724420177,64,0,True,154,
720,sf/query/images/MBQLQO-DLgRFOncZWxpB_A.jpg,random,0.2,3,1,1,0.4680948555469513,0.2916703224182129,0.3148866593837738,0.21436235308647156,0.1532081961631775,0.07730796933174133,0.07590022683143616,0.1764245331287384,0.5493640899658203,0,1,1,1,0,0.20037806034088135,20776,0.7740585774058577,2024,1724420177,-7,0,True,154,
720,sf/query/images/MBQLQO-DLgRFOncZWxpB_A.jpg,random,0.2,4,1,1,0.4680948555469513,0.4327378273010254,0.3148866593837738,0.2615211606025696,0.1532081961631775,0.1712166666984558,-0.01800847053527832,0.0353570282459259,0.15164804458618164,0,1,1,1,0,0.20037806034088135,20776,0.08717948717948718,2024,1724420177,-70,0,True,154,
437,cph/query/images/7FLkUDp6pWT78ewelkjk1g.jpg,clean,0.0,-1,1,1,0.6389274597167969,0.6389274597167969,0.20414823293685913,0.20414823293685913,0.43477922677993774,0.43477922677993774,0.0,0.0,0.0,0,1,1,1,0,0.0,0,0.0,2024,0,0,0,True,0,
437,cph/query/images/7FLkUDp6pWT78ewelkjk1g.jpg,attention,0.1,-1,1,1,0.6389274597167969,0.44203317165374756,0.20414823293685913,0.20653915405273438,0.43477922677993774,0.23549401760101318,0.19928520917892456,0.19689428806304932,0.41910380125045776,0,1,1,1,0,0.10018903017044067,10388,1.0,2024,2947136584,0,0,True,17934,
437,cph/query/images/7FLkUDp6pWT78ewelkjk1g.jpg,random,0.1,0,1,1,0.6389274597167969,0.6071364283561707,0.20414823293685913,0.19688360393047333,0.43477922677993774,0.41025280952453613,0.02452641725540161,0.03179103136062622,0.10718941688537598,0,1,1,1,0,0.10018903017044067,10388,0.04286718200983837,2024,2947136584,-78,1,True,17934,
437,cph/query/images/7FLkUDp6pWT78ewelkjk1g.jpg,random,0.1,1,1,1,0.6389274597167969,0.47747379541397095,0.20414823293685913,0.19515472650527954,0.43477922677993774,0.2823190689086914,0.15246015787124634,0.16145366430282593,0.37482380867004395,0,1,1,1,0,0.10018903017044067,10388,0.37117212249208026,2024,2947136584,-19,8,True,17934,
437,cph/query/images/7FLkUDp6pWT78ewelkjk1g.jpg,random,0.1,2,1,1,0.6389274597167969,0.476530522108078,0.20414823293685913,0.19079598784446716,0.43477922677993774,0.28573453426361084,0.1490446925163269,0.16239693760871887,0.37151384353637695,0,1,1,1,0,0.10018903017044067,10388,0.40988056460369166,2024,2947136584,-18,-16,True,17934,
437,cph/query/images/7FLkUDp6pWT78ewelkjk1g.jpg,random,0.1,3,1,1,0.6389274597167969,0.4794360399246216,0.20414823293685913,0.17983439564704895,0.43477922677993774,0.29960164427757263,0.1351775825023651,0.1594914197921753,0.35755980014801025,0,1,1,1,0,0.10018903017044067,10388,0.2799408575653031,2024,2947136584,-24,16,True,17934,
437,cph/query/images/7FLkUDp6pWT78ewelkjk1g.jpg,random,0.1,4,1,1,0.6389274597167969,0.5628437399864197,0.20414823293685913,0.2178526520729065,0.43477922677993774,0.3449910879135132,0.08978813886642456,0.0760837197303772,0.24326741695404053,0,1,1,1,0,0.10018903017044067,10388,0.3607545192559602,2024,2947136584,16,32,True,17934,
437,cph/query/images/7FLkUDp6pWT78ewelkjk1g.jpg,attention,0.15,-1,1,1,0.6389274597167969,0.4313884973526001,0.20414823293685913,0.211220845580101,0.43477922677993774,0.22016765177249908,0.21461157500743866,0.20753896236419678,0.4899376630783081,0,1,1,1,0,0.14933836460113525,15484,1.0,2024,89910498,0,0,True,8470,
437,cph/query/images/7FLkUDp6pWT78ewelkjk1g.jpg,random,0.15,0,1,1,0.6389274597167969,0.6180107593536377,0.20414823293685913,0.18871042132377625,0.43477922677993774,0.42930033802986145,0.005478888750076294,0.02091670036315918,0.04324138164520264,0,1,1,1,0,0.14933836460113525,15484,0.0,2024,89910498,-131,33,True,8470,
437,cph/query/images/7FLkUDp6pWT78ewelkjk1g.jpg,random,0.15,1,1,1,0.6389274597167969,0.6213815808296204,0.20414823293685913,0.19100336730480194,0.43477922677993774,0.4303781986236572,0.004401028156280518,0.017545878887176514,0.0717613697052002,0,1,1,1,0,0.14933836460113525,15484,0.01282051282051282,2024,89910498,-112,4,True,8470,
437,cph/query/images/7FLkUDp6pWT78ewelkjk1g.jpg,random,0.15,2,1,1,0.6389274597167969,0.591315746307373,0.20414823293685913,0.19412069022655487,0.43477922677993774,0.397195041179657,0.03758418560028076,0.04761171340942383,0.08804744482040405,0,1,1,1,0,0.14933836460113525,15484,0.027369538532992736,2024,89910498,-95,33,True,8470,
437,cph/query/images/7FLkUDp6pWT78ewelkjk1g.jpg,random,0.15,3,1,1,0.6389274597167969,0.43747302889823914,0.20414823293685913,0.19848160445690155,0.43477922677993774,0.23899142444133759,0.19578780233860016,0.20145443081855774,0.4551358222961426,0,1,1,1,0,0.14933836460113525,15484,0.4481855592966704,2024,89910498,-16,15,True,8470,
437,cph/query/images/7FLkUDp6pWT78ewelkjk1g.jpg,random,0.15,4,1,1,0.6389274597167969,0.5213067531585693,0.20414823293685913,0.2292880266904831,0.43477922677993774,0.29201871156692505,0.1427605152130127,0.11762070655822754,0.3500909209251404,0,1,1,1,0,0.14933836460113525,15484,0.4619960343688037,2024,89910498,18,17,True,8470,
437,cph/query/images/7FLkUDp6pWT78ewelkjk1g.jpg,attention,0.2,-1,1,1,0.6389274597167969,0.3738666772842407,0.20414823293685913,0.19662562012672424,0.43477922677993774,0.17724105715751648,0.25753816962242126,0.26506078243255615,0.5849695801734924,0,1,1,1,0,0.20037806034088135,20776,1.0,2024,650564172,0,0,True,6664,
437,cph/query/images/7FLkUDp6pWT78ewelkjk1g.jpg,random,0.2,0,1,1,0.6389274597167969,0.5905238389968872,0.20414823293685913,0.18081733584403992,0.43477922677993774,0.4097065031528473,0.025072723627090454,0.04840362071990967,0.09349048137664795,0,1,1,1,0,0.20037806034088135,20776,0.04271016311166876,2024,650564172,-110,29,True,6664,
437,cph/query/images/7FLkUDp6pWT78ewelkjk1g.jpg,random,0.2,1,1,1,0.6389274597167969,0.5860233306884766,0.20414823293685913,0.2059469223022461,0.43477922677993774,0.38007640838623047,0.054702818393707275,0.05290412902832031,0.1455613374710083,0,1,1,1,0,0.20037806034088135,20776,0.0847953216374269,2024,650564172,-88,28,True,6664,
437,cph/query/images/7FLkUDp6pWT78ewelkjk1g.jpg,random,0.2,2,1,1,0.6389274597167969,0.5502946972846985,0.20414823293685913,0.18279466032981873,0.43477922677993774,0.36750003695487976,0.06727918982505798,0.08863276243209839,0.20454728603363037,0,1,1,1,0,0.20037806034088135,20776,0.08877476155539252,2024,650564172,-86,21,True,6664,
437,cph/query/images/7FLkUDp6pWT78ewelkjk1g.jpg,random,0.2,3,1,1,0.6389274597167969,0.5600461959838867,0.20414823293685913,0.19080014526844025,0.43477922677993774,0.36924606561660767,0.06553316116333008,0.07888126373291016,0.24205613136291504,0,1,1,1,0,0.20037806034088135,20776,0.13461853530664628,2024,650564172,-71,30,True,6664,
437,cph/query/images/7FLkUDp6pWT78ewelkjk1g.jpg,random,0.2,4,1,1,0.6389274597167969,0.39744147658348083,0.20414823293685913,0.21009708940982819,0.43477922677993774,0.18734438717365265,0.2474348396062851,0.24148598313331604,0.4903625249862671,0,1,1,1,0,0.20037806034088135,20776,0.4810379241516966,2024,650564172,21,11,True,6664,
258,cph/query/images/gxARZfnNk_UcFladw9EweQ.jpg,clean,0.0,-1,1,1,0.3340786397457123,0.3340786397457123,0.32215815782546997,0.32215815782546997,0.01192048192024231,0.01192048192024231,0.0,0.0,0.0,0,1,1,1,0,0.0,0,0.0,2024,0,0,0,True,0,
258,cph/query/images/gxARZfnNk_UcFladw9EweQ.jpg,attention,0.1,-1,1,3,0.3340786397457123,0.2691691815853119,0.32215815782546997,0.3114427328109741,0.01192048192024231,-0.04227355122566223,0.05419403314590454,0.06490945816040039,0.2821975350379944,2,0,1,1,1,0.10018903017044067,10388,1.0,2024,2074190232,0,0,True,28574,
258,cph/query/images/gxARZfnNk_UcFladw9EweQ.jpg,random,0.1,0,1,2,0.3340786397457123,0.33618971705436707,0.32215815782546997,0.33885011076927185,0.01192048192024231,-0.002660393714904785,0.014580875635147095,-0.002111077308654785,0.0761725902557373,1,0,1,1,1,0.10018903017044067,10388,0.11578947368421053,2024,2074190232,56,43,True,28574,
258,cph/query/images/gxARZfnNk_UcFladw9EweQ.jpg,random,0.1,1,1,2,0.3340786397457123,0.328499436378479,0.32215815782546997,0.3366066813468933,0.01192048192024231,-0.008107244968414307,0.020027726888656616,0.005579203367233276,0.05988132953643799,1,0,1,1,1,0.10018903017044067,10388,0.08163265306122448,2024,2074190232,62,36,True,28574,
258,cph/query/images/gxARZfnNk_UcFladw9EweQ.jpg,random,0.1,2,1,3,0.3340786397457123,0.2920016348361969,0.32215815782546997,0.3189448416233063,0.01192048192024231,-0.026943206787109375,0.038863688707351685,0.04207700490951538,0.25324660539627075,2,0,1,1,1,0.10018903017044067,10388,0.22702575005905976,2024,2074190232,16,67,True,28574,
258,cph/query/images/gxARZfnNk_UcFladw9EweQ.jpg,random,0.1,3,1,1,0.3340786397457123,0.31078580021858215,0.32215815782546997,0.30906766653060913,0.01192048192024231,0.0017181336879730225,0.010202348232269287,0.023292839527130127,0.059807658195495605,0,1,1,1,0,0.10018903017044067,10388,0.05698005698005698,2024,2074190232,68,-23,True,28574,
258,cph/query/images/gxARZfnNk_UcFladw9EweQ.jpg,random,0.1,4,1,2,0.3340786397457123,0.3022785782814026,0.32215815782546997,0.30599290132522583,0.01192048192024231,-0.003714323043823242,0.015634804964065552,0.03180006146430969,0.05544638633728027,1,0,1,1,1,0.10018903017044067,10388,0.002702702702702703,2024,2074190232,-96,-54,True,28574,
258,cph/query/images/gxARZfnNk_UcFladw9EweQ.jpg,attention,0.15,-1,1,3,0.3340786397457123,0.27129659056663513,0.32215815782546997,0.28921929001808167,0.01192048192024231,-0.017922699451446533,0.029843181371688843,0.06278204917907715,0.3663526177406311,2,0,1,1,1,0.14933836460113525,15484,1.0,2024,1445219612,0,0,True,11228,
258,cph/query/images/gxARZfnNk_UcFladw9EweQ.jpg,random,0.15,0,1,2,0.3340786397457123,0.2922310531139374,0.32215815782546997,0.3327503800392151,0.01192048192024231,-0.04051932692527771,0.05243980884552002,0.0418475866317749,0.20219838619232178,1,0,1,1,1,0.14933836460113525,15484,0.2610147406140565,2024,1445219612,37,-3,True,11228,
258,cph/query/images/gxARZfnNk_UcFladw9EweQ.jpg,random,0.15,1,1,1,0.3340786397457123,0.3275790512561798,0.32215815782546997,0.3193775415420532,0.01192048192024231,0.008201509714126587,0.0037189722061157227,0.006499588489532471,0.24088823795318604,0,1,1,1,0,0.14933836460113525,15484,0.26689576174112256,2024,1445219612,34,34,True,11228,
258,cph/query/images/gxARZfnNk_UcFladw9EweQ.jpg,random,0.15,2,1,3,0.3340786397457123,0.2586328983306885,0.32215815782546997,0.3181518614292145,0.01192048192024231,-0.059518963098526,0.07143944501876831,0.0754457414150238,0.3228610157966614,2,0,1,1,1,0.14933836460113525,15484,0.6040609137055838,2024,1445219612,13,0,True,11228,
258,cph/query/images/gxARZfnNk_UcFladw9EweQ.jpg,random,0.15,3,1,2,0.3340786397457123,0.3336068093776703,0.32215815782546997,0.3370933532714844,0.01192048192024231,-0.003486543893814087,0.015407025814056396,0.0004718303680419922,0.19235765933990479,1,0,1,1,1,0.14933836460113525,15484,0.2153846153846154,2024,1445219612,42,11,True,11228,
258,cph/query/images/gxARZfnNk_UcFladw9EweQ.jpg,random,0.15,4,1,2,0.3340786397457123,0.3223247230052948,0.32215815782546997,0.3358031213283539,0.01192048192024231,-0.013478398323059082,0.02539888024330139,0.01175391674041748,0.1179497241973877,1,0,1,1,1,0.14933836460113525,15484,0.10805782166881352,2024,1445219612,61,30,True,11228,
258,cph/query/images/gxARZfnNk_UcFladw9EweQ.jpg,attention,0.2,-1,1,8,0.3340786397457123,0.20050734281539917,0.32215815782546997,0.2807718515396118,0.01192048192024231,-0.08026450872421265,0.09218499064445496,0.1335712969303131,0.47996985912323,7,0,0,1,1,0.20037806034088135,20776,1.0,2024,3587907411,0,0,True,2954,
258,cph/query/images/gxARZfnNk_UcFladw9EweQ.jpg,random,0.2,0,1,116,0.3340786397457123,0.1638595461845398,0.32215815782546997,0.27512773871421814,0.01192048192024231,-0.11126819252967834,0.12318867444992065,0.17021909356117249,0.46400022506713867,115,0,0,0,1,0.20037806034088135,20776,0.4978551602321474,2024,3587907411,-21,1,True,2954,
258,cph/query/images/gxARZfnNk_UcFladw9EweQ.jpg,random,0.2,1,1,11,0.3340786397457123,0.19700053334236145,0.32215815782546997,0.28662747144699097,0.01192048192024231,-0.08962693810462952,0.10154742002487183,0.13707810640335083,0.49058282375335693,10,0,0,0,1,0.20037806034088135,20776,0.717166707992396,2024,3587907411,1,11,True,2954,
258,cph/query/images/gxARZfnNk_UcFladw9EweQ.jpg,random,0.2,2,1,1,0.3340786397457123,0.33815574645996094,0.32215815782546997,0.32927581667900085,0.01192048192024231,0.008879929780960083,0.0030405521392822266,-0.004077106714248657,0.08771109580993652,0,1,1,1,0,0.20037806034088135,20776,0.016189777451699684,2024,3587907411,95,4,True,2954,
258,cph/query/images/gxARZfnNk_UcFladw9EweQ.jpg,random,0.2,3,1,77,0.3340786397457123,0.1548728346824646,0.32215815782546997,0.28232717514038086,0.01192048192024231,-0.12745434045791626,0.13937482237815857,0.17920580506324768,0.5051248669624329,76,0,0,0,1,0.20037806034088135,20776,0.6434108527131783,2024,3587907411,-4,14,True,2954,
258,cph/query/images/gxARZfnNk_UcFladw9EweQ.jpg,random,0.2,4,1,3,0.3340786397457123,0.23750187456607819,0.32215815782546997,0.2940387427806854,0.01192048192024231,-0.05653686821460724,0.06845735013484955,0.0965767651796341,0.26125967502593994,2,0,1,1,1,0.20037806034088135,20776,0.24653506929861402,2024,3587907411,-49,10,True,2954,
249,cph/query/images/ADIYRuzH-kuqIobZgPhXZg.jpg,clean,0.0,-1,1,1,0.6648902893066406,0.6648902893066406,0.654100775718689,0.654100775718689,0.01078951358795166,0.01078951358795166,0.0,0.0,0.0,0,1,1,1,0,0.0,0,0.0,2024,0,0,0,True,0,
249,cph/query/images/ADIYRuzH-kuqIobZgPhXZg.jpg,attention,0.1,-1,1,1,0.6648902893066406,0.5476406812667847,0.654100775718689,0.5004393458366394,0.01078951358795166,0.047201335430145264,-0.036411821842193604,0.11724960803985596,0.30111193656921387,0,1,1,1,0,0.10018903017044067,10388,1.0,2024,1817729359,0,0,True,26796,
249,cph/query/images/ADIYRuzH-kuqIobZgPhXZg.jpg,random,0.1,0,1,3,0.6648902893066406,0.5640686750411987,0.654100775718689,0.5957671403884888,0.01078951358795166,-0.03169846534729004,0.0424879789352417,0.1008216142654419,0.22030365467071533,2,0,1,1,1,0.10018903017044067,10388,0.12084592145015106,2024,1817729359,9,97,True,26796,
249,cph/query/images/ADIYRuzH-kuqIobZgPhXZg.jpg,random,0.1,1,1,1,0.6648902893066406,0.6148928999900818,0.654100775718689,0.6029082536697388,0.01078951358795166,0.011984646320343018,-0.0011951327323913574,0.04999738931655884,0.07410532236099243,0,1,1,1,0,0.10018903017044067,10388,0.045859551975836896,2024,1817729359,-67,51,True,26796,
249,cph/query/images/ADIYRuzH-kuqIobZgPhXZg.jpg,random,0.1,2,1,1,0.6648902893066406,0.5538979172706604,0.654100775718689,0.525635838508606,0.01078951358795166,0.028262078762054443,-0.017472565174102783,0.11099237203598022,0.2556941509246826,0,1,1,1,0,0.10018903017044067,10388,0.522051282051282,2024,1817729359,7,8,True,26796,
249,cph/query/images/ADIYRuzH-kuqIobZgPhXZg.jpg,random,0.1,3,1,1,0.6648902893066406,0.6489772200584412,0.654100775718689,0.6394088864326477,0.01078951358795166,0.009568333625793457,0.0012211799621582031,0.015913069248199463,0.03160583972930908,0,1,1,1,0,0.10018903017044067,10388,0.03332338605391425,2024,1817729359,-83,85,True,26796,
249,cph/query/images/ADIYRuzH-kuqIobZgPhXZg.jpg,random,0.1,4,1,1,0.6648902893066406,0.5127590894699097,0.654100775718689,0.5021410584449768,0.01078951358795166,0.010618031024932861,0.00017148256301879883,0.15213119983673096,0.23790103197097778,0,1,1,1,0,0.10018903017044067,10388,0.2175339896858884,2024,1817729359,-27,69,True,26796,
249,cph/query/images/ADIYRuzH-kuqIobZgPhXZg.jpg,attention,0.15,-1,1,1,0.6648902893066406,0.48910269141197205,0.654100775718689,0.48855841159820557,0.01078951358795166,0.0005442798137664795,0.01024523377418518,0.17578759789466858,0.41658997535705566,0,1,1,1,0,0.14933836460113525,15484,1.0,2024,483794616,0,0,True,5712,
249,cph/query/images/ADIYRuzH-kuqIobZgPhXZg.jpg,random,0.15,0,1,1,0.6648902893066406,0.5674633383750916,0.654100775718689,0.5650913715362549,0.01078951358795166,0.00237196683883667,0.00841754674911499,0.09742695093154907,0.15240764617919922,0,1,1,1,0,0.14933836460113525,15484,0.056784056784056784,2024,483794616,-66,-20,True,5712,
249,cph/query/images/ADIYRuzH-kuqIobZgPhXZg.jpg,random,0.15,1,1,1,0.6648902893066406,0.6523098945617676,0.654100775718689,0.6442880630493164,0.01078951358795166,0.008021831512451172,0.0027676820755004883,0.012580394744873047,0.02546536922454834,0,1,1,1,0,0.14933836460113525,15484,0.0,2024,483794616,-114,-12,True,5712,
249,cph/query/images/ADIYRuzH-kuqIobZgPhXZg.jpg,random,0.15,2,1,1,0.6648902893066406,0.5202228426933289,0.654100775718689,0.45074161887168884,0.01078951358795166,0.06948122382164001,-0.058691710233688354,0.14466744661331177,0.33771729469299316,0,1,1,1,0,0.14933836460113525,15484,0.3915700548216051,2024,483794616,18,-17,True,5712,
249,cph/query/images/ADIYRuzH-kuqIobZgPhXZg.jpg,random,0.15,3,1,2,0.6648902893066406,0.6233553886413574,0.654100775718689,0.6275559067726135,0.01078951358795166,-0.0042005181312561035,0.014990031719207764,0.0415349006652832,0.055304646492004395,1,0,1,1,1,0.14933836460113525,15484,0.016544117647058824,2024,483794616,-94,-27,True,5712,
249,cph/query/images/ADIYRuzH-kuqIobZgPhXZg.jpg,random,0.15,4,1,1,0.6648902893066406,0.5738062262535095,0.654100775718689,0.5168156623840332,0.01078951358795166,0.05699056386947632,-0.04620105028152466,0.0910840630531311,0.24642807245254517,0,1,1,1,0,0.14933836460113525,15484,0.29130180969060127,2024,483794616,27,-28,True,5712,
249,cph/query/images/ADIYRuzH-kuqIobZgPhXZg.jpg,attention,0.2,-1,1,1,0.6648902893066406,0.4597565829753876,0.654100775718689,0.42550498247146606,0.01078951358795166,0.03425160050392151,-0.02346208691596985,0.20513370633125305,0.5051319003105164,0,1,1,1,0,0.20037806034088135,20776,1.0,2024,3393258786,0,0,True,2744,
249,cph/query/images/ADIYRuzH-kuqIobZgPhXZg.jpg,random,0.2,0,1,1,0.6648902893066406,0.48997482657432556,0.654100775718689,0.4404311180114746,0.01078951358795166,0.04954370856285095,-0.03875419497489929,0.17491546273231506,0.3819429874420166,0,1,1,1,0,0.20037806034088135,20776,0.37694270470888425,2024,3393258786,27,-13,True,2744,
249,cph/query/images/ADIYRuzH-kuqIobZgPhXZg.jpg,random,0.2,1,1,1,0.6648902893066406,0.45797210931777954,0.654100775718689,0.43602240085601807,0.01078951358795166,0.021949708461761475,-0.011160194873809814,0.20691817998886108,0.47546541690826416,0,1,1,1,0,0.20037806034088135,20776,0.6964847099171192,2024,3393258786,5,-7,True,2744,
249,cph/query/images/ADIYRuzH-kuqIobZgPhXZg.jpg,random,0.2,2,1,1,0.6648902893066406,0.4631366729736328,0.654100775718689,0.42404577136039734,0.01078951358795166,0.039090901613235474,-0.028301388025283813,0.2017536163330078,0.44776320457458496,0,1,1,1,0,0.20037806034088135,20776,0.6011714384802127,2024,3393258786,9,-9,True,2744,
249,cph/query/images/ADIYRuzH-kuqIobZgPhXZg.jpg,random,0.2,3,1,1,0.6648902893066406,0.6010886430740356,0.654100775718689,0.5540797114372253,0.01078951358795166,0.0470089316368103,-0.03621941804885864,0.06380164623260498,0.24307525157928467,0,1,1,1,0,0.20037806034088135,20776,0.17312252964426877,2024,3393258786,51,-8,True,2744,
249,cph/query/images/ADIYRuzH-kuqIobZgPhXZg.jpg,random,0.2,4,1,3,0.6648902893066406,0.6145606637001038,0.654100775718689,0.6241832971572876,0.01078951358795166,-0.009622633457183838,0.020412147045135498,0.050329625606536865,0.06798213720321655,2,0,1,1,1,0.20037806034088135,20776,0.024861878453038673,2024,3393258786,-95,-9,True,2744,
476,cph/query/images/VkMz29RmP988O740d-Ba0g.jpg,clean,0.0,-1,1,1,0.5553896427154541,0.5553896427154541,0.5196004509925842,0.5196004509925842,0.03578919172286987,0.03578919172286987,0.0,0.0,0.0,0,1,1,1,0,0.0,0,0.0,2024,0,0,0,True,0,
476,cph/query/images/VkMz29RmP988O740d-Ba0g.jpg,attention,0.1,-1,1,1,0.5553896427154541,0.4964757263660431,0.5196004509925842,0.4267767667770386,0.03578919172286987,0.06969895958900452,-0.033909767866134644,0.05891391634941101,0.3498486280441284,0,1,1,1,0,0.10018903017044067,10388,1.0,2024,2167241985,0,0,True,23842,
476,cph/query/images/VkMz29RmP988O740d-Ba0g.jpg,random,0.1,0,1,1,0.5553896427154541,0.5472652912139893,0.5196004509925842,0.5020581483840942,0.03578919172286987,0.04520714282989502,-0.009417951107025146,0.008124351501464844,0.05721628665924072,0,1,1,1,0,0.10018903017044067,10388,0.0,2024,2167241985,-84,80,True,23842,
476,cph/query/images/VkMz29RmP988O740d-Ba0g.jpg,random,0.1,1,1,1,0.5553896427154541,0.5086400508880615,0.5196004509925842,0.44081687927246094,0.03578919172286987,0.06782317161560059,-0.03203397989273071,0.04674959182739258,0.2533925771713257,0,1,1,1,0,0.10018903017044067,10388,0.358974358974359,2024,2167241985,0,42,True,23842,
476,cph/query/images/VkMz29RmP988O740d-Ba0g.jpg,random,0.1,2,1,1,0.5553896427154541,0.4997618794441223,0.5196004509925842,0.41362062096595764,0.03578919172286987,0.08614125847816467,-0.0503520667552948,0.05562776327133179,0.3618805408477783,0,1,1,1,0,0.10018903017044067,10388,0.7377049180327869,2024,2167241985,2,6,True,23842,
476,cph/query/images/VkMz29RmP988O740d-Ba0g.jpg,random,0.1,3,1,1,0.5553896427154541,0.5605660080909729,0.5196004509925842,0.4937603175640106,0.03578919172286987,0.06680569052696228,-0.031016498804092407,-0.005176365375518799,0.14432775974273682,0,1,1,1,0,0.10018903017044067,10388,0.1626839778387151,2024,2167241985,25,101,True,23842,
476,cph/query/images/VkMz29RmP988O740d-Ba0g.jpg,random,0.1,4,1,1,0.5553896427154541,0.526319146156311,0.5196004509925842,0.4746626019477844,0.03578919172286987,0.05165654420852661,-0.01586735248565674,0.029070496559143066,0.1921243667602539,0,1,1,1,0,0.10018903017044067,10388,0.21824791837692037,2024,2167241985,18,67,True,23842,
476,cph/query/images/VkMz29RmP988O740d-Ba0g.jpg,attention,0.15,-1,1,1,0.5553896427154541,0.45006656646728516,0.5196004509925842,0.37909573316574097,0.03578919172286987,0.07097083330154419,-0.035181641578674316,0.10532307624816895,0.39943182468414307,0,1,1,1,0,0.14933836460113525,15484,1.0,2024,1407232975,0,0,True,9632,
476,cph/query/images/VkMz29RmP988O740d-Ba0g.jpg,random,0.15,0,1,1,0.5553896427154541,0.49717196822166443,0.5196004509925842,0.47247597575187683,0.03578919172286987,0.024695992469787598,0.011093199253082275,0.05821767449378967,0.13810670375823975,0,1,1,1,0,0.14933836460113525,15484,0.10972550705941375,2024,1407232975,55,18,True,9632,
476,cph/query/images/VkMz29RmP988O740d-Ba0g.jpg,random,0.15,1,1,1,0.5553896427154541,0.5224339962005615,0.5196004509925842,0.4505404233932495,0.03578919172286987,0.07189357280731201,-0.03610438108444214,0.03295564651489258,0.21716797351837158,0,1,1,1,0,0.14933836460113525,15484,0.21576633165829145,2024,1407232975,32,45,True,9632,
476,cph/query/images/VkMz29RmP988O740d-Ba0g.jpg,random,0.15,2,1,1,0.5553896427154541,0.5068725347518921,0.5196004509925842,0.43942809104919434,0.03578919172286987,0.06744444370269775,-0.03165525197982788,0.04851710796356201,0.23680341243743896,0,1,1,1,0,0.14933836460113525,15484,0.23674121405750798,2024,1407232975,32,33,True,9632,
476,cph/query/images/VkMz29RmP988O740d-Ba0g.jpg,random,0.15,3,1,1,0.5553896427154541,0.5066116452217102,0.5196004509925842,0.4663146734237671,0.03578919172286987,0.040296971797943115,-0.004507780075073242,0.048777997493743896,0.09721064567565918,0,1,1,1,0,0.14933836460113525,15484,0.07259628706012745,2024,1407232975,68,30,True,9632,
476,cph/query/images/VkMz29RmP988O740d-Ba0g.jpg,random,0.15,4,1,1,0.5553896427154541,0.537661075592041,0.5196004509925842,0.5084570050239563,0.03578919172286987,0.029204070568084717,0.006585121154785156,0.017728567123413086,0.02762061357498169,0,1,1,1,0,0.14933836460113525,15484,0.0018115942028985507,2024,1407232975,110,49,True,9632,
476,cph/query/images/VkMz29RmP988O740d-Ba0g.jpg,attention,0.2,-1,1,1,0.5553896427154541,0.45783138275146484,0.5196004509925842,0.3793354034423828,0.03578919172286987,0.07849597930908203,-0.04270678758621216,0.09755825996398926,0.42442142963409424,0,1,1,1,0,0.20037806034088135,20776,1.0,2024,4184309237,0,0,True,4494,
476,cph/query/images/VkMz29RmP988O740d-Ba0g.jpg,random,0.2,0,1,1,0.5553896427154541,0.4829602837562561,0.5196004509925842,0.4266427755355835,0.03578919172286987,0.05631750822067261,-0.020528316497802734,0.072429358959198,0.18310844898223877,0,1,1,1,0,0.20037806034088135,20776,0.19005613472333602,2024,4184309237,56,15,True,4494,
476,cph/query/images/VkMz29RmP988O740d-Ba0g.jpg,random,0.2,1,1,1,0.5553896427154541,0.4677744209766388,0.5196004509925842,0.3945087194442749,0.03578919172286987,0.07326570153236389,-0.03747650980949402,0.08761522173881531,0.3916175365447998,0,1,1,1,0,0.20037806034088135,20776,0.5279841141428256,2024,4184309237,8,13,True,4494,
476,cph/query/images/VkMz29RmP988O740d-Ba0g.jpg,random,0.2,2,1,1,0.5553896427154541,0.45815712213516235,0.5196004509925842,0.40692758560180664,0.03578919172286987,0.05122953653335571,-0.01544034481048584,0.09723252058029175,0.29893994331359863,0,1,1,1,0,0.20037806034088135,20776,0.3580860243169042,2024,4184309237,-31,20,True,4494,
476,cph/query/images/VkMz29RmP988O740d-Ba0g.jpg,random,0.2,3,1,1,0.5553896427154541,0.48277968168258667,0.5196004509925842,0.4497092664241791,0.03578919172286987,0.03307041525840759,0.0027187764644622803,0.07260996103286743,0.1289418339729309,0,1,1,1,0,0.20037806034088135,20776,0.1331642531838883,2024,4184309237,69,11,True,4494,
476,cph/query/images/VkMz29RmP988O740d-Ba0g.jpg,random,0.2,4,1,1,0.5553896427154541,0.44940394163131714,0.5196004509925842,0.39501702785491943,0.03578919172286987,0.054386913776397705,-0.018597722053527832,0.10598570108413696,0.3341416120529175,0,1,1,1,0,0.20037806034088135,20776,0.28967379496570345,2024,4184309237,-41,5,True,4494,
18,cph/query/images/fYAyjCr5G0o6TFxASNXlEw.jpg,clean,0.0,-1,1,1,0.6114336848258972,0.6114336848258972,0.4916052222251892,0.4916052222251892,0.11982846260070801,0.11982846260070801,0.0,0.0,0.0,0,1,1,1,0,0.0,0,0.0,2024,0,0,0,True,0,
18,cph/query/images/fYAyjCr5G0o6TFxASNXlEw.jpg,attention,0.1,-1,1,1,0.6114336848258972,0.5638929605484009,0.4916052222251892,0.46037420630455017,0.11982846260070801,0.10351875424385071,0.0163097083568573,0.04754072427749634,0.2586914896965027,0,1,1,1,0,0.10018903017044067,10388,1.0,2024,674120262,0,0,True,19124,
18,cph/query/images/fYAyjCr5G0o6TFxASNXlEw.jpg,random,0.1,0,1,1,0.6114336848258972,0.5506421327590942,0.4916052222251892,0.4289971888065338,0.11982846260070801,0.12164494395256042,-0.001816481351852417,0.06079155206680298,0.1493978500366211,0,1,1,1,0,0.10018903017044067,10388,0.1557632398753894,2024,674120262,31,55,True,19124,
18,cph/query/images/fYAyjCr5G0o6TFxASNXlEw.jpg,random,0.1,1,1,1,0.6114336848258972,0.5985395908355713,0.4916052222251892,0.4810241460800171,0.11982846260070801,0.1175154447555542,0.0023130178451538086,0.012894093990325928,0.051259756088256836,0,1,1,1,0,0.10018903017044067,10388,0.025570145127850726,2024,674120262,-69,19,True,19124,
18,cph/query/images/fYAyjCr5G0o6TFxASNXlEw.jpg,random,0.1,2,1,1,0.6114336848258972,0.6048305630683899,0.4916052222251892,0.480018675327301,0.11982846260070801,0.12481188774108887,-0.004983425140380859,0.006603121757507324,0.022331178188323975,0,1,1,1,0,0.10018903017044067,10388,0.003913988886204397,2024,674120262,89,47,True,19124,
18,cph/query/images/fYAyjCr5G0o6TFxASNXlEw.jpg,random,0.1,3,1,1,0.6114336848258972,0.5907590389251709,0.4916052222251892,0.4709058403968811,0.11982846260070801,0.1198531985282898,-2.473592758178711e-05,0.02067464590072632,0.1461503505706787,0,1,1,1,0,0.10018903017044067,10388,0.21853372434017596,2024,674120262,34,5,True,19124,
18,cph/query/images/fYAyjCr5G0o6TFxASNXlEw.jpg,random,0.1,4,1,1,0.6114336848258972,0.6161612272262573,0.4916052222251892,0.4945957362651825,0.11982846260070801,0.12156549096107483,-0.0017370283603668213,-0.004727542400360107,0.16029179096221924,0,1,1,1,0,0.10018903017044067,10388,0.19340570969039003,2024,674120262,35,17,True,19124,
18,cph/query/images/fYAyjCr5G0o6TFxASNXlEw.jpg,attention,0.15,-1,1,1,0.6114336848258972,0.5595926642417908,0.4916052222251892,0.49660593271255493,0.11982846260070801,0.06298673152923584,0.05684173107147217,0.051841020584106445,0.31919634342193604,0,1,1,1,0,0.14933836460113525,15484,1.0,2024,350261966,0,0,True,224,
18,cph/query/images/fYAyjCr5G0o6TFxASNXlEw.jpg,random,0.15,0,1,1,0.6114336848258972,0.46759867668151855,0.4916052222251892,0.4109482169151306,0.11982846260070801,0.05665045976638794,0.06317800283432007,0.14383500814437866,0.3680432438850403,0,1,1,1,0,0.14933836460113525,15484,0.41794871794871796,2024,350261966,-18,0,True,224,
18,cph/query/images/fYAyjCr5G0o6TFxASNXlEw.jpg,random,0.15,1,1,1,0.6114336848258972,0.6093208193778992,0.4916052222251892,0.4870518445968628,0.11982846260070801,0.12226897478103638,-0.002440512180328369,0.002112865447998047,0.00861811637878418,0,1,1,1,0,0.14933836460113525,15484,0.0,2024,350261966,131,0,True,224,
18,cph/query/images/fYAyjCr5G0o6TFxASNXlEw.jpg,random,0.15,2,1,1,0.6114336848258972,0.590039074420929,0.4916052222251892,0.48245230317115784,0.11982846260070801,0.10758677124977112,0.01224169135093689,0.02139461040496826,0.06164431571960449,0,1,1,1,0,0.14933836460113525,15484,0.015610651974288337,2024,350261966,-81,0,True,224,
18,cph/query/images/fYAyjCr5G0o6TFxASNXlEw.jpg,random,0.15,3,1,1,0.6114336848258972,0.5494212508201599,0.4916052222251892,0.46018755435943604,0.11982846260070801,0.08923369646072388,0.03059476613998413,0.062012434005737305,0.23498272895812988,0,1,1,1,0,0.14933836460113525,15484,0.30655640874187834,2024,350261966,25,0,True,224,
18,cph/query/images/fYAyjCr5G0o6TFxASNXlEw.jpg,random,0.15,4,1,1,0.6114336848258972,0.6036764979362488,0.4916052222251892,0.4862217903137207,0.11982846260070801,0.11745470762252808,0.0023737549781799316,0.0077571868896484375,0.015279173851013184,0,1,1,1,0,0.14933836460113525,15484,0.0,2024,350261966,106,0,True,224,
18,cph/query/images/fYAyjCr5G0o6TFxASNXlEw.jpg,attention,0.2,-1,1,1,0.6114336848258972,0.49026843905448914,0.4916052222251892,0.46120214462280273,0.11982846260070801,0.0290662944316864,0.0907621681690216,0.12116524577140808,0.41536766290664673,0,1,1,1,0,0.20037806034088135,20776,1.0,2024,2565106697,0,0,True,196,
18,cph/query/images/fYAyjCr5G0o6TFxASNXlEw.jpg,random,0.2,0,1,1,0.6114336848258972,0.5816745162010193,0.4916052222251892,0.4516277313232422,0.11982846260070801,0.1300467848777771,-0.010218322277069092,0.02975916862487793,0.1734774112701416,0,1,1,1,0,0.20037806034088135,20776,0.14638856701429123,2024,2565106697,55,0,True,196,
18,cph/query/images/fYAyjCr5G0o6TFxASNXlEw.jpg,random,0.2,1,1,1,0.6114336848258972,0.5952985286712646,0.4916052222251892,0.4699209928512573,0.11982846260070801,0.12537753582000732,-0.005549073219299316,0.01613515615463257,0.04975348711013794,0,1,1,1,0,0.20037806034088135,20776,0.030555555555555555,2024,2565106697,86,0,True,196,
18,cph/query/images/fYAyjCr5G0o6TFxASNXlEw.jpg,random,0.2,2,1,1,0.6114336848258972,0.4692431390285492,0.4916052222251892,0.40741077065467834,0.11982846260070801,0.06183236837387085,0.05799609422683716,0.14219054579734802,0.36448872089385986,0,1,1,1,0,0.20037806034088135,20776,0.3448119619392841,2024,2565106697,-31,0,True,196,
18,cph/query/images/fYAyjCr5G0o6TFxASNXlEw.jpg,random,0.2,3,1,1,0.6114336848258972,0.503976583480835,0.4916052222251892,0.46254509687423706,0.11982846260070801,0.0414314866065979,0.07839697599411011,0.10745710134506226,0.4167138338088989,0,1,1,1,0,0.20037806034088135,20776,0.864321608040201,2024,2565106697,-4,0,True,196,
18,cph/query/images/fYAyjCr5G0o6TFxASNXlEw.jpg,random,0.2,4,1,1,0.6114336848258972,0.4838891923427582,0.4916052222251892,0.395603746175766,0.11982846260070801,0.08828544616699219,0.03154301643371582,0.12754449248313904,0.3888542652130127,0,1,1,1,0,0.20037806034088135,20776,0.40397350993377484,2024,2565106697,-26,0,True,196,
358,cph/query/images/ctox57vZcJq2YeDsPOux8g.jpg,clean,0.0,-1,1,1,0.4558657705783844,0.4558657705783844,0.2229025512933731,0.2229025512933731,0.2329632192850113,0.2329632192850113,0.0,0.0,0.0,0,1,1,1,0,0.0,0,0.0,2024,0,0,0,True,0,
358,cph/query/images/ctox57vZcJq2YeDsPOux8g.jpg,attention,0.1,-1,1,1,0.4558657705783844,0.35498738288879395,0.2229025512933731,0.22090519964694977,0.2329632192850113,0.13408218324184418,0.09888103604316711,0.10087838768959045,0.2513056993484497,0,1,1,1,0,0.10018903017044067,10388,1.0,2024,1269710766,0,0,True,25018,
358,cph/query/images/ctox57vZcJq2YeDsPOux8g.jpg,random,0.1,0,1,1,0.4558657705783844,0.4468528628349304,0.2229025512933731,0.21535368263721466,0.2329632192850113,0.23149918019771576,0.0014640390872955322,0.00901290774345398,0.06880038976669312,0,1,1,1,0,0.10018903017044067,10388,0.08163265306122448,2024,1269710766,50,-40,True,25018,
358,cph/query/images/ctox57vZcJq2YeDsPOux8g.jpg,random,0.1,1,1,1,0.4558657705783844,0.44498199224472046,0.2229025512933731,0.20691582560539246,0.2329632192850113,0.238066166639328,-0.005102947354316711,0.01088377833366394,0.05665481090545654,0,1,1,1,0,0.10018903017044067,10388,0.05655004068348251,2024,1269710766,40,-72,True,25018,
358,cph/query/images/ctox57vZcJq2YeDsPOux8g.jpg,random,0.1,2,1,1,0.4558657705783844,0.3454376459121704,0.2229025512933731,0.1969299018383026,0.2329632192850113,0.1485077440738678,0.0844554752111435,0.11042812466621399,0.2256563901901245,0,1,1,1,0,0.10018903017044067,10388,0.1620986687548943,2024,1269710766,-49,-48,True,25018,
358,cph/query/images/ctox57vZcJq2YeDsPOux8g.jpg,random,0.1,3,1,1,0.4558657705783844,0.41351911425590515,0.2229025512933731,0.20379561185836792,0.2329632192850113,0.20972350239753723,0.02323971688747406,0.04234665632247925,0.11284279823303223,0,1,1,1,0,0.10018903017044067,10388,0.1392849309059004,2024,1269710766,16,-82,True,25018,
358,cph/query/images/ctox57vZcJq2YeDsPOux8g.jpg,random,0.1,4,1,1,0.4558657705783844,0.35293570160865784,0.2229025512933731,0.24579061567783356,0.2329632192850113,0.10714508593082428,0.125818133354187,0.10293006896972656,0.2167719006538391,0,1,1,1,0,0.10018903017044067,10388,0.33693693693693694,2024,1269710766,-24,-26,True,25018,
358,cph/query/images/ctox57vZcJq2YeDsPOux8g.jpg,attention,0.15,-1,1,1,0.4558657705783844,0.29916074872016907,0.2229025512933731,0.2035178691148758,0.2329632192850113,0.09564287960529327,0.13732033967971802,0.15670502185821533,0.3042585849761963,0,1,1,1,0,0.14933836460113525,15484,1.0,2024,1559409640,0,0,True,20678,
358,cph/query/images/ctox57vZcJq2YeDsPOux8g.jpg,random,0.15,0,1,1,0.4558657705783844,0.27654170989990234,0.2229025512933731,0.18299725651741028,0.2329632192850113,0.09354445338249207,0.13941876590251923,0.17932406067848206,0.3064535856246948,0,1,1,1,0,0.14933836460113525,15484,0.6606606606606606,2024,1559409640,-11,-14,True,20678,
358,cph/query/images/ctox57vZcJq2YeDsPOux8g.jpg,random,0.15,1,1,1,0.4558657705783844,0.4398956298828125,0.2229025512933731,0.2260533571243286,0.2329632192850113,0.2138422727584839,0.019120946526527405,0.0159701406955719,0.07698243856430054,0,1,1,1,0,0.14933836460113525,15484,0.013284470911589555,2024,1559409640,59,-105,True,20678,
358,cph/query/images/ctox57vZcJq2YeDsPOux8g.jpg,random,0.15,2,1,1,0.4558657705783844,0.3890649080276489,0.2229025512933731,0.2247919738292694,0.2329632192850113,0.16427293419837952,0.06869028508663177,0.06680086255073547,0.24878180027008057,0,1,1,1,0,0.14933836460113525,15484,0.18031787170789343,2024,1559409640,-5,-95,True,20678,
358,cph/query/images/ctox57vZcJq2YeDsPOux8g.jpg,random,0.15,3,1,1,0.4558657705783844,0.45154082775115967,0.2229025512933731,0.22571268677711487,0.2329632192850113,0.2258281409740448,0.007135078310966492,0.0043249428272247314,0.028477907180786133,0,1,1,1,0,0.14933836460113525,15484,0.006369426751592357,2024,1559409640,70,-98,True,20678,
358,cph/query/images/ctox57vZcJq2YeDsPOux8g.jpg,random,0.15,4,1,1,0.4558657705783844,0.38311684131622314,0.2229025512933731,0.24140819907188416,0.2329632192850113,0.141708642244339,0.0912545770406723,0.07274892926216125,0.24960976839065552,0,1,1,1,0,0.14933836460113525,15484,0.21233949264015034,2024,1559409640,-2,-87,True,20678,
358,cph/query/images/ctox57vZcJq2YeDsPOux8g.jpg,attention,0.2,-1,1,1,0.4558657705783844,0.3127218782901764,0.2229025512933731,0.20020423829555511,0.2329632192850113,0.11251763999462128,0.12044557929039001,0.143143892288208,0.46349769830703735,0,1,1,1,0,0.20037806034088135,20776,1.0,2024,2271707924,0,0,True,182,
358,cph/query/images/ctox57vZcJq2YeDsPOux8g.jpg,random,0.2,0,1,1,0.4558657705783844,0.33975669741630554,0.2229025512933731,0.21948060393333435,0.2329632192850113,0.12027609348297119,0.1126871258020401,0.11610907316207886,0.38320696353912354,0,1,1,1,0,0.20037806034088135,20776,0.5088967971530249,2024,2271707924,21,0,True,182,
358,cph/query/images/ctox57vZcJq2YeDsPOux8g.jpg,random,0.2,1,1,1,0.4558657705783844,0.34295955300331116,0.2229025512933731,0.21686464548110962,0.2329632192850113,0.12609490752220154,0.10686831176280975,0.11290621757507324,0.3255268335342407,0,1,1,1,0,0.20037806034088135,20776,0.3552511415525114,2024,2271707924,-33,0,True,182,
358,cph/query/images/ctox57vZcJq2YeDsPOux8g.jpg,random,0.2,2,1,1,0.4558657705783844,0.36118894815444946,0.2229025512933731,0.19096392393112183,0.2329632192850113,0.17022502422332764,0.06273819506168365,0.09467682242393494,0.1766953468322754,0,1,1,1,0,0.20037806034088135,20776,0.13368983957219252,2024,2271707924,-63,0,True,182,
358,cph/query/images/ctox57vZcJq2YeDsPOux8g.jpg,random,0.2,3,1,1,0.4558657705783844,0.3947635293006897,0.2229025512933731,0.209115669131279,0.2329632192850113,0.1856478601694107,0.047315359115600586,0.0611022412776947,0.21174228191375732,0,1,1,1,0,0.20037806034088135,20776,0.16483516483516483,2024,2271707924,56,0,True,182,
358,cph/query/images/ctox57vZcJq2YeDsPOux8g.jpg,random,0.2,4,1,1,0.4558657705783844,0.32319897413253784,0.2229025512933731,0.22388111054897308,0.2329632192850113,0.09931786358356476,0.13364535570144653,0.13266679644584656,0.43884098529815674,0,1,1,1,0,0.20037806034088135,20776,0.8737373737373737,2024,2271707924,-4,0,True,182,
670,sf/query/images/X6WKoNYiteG7WtwfGXjEgg.jpg,clean,0.0,-1,1,1,0.6404477953910828,0.6404477953910828,0.5429286956787109,0.5429286956787109,0.09751909971237183,0.09751909971237183,0.0,0.0,0.0,0,1,1,1,0,0.0,0,0.0,2024,0,0,0,True,0,
670,sf/query/images/X6WKoNYiteG7WtwfGXjEgg.jpg,attention,0.1,-1,1,2,0.6404477953910828,0.46829548478126526,0.5429286956787109,0.48166072368621826,0.09751909971237183,-0.013365238904953003,0.11088433861732483,0.1721523106098175,0.3938911557197571,1,0,1,1,1,0.10018903017044067,10388,1.0,2024,1205933341,0,0,True,6930,
670,sf/query/images/X6WKoNYiteG7WtwfGXjEgg.jpg,random,0.1,0,1,1,0.6404477953910828,0.606724202632904,0.5429286956787109,0.5084629058837891,0.09751909971237183,0.09826129674911499,-0.0007421970367431641,0.03372359275817871,0.06806439161300659,0,1,1,1,0,0.10018903017044067,10388,0.01783264746227709,2024,1205933341,-57,22,True,6930,
670,sf/query/images/X6WKoNYiteG7WtwfGXjEgg.jpg,random,0.1,1,1,1,0.6404477953910828,0.42459166049957275,0.5429286956787109,0.39463621377944946,0.09751909971237183,0.02995544672012329,0.06756365299224854,0.21585613489151,0.4440400004386902,0,1,1,1,0,0.10018903017044067,10388,0.43480662983425417,2024,1205933341,-11,15,True,6930,
670,sf/query/images/X6WKoNYiteG7WtwfGXjEgg.jpg,random,0.1,2,1,1,0.6404477953910828,0.6361570358276367,0.5429286956787109,0.530600368976593,0.09751909971237183,0.1055566668510437,-0.008037567138671875,0.004290759563446045,0.015169024467468262,0,1,1,1,0,0.10018903017044067,10388,0.0,2024,1205933341,-110,26,True,6930,
670,sf/query/images/X6WKoNYiteG7WtwfGXjEgg.jpg,random,0.1,3,1,1,0.6404477953910828,0.5910942554473877,0.5429286956787109,0.5444204211235046,0.09751909971237183,0.04667383432388306,0.05084526538848877,0.04935353994369507,0.1641157865524292,0,1,1,1,0,0.10018903017044067,10388,0.0809573361082206,2024,1205933341,37,25,True,6930,
670,sf/query/images/X6WKoNYiteG7WtwfGXjEgg.jpg,random,0.1,4,1,1,0.6404477953910828,0.4680679738521576,0.5429286956787109,0.4338984489440918,0.09751909971237183,0.034169524908065796,0.06334957480430603,0.17237982153892517,0.357357382774353,0,1,1,1,0,0.10018903017044067,10388,0.4359966823334255,2024,1205933341,12,4,True,6930,
670,sf/query/images/X6WKoNYiteG7WtwfGXjEgg.jpg,attention,0.15,-1,1,3,0.6404477953910828,0.4204683303833008,0.5429286956787109,0.45398837327957153,0.09751909971237183,-0.03352004289627075,0.13103914260864258,0.21997946500778198,0.47747117280960083,2,0,1,1,1,0.14933836460113525,15484,1.0,2024,672337862,0,0,True,6524,
670,sf/query/images/X6WKoNYiteG7WtwfGXjEgg.jpg,random,0.15,0,1,1,0.6404477953910828,0.4501534700393677,0.5429286956787109,0.41672661900520325,0.09751909971237183,0.03342685103416443,0.0640922486782074,0.1902943253517151,0.41987085342407227,0,1,1,1,0,0.14933836460113525,15484,0.40025321034545125,2024,672337862,18,25,True,6524,
670,sf/query/images/X6WKoNYiteG7WtwfGXjEgg.jpg,random,0.15,1,1,1,0.6404477953910828,0.6032559275627136,0.5429286956787109,0.5268197059631348,0.09751909971237183,0.07643622159957886,0.02108287811279297,0.03719186782836914,0.10529112815856934,0,1,1,1,0,0.14933836460113525,15484,0.05054617002510347,2024,672337862,59,12,True,6524,
670,sf/query/images/X6WKoNYiteG7WtwfGXjEgg.jpg,random,0.15,2,1,1,0.6404477953910828,0.4158788323402405,0.5429286956787109,0.38116538524627686,0.09751909971237183,0.03471344709396362,0.0628056526184082,0.22456896305084229,0.47144192457199097,0,1,1,1,0,0.14933836460113525,15484,0.6631578947368421,2024,672337862,7,7,True,6524,
670,sf/query/images/X6WKoNYiteG7WtwfGXjEgg.jpg,random,0.15,3,1,1,0.6404477953910828,0.5780016183853149,0.5429286956787109,0.47271519899368286,0.09751909971237183,0.10528641939163208,-0.007767319679260254,0.06244617700576782,0.13491839170455933,0,1,1,1,0,0.14933836460113525,15484,0.04834123222748815,2024,672337862,-56,10,True,6524,
670,sf/query/images/X6WKoNYiteG7WtwfGXjEgg.jpg,random,0.15,4,1,1,0.6404477953910828,0.6393512487411499,0.5429286956787109,0.5494036674499512,0.09751909971237183,0.08994758129119873,0.007571518421173096,0.0010965466499328613,0.02842855453491211,0,1,1,1,0,0.14933836460113525,15484,0.0,2024,672337862,100,4,True,6524,
670,sf/query/images/X6WKoNYiteG7WtwfGXjEgg.jpg,attention,0.2,-1,1,3,0.6404477953910828,0.28747278451919556,0.5429286956787109,0.3149603009223938,0.09751909971237183,-0.027487516403198242,0.12500661611557007,0.3529750108718872,0.6471297740936279,2,0,1,1,1,0.20037806034088135,20776,1.0,2024,2217700306,0,0,True,224,
670,sf/query/images/X6WKoNYiteG7WtwfGXjEgg.jpg,random,0.2,0,1,1,0.6404477953910828,0.6329318881034851,0.5429286956787109,0.5513320565223694,0.09751909971237183,0.08159983158111572,0.015919268131256104,0.007515907287597656,0.03864085674285889,0,1,1,1,0,0.20037806034088135,20776,0.0,2024,2217700306,91,0,True,224,
670,sf/query/images/X6WKoNYiteG7WtwfGXjEgg.jpg,random,0.2,1,1,1,0.6404477953910828,0.618614673614502,0.5429286956787109,0.5269988775253296,0.09751909971237183,0.09161579608917236,0.005903303623199463,0.02183312177658081,0.04727429151535034,0,1,1,1,0,0.20037806034088135,20776,0.009523809523809525,2024,2217700306,-80,0,True,224,
670,sf/query/images/X6WKoNYiteG7WtwfGXjEgg.jpg,random,0.2,2,1,1,0.6404477953910828,0.6335116624832153,0.5429286956787109,0.5451341271400452,0.09751909971237183,0.08837753534317017,0.00914156436920166,0.006936132907867432,0.03273355960845947,0,1,1,1,0,0.20037806034088135,20776,0.0,2024,2217700306,96,0,True,224,
670,sf/query/images/X6WKoNYiteG7WtwfGXjEgg.jpg,random,0.2,3,1,1,0.6404477953910828,0.633037805557251,0.5429286956787109,0.5487132668495178,0.09751909971237183,0.08432453870773315,0.013194561004638672,0.007409989833831787,0.04624676704406738,0,1,1,1,0,0.20037806034088135,20776,0.0,2024,2217700306,85,0,True,224,
670,sf/query/images/X6WKoNYiteG7WtwfGXjEgg.jpg,random,0.2,4,1,1,0.6404477953910828,0.6308982968330383,0.5429286956787109,0.5412747859954834,0.09751909971237183,0.08962351083755493,0.007895588874816895,0.009549498558044434,0.03290116786956787,0,1,1,1,0,0.20037806034088135,20776,0.0,2024,2217700306,97,0,True,224,
210,cph/query/images/dTSKMRU9s9Aa1RA8h62i4g.jpg,clean,0.0,-1,1,1,0.6835158467292786,0.6835158467292786,0.36781686544418335,0.36781686544418335,0.3156989812850952,0.3156989812850952,0.0,0.0,0.0,0,1,1,1,0,0.0,0,0.0,2024,0,0,0,True,0,
210,cph/query/images/dTSKMRU9s9Aa1RA8h62i4g.jpg,attention,0.1,-1,1,1,0.6835158467292786,0.5119125247001648,0.36781686544418335,0.2794942259788513,0.3156989812850952,0.23241829872131348,0.08328068256378174,0.17160332202911377,0.3309662342071533,0,1,1,1,0,0.10018903017044067,10388,1.0,2024,537659392,0,0,True,27006,
210,cph/query/images/dTSKMRU9s9Aa1RA8h62i4g.jpg,random,0.1,0,1,1,0.6835158467292786,0.6611948013305664,0.36781686544418335,0.3723616302013397,0.3156989812850952,0.2888331711292267,0.02686581015586853,0.022321045398712158,0.045507073402404785,0,1,1,1,0,0.10018903017044067,10388,0.025772686876666336,2024,537659392,75,96,True,27006,
210,cph/query/images/dTSKMRU9s9Aa1RA8h62i4g.jpg,random,0.1,1,1,1,0.6835158467292786,0.49972212314605713,0.36781686544418335,0.258152574300766,0.3156989812850952,0.24156954884529114,0.07412943243980408,0.18379372358322144,0.36612939834594727,0,1,1,1,0,0.10018903017044067,10388,0.5119714722363728,2024,537659392,-13,7,True,27006,
210,cph/query/images/dTSKMRU9s9Aa1RA8h62i4g.jpg,random,0.1,2,1,1,0.6835158467292786,0.4995802640914917,0.36781686544418335,0.31930261850357056,0.3156989812850952,0.18027764558792114,0.13542133569717407,0.18393558263778687,0.3555173873901367,0,1,1,1,0,0.10018903017044067,10388,0.6445816512309032,2024,537659392,3,13,True,27006,
210,cph/query/images/dTSKMRU9s9Aa1RA8h62i4g.jpg,random,0.1,3,1,1,0.6835158467292786,0.6547214984893799,0.36781686544418335,0.3381965756416321,0.3156989812850952,0.3165249228477478,-0.0008259415626525879,0.02879434823989868,0.057540178298950195,0,1,1,1,0,0.10018903017044067,10388,0.01643835616438356,2024,537659392,-72,68,True,27006,
210,cph/query/images/dTSKMRU9s9Aa1RA8h62i4g.jpg,random,0.1,4,1,1,0.6835158467292786,0.6812961101531982,0.36781686544418335,0.36527982354164124,0.3156989812850952,0.316016286611557,-0.000317305326461792,0.0022197365760803223,0.0035461783409118652,0,1,1,1,0,0.10018903017044067,10388,0.0,2024,537659392,-151,97,True,27006,
210,cph/query/images/dTSKMRU9s9Aa1RA8h62i4g.jpg,attention,0.15,-1,1,1,0.6835158467292786,0.3791649639606476,0.36781686544418335,0.22204414010047913,0.3156989812850952,0.15712082386016846,0.15857815742492676,0.304350882768631,0.5283870100975037,0,1,1,1,0,0.14933836460113525,15484,1.0,2024,2458229718,0,0,True,12026,
210,cph/query/images/dTSKMRU9s9Aa1RA8h62i4g.jpg,random,0.15,0,1,1,0.6835158467292786,0.6706699728965759,0.36781686544418335,0.36399567127227783,0.3156989812850952,0.3066743016242981,0.00902467966079712,0.012845873832702637,0.015023112297058105,0,1,1,1,0,0.14933836460113525,15484,0.0022655188038060714,2024,2458229718,-107,24,True,12026,
210,cph/query/images/dTSKMRU9s9Aa1RA8h62i4g.jpg,random,0.15,1,1,1,0.6835158467292786,0.5141158699989319,0.36781686544418335,0.30066508054733276,0.3156989812850952,0.21345078945159912,0.1022481918334961,0.16939997673034668,0.28359371423721313,0,1,1,1,0,0.14933836460113525,15484,0.1791044776119403,2024,2458229718,48,56,True,12026,
210,cph/query/images/dTSKMRU9s9Aa1RA8h62i4g.jpg,random,0.15,2,1,1,0.6835158467292786,0.4583495259284973,0.36781686544418335,0.26897212862968445,0.3156989812850952,0.18937739729881287,0.12632158398628235,0.22516632080078125,0.4071802496910095,0,1,1,1,0,0.14933836460113525,15484,0.4511715089034677,2024,2458229718,12,36,True,12026,
210,cph/query/images/dTSKMRU9s9Aa1RA8h62i4g.jpg,random,0.15,3,1,1,0.6835158467292786,0.4265934228897095,0.36781686544418335,0.23687388002872467,0.3156989812850952,0.1897195428609848,0.1259794384241104,0.2569224238395691,0.42985212802886963,0,1,1,1,0,0.14933836460113525,15484,0.3471376370280146,2024,2458229718,-23,40,True,12026,
210,cph/query/images/dTSKMRU9s9Aa1RA8h62i4g.jpg,random,0.15,4,1,1,0.6835158467292786,0.49859219789505005,0.36781686544418335,0.25175246596336365,0.3156989812850952,0.2468397319316864,0.06885924935340881,0.18492364883422852,0.38307619094848633,0,1,1,1,0,0.14933836460113525,15484,0.4089171974522293,2024,2458229718,-5,53,True,12026,
210,cph/query/images/dTSKMRU9s9Aa1RA8h62i4g.jpg,attention,0.2,-1,1,1,0.6835158467292786,0.3852587342262268,0.36781686544418335,0.2286808341741562,0.3156989812850952,0.15657790005207062,0.1591210812330246,0.29825711250305176,0.5702643394470215,0,1,1,1,0,0.20037806034088135,20776,1.0,2024,1378836773,0,0,True,196,
210,cph/query/images/dTSKMRU9s9Aa1RA8h62i4g.jpg,random,0.2,0,1,1,0.6835158467292786,0.6366411447525024,0.36781686544418335,0.33038413524627686,0.3156989812850952,0.3062570095062256,0.009441971778869629,0.04687470197677612,0.10310220718383789,0,1,1,1,0,0.20037806034088135,20776,0.09641669745105283,2024,1378836773,-73,0,True,196,
210,cph/query/images/dTSKMRU9s9Aa1RA8h62i4g.jpg,random,0.2,1,1,1,0.6835158467292786,0.6329286098480225,0.36781686544418335,0.3266177475452423,0.3156989812850952,0.30631086230278015,0.009388118982315063,0.050587236881256104,0.10455203056335449,0,1,1,1,0,0.20037806034088135,20776,0.10089020771513353,2024,1378836773,-72,0,True,196,
210,cph/query/images/dTSKMRU9s9Aa1RA8h62i4g.jpg,random,0.2,2,1,1,0.6835158467292786,0.6519430875778198,0.36781686544418335,0.3392164707183838,0.3156989812850952,0.31272661685943604,0.0029723644256591797,0.03157275915145874,0.05678057670593262,0,1,1,1,0,0.20037806034088135,20776,0.03414634146341464,2024,1378836773,-91,0,True,196,
210,cph/query/images/dTSKMRU9s9Aa1RA8h62i4g.jpg,random,0.2,3,1,1,0.6835158467292786,0.3484593629837036,0.36781686544418335,0.20855142176151276,0.3156989812850952,0.13990794122219086,0.17579104006290436,0.33505648374557495,0.6328375339508057,0,1,1,1,0,0.20037806034088135,20776,0.7458823529411764,2024,1378836773,-8,0,True,196,
210,cph/query/images/dTSKMRU9s9Aa1RA8h62i4g.jpg,random,0.2,4,1,1,0.6835158467292786,0.43370869755744934,0.36781686544418335,0.28904590010643005,0.3156989812850952,0.1446627974510193,0.17103618383407593,0.24980714917182922,0.39547646045684814,0,1,1,1,0,0.20037806034088135,20776,0.17173312277931307,2024,1378836773,55,0,True,196,
549,sf/query/images/XjTC8XwCVqDEe9IOmHBBRg.jpg,clean,0.0,-1,1,1,0.5756624341011047,0.5756624341011047,0.2536047697067261,0.2536047697067261,0.32205766439437866,0.32205766439437866,0.0,0.0,0.0,0,1,1,1,0,0.0,0,0.0,2024,0,0,0,True,0,
549,sf/query/images/XjTC8XwCVqDEe9IOmHBBRg.jpg,attention,0.1,-1,1,1,0.5756624341011047,0.46815213561058044,0.2536047697067261,0.22651037573814392,0.32205766439437866,0.24164175987243652,0.08041590452194214,0.10751029849052429,0.3274914026260376,0,1,1,1,0,0.10018903017044067,10388,1.0,2024,929542489,0,0,True,16968,
549,sf/query/images/XjTC8XwCVqDEe9IOmHBBRg.jpg,random,0.1,0,1,1,0.5756624341011047,0.47579649090766907,0.2536047697067261,0.22723573446273804,0.32205766439437866,0.24856075644493103,0.07349690794944763,0.09986594319343567,0.3173218369483948,0,1,1,1,0,0.10018903017044067,10388,0.5387350022218931,2024,929542489,9,6,True,16968,
549,sf/query/images/XjTC8XwCVqDEe9IOmHBBRg.jpg,random,0.1,1,1,1,0.5756624341011047,0.5741045475006104,0.2536047697067261,0.24948231875896454,0.32205766439437866,0.3246222138404846,-0.002564549446105957,0.0015578866004943848,0.011773347854614258,0,1,1,1,0,0.10018903017044067,10388,0.0,2024,929542489,-118,46,True,16968,
549,sf/query/images/XjTC8XwCVqDEe9IOmHBBRg.jpg,random,0.1,2,1,1,0.5756624341011047,0.5543083548545837,0.2536047697067261,0.2559536397457123,0.32205766439437866,0.29835471510887146,0.023702949285507202,0.021354079246520996,0.14663779735565186,0,1,1,1,0,0.10018903017044067,10388,0.14676822873544185,2024,929542489,37,17,True,16968,
549,sf/query/images/XjTC8XwCVqDEe9IOmHBBRg.jpg,random,0.1,3,1,1,0.5756624341011047,0.5713260173797607,0.2536047697067261,0.251295804977417,0.32205766439437866,0.32003021240234375,0.002027451992034912,0.004336416721343994,0.007667243480682373,0,1,1,1,0,0.10018903017044067,10388,0.0,2024,929542489,-132,56,True,16968,
549,sf/query/images/XjTC8XwCVqDEe9IOmHBBRg.jpg,random,0.1,4,1,1,0.5756624341011047,0.5568082332611084,0.2536047697067261,0.2507711946964264,0.32205766439437866,0.306037038564682,0.016020625829696655,0.018854200839996338,0.03203845024108887,0,1,1,1,0,0.10018903017044067,10388,0.0,2024,929542489,-85,10,True,16968,
549,sf/query/images/XjTC8XwCVqDEe9IOmHBBRg.jpg,attention,0.15,-1,1,1,0.5756624341011047,0.3833327293395996,0.2536047697067261,0.22308333218097687,0.32205766439437866,0.16024939715862274,0.16180826723575592,0.19232970476150513,0.48156094551086426,0,1,1,1,0,0.14933836460113525,15484,1.0,2024,1401957137,0,0,True,6118,
549,sf/query/images/XjTC8XwCVqDEe9IOmHBBRg.jpg,random,0.15,0,1,1,0.5756624341011047,0.4647987186908722,0.2536047697067261,0.21189534664154053,0.32205766439437866,0.25290337204933167,0.069154292345047,0.11086371541023254,0.31145715713500977,0,1,1,1,0,0.14933836460113525,15484,0.4145806687374383,2024,1401957137,-11,27,True,6118,
549,sf/query/images/XjTC8XwCVqDEe9IOmHBBRg.jpg,random,0.15,1,1,1,0.5756624341011047,0.5566225051879883,0.2536047697067261,0.24508924782276154,0.32205766439437866,0.31153327226638794,0.010524392127990723,0.019039928913116455,0.023985743522644043,0,1,1,1,0,0.14933836460113525,15484,0.0010991142432275167,2024,1401957137,-111,20,True,6118,
549,sf/query/images/XjTC8XwCVqDEe9IOmHBBRg.jpg,random,0.15,2,1,1,0.5756624341011047,0.5451281070709229,0.2536047697067261,0.2530761957168579,0.32205766439437866,0.29205191135406494,0.03000575304031372,0.030534327030181885,0.05635786056518555,0,1,1,1,0,0.14933836460113525,15484,0.038497652582159626,2024,1401957137,-71,2,True,6118,
549,sf/query/images/XjTC8XwCVqDEe9IOmHBBRg.jpg,random,0.15,3,1,1,0.5756624341011047,0.4511495530605316,0.2536047697067261,0.2025814652442932,0.32205766439437866,0.2485680878162384,0.07348957657814026,0.12451288104057312,0.37250030040740967,0,1,1,1,0,0.14933836460113525,15484,0.5255172413793103,2024,1401957137,-11,10,True,6118,
549,sf/query/images/XjTC8XwCVqDEe9IOmHBBRg.jpg,random,0.15,4,1,1,0.5756624341011047,0.5659455060958862,0.2536047697067261,0.24856239557266235,0.32205766439437866,0.3173831105232239,0.004674553871154785,0.009716928005218506,0.02519834041595459,0,1,1,1,0,0.14933836460113525,15484,0.009584664536741214,2024,1401957137,-105,28,True,6118,
549,sf/query/images/XjTC8XwCVqDEe9IOmHBBRg.jpg,attention,0.2,-1,1,1,0.5756624341011047,0.3853878080844879,0.2536047697067261,0.21798960864543915,0.32205766439437866,0.16739819943904877,0.1546594649553299,0.19027462601661682,0.529218316078186,0,1,1,1,0,0.20037806034088135,20776,1.0,2024,3109506844,0,0,True,182,
549,sf/query/images/XjTC8XwCVqDEe9IOmHBBRg.jpg,random,0.2,0,1,1,0.5756624341011047,0.5353472232818604,0.2536047697067261,0.24352332949638367,0.32205766439437866,0.2918238937854767,0.030233770608901978,0.040315210819244385,0.056337952613830566,0,1,1,1,0,0.20037806034088135,20776,0.022742935906271536,2024,3109506844,-90,0,True,182,
549,sf/query/images/XjTC8XwCVqDEe9IOmHBBRg.jpg,random,0.2,1,1,1,0.5756624341011047,0.5512673854827881,0.2536047697067261,0.24274353682994843,0.32205766439437866,0.30852383375167847,0.013533830642700195,0.02439504861831665,0.2500748038291931,0,1,1,1,0,0.20037806034088135,20776,0.24705882352941178,2024,3109506844,42,0,True,182,
549,sf/query/images/XjTC8XwCVqDEe9IOmHBBRg.jpg,random,0.2,2,1,1,0.5756624341011047,0.531535804271698,0.2536047697067261,0.24089321494102478,0.32205766439437866,0.2906425893306732,0.031415075063705444,0.04412662982940674,0.061517953872680664,0,1,1,1,0,0.20037806034088135,20776,0.023801310796826493,2024,3109506844,-89,0,True,182,
549,sf/query/images/XjTC8XwCVqDEe9IOmHBBRg.jpg,random,0.2,3,1,1,0.5756624341011047,0.41354405879974365,0.2536047697067261,0.22523704171180725,0.32205766439437866,0.1883070170879364,0.13375064730644226,0.16211837530136108,0.3947046995162964,0,1,1,1,0,0.20037806034088135,20776,0.43105110896817744,2024,3109506844,-26,0,True,182,
549,sf/query/images/XjTC8XwCVqDEe9IOmHBBRg.jpg,random,0.2,4,1,1,0.5756624341011047,0.3696657419204712,0.2536047697067261,0.2416914701461792,0.32205766439437866,0.127974271774292,0.19408339262008667,0.20599669218063354,0.5428402423858643,0,1,1,1,0,0.20037806034088135,20776,0.7366881217086015,2024,3109506844,-9,0,True,182,
511,sf/query/images/FeLPBdMDl_X2JqL7i6ZI7g.jpg,clean,0.0,-1,1,1,0.5837321877479553,0.5837321877479553,0.49028581380844116,0.49028581380844116,0.09344637393951416,0.09344637393951416,0.0,0.0,0.0,0,1,1,1,0,0.0,0,0.0,2024,0,0,0,True,0,
511,sf/query/images/FeLPBdMDl_X2JqL7i6ZI7g.jpg,attention,0.1,-1,1,1,0.5837321877479553,0.36705702543258667,0.49028581380844116,0.3407587707042694,0.09344637393951416,0.02629825472831726,0.0671481192111969,0.21667516231536865,0.4518861770629883,0,1,1,1,0,0.10018903017044067,10388,1.0,2024,1343586685,0,0,True,20888,
511,sf/query/images/FeLPBdMDl_X2JqL7i6ZI7g.jpg,random,0.1,0,1,1,0.5837321877479553,0.3657829761505127,0.49028581380844116,0.3172686994075775,0.09344637393951416,0.04851427674293518,0.04493209719657898,0.21794921159744263,0.41373419761657715,0,1,1,1,0,0.10018903017044067,10388,0.39661199247109435,2024,1343586685,-12,24,True,20888,
511,sf/query/images/FeLPBdMDl_X2JqL7i6ZI7g.jpg,random,0.1,1,1,1,0.5837321877479553,0.5505117177963257,0.49028581380844116,0.45111435651779175,0.09344637393951416,0.09939736127853394,-0.005950987339019775,0.03322046995162964,0.10445034503936768,0,1,1,1,0,0.10018903017044067,10388,0.0425531914893617,2024,1343586685,-81,80,True,20888,
511,sf/query/images/FeLPBdMDl_X2JqL7i6ZI7g.jpg,random,0.1,2,1,1,0.5837321877479553,0.4622795879840851,0.49028581380844116,0.3448100686073303,0.09344637393951416,0.11746951937675476,-0.0240231454372406,0.12145259976387024,0.3335435390472412,0,1,1,1,0,0.10018903017044067,10388,0.30650232675135203,2024,1343586685,-8,43,True,20888,
511,sf/query/images/FeLPBdMDl_X2JqL7i6ZI7g.jpg,random,0.1,3,1,1,0.5837321877479553,0.5440841913223267,0.49028581380844116,0.45438864827156067,0.09344637393951416,0.08969554305076599,0.003750830888748169,0.03964799642562866,0.15800964832305908,0,1,1,1,0,0.10018903017044067,10388,0.07815256875973015,2024,1343586685,-57,-6,True,20888,
511,sf/query/images/FeLPBdMDl_X2JqL7i6ZI7g.jpg,random,0.1,4,1,1,0.5837321877479553,0.5785625576972961,0.49028581380844116,0.4835287928581238,0.09344637393951416,0.09503376483917236,-0.0015873908996582031,0.00516963005065918,0.01577669382095337,0,1,1,1,0,0.10018903017044067,10388,0.0,2024,1343586685,-123,6,True,20888,
511,sf/query/images/FeLPBdMDl_X2JqL7i6ZI7g.jpg,attention,0.15,-1,1,1,0.5837321877479553,0.32731395959854126,0.49028581380844116,0.3143652081489563,0.09344637393951416,0.012948751449584961,0.0804976224899292,0.25641822814941406,0.5097217559814453,0,1,1,1,0,0.14933836460113525,15484,1.0,2024,2182945270,0,0,True,13986,
511,sf/query/images/FeLPBdMDl_X2JqL7i6ZI7g.jpg,random,0.15,0,1,1,0.5837321877479553,0.5134940147399902,0.49028581380844116,0.39538735151290894,0.09344637393951416,0.1181066632270813,-0.02466028928756714,0.07023817300796509,0.15363532304763794,0,1,1,1,0,0.14933836460113525,15484,0.10292755894294466,2024,2182945270,65,26,True,13986,
511,sf/query/images/FeLPBdMDl_X2JqL7i6ZI7g.jpg,random,0.15,1,1,1,0.5837321877479553,0.5617933869361877,0.49028581380844116,0.47438278794288635,0.09344637393951416,0.08741059899330139,0.0060357749462127686,0.021938800811767578,0.04054439067840576,0,1,1,1,0,0.14933836460113525,15484,0.0,2024,2182945270,-120,66,True,13986,
511,sf/query/images/FeLPBdMDl_X2JqL7i6ZI7g.jpg,random,0.15,2,1,1,0.5837321877479553,0.3733982443809509,0.49028581380844116,0.28969839215278625,0.09344637393951416,0.08369985222816467,0.009746521711349487,0.2103339433670044,0.41501426696777344,0,1,1,1,0,0.14933836460113525,15484,0.3506629448709002,2024,2182945270,23,22,True,13986,
511,sf/query/images/FeLPBdMDl_X2JqL7i6ZI7g.jpg,random,0.15,3,1,1,0.5837321877479553,0.49124008417129517,0.49028581380844116,0.3844448924064636,0.09344637393951416,0.10679519176483154,-0.013348817825317383,0.09249210357666016,0.19145631790161133,0,1,1,1,0,0.14933836460113525,15484,0.12873596734217815,2024,2182945270,54,60,True,13986,
511,sf/query/images/FeLPBdMDl_X2JqL7i6ZI7g.jpg,random,0.15,4,1,1,0.5837321877479553,0.4633212983608246,0.49028581380844116,0.37809324264526367,0.09344637393951416,0.08522805571556091,0.008218318223953247,0.12041088938713074,0.26298975944519043,0,1,1,1,0,0.14933836460113525,15484,0.16421052631578947,2024,2182945270,52,7,True,13986,
511,sf/query/images/FeLPBdMDl_X2JqL7i6ZI7g.jpg,attention,0.2,-1,1,3,0.5837321877479553,0.2794865071773529,0.49028581380844116,0.2937037944793701,0.09344637393951416,-0.014217287302017212,0.10766366124153137,0.3042456805706024,0.5904171466827393,2,0,1,1,1,0.20037806034088135,20776,1.0,2024,1608935157,0,0,True,10430,
511,sf/query/images/FeLPBdMDl_X2JqL7i6ZI7g.jpg,random,0.2,0,1,1,0.5837321877479553,0.41704219579696655,0.49028581380844116,0.31972187757492065,0.09344637393951416,0.0973203182220459,-0.0038739442825317383,0.16668999195098877,0.35853296518325806,0,1,1,1,0,0.20037806034088135,20776,0.2740540872018152,2024,1608935157,40,37,True,10430,
511,sf/query/images/FeLPBdMDl_X2JqL7i6ZI7g.jpg,random,0.2,1,1,1,0.5837321877479553,0.4450915455818176,0.49028581380844116,0.3277966380119324,0.09344637393951416,0.11729490756988525,-0.023848533630371094,0.1386406421661377,0.31788814067840576,0,1,1,1,0,0.20037806034088135,20776,0.23255813953488372,2024,1608935157,42,56,True,10430,
511,sf/query/images/FeLPBdMDl_X2JqL7i6ZI7g.jpg,random,0.2,2,1,1,0.5837321877479553,0.4940844774246216,0.49028581380844116,0.3750857710838318,0.09344637393951416,0.1189987063407898,-0.025552332401275635,0.08964771032333374,0.24967288970947266,0,1,1,1,0,0.20037806034088135,20776,0.15000553525960367,2024,1608935157,-68,1,True,10430,
511,sf/query/images/FeLPBdMDl_X2JqL7i6ZI7g.jpg,random,0.2,3,1,1,0.5837321877479553,0.34752383828163147,0.49028581380844116,0.26791563630104065,0.09344637393951416,0.07960820198059082,0.01383817195892334,0.23620834946632385,0.41171741485595703,0,1,1,1,0,0.20037806034088135,20776,0.346031746031746,2024,1608935157,23,47,True,10430,
511,sf/query/images/FeLPBdMDl_X2JqL7i6ZI7g.jpg,random,0.2,4,1,1,0.5837321877479553,0.4597492516040802,0.49028581380844116,0.3577324151992798,0.09344637393951416,0.10201683640480042,-0.008570462465286255,0.12398293614387512,0.3016488552093506,0,1,1,1,0,0.20037806034088135,20776,0.21839080459770116,2024,1608935157,54,17,True,10430,
473,cph/query/images/au5CG_SS64Xg80NBodDc3g.jpg,clean,0.0,-1,1,1,0.5806055068969727,0.5806055068969727,0.2827695608139038,0.2827695608139038,0.29783594608306885,0.29783594608306885,0.0,0.0,0.0,0,1,1,1,0,0.0,0,0.0,2024,0,0,0,True,0,
473,cph/query/images/au5CG_SS64Xg80NBodDc3g.jpg,attention,0.1,-1,1,1,0.5806055068969727,0.39631223678588867,0.2827695608139038,0.2411397397518158,0.29783594608306885,0.15517249703407288,0.14266344904899597,0.18429327011108398,0.440077543258667,0,1,1,1,0,0.10018903017044067,10388,1.0,2024,1592322264,0,0,True,238,
473,cph/query/images/au5CG_SS64Xg80NBodDc3g.jpg,random,0.1,0,1,1,0.5806055068969727,0.572115421295166,0.2827695608139038,0.2795964479446411,0.29783594608306885,0.2925189733505249,0.005316972732543945,0.00849008560180664,0.041736900806427,0,1,1,1,0,0.10018903017044067,10388,0.0006743088334457181,2024,1592322264,83,0,True,238,
473,cph/query/images/au5CG_SS64Xg80NBodDc3g.jpg,random,0.1,1,1,1,0.5806055068969727,0.5798583030700684,0.2827695608139038,0.2756296694278717,0.29783594608306885,0.30422863364219666,-0.006392687559127808,0.0007472038269042969,0.035396695137023926,0,1,1,1,0,0.10018903017044067,10388,0.0040595399188092015,2024,1592322264,-78,0,True,238,
473,cph/query/images/au5CG_SS64Xg80NBodDc3g.jpg,random,0.1,2,1,1,0.5806055068969727,0.5733363032341003,0.2827695608139038,0.28491461277008057,0.29783594608306885,0.2884216904640198,0.009414255619049072,0.0072692036628723145,0.02926778793334961,0,1,1,1,0,0.10018903017044067,10388,0.0,2024,1592322264,89,0,True,238,
473,cph/query/images/au5CG_SS64Xg80NBodDc3g.jpg,random,0.1,3,1,1,0.5806055068969727,0.48711097240448,0.2827695608139038,0.2558794915676117,0.29783594608306885,0.2312314808368683,0.06660446524620056,0.09349453449249268,0.24815887212753296,0,1,1,1,0,0.10018903017044067,10388,0.11578947368421053,2024,1592322264,34,0,True,238,
473,cph/query/images/au5CG_SS64Xg80NBodDc3g.jpg,random,0.1,4,1,1,0.5806055068969727,0.5405037999153137,0.2827695608139038,0.26319918036460876,0.29783594608306885,0.27730461955070496,0.02053132653236389,0.040101706981658936,0.15335094928741455,0,1,1,1,0,0.10018903017044067,10388,0.0465444287729196,2024,1592322264,50,0,True,238,
473,cph/query/images/au5CG_SS64Xg80NBodDc3g.jpg,attention,0.15,-1,1,1,0.5806055068969727,0.31299397349357605,0.2827695608139038,0.23320910334587097,0.29783594608306885,0.07978487014770508,0.21805107593536377,0.2676115334033966,0.5261467695236206,0,1,1,1,0,0.14933836460113525,15484,1.0,2024,227834807,0,0,True,210,
473,cph/query/images/au5CG_SS64Xg80NBodDc3g.jpg,random,0.15,0,1,1,0.5806055068969727,0.5411051511764526,0.2827695608139038,0.25942790508270264,0.29783594608306885,0.28167724609375,0.016158699989318848,0.03950035572052002,0.1276606321334839,0,1,1,1,0,0.14933836460113525,15484,0.044381491973559964,2024,227834807,73,0,True,210,
473,cph/query/images/au5CG_SS64Xg80NBodDc3g.jpg,random,0.15,1,1,1,0.5806055068969727,0.5630316138267517,0.2827695608139038,0.2709895372390747,0.29783594608306885,0.292042076587677,0.005793869495391846,0.017573893070220947,0.05989164113998413,0,1,1,1,0,0.14933836460113525,15484,0.003629764065335753,2024,227834807,94,0,True,210,
473,cph/query/images/au5CG_SS64Xg80NBodDc3g.jpg,random,0.15,2,1,1,0.5806055068969727,0.5711535215377808,0.2827695608139038,0.2718769311904907,0.29783594608306885,0.29927659034729004,-0.0014406442642211914,0.009451985359191895,0.04676544666290283,0,1,1,1,0,0.14933836460113525,15484,0.02123730378578024,2024,227834807,-81,0,True,210,
473,cph/query/images/au5CG_SS64Xg80NBodDc3g.jpg,random,0.15,3,1,1,0.5806055068969727,0.5095551013946533,0.2827695608139038,0.2660374343395233,0.29783594608306885,0.24351766705513,0.05431827902793884,0.07105040550231934,0.26774024963378906,0,1,1,1,0,0.14933836460113525,15484,0.12972420837589377,2024,227834807,44,0,True,210,
473,cph/query/images/au5CG_SS64Xg80NBodDc3g.jpg,random,0.15,4,1,1,0.5806055068969727,0.31293976306915283,0.2827695608139038,0.23883959650993347,0.29783594608306885,0.07410016655921936,0.2237357795238495,0.2676657438278198,0.527642011642456,0,1,1,1,0,0.14933836460113525,15484,0.9523389232127096,2024,227834807,-1,0,True,210,
473,cph/query/images/au5CG_SS64Xg80NBodDc3g.jpg,attention,0.2,-1,1,1,0.5806055068969727,0.27939900755882263,0.2827695608139038,0.2188800871372223,0.29783594608306885,0.06051892042160034,0.2373170256614685,0.30120649933815,0.6205906271934509,0,1,1,1,0,0.20037806034088135,20776,1.0,2024,3826698303,0,0,True,182,
473,cph/query/images/au5CG_SS64Xg80NBodDc3g.jpg,random,0.2,0,1,1,0.5806055068969727,0.26701515913009644,0.2827695608139038,0.21702423691749573,0.29783594608306885,0.04999092221260071,0.24784502387046814,0.3135903477668762,0.6185396909713745,0,1,1,1,0,0.20037806034088135,20776,0.8219766728054021,2024,3826698303,5,0,True,182,
473,cph/query/images/au5CG_SS64Xg80NBodDc3g.jpg,random,0.2,1,1,1,0.5806055068969727,0.5597103834152222,0.2827695608139038,0.2699148654937744,0.29783594608306885,0.28979551792144775,0.008040428161621094,0.02089512348175049,0.061978936195373535,0,1,1,1,0,0.20037806034088135,20776,0.03450679679330777,2024,3826698303,-95,0,True,182,
473,cph/query/images/au5CG_SS64Xg80NBodDc3g.jpg,random,0.2,2,1,1,0.5806055068969727,0.2951221764087677,0.2827695608139038,0.23808257281780243,0.29783594608306885,0.05703960359096527,0.24079634249210358,0.28548333048820496,0.5286123752593994,0,1,1,1,0,0.20037806034088135,20776,0.5547407019381876,2024,3826698303,-15,0,True,182,
473,cph/query/images/au5CG_SS64Xg80NBodDc3g.jpg,random,0.2,3,1,1,0.5806055068969727,0.5303064584732056,0.2827695608139038,0.2748088240623474,0.29783594608306885,0.25549763441085815,0.04233831167221069,0.05029904842376709,0.1748943328857422,0,1,1,1,0,0.20037806034088135,20776,0.09844559585492228,2024,3826698303,70,0,True,182,
473,cph/query/images/au5CG_SS64Xg80NBodDc3g.jpg,random,0.2,4,1,1,0.5806055068969727,0.562626302242279,0.2827695608139038,0.2659454643726349,0.29783594608306885,0.29668083786964417,0.0011551082134246826,0.017979204654693604,0.08926153182983398,0,1,1,1,0,0.20037806034088135,20776,0.06075768406004289,2024,3826698303,82,0,True,182,
608,sf/query/images/gpZptm6tFv8T3pRDBGNk1w.jpg,clean,0.0,-1,1,1,0.5994937419891357,0.5994937419891357,0.26476579904556274,0.26476579904556274,0.334727942943573,0.334727942943573,0.0,0.0,0.0,0,1,1,1,0,0.0,0,0.0,2024,0,0,0,True,0,
608,sf/query/images/gpZptm6tFv8T3pRDBGNk1w.jpg,attention,0.1,-1,1,1,0.5994937419891357,0.4189637005329132,0.26476579904556274,0.24535472691059113,0.334727942943573,0.17360897362232208,0.16111896932125092,0.18053004145622253,0.3359978199005127,0,1,1,1,0,0.10018903017044067,10388,1.0,2024,700873506,0,0,True,19502,
608,sf/query/images/gpZptm6tFv8T3pRDBGNk1w.jpg,random,0.1,0,1,1,0.5994937419891357,0.48420456051826477,0.26476579904556274,0.24258457124233246,0.334727942943573,0.2416199892759323,0.09310795366764069,0.11528918147087097,0.18730080127716064,0,1,1,1,0,0.10018903017044067,10388,0.21241830065359477,2024,700873506,-48,56,True,19502,
608,sf/query/images/gpZptm6tFv8T3pRDBGNk1w.jpg,random,0.1,1,1,1,0.5994937419891357,0.5183833241462708,0.26476579904556274,0.22252024710178375,0.334727942943573,0.2958630919456482,0.038864850997924805,0.08111041784286499,0.12963378429412842,0,1,1,1,0,0.10018903017044067,10388,0.06652977412731007,2024,700873506,-58,16,True,19502,
608,sf/query/images/gpZptm6tFv8T3pRDBGNk1w.jpg,random,0.1,2,1,1,0.5994937419891357,0.5474163293838501,0.26476579904556274,0.2241961658000946,0.334727942943573,0.3232201635837555,0.011507779359817505,0.052077412605285645,0.18519270420074463,0,1,1,1,0,0.10018903017044067,10388,0.1376629065819735,2024,700873506,-39,-24,True,19502,
608,sf/query/images/gpZptm6tFv8T3pRDBGNk1w.jpg,random,0.1,3,1,1,0.5994937419891357,0.5299012660980225,0.26476579904556274,0.2421794980764389,0.334727942943573,0.28772175312042236,0.047006189823150635,0.06959247589111328,0.21533286571502686,0,1,1,1,0,0.10018903017044067,10388,0.15769530814666222,2024,700873506,25,40,True,19502,
608,sf/query/images/gpZptm6tFv8T3pRDBGNk1w.jpg,random,0.1,4,1,1,0.5994937419891357,0.5586093068122864,0.26476579904556274,0.25167834758758545,0.334727942943573,0.3069309592247009,0.02779698371887207,0.040884435176849365,0.10402023792266846,0,1,1,1,0,0.10018903017044067,10388,0.02103400825633969,2024,700873506,74,-12,True,19502,
608,sf/query/images/gpZptm6tFv8T3pRDBGNk1w.jpg,attention,0.15,-1,1,1,0.5994937419891357,0.36325329542160034,0.26476579904556274,0.22394034266471863,0.334727942943573,0.1393129527568817,0.19541499018669128,0.2362404465675354,0.41643333435058594,0,1,1,1,0,0.14933836460113525,15484,1.0,2024,265161681,0,0,True,11228,
608,sf/query/images/gpZptm6tFv8T3pRDBGNk1w.jpg,random,0.15,0,1,1,0.5994937419891357,0.3255917429924011,0.26476579904556274,0.21531715989112854,0.334727942943573,0.11027458310127258,0.22445335984230042,0.2739019989967346,0.44819414615631104,0,1,1,1,0,0.14933836460113525,15484,0.6129166666666667,2024,265161681,-1,13,True,11228,
608,sf/query/images/gpZptm6tFv8T3pRDBGNk1w.jpg,random,0.15,1,1,1,0.5994937419891357,0.4724111258983612,0.26476579904556274,0.19535700976848602,0.334727942943573,0.2770541310310364,0.05767381191253662,0.12708261609077454,0.25508666038513184,0,1,1,1,0,0.14933836460113525,15484,0.21049134190673494,2024,265161681,-41,-11,True,11228,
608,sf/query/images/gpZptm6tFv8T3pRDBGNk1w.jpg,random,0.15,2,1,1,0.5994937419891357,0.5700744390487671,0.26476579904556274,0.24163003265857697,0.334727942943573,0.3284444212913513,0.00628352165222168,0.029419302940368652,0.06598043441772461,0,1,1,1,0,0.14933836460113525,15484,0.04866072940300024,2024,265161681,-89,41,True,11228,
608,sf/query/images/gpZptm6tFv8T3pRDBGNk1w.jpg,random,0.15,3,1,1,0.5994937419891357,0.5592528581619263,0.26476579904556274,0.23735791444778442,0.334727942943573,0.32189494371414185,0.012832999229431152,0.04024088382720947,0.12414050102233887,0,1,1,1,0,0.14933836460113525,15484,0.04241281809613572,2024,265161681,74,33,True,11228,
608,sf/query/images/gpZptm6tFv8T3pRDBGNk1w.jpg,random,0.15,4,1,1,0.5994937419891357,0.5512428283691406,0.26476579904556274,0.2363385111093521,0.334727942943573,0.3149043321609497,0.01982361078262329,0.04825091361999512,0.18516027927398682,0,1,1,1,0,0.14933836460113525,15484,0.10473744292237443,2024,265161681,61,1,True,11228,
608,sf/query/images/gpZptm6tFv8T3pRDBGNk1w.jpg,attention,0.2,-1,1,1,0.5994937419891357,0.2787935137748718,0.26476579904556274,0.23758436739444733,0.334727942943573,0.0412091463804245,0.2935187965631485,0.3207002282142639,0.5149068832397461,0,1,1,1,0,0.20037806034088135,20776,1.0,2024,841078214,0,0,True,182,
608,sf/query/images/gpZptm6tFv8T3pRDBGNk1w.jpg,random,0.2,0,1,1,0.5994937419891357,0.4596192538738251,0.26476579904556274,0.21095891296863556,0.334727942943573,0.24866034090518951,0.08606760203838348,0.13987448811531067,0.27604830265045166,0,1,1,1,0,0.20037806034088135,20776,0.20797720797720798,2024,841078214,-49,0,True,182,
608,sf/query/images/gpZptm6tFv8T3pRDBGNk1w.jpg,random,0.2,1,1,1,0.5994937419891357,0.3214939832687378,0.26476579904556274,0.2379433959722519,0.334727942943573,0.0835505872964859,0.2511773556470871,0.27799975872039795,0.47043246030807495,0,1,1,1,0,0.20037806034088135,20776,0.6183206106870229,2024,841078214,14,0,True,182,
608,sf/query/images/gpZptm6tFv8T3pRDBGNk1w.jpg,random,0.2,2,1,1,0.5994937419891357,0.27038729190826416,0.26476579904556274,0.2194211632013321,0.334727942943573,0.05096612870693207,0.28376181423664093,0.3291064500808716,0.5191413164138794,0,1,1,1,0,0.20037806034088135,20776,0.8737373737373737,2024,841078214,4,0,True,182,
608,sf/query/images/gpZptm6tFv8T3pRDBGNk1w.jpg,random,0.2,3,1,1,0.5994937419891357,0.277737021446228,0.26476579904556274,0.1715031862258911,0.334727942943573,0.10623383522033691,0.22849410772323608,0.3217567205429077,0.48398828506469727,0,1,1,1,0,0.20037806034088135,20776,0.4802992518703242,2024,841078214,-23,0,True,182,
608,sf/query/images/gpZptm6tFv8T3pRDBGNk1w.jpg,random,0.2,4,1,1,0.5994937419891357,0.5132092237472534,0.26476579904556274,0.2401113212108612,0.334727942943573,0.2730979025363922,0.061630040407180786,0.08628451824188232,0.2680668830871582,0,1,1,1,0,0.20037806034088135,20776,0.11873350923482849,2024,841078214,63,0,True,182,
409,cph/query/images/u26jlurEQ1l598Zmv7HiGA.jpg,clean,0.0,-1,1,1,0.4900474548339844,0.4900474548339844,0.1251700073480606,0.1251700073480606,0.36487746238708496,0.36487746238708496,0.0,0.0,0.0,0,1,1,1,0,0.0,0,0.0,2024,0,0,0,True,0,
409,cph/query/images/u26jlurEQ1l598Zmv7HiGA.jpg,attention,0.1,-1,1,1,0.4900474548339844,0.42847877740859985,0.1251700073480606,0.12566471099853516,0.36487746238708496,0.3028140664100647,0.062063395977020264,0.06156867742538452,0.2527589797973633,0,1,1,1,0,0.10018903017044067,10388,1.0,2024,746549267,0,0,True,22274,
409,cph/query/images/u26jlurEQ1l598Zmv7HiGA.jpg,random,0.1,0,1,1,0.4900474548339844,0.4807029366493225,0.1251700073480606,0.12577053904533386,0.36487746238708496,0.35493239760398865,0.009945064783096313,0.009344518184661865,0.01890873908996582,0,1,1,1,0,0.10018903017044067,10388,0.0,2024,746549267,121,21,True,22274,
409,cph/query/images/u26jlurEQ1l598Zmv7HiGA.jpg,random,0.1,1,1,1,0.4900474548339844,0.47623521089553833,0.1251700073480606,0.12099437415599823,0.36487746238708496,0.3552408218383789,0.009636640548706055,0.013812243938446045,0.014627575874328613,0,1,1,1,0,0.10018903017044067,10388,0.0,2024,746549267,140,75,True,22274,
409,cph/query/images/u26jlurEQ1l598Zmv7HiGA.jpg,random,0.1,2,1,1,0.4900474548339844,0.45714226365089417,0.1251700073480606,0.1428755670785904,0.36487746238708496,0.3142666816711426,0.05061078071594238,0.03290519118309021,0.2387756109237671,0,1,1,1,0,0.10018903017044067,10388,0.24095090192330665,2024,746549267,-6,75,True,22274,
409,cph/query/images/u26jlurEQ1l598Zmv7HiGA.jpg,random,0.1,3,1,1,0.4900474548339844,0.4757939279079437,0.1251700073480606,0.12000104784965515,0.36487746238708496,0.3557928800582886,0.009084582328796387,0.01425352692604065,0.015448451042175293,0,1,1,1,0,0.10018903017044067,10388,0.0,2024,746549267,138,78,True,22274,
409,cph/query/images/u26jlurEQ1l598Zmv7HiGA.jpg,random,0.1,4,1,1,0.4900474548339844,0.48075130581855774,0.1251700073480606,0.11824551224708557,0.36487746238708496,0.36250579357147217,0.002371668815612793,0.009296149015426636,0.04839169979095459,0,1,1,1,0,0.10018903017044067,10388,0.0028963120293492954,2024,746549267,92,66,True,22274,
409,cph/query/images/u26jlurEQ1l598Zmv7HiGA.jpg,attention,0.15,-1,1,1,0.4900474548339844,0.38361039757728577,0.1251700073480606,0.12804478406906128,0.36487746238708496,0.2555656135082245,0.10931184887886047,0.10643705725669861,0.40746986865997314,0,1,1,1,0,0.14933836460113525,15484,1.0,2024,734058693,0,0,True,224,
409,cph/query/images/u26jlurEQ1l598Zmv7HiGA.jpg,random,0.15,0,1,1,0.4900474548339844,0.4428221583366394,0.1251700073480606,0.1285005658864975,0.36487746238708496,0.3143215775489807,0.05055588483810425,0.04722529649734497,0.21370625495910645,0,1,1,1,0,0.14933836460113525,15484,0.23162583518930957,2024,734058693,33,0,True,224,
409,cph/query/images/u26jlurEQ1l598Zmv7HiGA.jpg,random,0.15,1,1,1,0.4900474548339844,0.4739525020122528,0.1251700073480606,0.1253543198108673,0.36487746238708496,0.3485981822013855,0.016279280185699463,0.016094952821731567,0.01583719253540039,0,1,1,1,0,0.14933836460113525,15484,0.0,2024,734058693,137,0,True,224,
409,cph/query/images/u26jlurEQ1l598Zmv7HiGA.jpg,random,0.15,2,1,1,0.4900474548339844,0.4734859764575958,0.1251700073480606,0.1274031698703766,0.36487746238708496,0.34608280658721924,0.018794655799865723,0.01656147837638855,0.04909014701843262,0,1,1,1,0,0.14933836460113525,15484,0.013748854262144821,2024,734058693,93,0,True,224,
409,cph/query/images/u26jlurEQ1l598Zmv7HiGA.jpg,random,0.15,3,1,1,0.4900474548339844,0.42834487557411194,0.1251700073480606,0.14649981260299683,0.36487746238708496,0.2818450629711151,0.08303239941596985,0.061702579259872437,0.16493582725524902,0,1,1,1,0,0.14933836460113525,15484,0.2234513274336283,2024,734058693,-34,0,True,224,
409,cph/query/images/u26jlurEQ1l598Zmv7HiGA.jpg,random,0.15,4,1,1,0.4900474548339844,0.47991830110549927,0.1251700073480606,0.12526476383209229,0.36487746238708496,0.354653537273407,0.010223925113677979,0.010129153728485107,0.01840078830718994,0,1,1,1,0,0.14933836460113525,15484,0.0,2024,734058693,134,0,True,224,
409,cph/query/images/u26jlurEQ1l598Zmv7HiGA.jpg,attention,0.2,-1,1,1,0.4900474548339844,0.36808207631111145,0.1251700073480606,0.1484982967376709,0.36487746238708496,0.21958377957344055,0.1452936828136444,0.12196537852287292,0.47457003593444824,0,1,1,1,0,0.20037806034088135,20776,1.0,2024,1761358062,0,0,True,210,
409,cph/query/images/u26jlurEQ1l598Zmv7HiGA.jpg,random,0.2,0,1,1,0.4900474548339844,0.4817122220993042,0.1251700073480606,0.12164682149887085,0.36487746238708496,0.36006540060043335,0.004812061786651611,0.008335232734680176,0.012168467044830322,0,1,1,1,0,0.20037806034088135,20776,0.0,2024,1761358062,167,0,True,210,
409,cph/query/images/u26jlurEQ1l598Zmv7HiGA.jpg,random,0.2,1,1,1,0.4900474548339844,0.44511133432388306,0.1251700073480606,0.13201366364955902,0.36487746238708496,0.31309765577316284,0.05177980661392212,0.04493612051010132,0.12078523635864258,0,1,1,1,0,0.20037806034088135,20776,0.1099476439790576,2024,1761358062,70,0,True,210,
409,cph/query/images/u26jlurEQ1l598Zmv7HiGA.jpg,random,0.2,2,1,1,0.4900474548339844,0.4332870841026306,0.1251700073480606,0.14614486694335938,0.36487746238708496,0.28714221715927124,0.07773524522781372,0.05676037073135376,0.20912933349609375,0,1,1,1,0,0.20037806034088135,20776,0.21142857142857144,2024,1761358062,48,0,True,210,
409,cph/query/images/u26jlurEQ1l598Zmv7HiGA.jpg,random,0.2,3,1,1,0.4900474548339844,0.3927227854728699,0.1251700073480606,0.12080267071723938,0.36487746238708496,0.2719201147556305,0.09295734763145447,0.0973246693611145,0.3016319274902344,0,1,1,1,0,0.20037806034088135,20776,0.237698081734779,2024,1761358062,-41,0,True,210,
409,cph/query/images/u26jlurEQ1l598Zmv7HiGA.jpg,random,0.2,4,1,1,0.4900474548339844,0.4040241837501526,0.1251700073480606,0.12266270816326141,0.36487746238708496,0.28136146068573,0.08351600170135498,0.08602327108383179,0.2895853519439697,0,1,1,1,0,0.20037806034088135,20776,0.248107653490328,2024,1761358062,-39,0,True,210,
429,cph/query/images/1KKQSGD7dIWIh1eNA2aZkQ.jpg,clean,0.0,-1,1,1,0.5372415781021118,0.5372415781021118,0.28793400526046753,0.28793400526046753,0.2493075728416443,0.2493075728416443,0.0,0.0,0.0,0,1,1,1,0,0.0,0,0.0,2024,0,0,0,True,0,
429,cph/query/images/1KKQSGD7dIWIh1eNA2aZkQ.jpg,attention,0.1,-1,1,1,0.5372415781021118,0.4145567715167999,0.28793400526046753,0.29348888993263245,0.2493075728416443,0.12106788158416748,0.1282396912574768,0.12268480658531189,0.3314536213874817,0,1,1,1,0,0.10018903017044067,10388,1.0,2024,3067337048,0,0,True,13174,
429,cph/query/images/1KKQSGD7dIWIh1eNA2aZkQ.jpg,random,0.1,0,1,1,0.5372415781021118,0.391609787940979,0.28793400526046753,0.26493507623672485,0.2493075728416443,0.12667471170425415,0.12263286113739014,0.1456317901611328,0.23580360412597656,0,1,1,1,0,0.10018903017044067,10388,0.31344038437223415,2024,3067337048,5,-34,True,13174,
429,cph/query/images/1KKQSGD7dIWIh1eNA2aZkQ.jpg,random,0.1,1,1,1,0.5372415781021118,0.48900529742240906,0.28793400526046753,0.2776114344596863,0.2493075728416443,0.21139386296272278,0.03791370987892151,0.04823628067970276,0.21206718683242798,0,1,1,1,0,0.10018903017044067,10388,0.27124762895429233,2024,3067337048,31,-37,True,13174,
429,cph/query/images/1KKQSGD7dIWIh1eNA2aZkQ.jpg,random,0.1,2,1,1,0.5372415781021118,0.43181854486465454,0.28793400526046753,0.28331422805786133,0.2493075728416443,0.1485043168067932,0.10080325603485107,0.10542303323745728,0.18306517601013184,0,1,1,1,0,0.10018903017044067,10388,0.10071523178807947,2024,3067337048,-47,-19,True,13174,
429,cph/query/images/1KKQSGD7dIWIh1eNA2aZkQ.jpg,random,0.1,3,1,1,0.5372415781021118,0.4092996120452881,0.28793400526046753,0.2856770157814026,0.2493075728416443,0.1236225962638855,0.1256849765777588,0.12794196605682373,0.20213353633880615,0,1,1,1,0,0.10018903017044067,10388,0.11387518764743727,2024,3067337048,-38,-26,True,13174,
429,cph/query/images/1KKQSGD7dIWIh1eNA2aZkQ.jpg,random,0.1,4,1,1,0.5372415781021118,0.537214994430542,0.28793400526046753,0.28217384219169617,0.2493075728416443,0.2550411522388458,-0.005733579397201538,2.658367156982422e-05,0.042995333671569824,0,1,1,1,0,0.10018903017044067,10388,0.02103400825633969,2024,3067337048,83,-22,True,13174,
429,cph/query/images/1KKQSGD7dIWIh1eNA2aZkQ.jpg,attention,0.15,-1,1,1,0.5372415781021118,0.39900079369544983,0.28793400526046753,0.26542192697525024,0.2493075728416443,0.13357886672019958,0.1157287061214447,0.138240784406662,0.4230642318725586,0,1,1,1,0,0.14933836460113525,15484,1.0,2024,3131627868,0,0,True,2114,
429,cph/query/images/1KKQSGD7dIWIh1eNA2aZkQ.jpg,random,0.15,0,1,1,0.5372415781021118,0.38341936469078064,0.28793400526046753,0.24928168952465057,0.2493075728416443,0.13413767516613007,0.11516989767551422,0.15382221341133118,0.45430660247802734,0,1,1,1,0,0.14933836460113525,15484,0.42120238641578706,2024,3131627868,12,13,True,2114,
429,cph/query/images/1KKQSGD7dIWIh1eNA2aZkQ.jpg,random,0.15,1,1,1,0.5372415781021118,0.49989262223243713,0.28793400526046753,0.28298115730285645,0.2493075728416443,0.2169114649295807,0.0323961079120636,0.03734895586967468,0.1280205249786377,0,1,1,1,0,0.14933836460113525,15484,0.06602409638554217,2024,3131627868,61,12,True,2114,
429,cph/query/images/1KKQSGD7dIWIh1eNA2aZkQ.jpg,random,0.15,2,1,1,0.5372415781021118,0.353776752948761,0.28793400526046753,0.2411625236272812,0.2493075728416443,0.1126142293214798,0.1366933435201645,0.18346482515335083,0.38594019412994385,0,1,1,1,0,0.14933836460113525,15484,0.35646079719667106,2024,3131627868,-25,6,True,2114,
429,cph/query/images/1KKQSGD7dIWIh1eNA2aZkQ.jpg,random,0.15,3,1,1,0.5372415781021118,0.5036967992782593,0.28793400526046753,0.27550458908081055,0.2493075728416443,0.22819221019744873,0.021115362644195557,0.03354477882385254,0.21700775623321533,0,1,1,1,0,0.14933836460113525,15484,0.12308696598244723,2024,3131627868,45,5,True,2114,
429,cph/query/images/1KKQSGD7dIWIh1eNA2aZkQ.jpg,random,0.15,4,1,1,0.5372415781021118,0.5055245757102966,0.28793400526046753,0.28540921211242676,0.2493075728416443,0.22011536359786987,0.029192209243774414,0.031717002391815186,0.11761760711669922,0,1,1,1,0,0.14933836460113525,15484,0.061420345489443376,2024,3131627868,63,9,True,2114,
429,cph/query/images/1KKQSGD7dIWIh1eNA2aZkQ.jpg,attention,0.2,-1,1,1,0.5372415781021118,0.37688735127449036,0.28793400526046753,0.2500133812427521,0.2493075728416443,0.12687397003173828,0.122433602809906,0.16035422682762146,0.4935866594314575,0,1,1,1,0,0.20037806034088135,20776,1.0,2024,3846763240,0,0,True,126,
429,cph/query/images/1KKQSGD7dIWIh1eNA2aZkQ.jpg,random,0.2,0,1,1,0.5372415781021118,0.37891870737075806,0.28793400526046753,0.2354159653186798,0.2493075728416443,0.14350274205207825,0.10580483078956604,0.15832287073135376,0.48948001861572266,0,1,1,1,0,0.20037806034088135,20776,0.6060606060606061,2024,3846763240,14,0,True,126,
429,cph/query/images/1KKQSGD7dIWIh1eNA2aZkQ.jpg,random,0.2,1,1,1,0.5372415781021118,0.38979387283325195,0.28793400526046753,0.24056074023246765,0.2493075728416443,0.1492331326007843,0.10007444024085999,0.14744770526885986,0.49444615840911865,0,1,1,1,0,0.20037806034088135,20776,0.6289791437980241,2024,3846763240,13,0,True,126,
429,cph/query/images/1KKQSGD7dIWIh1eNA2aZkQ.jpg,random,0.2,2,1,1,0.5372415781021118,0.39026376605033875,0.28793400526046753,0.2320190668106079,0.2493075728416443,0.15824469923973083,0.09106287360191345,0.14697781205177307,0.4952888488769531,0,1,1,1,0,0.20037806034088135,20776,0.6768361581920904,2024,3846763240,11,0,True,126,
429,cph/query/images/1KKQSGD7dIWIh1eNA2aZkQ.jpg,random,0.2,3,1,1,0.5372415781021118,0.5348271131515503,0.28793400526046753,0.2896425724029541,0.2493075728416443,0.2451845407485962,0.004123032093048096,0.0024144649505615234,0.08722925186157227,0,1,1,1,0,0.20037806034088135,20776,0.04765266501941405,2024,3846763240,85,0,True,126,
429,cph/query/images/1KKQSGD7dIWIh1eNA2aZkQ.jpg,random,0.2,4,1,1,0.5372415781021118,0.5297480821609497,0.28793400526046753,0.2787749171257019,0.2493075728416443,0.2509731650352478,-0.0016655921936035156,0.007493495941162109,0.07542687654495239,0,1,1,1,0,0.20037806034088135,20776,0.027700831024930747,2024,3846763240,96,0,True,126,
550,sf/query/images/D7tQm-K1taBEuoVFJFflSg.jpg,clean,0.0,-1,1,1,0.6183624267578125,0.6183624267578125,0.25830885767936707,0.25830885767936707,0.36005356907844543,0.36005356907844543,0.0,0.0,0.0,0,1,1,1,0,0.0,0,0.0,2024,0,0,0,True,0,
550,sf/query/images/D7tQm-K1taBEuoVFJFflSg.jpg,attention,0.1,-1,1,1,0.6183624267578125,0.43295565247535706,0.25830885767936707,0.2411985993385315,0.36005356907844543,0.19175705313682556,0.16829651594161987,0.18540677428245544,0.37373852729797363,0,1,1,1,0,0.10018903017044067,10388,1.0,2024,3582657631,0,0,True,17962,
550,sf/query/images/D7tQm-K1taBEuoVFJFflSg.jpg,random,0.1,0,1,1,0.6183624267578125,0.5731303095817566,0.25830885767936707,0.25065675377845764,0.36005356907844543,0.32247355580329895,0.037580013275146484,0.04523211717605591,0.12535810470581055,0,1,1,1,0,0.10018903017044067,10388,0.015047879616963064,2024,3582657631,-59,11,True,17962,
550,sf/query/images/D7tQm-K1taBEuoVFJFflSg.jpg,random,0.1,1,1,1,0.6183624267578125,0.4825263023376465,0.25830885767936707,0.235162615776062,0.36005356907844543,0.24736368656158447,0.11268988251686096,0.13583612442016602,0.298587441444397,0,1,1,1,0,0.10018903017044067,10388,0.34237901402080506,2024,3582657631,17,21,True,17962,
550,sf/query/images/D7tQm-K1taBEuoVFJFflSg.jpg,random,0.1,2,1,1,0.6183624267578125,0.6233461499214172,0.25830885767936707,0.2539285123348236,0.36005356907844543,0.36941763758659363,-0.009364068508148193,-0.004983723163604736,0.006309151649475098,0,1,1,1,0,0.10018903017044067,10388,0.0,2024,3582657631,-169,25,True,17962,
550,sf/query/images/D7tQm-K1taBEuoVFJFflSg.jpg,random,0.1,3,1,1,0.6183624267578125,0.5500140190124512,0.25830885767936707,0.2621847987174988,0.36005356907844543,0.2878292202949524,0.07222434878349304,0.06834840774536133,0.2084972858428955,0,1,1,1,0,0.10018903017044067,10388,0.1635304659498208,2024,3582657631,-34,17,True,17962,
550,sf/query/images/D7tQm-K1taBEuoVFJFflSg.jpg,random,0.1,4,1,1,0.6183624267578125,0.5972025990486145,0.25830885767936707,0.25183728337287903,0.36005356907844543,0.3453653156757355,0.014688253402709961,0.021159827709197998,0.06390047073364258,0,1,1,1,0,0.10018903017044067,10388,0.012919896640826873,2024,3582657631,65,67,True,17962,
550,sf/query/images/D7tQm-K1taBEuoVFJFflSg.jpg,attention,0.15,-1,1,1,0.6183624267578125,0.37934696674346924,0.25830885767936707,0.2355841100215912,0.36005356907844543,0.14376285672187805,0.21629071235656738,0.23901546001434326,0.4891871213912964,0,1,1,1,0,0.14933836460113525,15484,1.0,2024,2812696606,0,0,True,6118,
550,sf/query/images/D7tQm-K1taBEuoVFJFflSg.jpg,random,0.15,0,1,1,0.6183624267578125,0.5060853362083435,0.25830885767936707,0.23650076985359192,0.36005356907844543,0.2695845663547516,0.09046900272369385,0.112277090549469,0.23239779472351074,0,1,1,1,0,0.14933836460113525,15484,0.14256198347107438,2024,2812696606,-45,7,True,6118,
550,sf/query/images/D7tQm-K1taBEuoVFJFflSg.jpg,random,0.15,1,1,1,0.6183624267578125,0.5204035639762878,0.25830885767936707,0.2491122931241989,0.36005356907844543,0.27129125595092773,0.0887623131275177,0.09795886278152466,0.2502284049987793,0,1,1,1,0,0.14933836460113525,15484,0.16054564533053514,2024,2812696606,-41,14,True,6118,
550,sf/query/images/D7tQm-K1taBEuoVFJFflSg.jpg,random,0.15,2,1,1,0.6183624267578125,0.5544412136077881,0.25830885767936707,0.26534950733184814,0.36005356907844543,0.28909170627593994,0.0709618628025055,0.06392121315002441,0.0611419677734375,0,1,1,1,0,0.14933836460113525,15484,0.0025250890255746196,2024,2812696606,-95,2,True,6118,
550,sf/query/images/D7tQm-K1taBEuoVFJFflSg.jpg,random,0.15,3,1,1,0.6183624267578125,0.4522278904914856,0.25830885767936707,0.21717937290668488,0.36005356907844543,0.23504851758480072,0.12500505149364471,0.1661345362663269,0.39363914728164673,0,1,1,1,0,0.14933836460113525,15484,0.39119496855345914,2024,2812696606,-20,7,True,6118,
550,sf/query/images/D7tQm-K1taBEuoVFJFflSg.jpg,random,0.15,4,1,1,0.6183624267578125,0.607286274433136,0.25830885767936707,0.2513675391674042,0.36005356907844543,0.3559187352657318,0.004134833812713623,0.011076152324676514,0.014749765396118164,0,1,1,1,0,0.14933836460113525,15484,0.0,2024,2812696606,-136,5,True,6118,
550,sf/query/images/D7tQm-K1taBEuoVFJFflSg.jpg,attention,0.2,-1,1,1,0.6183624267578125,0.30876293778419495,0.25830885767936707,0.23300138115882874,0.36005356907844543,0.07576155662536621,0.2842920124530792,0.30959948897361755,0.5769181847572327,0,1,1,1,0,0.20037806034088135,20776,1.0,2024,766929053,0,0,True,2954,
550,sf/query/images/D7tQm-K1taBEuoVFJFflSg.jpg,random,0.2,0,1,1,0.6183624267578125,0.6036680936813354,0.25830885767936707,0.2503255307674408,0.36005356907844543,0.35334256291389465,0.006711006164550781,0.01469433307647705,0.02441352605819702,0,1,1,1,0,0.20037806034088135,20776,0.0,2024,766929053,-128,13,True,2954,
550,sf/query/images/D7tQm-K1taBEuoVFJFflSg.jpg,random,0.2,1,1,1,0.6183624267578125,0.584687352180481,0.25830885767936707,0.2536798119544983,0.36005356907844543,0.33100754022598267,0.02904602885246277,0.03367507457733154,0.05001401901245117,0,1,1,1,0,0.20037806034088135,20776,0.0,2024,766929053,-108,6,True,2954,
550,sf/query/images/D7tQm-K1taBEuoVFJFflSg.jpg,random,0.2,2,1,1,0.6183624267578125,0.4096912741661072,0.25830885767936707,0.2406008243560791,0.36005356907844543,0.16909044981002808,0.19096311926841736,0.20867115259170532,0.48119819164276123,0,1,1,1,0,0.20037806034088135,20776,0.3520760119744891,2024,766929053,33,6,True,2954,
550,sf/query/images/D7tQm-K1taBEuoVFJFflSg.jpg,random,0.2,3,1,1,0.6183624267578125,0.39444199204444885,0.25830885767936707,0.20647864043712616,0.36005356907844543,0.1879633516073227,0.17209021747112274,0.22392043471336365,0.5185815691947937,0,1,1,1,0,0.20037806034088135,20776,0.49231432265479097,2024,766929053,-20,10,True,2954,
550,sf/query/images/D7tQm-K1taBEuoVFJFflSg.jpg,random,0.2,4,1,1,0.6183624267578125,0.4573342204093933,0.25830885767936707,0.2390425056219101,0.36005356907844543,0.21829171478748322,0.14176185429096222,0.1610282063484192,0.33724355697631836,0,1,1,1,0,0.20037806034088135,20776,0.27710843373493976,2024,766929053,-40,3,True,2954,
275,cph/query/images/GfX2AbY3EM9HCq09pLELlA.jpg,clean,0.0,-1,1,1,0.5268898010253906,0.5268898010253906,0.3096073269844055,0.3096073269844055,0.2172824740409851,0.2172824740409851,0.0,0.0,0.0,0,1,1,1,0,0.0,0,0.0,2024,0,0,0,True,0,
275,cph/query/images/GfX2AbY3EM9HCq09pLELlA.jpg,attention,0.1,-1,1,1,0.5268898010253906,0.41307592391967773,0.3096073269844055,0.26785820722579956,0.2172824740409851,0.14521771669387817,0.07206475734710693,0.11381387710571289,0.3562229871749878,0,1,1,1,0,0.10018903017044067,10388,1.0,2024,1482748958,0,0,True,16968,
275,cph/query/images/GfX2AbY3EM9HCq09pLELlA.jpg,random,0.1,0,1,1,0.5268898010253906,0.41326698660850525,0.3096073269844055,0.29195696115493774,0.2172824740409851,0.1213100254535675,0.0959724485874176,0.11362281441688538,0.20528995990753174,0,1,1,1,0,0.10018903017044067,10388,0.18341307814992025,2024,1482748958,-34,14,True,16968,
275,cph/query/images/GfX2AbY3EM9HCq09pLELlA.jpg,random,0.1,1,1,1,0.5268898010253906,0.522669792175293,0.3096073269844055,0.30556702613830566,0.2172824740409851,0.2171027660369873,0.00017970800399780273,0.004220008850097656,0.010796546936035156,0,1,1,1,0,0.10018903017044067,10388,0.0,2024,1482748958,-148,1,True,16968,
275,cph/query/images/GfX2AbY3EM9HCq09pLELlA.jpg,random,0.1,2,1,1,0.5268898010253906,0.4853678345680237,0.3096073269844055,0.29765984416007996,0.2172824740409851,0.18770799040794373,0.029574483633041382,0.04152196645736694,0.2126479148864746,0,1,1,1,0,0.10018903017044067,10388,0.1893067719961074,2024,1482748958,37,23,True,16968,
275,cph/query/images/GfX2AbY3EM9HCq09pLELlA.jpg,random,0.1,3,1,1,0.5268898010253906,0.5353217124938965,0.3096073269844055,0.32413601875305176,0.2172824740409851,0.21118569374084473,0.006096780300140381,-0.00843191146850586,0.17379462718963623,0,1,1,1,0,0.10018903017044067,10388,0.1995381062355658,2024,1482748958,36,4,True,16968,
275,cph/query/images/GfX2AbY3EM9HCq09pLELlA.jpg,random,0.1,4,1,1,0.5268898010253906,0.5146317481994629,0.3096073269844055,0.3055664002895355,0.2172824740409851,0.20906534790992737,0.00821712613105774,0.012258052825927734,0.015167593955993652,0,1,1,1,0,0.10018903017044067,10388,0.0,2024,1482748958,-110,31,True,16968,
275,cph/query/images/GfX2AbY3EM9HCq09pLELlA.jpg,attention,0.15,-1,1,1,0.5268898010253906,0.34829601645469666,0.3096073269844055,0.25104302167892456,0.2172824740409851,0.0972529947757721,0.12002947926521301,0.17859378457069397,0.442563533782959,0,1,1,1,0,0.14933836460113525,15484,1.0,2024,2796032994,0,0,True,9674,
275,cph/query/images/GfX2AbY3EM9HCq09pLELlA.jpg,random,0.15,0,1,1,0.5268898010253906,0.5002602934837341,0.3096073269844055,0.30014127492904663,0.2172824740409851,0.2001190185546875,0.017163455486297607,0.026629507541656494,0.08995521068572998,0,1,1,1,0,0.14933836460113525,15484,0.03989254533243788,2024,2796032994,68,41,True,9674,
275,cph/query/images/GfX2AbY3EM9HCq09pLELlA.jpg,random,0.15,1,1,1,0.5268898010253906,0.49237072467803955,0.3096073269844055,0.30644530057907104,0.2172824740409851,0.1859254240989685,0.0313570499420166,0.034519076347351074,0.27993524074554443,0,1,1,1,0,0.14933836460113525,15484,0.2072353032901918,2024,2796032994,40,5,True,9674,
275,cph/query/images/GfX2AbY3EM9HCq09pLELlA.jpg,random,0.15,2,1,1,0.5268898010253906,0.48310136795043945,0.3096073269844055,0.30293893814086914,0.2172824740409851,0.1801624298095703,0.037120044231414795,0.04378843307495117,0.0558660626411438,0,1,1,1,0,0.14933836460113525,15484,0.017780260952443554,2024,2796032994,-79,13,True,9674,
275,cph/query/images/GfX2AbY3EM9HCq09pLELlA.jpg,random,0.15,3,1,1,0.5268898010253906,0.37631353735923767,0.3096073269844055,0.2792001962661743,0.2172824740409851,0.09711334109306335,0.12016913294792175,0.15057626366615295,0.3426544666290283,0,1,1,1,0,0.14933836460113525,15484,0.3872065938003942,2024,2796032994,-18,38,True,9674,
275,cph/query/images/GfX2AbY3EM9HCq09pLELlA.jpg,random,0.15,4,1,1,0.5268898010253906,0.5211167931556702,0.3096073269844055,0.32230159640312195,0.2172824740409851,0.19881519675254822,0.01846727728843689,0.005773007869720459,0.1414218544960022,0,1,1,1,0,0.14933836460113525,15484,0.08321382349854839,2024,2796032994,55,29,True,9674,
275,cph/query/images/GfX2AbY3EM9HCq09pLELlA.jpg,attention,0.2,-1,1,1,0.5268898010253906,0.3232477605342865,0.3096073269844055,0.24051447212696075,0.2172824740409851,0.08273328840732574,0.13454918563365936,0.20364204049110413,0.5271615982055664,0,1,1,1,0,0.20037806034088135,20776,1.0,2024,77830103,0,0,True,210,
275,cph/query/images/GfX2AbY3EM9HCq09pLELlA.jpg,random,0.2,0,1,1,0.5268898010253906,0.40850454568862915,0.3096073269844055,0.24511264264583588,0.2172824740409851,0.16339190304279327,0.053890570998191833,0.11838525533676147,0.43934720754623413,0,1,1,1,0,0.20037806034088135,20776,0.48771929824561405,2024,77830103,21,0,True,210,
275,cph/query/images/GfX2AbY3EM9HCq09pLELlA.jpg,random,0.2,1,1,1,0.5268898010253906,0.4605344235897064,0.3096073269844055,0.3088092803955078,0.2172824740409851,0.1517251431941986,0.0655573308467865,0.0663553774356842,0.10478460788726807,0,1,1,1,0,0.20037806034088135,20776,0.0517363571934798,2024,77830103,-71,0,True,210,
275,cph/query/images/GfX2AbY3EM9HCq09pLELlA.jpg,random,0.2,2,1,1,0.5268898010253906,0.306881844997406,0.3096073269844055,0.24747870862483978,0.2172824740409851,0.05940313637256622,0.15787933766841888,0.22000795602798462,0.3724294900894165,0,1,1,1,0,0.20037806034088135,20776,0.3357335733573357,2024,77830103,-34,0,True,210,
275,cph/query/images/GfX2AbY3EM9HCq09pLELlA.jpg,random,0.2,3,1,1,0.5268898010253906,0.5185651779174805,0.3096073269844055,0.30400747060775757,0.2172824740409851,0.2145577073097229,0.002724766731262207,0.008324623107910156,0.025692343711853027,0,1,1,1,0,0.20037806034088135,20776,0.0,2024,77830103,-126,0,True,210,
275,cph/query/images/GfX2AbY3EM9HCq09pLELlA.jpg,random,0.2,4,1,1,0.5268898010253906,0.48149263858795166,0.3096073269844055,0.28991979360580444,0.2172824740409851,0.19157284498214722,0.02570962905883789,0.045397162437438965,0.2561453580856323,0,1,1,1,0,0.20037806034088135,20776,0.18435754189944134,2024,77830103,49,0,True,210,
613,sf/query/images/PJOwY_cSJrtjgRVL6alDOA.jpg,clean,0.0,-1,1,1,0.45828208327293396,0.45828208327293396,0.4112192988395691,0.4112192988395691,0.04706278443336487,0.04706278443336487,0.0,0.0,0.0,0,1,1,1,0,0.0,0,0.0,2024,0,0,0,True,0,
613,sf/query/images/PJOwY_cSJrtjgRVL6alDOA.jpg,attention,0.1,-1,1,1,0.45828208327293396,0.39389708638191223,0.4112192988395691,0.3642818331718445,0.04706278443336487,0.02961525321006775,0.01744753122329712,0.06438499689102173,0.2555459141731262,0,1,1,1,0,0.10018903017044067,10388,1.0,2024,1649670245,0,0,True,14364,
613,sf/query/images/PJOwY_cSJrtjgRVL6alDOA.jpg,random,0.1,0,1,1,0.45828208327293396,0.38589590787887573,0.4112192988395691,0.36847347021102905,0.04706278443336487,0.01742243766784668,0.02964034676551819,0.07238617539405823,0.19577044248580933,0,1,1,1,0,0.10018903017044067,10388,0.2967170141056048,2024,1649670245,-23,-18,True,14364,
613,sf/query/images/PJOwY_cSJrtjgRVL6alDOA.jpg,random,0.1,1,1,1,0.45828208327293396,0.4359954297542572,0.4112192988395691,0.4076860547065735,0.04706278443336487,0.028309375047683716,0.018753409385681152,0.022286653518676758,0.057555973529815674,0,1,1,1,0,0.10018903017044067,10388,0.040568967244315336,2024,1649670245,-80,-11,True,14364,
613,sf/query/images/PJOwY_cSJrtjgRVL6alDOA.jpg,random,0.1,2,1,1,0.45828208327293396,0.4463275372982025,0.4112192988395691,0.4255455732345581,0.04706278443336487,0.02078196406364441,0.02628082036972046,0.011954545974731445,0.09350979328155518,0,1,1,1,0,0.10018903017044067,10388,0.0667488190593551,2024,1649670245,72,6,True,14364,
613,sf/query/images/PJOwY_cSJrtjgRVL6alDOA.jpg,random,0.1,3,1,1,0.45828208327293396,0.36923354864120483,0.4112192988395691,0.3354083001613617,0.04706278443336487,0.03382524847984314,0.013237535953521729,0.08904853463172913,0.27117204666137695,0,1,1,1,0,0.10018903017044067,10388,0.505289088537893,2024,1649670245,-9,-6,True,14364,
613,sf/query/images/PJOwY_cSJrtjgRVL6alDOA.jpg,random,0.1,4,1,1,0.45828208327293396,0.44373852014541626,0.4112192988395691,0.4234223961830139,0.04706278443336487,0.020316123962402344,0.026746660470962524,0.0145435631275177,0.07881385087966919,0,1,1,1,0,0.10018903017044067,10388,0.03424930306650737,2024,1649670245,82,13,True,14364,
613,sf/query/images/PJOwY_cSJrtjgRVL6alDOA.jpg,attention,0.15,-1,1,2,0.45828208327293396,0.35193145275115967,0.4112192988395691,0.3832124173641205,0.04706278443336487,-0.031280964612960815,0.07834374904632568,0.10635063052177429,0.3864138126373291,1,0,1,1,1,0.14933836460113525,15484,1.0,2024,201810234,0,0,True,8834,
613,sf/query/images/PJOwY_cSJrtjgRVL6alDOA.jpg,random,0.15,0,1,3,0.45828208327293396,0.3541278541088104,0.4112192988395691,0.36281508207321167,0.04706278443336487,-0.008687227964401245,0.05575001239776611,0.10415422916412354,0.3442814350128174,2,0,1,1,1,0.14933836460113525,15484,0.38175977155095486,2024,201810234,-18,10,True,8834,
613,sf/query/images/PJOwY_cSJrtjgRVL6alDOA.jpg,random,0.15,1,1,1,0.45828208327293396,0.3609731197357178,0.4112192988395691,0.35773134231567383,0.04706278443336487,0.0032417774200439453,0.04382100701332092,0.09730896353721619,0.1796777844429016,0,1,1,1,0,0.14933836460113525,15484,0.146793067693675,2024,201810234,48,-37,True,8834,
613,sf/query/images/PJOwY_cSJrtjgRVL6alDOA.jpg,random,0.15,2,1,1,0.45828208327293396,0.4394298195838928,0.4112192988395691,0.42598819732666016,0.04706278443336487,0.013441622257232666,0.0336211621761322,0.018852263689041138,0.16377627849578857,0,1,1,1,0,0.14933836460113525,15484,0.13319672131147542,2024,201810234,51,1,True,8834,
613,sf/query/images/PJOwY_cSJrtjgRVL6alDOA.jpg,random,0.15,3,1,8,0.45828208327293396,0.31036126613616943,0.4112192988395691,0.36019474267959595,0.04706278443336487,-0.049833476543426514,0.09689626097679138,0.14792081713676453,0.38151639699935913,7,0,0,1,1,0.14933836460113525,15484,0.43663017257376135,2024,201810234,12,-12,True,8834,
613,sf/query/images/PJOwY_cSJrtjgRVL6alDOA.jpg,random,0.15,4,1,4,0.45828208327293396,0.3407159447669983,0.4112192988395691,0.36604782938957214,0.04706278443336487,-0.025331884622573853,0.07239466905593872,0.11756613850593567,0.2447514533996582,3,0,1,1,1,0.14933836460113525,15484,0.21653048397234445,2024,201810234,30,-40,True,8834,
613,sf/query/images/PJOwY_cSJrtjgRVL6alDOA.jpg,attention,0.2,-1,1,8,0.45828208327293396,0.2572687864303589,0.4112192988395691,0.3232561945915222,0.04706278443336487,-0.06598740816116333,0.1130501925945282,0.20101329684257507,0.4925178289413452,7,0,0,1,1,0.20037806034088135,20776,1.0,2024,507456142,0,0,True,6062,
613,sf/query/images/PJOwY_cSJrtjgRVL6alDOA.jpg,random,0.2,0,1,8,0.45828208327293396,0.2979530692100525,0.4112192988395691,0.34932273626327515,0.04706278443336487,-0.051369667053222656,0.09843245148658752,0.16032901406288147,0.4130268096923828,7,0,0,1,1,0.20037806034088135,20776,0.532266391326794,2024,507456142,7,-18,True,6062,
613,sf/query/images/PJOwY_cSJrtjgRVL6alDOA.jpg,random,0.2,1,1,10,0.45828208327293396,0.2801964581012726,0.4112192988395691,0.33892422914505005,0.04706278443336487,-0.058727771043777466,0.10579055547714233,0.17808562517166138,0.4229212999343872,9,0,0,1,1,0.20037806034088135,20776,0.4289841116995667,2024,507456142,19,-20,True,6062,
613,sf/query/images/PJOwY_cSJrtjgRVL6alDOA.jpg,random,0.2,2,1,1,0.45828208327293396,0.391867071390152,0.4112192988395691,0.37398117780685425,0.04706278443336487,0.01788589358329773,0.02917689085006714,0.06641501188278198,0.1807621717453003,0,1,1,1,0,0.20037806034088135,20776,0.09249618762160172,2024,507456142,-78,-41,True,6062,
613,sf/query/images/PJOwY_cSJrtjgRVL6alDOA.jpg,random,0.2,3,1,1,0.45828208327293396,0.40000057220458984,0.4112192988395691,0.38209447264671326,0.04706278443336487,0.017906099557876587,0.02915668487548828,0.058281511068344116,0.18779176473617554,0,1,1,1,0,0.20037806034088135,20776,0.11369606003752346,2024,507456142,-73,-42,True,6062,
613,sf/query/images/PJOwY_cSJrtjgRVL6alDOA.jpg,random,0.2,4,1,2,0.45828208327293396,0.3012121617794037,0.4112192988395691,0.3322833478450775,0.04706278443336487,-0.031071186065673828,0.0781339704990387,0.15706992149353027,0.42346763610839844,1,0,1,1,1,0.20037806034088135,20776,0.55270729793356,2024,507456142,1,-21,True,6062,
509,sf/query/images/EZ1EK79lqKeskXcLo-posw.jpg,clean,0.0,-1,3,3,0.479596346616745,0.479596346616745,0.4867946207523346,0.4867946207523346,-0.0071982741355896,-0.0071982741355896,0.0,0.0,0.0,0,0,1,1,0,0.0,0,0.0,2024,0,0,0,True,0,
509,sf/query/images/EZ1EK79lqKeskXcLo-posw.jpg,attention,0.1,-1,3,1,0.479596346616745,0.411465585231781,0.4867946207523346,0.40736550092697144,-0.0071982741355896,0.00410008430480957,-0.01129835844039917,0.06813076138496399,0.30565333366394043,-2,1,1,1,0,0.10018903017044067,10388,1.0,2024,1425872172,0,0,True,25424,
509,sf/query/images/EZ1EK79lqKeskXcLo-posw.jpg,random,0.1,0,3,2,0.479596346616745,0.4752098619937897,0.4867946207523346,0.4768797755241394,-0.0071982741355896,-0.0016699135303497314,-0.005528360605239868,0.004386484622955322,0.022410452365875244,-1,0,1,1,0,0.10018903017044067,10388,0.0,2024,1425872172,-119,-11,True,25424,
509,sf/query/images/EZ1EK79lqKeskXcLo-posw.jpg,random,0.1,1,3,2,0.479596346616745,0.40453746914863586,0.4867946207523346,0.4346667230129242,-0.0071982741355896,-0.03012925386428833,0.02293097972869873,0.07505887746810913,0.2547025680541992,-1,0,1,1,0,0.10018903017044067,10388,0.35968586387434553,2024,1425872172,4,47,True,25424,
509,sf/query/images/EZ1EK79lqKeskXcLo-posw.jpg,random,0.1,2,3,2,0.479596346616745,0.48393476009368896,0.4867946207523346,0.4848567843437195,-0.0071982741355896,-0.0009220242500305176,-0.006276249885559082,-0.00433841347694397,0.02823162078857422,-1,0,1,1,0,0.10018903017044067,10388,0.0,2024,1425872172,-114,19,True,25424,
509,sf/query/images/EZ1EK79lqKeskXcLo-posw.jpg,random,0.1,3,3,2,0.479596346616745,0.4556443691253662,0.4867946207523346,0.46718722581863403,-0.0071982741355896,-0.011542856693267822,0.004344582557678223,0.023951977491378784,0.08172410726547241,-1,0,1,1,0,0.10018903017044067,10388,0.059783717608651296,2024,1425872172,46,62,True,25424,
509,sf/query/images/EZ1EK79lqKeskXcLo-posw.jpg,random,0.1,4,3,1,0.479596346616745,0.5049183368682861,0.4867946207523346,0.4857746362686157,-0.0071982741355896,0.01914370059967041,-0.02634197473526001,-0.025321990251541138,0.23072326183319092,-2,1,1,1,0,0.10018903017044067,10388,0.19005613472333602,2024,1425872172,-39,1,True,25424,
509,sf/query/images/EZ1EK79lqKeskXcLo-posw.jpg,attention,0.15,-1,3,1,0.479596346616745,0.38423117995262146,0.4867946207523346,0.3347686231136322,-0.0071982741355896,0.04946255683898926,-0.05666083097457886,0.09536516666412354,0.4234631061553955,-2,1,1,1,0,0.14933836460113525,15484,1.0,2024,3192095524,0,0,True,14980,
509,sf/query/images/EZ1EK79lqKeskXcLo-posw.jpg,random,0.15,0,3,1,0.479596346616745,0.42412063479423523,0.4867946207523346,0.3814733922481537,-0.0071982741355896,0.04264724254608154,-0.04984551668167114,0.055475711822509766,0.2821788787841797,-2,1,1,1,0,0.14933836460113525,15484,0.3031476182460865,2024,3192095524,34,24,True,14980,
509,sf/query/images/EZ1EK79lqKeskXcLo-posw.jpg,random,0.15,1,3,2,0.479596346616745,0.3767734169960022,0.4867946207523346,0.3957432210445404,-0.0071982741355896,-0.018969804048538208,0.011771529912948608,0.1028229296207428,0.3150947690010071,-1,0,1,1,0,0.14933836460113525,15484,0.42159383033419023,2024,3192095524,17,42,True,14980,
509,sf/query/images/EZ1EK79lqKeskXcLo-posw.jpg,random,0.15,2,3,1,0.479596346616745,0.4483652710914612,0.4867946207523346,0.42158302664756775,-0.0071982741355896,0.026782244443893433,-0.03398051857948303,0.031231075525283813,0.18584752082824707,-2,1,1,1,0,0.14933836460113525,15484,0.16011088634149998,2024,3192095524,52,27,True,14980,
509,sf/query/images/EZ1EK79lqKeskXcLo-posw.jpg,random,0.15,3,3,1,0.479596346616745,0.4338996112346649,0.4867946207523346,0.4189172387123108,-0.0071982741355896,0.014982372522354126,-0.022180646657943726,0.04569673538208008,0.2293781042098999,-2,1,1,1,0,0.14933836460113525,15484,0.21964475601591116,2024,3192095524,39,59,True,14980,
509,sf/query/images/EZ1EK79lqKeskXcLo-posw.jpg,random,0.15,4,3,2,0.479596346616745,0.4881959855556488,0.4867946207523346,0.4900253713130951,-0.0071982741355896,-0.001829385757446289,-0.0053688883781433105,-0.008599638938903809,0.04749560356140137,-1,0,1,1,0,0.14933836460113525,15484,0.009124087591240875,2024,3192095524,-102,47,True,14980,
509,sf/query/images/EZ1EK79lqKeskXcLo-posw.jpg,attention,0.2,-1,3,1,0.479596346616745,0.3783218264579773,0.4867946207523346,0.33239907026290894,-0.0071982741355896,0.04592275619506836,-0.05312103033065796,0.1012745201587677,0.49096643924713135,-2,1,1,1,0,0.20037806034088135,20776,1.0,2024,3591925201,0,0,True,11228,
509,sf/query/images/EZ1EK79lqKeskXcLo-posw.jpg,random,0.2,0,3,1,0.479596346616745,0.45795977115631104,0.4867946207523346,0.40415382385253906,-0.0071982741355896,0.05380594730377197,-0.06100422143936157,0.02163657546043396,0.39050185680389404,-2,1,1,1,0,0.20037806034088135,20776,0.29011425732737206,2024,3591925201,-43,10,True,11228,
509,sf/query/images/EZ1EK79lqKeskXcLo-posw.jpg,random,0.2,1,3,2,0.479596346616745,0.47941040992736816,0.4867946207523346,0.49248647689819336,-0.0071982741355896,-0.013076066970825195,0.005877792835235596,0.00018593668937683105,0.031761765480041504,-1,0,1,1,0,0.20037806034088135,20776,0.0,2024,3591925201,-126,29,True,11228,
509,sf/query/images/EZ1EK79lqKeskXcLo-posw.jpg,random,0.2,2,3,1,0.479596346616745,0.4482339322566986,0.4867946207523346,0.3314797282218933,-0.0071982741355896,0.1167542040348053,-0.1239524781703949,0.03136241436004639,0.44114840030670166,-2,1,1,1,0,0.20037806034088135,20776,0.38562091503267976,2024,3591925201,-32,2,True,11228,
509,sf/query/images/EZ1EK79lqKeskXcLo-posw.jpg,random,0.2,3,3,1,0.479596346616745,0.44054317474365234,0.4867946207523346,0.35853835940361023,-0.0071982741355896,0.08200481534004211,-0.08920308947563171,0.03905317187309265,0.41247808933258057,-2,1,1,1,0,0.20037806034088135,20776,0.38932727029557307,2024,3591925201,-26,30,True,11228,
509,sf/query/images/EZ1EK79lqKeskXcLo-posw.jpg,random,0.2,4,3,1,0.479596346616745,0.4118802547454834,0.4867946207523346,0.3937787413597107,-0.0071982741355896,0.018101513385772705,-0.025299787521362305,0.0677160918712616,0.3380119800567627,-2,1,1,1,0,0.20037806034088135,20776,0.363254593175853,2024,3591925201,33,25,True,11228,
37,cph/query/images/JnH0U8Td1RFxsosJlu-NVQ.jpg,clean,0.0,-1,1,1,0.48609673976898193,0.48609673976898193,0.2569523751735687,0.2569523751735687,0.2291443645954132,0.2291443645954132,0.0,0.0,0.0,0,1,1,1,0,0.0,0,0.0,2024,0,0,0,True,0,
37,cph/query/images/JnH0U8Td1RFxsosJlu-NVQ.jpg,attention,0.1,-1,1,1,0.48609673976898193,0.3851272165775299,0.2569523751735687,0.259004145860672,0.2291443645954132,0.1261230707168579,0.1030212938785553,0.10096952319145203,0.27099883556365967,0,1,1,1,0,0.10018903017044067,10388,1.0,2024,3440571898,0,0,True,19096,
37,cph/query/images/JnH0U8Td1RFxsosJlu-NVQ.jpg,random,0.1,0,1,1,0.48609673976898193,0.45628899335861206,0.2569523751735687,0.27309101819992065,0.2291443645954132,0.1831979751586914,0.0459463894367218,0.029807746410369873,0.09099686145782471,0,1,1,1,0,0.10018903017044067,10388,0.1081715382974184,2024,3440571898,-44,15,True,19096,
37,cph/query/images/JnH0U8Td1RFxsosJlu-NVQ.jpg,random,0.1,1,1,1,0.48609673976898193,0.46093329787254333,0.2569523751735687,0.2531450688838959,0.2291443645954132,0.20778822898864746,0.021356135606765747,0.0251634418964386,0.04235804080963135,0,1,1,1,0,0.10018903017044067,10388,0.025367683348139373,2024,3440571898,-61,64,True,19096,
37,cph/query/images/JnH0U8Td1RFxsosJlu-NVQ.jpg,random,0.1,2,1,1,0.48609673976898193,0.4671710729598999,0.2569523751735687,0.2497643381357193,0.2291443645954132,0.2174067348241806,0.011737629771232605,0.01892566680908203,0.14701378345489502,0,1,1,1,0,0.10018903017044067,10388,0.1375383267630311,2024,3440571898,-26,89,True,19096,
37,cph/query/images/JnH0U8Td1RFxsosJlu-NVQ.jpg,random,0.1,3,1,1,0.48609673976898193,0.5030869245529175,0.2569523751735687,0.2856811583042145,0.2291443645954132,0.217405766248703,0.011738598346710205,-0.016990184783935547,0.13018298149108887,0,1,1,1,0,0.10018903017044067,10388,0.13978494623655913,2024,3440571898,11,112,True,19096,
37,cph/query/images/JnH0U8Td1RFxsosJlu-NVQ.jpg,random,0.1,4,1,1,0.48609673976898193,0.4824974238872528,0.2569523751735687,0.2314533293247223,0.2291443645954132,0.2510440945625305,-0.02189972996711731,0.003599315881729126,0.08161431550979614,0,1,1,1,0,0.10018903017044067,10388,0.0465444287729196,2024,3440571898,70,51,True,19096,
37,cph/query/images/JnH0U8Td1RFxsosJlu-NVQ.jpg,attention,0.15,-1,1,1,0.48609673976898193,0.38333338499069214,0.2569523751735687,0.2752879858016968,0.2291443645954132,0.10804539918899536,0.12109896540641785,0.1027633547782898,0.32806897163391113,0,1,1,1,0,0.14933836460113525,15484,1.0,2024,443366444,0,0,True,13958,
37,cph/query/images/JnH0U8Td1RFxsosJlu-NVQ.jpg,random,0.15,0,1,1,0.48609673976898193,0.4186650216579437,0.2569523751735687,0.2077249139547348,0.2291443645954132,0.21094010770320892,0.018204256892204285,0.06743171811103821,0.13783985376358032,0,1,1,1,0,0.14933836460113525,15484,0.0665380906460945,2024,443366444,66,82,True,13958,
37,cph/query/images/JnH0U8Td1RFxsosJlu-NVQ.jpg,random,0.15,1,1,1,0.48609673976898193,0.43939298391342163,0.2569523751735687,0.2635017931461334,0.2291443645954132,0.1758911907672882,0.053253173828125,0.0467037558555603,0.1338193416595459,0,1,1,1,0,0.14933836460113525,15484,0.1947069943289225,2024,443366444,49,35,True,13958,
37,cph/query/images/JnH0U8Td1RFxsosJlu-NVQ.jpg,random,0.15,2,1,1,0.48609673976898193,0.36851951479911804,0.2569523751735687,0.23973114788532257,0.2291443645954132,0.12878836691379547,0.10035599768161774,0.11757722496986389,0.24140042066574097,0,1,1,1,0,0.14933836460113525,15484,0.3184604904632153,2024,443366444,-30,5,True,13958,
37,cph/query/images/JnH0U8Td1RFxsosJlu-NVQ.jpg,random,0.15,3,1,1,0.48609673976898193,0.42586880922317505,0.2569523751735687,0.22078350186347961,0.2291443645954132,0.20508530735969543,0.024059057235717773,0.060227930545806885,0.17162799835205078,0,1,1,1,0,0.14933836460113525,15484,0.11890739603280702,2024,443366444,53,81,True,13958,
37,cph/query/images/JnH0U8Td1RFxsosJlu-NVQ.jpg,random,0.15,4,1,1,0.48609673976898193,0.45229214429855347,0.2569523751735687,0.2465696781873703,0.2291443645954132,0.20572246611118317,0.02342189848423004,0.03380459547042847,0.10232532024383545,0,1,1,1,0,0.14933836460113525,15484,0.13836200558741363,2024,443366444,69,32,True,13958,
37,cph/query/images/JnH0U8Td1RFxsosJlu-NVQ.jpg,attention,0.2,-1,1,1,0.48609673976898193,0.36326315999031067,0.2569523751735687,0.30894649028778076,0.2291443645954132,0.05431666970252991,0.1748276948928833,0.12283357977867126,0.3648698329925537,0,1,1,1,0,0.20037806034088135,20776,1.0,2024,445795662,0,0,True,13958,
37,cph/query/images/JnH0U8Td1RFxsosJlu-NVQ.jpg,random,0.2,0,1,1,0.48609673976898193,0.40498465299606323,0.2569523751735687,0.20915034413337708,0.2291443645954132,0.19583430886268616,0.03331005573272705,0.0811120867729187,0.16533905267715454,0,1,1,1,0,0.20037806034088135,20776,0.06685837526959022,2024,445795662,83,91,True,13958,
37,cph/query/images/JnH0U8Td1RFxsosJlu-NVQ.jpg,random,0.2,1,1,1,0.48609673976898193,0.436945378780365,0.2569523751735687,0.2503790557384491,0.2291443645954132,0.1865663230419159,0.042578041553497314,0.04915136098861694,0.19338810443878174,0,1,1,1,0,0.20037806034088135,20776,0.2324850210595005,2024,445795662,-27,85,True,13958,
37,cph/query/images/JnH0U8Td1RFxsosJlu-NVQ.jpg,random,0.2,2,1,1,0.48609673976898193,0.43512478470802307,0.2569523751735687,0.22741463780403137,0.2291443645954132,0.2077101469039917,0.02143421769142151,0.05097195506095886,0.18410950899124146,0,1,1,1,0,0.20037806034088135,20776,0.13891020721412126,2024,445795662,49,96,True,13958,
37,cph/query/images/JnH0U8Td1RFxsosJlu-NVQ.jpg,random,0.2,3,1,1,0.48609673976898193,0.4002845287322998,0.2569523751735687,0.31590309739112854,0.2291443645954132,0.08438143134117126,0.14476293325424194,0.08581221103668213,0.27168965339660645,0,1,1,1,0,0.20037806034088135,20776,0.3996227431959041,2024,445795662,25,22,True,13958,
37,cph/query/images/JnH0U8Td1RFxsosJlu-NVQ.jpg,random,0.2,4,1,1,0.48609673976898193,0.39063987135887146,0.2569523751735687,0.2360290139913559,0.2291443645954132,0.15461085736751556,0.07453350722789764,0.09545686841011047,0.2923505902290344,0,1,1,1,0,0.20037806034088135,20776,0.31560283687943264,2024,445795662,14,46,True,13958,
514,sf/query/images/rIGoLGaXOL-zJ3PYvP1_Gg.jpg,clean,0.0,-1,1,1,0.6044843792915344,0.6044843792915344,0.1307448446750641,0.1307448446750641,0.47373953461647034,0.47373953461647034,0.0,0.0,0.0,0,1,1,1,0,0.0,0,0.0,2024,0,0,0,True,0,
514,sf/query/images/rIGoLGaXOL-zJ3PYvP1_Gg.jpg,attention,0.1,-1,1,1,0.6044843792915344,0.6072535514831543,0.1307448446750641,0.1246996819972992,0.47373953461647034,0.4825538694858551,-0.008814334869384766,-0.002769172191619873,0.20212841033935547,0,1,1,1,0,0.10018903017044067,10388,1.0,2024,1087212693,0,0,True,33292,
514,sf/query/images/rIGoLGaXOL-zJ3PYvP1_Gg.jpg,random,0.1,0,1,1,0.6044843792915344,0.6204752922058105,0.1307448446750641,0.1379537582397461,0.47373953461647034,0.48252153396606445,-0.008781999349594116,-0.015990912914276123,0.13601374626159668,0,1,1,1,0,0.10018903017044067,10388,0.32974910394265233,2024,1087212693,21,-26,True,33292,
514,sf/query/images/rIGoLGaXOL-zJ3PYvP1_Gg.jpg,random,0.1,1,1,1,0.6044843792915344,0.6098840832710266,0.1307448446750641,0.138921856880188,0.47373953461647034,0.4709622263908386,0.002777308225631714,-0.0053997039794921875,0.08894604444503784,0,1,1,1,0,0.10018903017044067,10388,0.13940989360535264,2024,1087212693,-17,-83,True,33292,
514,sf/query/images/rIGoLGaXOL-zJ3PYvP1_Gg.jpg,random,0.1,2,1,1,0.6044843792915344,0.5931374430656433,0.1307448446750641,0.1339186728000641,0.47373953461647034,0.4592187702655792,0.014520764350891113,0.011346936225891113,0.0728486180305481,0,1,1,1,0,0.10018903017044067,10388,0.046597148758248955,2024,1087212693,-43,-99,True,33292,
514,sf/query/images/rIGoLGaXOL-zJ3PYvP1_Gg.jpg,random,0.1,3,1,1,0.6044843792915344,0.5608714818954468,0.1307448446750641,0.12310002744197845,0.47373953461647034,0.43777143955230713,0.03596809506416321,0.043612897396087646,0.05233144760131836,0,1,1,1,0,0.10018903017044067,10388,0.0,2024,1087212693,-27,-192,True,33292,
514,sf/query/images/rIGoLGaXOL-zJ3PYvP1_Gg.jpg,random,0.1,4,1,1,0.6044843792915344,0.603166937828064,0.1307448446750641,0.1325691193342209,0.47373953461647034,0.4705978035926819,0.003141731023788452,0.001317441463470459,0.092418372631073,0,1,1,1,0,0.10018903017044067,10388,0.19388576025744167,2024,1087212693,-28,-53,True,33292,
514,sf/query/images/rIGoLGaXOL-zJ3PYvP1_Gg.jpg,attention,0.15,-1,1,1,0.6044843792915344,0.5521346926689148,0.1307448446750641,0.10994143038988113,0.47373953461647034,0.44219326972961426,0.03154626488685608,0.05234968662261963,0.2751808166503906,0,1,1,1,0,0.14933836460113525,15484,1.0,2024,1182259962,0,0,True,23828,
514,sf/query/images/rIGoLGaXOL-zJ3PYvP1_Gg.jpg,random,0.15,0,1,1,0.6044843792915344,0.6039407849311829,0.1307448446750641,0.13199210166931152,0.47373953461647034,0.47194868326187134,0.001790851354598999,0.0005435943603515625,0.10396623611450195,0,1,1,1,0,0.14933836460113525,15484,0.15388628064684404,2024,1182259962,9,-77,True,23828,
514,sf/query/images/rIGoLGaXOL-zJ3PYvP1_Gg.jpg,random,0.15,1,1,1,0.6044843792915344,0.5775771737098694,0.1307448446750641,0.1519637256860733,0.47373953461647034,0.4256134629249573,0.04812607169151306,0.02690720558166504,0.11306130886077881,0,1,1,1,0,0.14933836460113525,15484,0.09342560553633218,2024,1182259962,-35,-100,True,23828,
514,sf/query/images/rIGoLGaXOL-zJ3PYvP1_Gg.jpg,random,0.15,2,1,1,0.6044843792915344,0.5627163052558899,0.1307448446750641,0.13705119490623474,0.47373953461647034,0.42566511034965515,0.048074424266815186,0.04176807403564453,0.07246863842010498,0,1,1,1,0,0.14933836460113525,15484,0.0027198549410698096,2024,1182259962,-41,-148,True,23828,
514,sf/query/images/rIGoLGaXOL-zJ3PYvP1_Gg.jpg,random,0.15,3,1,1,0.6044843792915344,0.6009381413459778,0.1307448446750641,0.126480370759964,0.47373953461647034,0.4744577705860138,-0.000718235969543457,0.0035462379455566406,0.08151572942733765,0,1,1,1,0,0.14933836460113525,15484,0.004639091646390916,2024,1182259962,57,-115,True,23828,
514,sf/query/images/rIGoLGaXOL-zJ3PYvP1_Gg.jpg,random,0.15,4,1,1,0.6044843792915344,0.5546802282333374,0.1307448446750641,0.137455552816391,0.47373953461647034,0.4172246754169464,0.056514859199523926,0.04980415105819702,0.09088969230651855,0,1,1,1,0,0.14933836460113525,15484,0.0,2024,1182259962,14,-159,True,23828,
514,sf/query/images/rIGoLGaXOL-zJ3PYvP1_Gg.jpg,attention,0.2,-1,1,1,0.6044843792915344,0.5839787721633911,0.1307448446750641,0.13015122711658478,0.47373953461647034,0.45382755994796753,0.019911974668502808,0.02050560712814331,0.24469399452209473,0,1,1,1,0,0.20037806034088135,20776,1.0,2024,1588353898,0,0,True,15932,
514,sf/query/images/rIGoLGaXOL-zJ3PYvP1_Gg.jpg,random,0.2,0,1,1,0.6044843792915344,0.6000910997390747,0.1307448446750641,0.12215278297662735,0.47373953461647034,0.47793832421302795,-0.004198789596557617,0.004393279552459717,0.11814242601394653,0,1,1,1,0,0.20037806034088135,20776,0.14329738058551617,2024,1588353898,44,-70,True,15932,
514,sf/query/images/rIGoLGaXOL-zJ3PYvP1_Gg.jpg,random,0.2,1,1,1,0.6044843792915344,0.5623071789741516,0.1307448446750641,0.129888653755188,0.47373953461647034,0.4324185252189636,0.041321009397506714,0.04217720031738281,0.13379955291748047,0,1,1,1,0,0.20037806034088135,20776,0.06740649404027949,2024,1588353898,34,-106,True,15932,
514,sf/query/images/rIGoLGaXOL-zJ3PYvP1_Gg.jpg,random,0.2,2,1,1,0.6044843792915344,0.599214494228363,0.1307448446750641,0.16876612603664398,0.47373953461647034,0.43044835329055786,0.043291181325912476,0.005269885063171387,0.23266065120697021,0,1,1,1,0,0.20037806034088135,20776,0.506489739685302,2024,1588353898,22,-13,True,15932,
514,sf/query/images/rIGoLGaXOL-zJ3PYvP1_Gg.jpg,random,0.2,3,1,1,0.6044843792915344,0.5881029963493347,0.1307448446750641,0.12359356880187988,0.47373953461647034,0.46450942754745483,0.009230107069015503,0.016381382942199707,0.14956539869308472,0,1,1,1,0,0.20037806034088135,20776,0.23976608187134502,2024,1588353898,-17,-70,True,15932,
514,sf/query/images/rIGoLGaXOL-zJ3PYvP1_Gg.jpg,random,0.2,4,1,1,0.6044843792915344,0.6102488040924072,0.1307448446750641,0.12871256470680237,0.47373953461647034,0.48153623938560486,-0.0077967047691345215,-0.005764424800872803,0.1970999836921692,0,1,1,1,0,0.20037806034088135,20776,0.3852051871853852,2024,1588353898,-45,-25,True,15932,
268,cph/query/images/_UQpksOPwo3mH6m5OmV92Q.jpg,clean,0.0,-1,1,1,0.46927475929260254,0.46927475929260254,0.45211437344551086,0.45211437344551086,0.017160385847091675,0.017160385847091675,0.0,0.0,0.0,0,1,1,1,0,0.0,0,0.0,2024,0,0,0,True,0,
268,cph/query/images/_UQpksOPwo3mH6m5OmV92Q.jpg,attention,0.1,-1,1,2,0.46927475929260254,0.40923213958740234,0.45211437344551086,0.41046518087387085,0.017160385847091675,-0.0012330412864685059,0.01839342713356018,0.060042619705200195,0.2720279097557068,1,0,1,1,1,0.10018903017044067,10388,1.0,2024,3724948297,0,0,True,16744,
268,cph/query/images/_UQpksOPwo3mH6m5OmV92Q.jpg,random,0.1,0,1,1,0.46927475929260254,0.47824957966804504,0.45211437344551086,0.4543737769126892,0.017160385847091675,0.023875802755355835,-0.00671541690826416,-0.008974820375442505,0.06436657905578613,0,1,1,1,0,0.10018903017044067,10388,0.004739336492890996,2024,3724948297,-105,-25,True,16744,
268,cph/query/images/_UQpksOPwo3mH6m5OmV92Q.jpg,random,0.1,1,1,1,0.46927475929260254,0.46561211347579956,0.45211437344551086,0.4444531202316284,0.017160385847091675,0.021158993244171143,-0.003998607397079468,0.0036626458168029785,0.04965198040008545,0,1,1,1,0,0.10018903017044067,10388,0.0,2024,3724948297,-117,21,True,16744,
268,cph/query/images/_UQpksOPwo3mH6m5OmV92Q.jpg,random,0.1,2,1,2,0.46927475929260254,0.4379507899284363,0.45211437344551086,0.45177072286605835,0.017160385847091675,-0.01381993293762207,0.030980318784713745,0.03132396936416626,0.25388455390930176,1,0,1,1,1,0.10018903017044067,10388,0.2387312186978297,2024,3724948297,-28,22,True,16744,
268,cph/query/images/_UQpksOPwo3mH6m5OmV92Q.jpg,random,0.1,3,1,1,0.46927475929260254,0.4175068736076355,0.45211437344551086,0.38645079731941223,0.017160385847091675,0.031056076288223267,-0.013895690441131592,0.05176788568496704,0.23779833316802979,0,1,1,1,0,0.10018903017044067,10388,0.28262748487467587,2024,3724948297,13,-42,True,16744,
268,cph/query/images/_UQpksOPwo3mH6m5OmV92Q.jpg,random,0.1,4,1,1,0.46927475929260254,0.4940120279788971,0.45211437344551086,0.4555678963661194,0.017160385847091675,0.03844413161277771,-0.021283745765686035,-0.024737268686294556,0.07968616485595703,0,1,1,1,0,0.10018903017044067,10388,0.02143559488692232,2024,3724948297,-86,-46,True,16744,
268,cph/query/images/_UQpksOPwo3mH6m5OmV92Q.jpg,attention,0.15,-1,1,2,0.46927475929260254,0.3717048168182373,0.45211437344551086,0.3780025243759155,0.017160385847091675,-0.006297707557678223,0.023458093404769897,0.09756994247436523,0.3759627938270569,1,0,1,1,1,0.14933836460113525,15484,1.0,2024,1711770146,0,0,True,8470,
268,cph/query/images/_UQpksOPwo3mH6m5OmV92Q.jpg,random,0.15,0,1,2,0.46927475929260254,0.4440889358520508,0.45211437344551086,0.4679129719734192,0.017160385847091675,-0.023824036121368408,0.04098442196846008,0.025185823440551758,0.18721413612365723,1,0,1,1,1,0.14933836460113525,15484,0.04954924422151427,2024,1711770146,-72,-17,True,8470,
268,cph/query/images/_UQpksOPwo3mH6m5OmV92Q.jpg,random,0.15,1,1,1,0.46927475929260254,0.43533486127853394,0.45211437344551086,0.41284650564193726,0.017160385847091675,0.02248835563659668,-0.005327969789505005,0.033939898014068604,0.14445215463638306,0,1,1,1,0,0.14933836460113525,15484,0.09722222222222222,2024,1711770146,56,6,True,8470,
268,cph/query/images/_UQpksOPwo3mH6m5OmV92Q.jpg,random,0.15,2,1,3,0.46927475929260254,0.3870071470737457,0.45211437344551086,0.4062296748161316,0.017160385847091675,-0.019222527742385864,0.03638291358947754,0.08226761221885681,0.3617895841598511,2,0,1,1,1,0.14933836460113525,15484,0.31666666666666665,2024,1711770146,-27,4,True,8470,
268,cph/query/images/_UQpksOPwo3mH6m5OmV92Q.jpg,random,0.15,3,1,1,0.46927475929260254,0.41431111097335815,0.45211437344551086,0.37491679191589355,0.017160385847091675,0.0393943190574646,-0.022233933210372925,0.054963648319244385,0.2289295196533203,0,1,1,1,0,0.14933836460113525,15484,0.2314299347860665,2024,1711770146,36,10,True,8470,
268,cph/query/images/_UQpksOPwo3mH6m5OmV92Q.jpg,random,0.15,4,1,1,0.46927475929260254,0.46564674377441406,0.45211437344551086,0.4551990330219269,0.017160385847091675,0.010447710752487183,0.006712675094604492,0.0036280155181884766,0.06691360473632812,0,1,1,1,0,0.14933836460113525,15484,0.0004522840343735866,2024,1711770146,-111,12,True,8470,
268,cph/query/images/_UQpksOPwo3mH6m5OmV92Q.jpg,attention,0.2,-1,1,1,0.46927475929260254,0.3383445739746094,0.45211437344551086,0.31656697392463684,0.017160385847091675,0.021777600049972534,-0.004617214202880859,0.13093018531799316,0.4920504093170166,0,1,1,1,0,0.20037806034088135,20776,1.0,2024,1488184434,0,0,True,168,
268,cph/query/images/_UQpksOPwo3mH6m5OmV92Q.jpg,random,0.2,0,1,1,0.46927475929260254,0.3550928235054016,0.45211437344551086,0.3387264609336853,0.017160385847091675,0.01636636257171631,0.0007940232753753662,0.11418193578720093,0.4370608329772949,0,1,1,1,0,0.20037806034088135,20776,0.7772455089820359,2024,1488184434,-6,0,True,168,
268,cph/query/images/_UQpksOPwo3mH6m5OmV92Q.jpg,random,0.2,1,1,1,0.46927475929260254,0.4585590362548828,0.45211437344551086,0.4470409154891968,0.017160385847091675,0.011518120765686035,0.00564226508140564,0.010715723037719727,0.11746913194656372,0,1,1,1,0,0.20037806034088135,20776,0.02627939142461964,2024,1488184434,-100,0,True,168,
268,cph/query/images/_UQpksOPwo3mH6m5OmV92Q.jpg,random,0.2,2,1,1,0.46927475929260254,0.3831225335597992,0.45211437344551086,0.34629806876182556,0.017160385847091675,0.03682446479797363,-0.019664078950881958,0.08615222573280334,0.32247692346572876,0,1,1,1,0,0.20037806034088135,20776,0.26783425886373347,2024,1488184434,39,0,True,168,
268,cph/query/images/_UQpksOPwo3mH6m5OmV92Q.jpg,random,0.2,3,1,1,0.46927475929260254,0.32691508531570435,0.45211437344551086,0.31521689891815186,0.017160385847091675,0.01169818639755249,0.005462199449539185,0.1423596739768982,0.4495639204978943,0,1,1,1,0,0.20037806034088135,20776,0.5991379310344828,2024,1488184434,12,0,True,168,
268,cph/query/images/_UQpksOPwo3mH6m5OmV92Q.jpg,random,0.2,4,1,1,0.46927475929260254,0.4654253423213959,0.45211437344551086,0.451975554227829,0.017160385847091675,0.013449788093566895,0.0037105977535247803,0.003849416971206665,0.13696759939193726,0,1,1,1,0,0.20037806034088135,20776,0.04507042253521127,2024,1488184434,-87,0,True,168,
198,cph/query/images/Lhehrwzz1TqIYyW3xRyugQ.jpg,clean,0.0,-1,1,1,0.6785857677459717,0.6785857677459717,0.43721655011177063,0.43721655011177063,0.24136921763420105,0.24136921763420105,0.0,0.0,0.0,0,1,1,1,0,0.0,0,0.0,2024,0,0,0,True,0,
198,cph/query/images/Lhehrwzz1TqIYyW3xRyugQ.jpg,attention,0.1,-1,1,1,0.6785857677459717,0.4989244341850281,0.43721655011177063,0.36098042130470276,0.24136921763420105,0.13794401288032532,0.10342520475387573,0.1796613335609436,0.37247949838638306,0,1,1,1,0,0.10018903017044067,10388,1.0,2024,1119705243,0,0,True,22274,
198,cph/query/images/Lhehrwzz1TqIYyW3xRyugQ.jpg,random,0.1,0,1,1,0.6785857677459717,0.5234920978546143,0.43721655011177063,0.3631848692893982,0.24136921763420105,0.16030722856521606,0.08106198906898499,0.15509366989135742,0.31426090002059937,0,1,1,1,0,0.10018903017044067,10388,0.3204525231981696,2024,1119705243,-6,27,True,22274,
198,cph/query/images/Lhehrwzz1TqIYyW3xRyugQ.jpg,random,0.1,1,1,1,0.6785857677459717,0.6591486930847168,0.43721655011177063,0.41942766308784485,0.24136921763420105,0.23972102999687195,0.0016481876373291016,0.019437074661254883,0.03329110145568848,0,1,1,1,0,0.10018903017044067,10388,0.0,2024,1119705243,-101,2,True,22274,
198,cph/query/images/Lhehrwzz1TqIYyW3xRyugQ.jpg,random,0.1,2,1,1,0.6785857677459717,0.6008684039115906,0.43721655011177063,0.4206525385379791,0.24136921763420105,0.18021586537361145,0.0611533522605896,0.0777173638343811,0.15750038623809814,0,1,1,1,0,0.10018903017044067,10388,0.083889816360601,2024,1119705243,50,-18,True,22274,
198,cph/query/images/Lhehrwzz1TqIYyW3xRyugQ.jpg,random,0.1,3,1,1,0.6785857677459717,0.5619572997093201,0.43721655011177063,0.4067021608352661,0.24136921763420105,0.15525513887405396,0.0861140787601471,0.11662846803665161,0.2635897994041443,0,1,1,1,0,0.10018903017044067,10388,0.18679309950873987,2024,1119705243,-33,6,True,22274,
198,cph/query/images/Lhehrwzz1TqIYyW3xRyugQ.jpg,random,0.1,4,1,1,0.6785857677459717,0.6775323152542114,0.43721655011177063,0.43670400977134705,0.24136921763420105,0.24082830548286438,0.0005409121513366699,0.001053452491760254,0.01489722728729248,0,1,1,1,0,0.10018903017044067,10388,0.0,2024,1119705243,-125,27,True,22274,
198,cph/query/images/Lhehrwzz1TqIYyW3xRyugQ.jpg,attention,0.15,-1,1,1,0.6785857677459717,0.47642168402671814,0.43721655011177063,0.3640744984149933,0.24136921763420105,0.11234718561172485,0.1290220320224762,0.20216408371925354,0.4541710615158081,0,1,1,1,0,0.14933836460113525,15484,1.0,2024,777490525,0,0,True,3374,
198,cph/query/images/Lhehrwzz1TqIYyW3xRyugQ.jpg,random,0.15,0,1,1,0.6785857677459717,0.6647835969924927,0.43721655011177063,0.42001646757125854,0.24136921763420105,0.24476712942123413,-0.003397911787033081,0.013802170753479004,0.07396644353866577,0,1,1,1,0,0.14933836460113525,15484,0.010309278350515464,2024,777490525,80,-5,True,3374,
198,cph/query/images/Lhehrwzz1TqIYyW3xRyugQ.jpg,random,0.15,1,1,1,0.6785857677459717,0.6354405283927917,0.43721655011177063,0.41483432054519653,0.24136921763420105,0.22060620784759521,0.020763009786605835,0.04314523935317993,0.09150493144989014,0,1,1,1,0,0.14933836460113525,15484,0.030000665203219583,2024,777490525,73,-2,True,3374,
198,cph/query/images/Lhehrwzz1TqIYyW3xRyugQ.jpg,random,0.15,2,1,1,0.6785857677459717,0.56139075756073,0.43721655011177063,0.3418762683868408,0.24136921763420105,0.21951448917388916,0.02185472846031189,0.1171950101852417,0.2161388397216797,0,1,1,1,0,0.14933836460113525,15484,0.12056737588652482,2024,777490525,-56,-6,True,3374,
198,cph/query/images/Lhehrwzz1TqIYyW3xRyugQ.jpg,random,0.15,3,1,1,0.6785857677459717,0.47462737560272217,0.43721655011177063,0.34426236152648926,0.24136921763420105,0.1303650140762329,0.11100420355796814,0.2039583921432495,0.34621715545654297,0,1,1,1,0,0.14933836460113525,15484,0.22694136291600633,2024,777490525,-36,-8,True,3374,
198,cph/query/images/Lhehrwzz1TqIYyW3xRyugQ.jpg,random,0.15,4,1,1,0.6785857677459717,0.4266873896121979,0.43721655011177063,0.3489961624145508,0.24136921763420105,0.0776912271976471,0.16367799043655396,0.2518983781337738,0.49475419521331787,0,1,1,1,0,0.14933836460113525,15484,0.5065187779723682,2024,777490525,-9,-11,True,3374,
198,cph/query/images/Lhehrwzz1TqIYyW3xRyugQ.jpg,attention,0.2,-1,1,1,0.6785857677459717,0.4197860360145569,0.43721655011177063,0.3587143123149872,0.24136921763420105,0.0610717236995697,0.18029749393463135,0.2587997317314148,0.5409426689147949,0,1,1,1,0,0.20037806034088135,20776,1.0,2024,837706172,0,0,True,196,
198,cph/query/images/Lhehrwzz1TqIYyW3xRyugQ.jpg,random,0.2,0,1,1,0.6785857677459717,0.37583041191101074,0.43721655011177063,0.31410032510757446,0.24136921763420105,0.06173008680343628,0.17963913083076477,0.30275535583496094,0.5925678610801697,0,1,1,1,0,0.20037806034088135,20776,0.8596491228070176,2024,837706172,4,0,True,196,
198,cph/query/images/Lhehrwzz1TqIYyW3xRyugQ.jpg,random,0.2,1,1,1,0.6785857677459717,0.4374895989894867,0.43721655011177063,0.31502366065979004,0.24136921763420105,0.12246593832969666,0.1189032793045044,0.24109616875648499,0.4255577325820923,0,1,1,1,0,0.20037806034088135,20776,0.307488986784141,2024,837706172,-36,0,True,196,
198,cph/query/images/Lhehrwzz1TqIYyW3xRyugQ.jpg,random,0.2,2,1,1,0.6785857677459717,0.5716063380241394,0.43721655011177063,0.4099470376968384,0.24136921763420105,0.16165930032730103,0.07970991730690002,0.10697942972183228,0.20227885246276855,0,1,1,1,0,0.20037806034088135,20776,0.14197768372450942,2024,837706172,59,0,True,196,
198,cph/query/images/Lhehrwzz1TqIYyW3xRyugQ.jpg,random,0.2,3,1,1,0.6785857677459717,0.3952828645706177,0.43721655011177063,0.31268057227134705,0.24136921763420105,0.08260229229927063,0.15876692533493042,0.283302903175354,0.5424966812133789,0,1,1,1,0,0.20037806034088135,20776,0.9629629629629629,2024,837706172,-1,0,True,196,
198,cph/query/images/Lhehrwzz1TqIYyW3xRyugQ.jpg,random,0.2,4,1,1,0.6785857677459717,0.6700961589813232,0.43721655011177063,0.4390992522239685,0.24136921763420105,0.23099690675735474,0.010372310876846313,0.008489608764648438,0.0243033766746521,0,1,1,1,0,0.20037806034088135,20776,0.0,2024,837706172,-114,0,True,196,
207,cph/query/images/NfTYqXZ2HVQ8IuvsATlLsQ.jpg,clean,0.0,-1,1,1,0.6766200661659241,0.6766200661659241,0.4817615747451782,0.4817615747451782,0.19485849142074585,0.19485849142074585,0.0,0.0,0.0,0,1,1,1,0,0.0,0,0.0,2024,0,0,0,True,0,
207,cph/query/images/NfTYqXZ2HVQ8IuvsATlLsQ.jpg,attention,0.1,-1,1,1,0.6766200661659241,0.5776740908622742,0.4817615747451782,0.3941400945186615,0.19485849142074585,0.18353399634361267,0.011324495077133179,0.0989459753036499,0.29918038845062256,0,1,1,1,0,0.10018903017044067,10388,1.0,2024,2116290066,0,0,True,19124,
207,cph/query/images/NfTYqXZ2HVQ8IuvsATlLsQ.jpg,random,0.1,0,1,1,0.6766200661659241,0.6210113763809204,0.4817615747451782,0.4336659014225006,0.19485849142074585,0.1873454749584198,0.00751301646232605,0.05560868978500366,0.19655025005340576,0,1,1,1,0,0.10018903017044067,10388,0.2897938912341694,2024,2116290066,11,52,True,19124,
207,cph/query/images/NfTYqXZ2HVQ8IuvsATlLsQ.jpg,random,0.1,1,1,1,0.6766200661659241,0.5822840332984924,0.4817615747451782,0.42905333638191223,0.19485849142074585,0.1532306969165802,0.04162779450416565,0.09433603286743164,0.2574819326400757,0,1,1,1,0,0.10018903017044067,10388,0.2815198618307427,2024,2116290066,-2,49,True,19124,
207,cph/query/images/NfTYqXZ2HVQ8IuvsATlLsQ.jpg,random,0.1,2,1,1,0.6766200661659241,0.66261887550354,0.4817615747451782,0.4656575918197632,0.19485849142074585,0.19696128368377686,-0.002102792263031006,0.014001190662384033,0.022559940814971924,0,1,1,1,0,0.10018903017044067,10388,0.0,2024,2116290066,85,32,True,19124,
207,cph/query/images/NfTYqXZ2HVQ8IuvsATlLsQ.jpg,random,0.1,3,1,1,0.6766200661659241,0.6670671105384827,0.4817615747451782,0.4722418785095215,0.19485849142074585,0.19482523202896118,3.325939178466797e-05,0.009552955627441406,0.052708566188812256,0,1,1,1,0,0.10018903017044067,10388,0.03708880347426746,2024,2116290066,67,51,True,19124,
207,cph/query/images/NfTYqXZ2HVQ8IuvsATlLsQ.jpg,random,0.1,4,1,1,0.6766200661659241,0.6717144250869751,0.4817615747451782,0.47148236632347107,0.19485849142074585,0.20023205876350403,-0.005373567342758179,0.004905641078948975,0.009309172630310059,0,1,1,1,0,0.10018903017044067,10388,0.0,2024,2116290066,109,58,True,19124,
207,cph/query/images/NfTYqXZ2HVQ8IuvsATlLsQ.jpg,attention,0.15,-1,1,1,0.6766200661659241,0.513287365436554,0.4817615747451782,0.36888888478279114,0.19485849142074585,0.14439848065376282,0.05046001076698303,0.16333270072937012,0.37269818782806396,0,1,1,1,0,0.14933836460113525,15484,1.0,2024,2613593965,0,0,True,12824,
207,cph/query/images/NfTYqXZ2HVQ8IuvsATlLsQ.jpg,random,0.15,0,1,1,0.6766200661659241,0.6707020998001099,0.4817615747451782,0.47253456711769104,0.19485849142074585,0.19816753268241882,-0.0033090412616729736,0.005917966365814209,0.01654493808746338,0,1,1,1,0,0.14933836460113525,15484,0.0,2024,2613593965,104,47,True,12824,
207,cph/query/images/NfTYqXZ2HVQ8IuvsATlLsQ.jpg,random,0.15,1,1,1,0.6766200661659241,0.649067759513855,0.4817615747451782,0.43727773427963257,0.19485849142074585,0.2117900252342224,-0.016931533813476562,0.027552306652069092,0.057659268379211426,0,1,1,1,0,0.14933836460113525,15484,0.0,2024,2613593965,-106,32,True,12824,
207,cph/query/images/NfTYqXZ2HVQ8IuvsATlLsQ.jpg,random,0.15,2,1,1,0.6766200661659241,0.6550250053405762,0.4817615747451782,0.4698164165019989,0.19485849142074585,0.18520858883857727,0.009649902582168579,0.0215950608253479,0.0556943416595459,0,1,1,1,0,0.14933836460113525,15484,0.01955619938104958,2024,2613593965,75,10,True,12824,
207,cph/query/images/NfTYqXZ2HVQ8IuvsATlLsQ.jpg,random,0.15,3,1,1,0.6766200661659241,0.6620088815689087,0.4817615747451782,0.46775922179222107,0.19485849142074585,0.19424965977668762,0.0006088316440582275,0.01461118459701538,0.02489936351776123,0,1,1,1,0,0.14933836460113525,15484,0.0,2024,2613593965,92,28,True,12824,
207,cph/query/images/NfTYqXZ2HVQ8IuvsATlLsQ.jpg,random,0.15,4,1,1,0.6766200661659241,0.6222731471061707,0.4817615747451782,0.43370088934898376,0.19485849142074585,0.1885722577571869,0.00628623366355896,0.05434691905975342,0.16329920291900635,0,1,1,1,0,0.14933836460113525,15484,0.18162393162393162,2024,2613593965,44,38,True,12824,
207,cph/query/images/NfTYqXZ2HVQ8IuvsATlLsQ.jpg,attention,0.2,-1,1,1,0.6766200661659241,0.4195377826690674,0.4817615747451782,0.33241522312164307,0.19485849142074585,0.08712255954742432,0.10773593187332153,0.2570822834968567,0.5021084547042847,0,1,1,1,0,0.20037806034088135,20776,1.0,2024,3372598545,0,0,True,9632,
207,cph/query/images/NfTYqXZ2HVQ8IuvsATlLsQ.jpg,random,0.2,0,1,1,0.6766200661659241,0.6554601192474365,0.4817615747451782,0.48146799206733704,0.19485849142074585,0.1739921271800995,0.020866364240646362,0.02115994691848755,0.10442757606506348,0,1,1,1,0,0.20037806034088135,20776,0.09925925925925926,2024,3372598545,66,42,True,9632,
207,cph/query/images/NfTYqXZ2HVQ8IuvsATlLsQ.jpg,random,0.2,1,1,1,0.6766200661659241,0.5379962921142578,0.4817615747451782,0.37602823972702026,0.19485849142074585,0.16196805238723755,0.0328904390335083,0.13862377405166626,0.3142833709716797,0,1,1,1,0,0.20037806034088135,20776,0.4393792434529583,2024,3372598545,0,48,True,9632,
207,cph/query/images/NfTYqXZ2HVQ8IuvsATlLsQ.jpg,random,0.2,2,1,1,0.6766200661659241,0.5500719547271729,0.4817615747451782,0.41355055570602417,0.19485849142074585,0.13652139902114868,0.05833709239959717,0.12654811143875122,0.34584975242614746,0,1,1,1,0,0.20037806034088135,20776,0.4329264087178426,2024,3372598545,22,23,True,9632,
207,cph/query/images/NfTYqXZ2HVQ8IuvsATlLsQ.jpg,random,0.2,3,1,1,0.6766200661659241,0.5719095468521118,0.4817615747451782,0.4403378665447235,0.19485849142074585,0.1315716803073883,0.06328681111335754,0.10471051931381226,0.2942478656768799,0,1,1,1,0,0.20037806034088135,20776,0.30996216897856244,2024,3372598545,39,8,True,9632,
207,cph/query/images/NfTYqXZ2HVQ8IuvsATlLsQ.jpg,random,0.2,4,1,1,0.6766200661659241,0.553067147731781,0.4817615747451782,0.3837658166885376,0.19485849142074585,0.1693013310432434,0.02555716037750244,0.12355291843414307,0.3142673969268799,0,1,1,1,0,0.20037806034088135,20776,0.43728813559322033,2024,3372598545,14,39,True,9632,
454,cph/query/images/f-ixr2tbg4iegn7ZsmW2TA.jpg,clean,0.0,-1,1,1,0.5236622095108032,0.5236622095108032,0.4157436490058899,0.4157436490058899,0.10791856050491333,0.10791856050491333,0.0,0.0,0.0,0,1,1,1,0,0.0,0,0.0,2024,0,0,0,True,0,
454,cph/query/images/f-ixr2tbg4iegn7ZsmW2TA.jpg,attention,0.1,-1,1,1,0.5236622095108032,0.45336318016052246,0.4157436490058899,0.39392226934432983,0.10791856050491333,0.05944091081619263,0.0484776496887207,0.07029902935028076,0.23315680027008057,0,1,1,1,0,0.10018903017044067,10388,1.0,2024,2797063348,0,0,True,16730,
454,cph/query/images/f-ixr2tbg4iegn7ZsmW2TA.jpg,random,0.1,0,1,1,0.5236622095108032,0.4780764579772949,0.4157436490058899,0.4050403833389282,0.10791856050491333,0.0730360746383667,0.03488248586654663,0.0455857515335083,0.1658087968826294,0,1,1,1,0,0.10018903017044067,10388,0.23255813953488372,2024,2797063348,25,-37,True,16730,
454,cph/query/images/f-ixr2tbg4iegn7ZsmW2TA.jpg,random,0.1,1,1,1,0.5236622095108032,0.5126931071281433,0.4157436490058899,0.39632999897003174,0.10791856050491333,0.11636310815811157,-0.008444547653198242,0.010969102382659912,0.054962158203125,0,1,1,1,0,0.10018903017044067,10388,0.023347453452861787,2024,2797063348,81,-44,True,16730,
454,cph/query/images/f-ixr2tbg4iegn7ZsmW2TA.jpg,random,0.1,2,1,1,0.5236622095108032,0.4838879108428955,0.4157436490058899,0.3841054439544678,0.10791856050491333,0.09978246688842773,0.008136093616485596,0.039774298667907715,0.18542492389678955,0,1,1,1,0,0.10018903017044067,10388,0.2881944444444444,2024,2797063348,0,-30,True,16730,
454,cph/query/images/f-ixr2tbg4iegn7ZsmW2TA.jpg,random,0.1,3,1,1,0.5236622095108032,0.5018287301063538,0.4157436490058899,0.3932534456253052,0.10791856050491333,0.10857528448104858,-0.0006567239761352539,0.021833479404449463,0.07364428043365479,0,1,1,1,0,0.10018903017044067,10388,0.07904850940064402,2024,2797063348,79,-76,True,16730,
454,cph/query/images/f-ixr2tbg4iegn7ZsmW2TA.jpg,random,0.1,4,1,1,0.5236622095108032,0.532967209815979,0.4157436490058899,0.41823917627334595,0.10791856050491333,0.11472803354263306,-0.0068094730377197266,-0.009305000305175781,0.028209567070007324,0,1,1,1,0,0.10018903017044067,10388,0.024861878453038673,2024,2797063348,85,-24,True,16730,
454,cph/query/images/f-ixr2tbg4iegn7ZsmW2TA.jpg,attention,0.15,-1,1,1,0.5236622095108032,0.45970386266708374,0.4157436490058899,0.3985896706581116,0.10791856050491333,0.06111419200897217,0.04680436849594116,0.06395834684371948,0.2865176796913147,0,1,1,1,0,0.14933836460113525,15484,1.0,2024,1210318955,0,0,True,168,
454,cph/query/images/f-ixr2tbg4iegn7ZsmW2TA.jpg,random,0.15,0,1,1,0.5236622095108032,0.443957656621933,0.4157436490058899,0.39466655254364014,0.10791856050491333,0.04929110407829285,0.05862745642662048,0.07970455288887024,0.3131762742996216,0,1,1,1,0,0.14933836460113525,15484,0.7896440129449838,2024,1210318955,-5,0,True,168,
454,cph/query/images/f-ixr2tbg4iegn7ZsmW2TA.jpg,random,0.15,1,1,1,0.5236622095108032,0.434751957654953,0.4157436490058899,0.33954909443855286,0.10791856050491333,0.09520286321640015,0.012715697288513184,0.08891025185585022,0.20251113176345825,0,1,1,1,0,0.14933836460113525,15484,0.13203684749232344,2024,1210318955,-47,0,True,168,
454,cph/query/images/f-ixr2tbg4iegn7ZsmW2TA.jpg,random,0.15,2,1,1,0.5236622095108032,0.46100249886512756,0.4157436490058899,0.3794778883457184,0.10791856050491333,0.08152461051940918,0.02639394998550415,0.06265971064567566,0.25328755378723145,0,1,1,1,0,0.14933836460113525,15484,0.4307891332470893,2024,1210318955,18,0,True,168,
454,cph/query/images/f-ixr2tbg4iegn7ZsmW2TA.jpg,random,0.15,3,1,1,0.5236622095108032,0.5097965002059937,0.4157436490058899,0.3909876346588135,0.10791856050491333,0.11880886554718018,-0.010890305042266846,0.01386570930480957,0.07740700244903564,0,1,1,1,0,0.14933836460113525,15484,0.05635148042024833,2024,1210318955,66,0,True,168,
454,cph/query/images/f-ixr2tbg4iegn7ZsmW2TA.jpg,random,0.15,4,1,1,0.5236622095108032,0.5284759998321533,0.4157436490058899,0.40188711881637573,0.10791856050491333,0.1265888810157776,-0.018670320510864258,-0.004813790321350098,0.0840752124786377,0,1,1,1,0,0.14933836460113525,15484,0.041921808761187,2024,1210318955,73,0,True,168,
454,cph/query/images/f-ixr2tbg4iegn7ZsmW2TA.jpg,attention,0.2,-1,1,1,0.5236622095108032,0.4344199299812317,0.4157436490058899,0.37475767731666565,0.10791856050491333,0.05966225266456604,0.04825630784034729,0.08924227952957153,0.37600982189178467,0,1,1,1,0,0.20037806034088135,20776,1.0,2024,4200195075,0,0,True,154,
454,cph/query/images/f-ixr2tbg4iegn7ZsmW2TA.jpg,random,0.2,0,1,1,0.5236622095108032,0.5171109437942505,0.4157436490058899,0.39949750900268555,0.10791856050491333,0.11761343479156494,-0.009694874286651611,0.006551265716552734,0.10569983720779419,0,1,1,1,0,0.20037806034088135,20776,0.07692307692307693,2024,4200195075,72,0,True,154,
454,cph/query/images/f-ixr2tbg4iegn7ZsmW2TA.jpg,random,0.2,1,1,1,0.5236622095108032,0.3915635645389557,0.4157436490058899,0.34301573038101196,0.10791856050491333,0.048547834157943726,0.059370726346969604,0.13209864497184753,0.25432759523391724,0,1,1,1,0,0.20037806034088135,20776,0.23255813953488372,2024,4200195075,-42,0,True,154,
454,cph/query/images/f-ixr2tbg4iegn7ZsmW2TA.jpg,random,0.2,2,1,1,0.5236622095108032,0.3941307067871094,0.4157436490058899,0.3494817614555359,0.10791856050491333,0.044648945331573486,0.06326961517333984,0.12953150272369385,0.40757983922958374,0,1,1,1,0,0.20037806034088135,20776,0.7296037296037297,2024,4200195075,-8,0,True,154,
454,cph/query/images/f-ixr2tbg4iegn7ZsmW2TA.jpg,random,0.2,3,1,1,0.5236622095108032,0.4800603687763214,0.4157436490058899,0.39292463660240173,0.10791856050491333,0.08713573217391968,0.020782828330993652,0.04360184073448181,0.25665849447250366,0,1,1,1,0,0.20037806034088135,20776,0.2966360856269113,2024,4200195075,35,0,True,154,
454,cph/query/images/f-ixr2tbg4iegn7ZsmW2TA.jpg,random,0.2,4,1,1,0.5236622095108032,0.3933742940425873,0.4157436490058899,0.3534943461418152,0.10791856050491333,0.039879947900772095,0.06803861260414124,0.13028791546821594,0.41717028617858887,0,1,1,1,0,0.20037806034088135,20776,0.855,2024,4200195075,-4,0,True,154,
502,sf/query/images/8lNaD9Z_DibirPENhln9H1.jpg,clean,0.0,-1,1,1,0.4827965795993805,0.4827965795993805,0.2959024906158447,0.2959024906158447,0.18689408898353577,0.18689408898353577,0.0,0.0,0.0,0,1,1,1,0,0.0,0,0.0,2024,0,0,0,True,0,
502,sf/query/images/8lNaD9Z_DibirPENhln9H1.jpg,attention,0.1,-1,1,1,0.4827965795993805,0.37516728043556213,0.2959024906158447,0.27541109919548035,0.18689408898353577,0.09975618124008179,0.08713790774345398,0.10762929916381836,0.31092941761016846,0,1,1,1,0,0.10018903017044067,10388,1.0,2024,1459897685,0,0,True,15974,
502,sf/query/images/8lNaD9Z_DibirPENhln9H1.jpg,random,0.1,0,1,1,0.4827965795993805,0.3711792230606079,0.2959024906158447,0.26173079013824463,0.18689408898353577,0.10944843292236328,0.07744565606117249,0.11161735653877258,0.2922026515007019,0,1,1,1,0,0.10018903017044067,10388,0.233729216152019,2024,1459897685,-22,38,True,15974,
502,sf/query/images/8lNaD9Z_DibirPENhln9H1.jpg,random,0.1,1,1,1,0.4827965795993805,0.35046762228012085,0.2959024906158447,0.2623436450958252,0.18689408898353577,0.08812397718429565,0.09877011179924011,0.13232895731925964,0.2994386553764343,0,1,1,1,0,0.10018903017044067,10388,0.5178258328462887,2024,1459897685,-10,1,True,15974,
502,sf/query/images/8lNaD9Z_DibirPENhln9H1.jpg,random,0.1,2,1,1,0.4827965795993805,0.4588935375213623,0.2959024906158447,0.31050845980644226,0.18689408898353577,0.14838507771492004,0.03850901126861572,0.02390304207801819,0.12211644649505615,0,1,1,1,0,0.10018903017044067,10388,0.0465444287729196,2024,1459897685,-67,38,True,15974,
502,sf/query/images/8lNaD9Z_DibirPENhln9H1.jpg,random,0.1,3,1,1,0.4827965795993805,0.4734744131565094,0.2959024906158447,0.2801302671432495,0.18689408898353577,0.1933441460132599,-0.006450057029724121,0.009322166442871094,0.05701082944869995,0,1,1,1,0,0.10018903017044067,10388,0.010899182561307902,2024,1459897685,70,20,True,15974,
502,sf/query/images/8lNaD9Z_DibirPENhln9H1.jpg,random,0.1,4,1,1,0.4827965795993805,0.4826916456222534,0.2959024906158447,0.27527308464050293,0.18689408898353577,0.2074185609817505,-0.02052447199821472,0.0001049339771270752,0.05956298112869263,0,1,1,1,0,0.10018903017044067,10388,0.0016874789065136687,2024,1459897685,79,35,True,15974,
502,sf/query/images/8lNaD9Z_DibirPENhln9H1.jpg,attention,0.15,-1,1,1,0.4827965795993805,0.3231651782989502,0.2959024906158447,0.2306649088859558,0.18689408898353577,0.09250026941299438,0.09439381957054138,0.1596314013004303,0.41528868675231934,0,1,1,1,0,0.14933836460113525,15484,1.0,2024,2610428504,0,0,True,5306,
502,sf/query/images/8lNaD9Z_DibirPENhln9H1.jpg,random,0.15,0,1,1,0.4827965795993805,0.44864901900291443,0.2959024906158447,0.2842804491519928,0.18689408898353577,0.16436856985092163,0.022525519132614136,0.034147560596466064,0.1251869797706604,0,1,1,1,0,0.14933836460113525,15484,0.06492434662998625,2024,2610428504,65,10,True,5306,
502,sf/query/images/8lNaD9Z_DibirPENhln9H1.jpg,random,0.15,1,1,1,0.4827965795993805,0.41224801540374756,0.2959024906158447,0.2615177631378174,0.18689408898353577,0.15073025226593018,0.03616383671760559,0.07054856419563293,0.15305054187774658,0,1,1,1,0,0.14933836460113525,15484,0.06620760888276812,2024,2610428504,65,-5,True,5306,
502,sf/query/images/8lNaD9Z_DibirPENhln9H1.jpg,random,0.15,2,1,1,0.4827965795993805,0.41396477818489075,0.2959024906158447,0.2504066824913025,0.18689408898353577,0.16355809569358826,0.02333599328994751,0.06883180141448975,0.16794580221176147,0,1,1,1,0,0.14933836460113525,15484,0.08204053109713487,2024,2610428504,58,-3,True,5306,
502,sf/query/images/8lNaD9Z_DibirPENhln9H1.jpg,random,0.15,3,1,1,0.4827965795993805,0.3521175980567932,0.2959024906158447,0.2633063793182373,0.18689408898353577,0.08881121873855591,0.09808287024497986,0.13067898154258728,0.3660978078842163,0,1,1,1,0,0.14933836460113525,15484,0.3240978279459552,2024,2610428504,20,9,True,5306,
502,sf/query/images/8lNaD9Z_DibirPENhln9H1.jpg,random,0.15,4,1,1,0.4827965795993805,0.4343320429325104,0.2959024906158447,0.2450767457485199,0.18689408898353577,0.18925529718399048,-0.002361208200454712,0.04846453666687012,0.17257964611053467,0,1,1,1,0,0.14933836460113525,15484,0.09215305942514548,2024,2610428504,59,-13,True,5306,
502,sf/query/images/8lNaD9Z_DibirPENhln9H1.jpg,attention,0.2,-1,1,1,0.4827965795993805,0.2927784323692322,0.2959024906158447,0.2259531468153,0.18689408898353577,0.06682528555393219,0.12006880342960358,0.19001814723014832,0.4931223392486572,0,1,1,1,0,0.20037806034088135,20776,1.0,2024,4243638705,0,0,True,4900,
502,sf/query/images/8lNaD9Z_DibirPENhln9H1.jpg,random,0.2,0,1,1,0.4827965795993805,0.40980470180511475,0.2959024906158447,0.2742021381855011,0.18689408898353577,0.13560256361961365,0.05129152536392212,0.07299187779426575,0.2525203227996826,0,1,1,1,0,0.20037806034088135,20776,0.16929311121116614,2024,4243638705,52,11,True,4900,
502,sf/query/images/8lNaD9Z_DibirPENhln9H1.jpg,random,0.2,1,1,1,0.4827965795993805,0.2566164433956146,0.2959024906158447,0.21771025657653809,0.18689408898353577,0.03890618681907654,0.14798790216445923,0.22618013620376587,0.5038845539093018,0,1,1,1,0,0.20037806034088135,20776,0.3830382106244175,2024,4243638705,-24,6,True,4900,
502,sf/query/images/8lNaD9Z_DibirPENhln9H1.jpg,random,0.2,2,1,1,0.4827965795993805,0.4516794681549072,0.2959024906158447,0.27056896686553955,0.18689408898353577,0.18111050128936768,0.005783587694168091,0.031117111444473267,0.15222227573394775,0,1,1,1,0,0.20037806034088135,20776,0.09844559585492228,2024,4243638705,77,-7,True,4900,
502,sf/query/images/8lNaD9Z_DibirPENhln9H1.jpg,random,0.2,3,1,1,0.4827965795993805,0.4079790711402893,0.2959024906158447,0.25557488203048706,0.18689408898353577,0.15240418910980225,0.03448989987373352,0.07481750845909119,0.29591983556747437,0,1,1,1,0,0.20037806034088135,20776,0.27616707616707614,2024,4243638705,34,3,True,4900,
502,sf/query/images/8lNaD9Z_DibirPENhln9H1.jpg,random,0.2,4,1,1,0.4827965795993805,0.33534467220306396,0.2959024906158447,0.25275808572769165,0.18689408898353577,0.08258658647537231,0.10430750250816345,0.14745190739631653,0.36156165599823,0,1,1,1,0,0.20037806034088135,20776,0.1858785924255829,2024,4243638705,-51,5,True,4900,
497,cph/query/images/XJQVP9M9XtnBaJAIBsGFFA.jpg,clean,0.0,-1,1,1,0.5504640936851501,0.5504640936851501,0.23149476945400238,0.23149476945400238,0.3189693093299866,0.3189693093299866,0.0,0.0,0.0,0,1,1,1,0,0.0,0,0.0,2024,0,0,0,True,0,
497,cph/query/images/XJQVP9M9XtnBaJAIBsGFFA.jpg,attention,0.1,-1,1,1,0.5504640936851501,0.4418345093727112,0.23149476945400238,0.2032698094844818,0.3189693093299866,0.23856469988822937,0.0804046094417572,0.10862958431243896,0.3020411729812622,0,1,1,1,0,0.10018903017044067,10388,1.0,2024,3820644734,0,0,True,15554,
497,cph/query/images/XJQVP9M9XtnBaJAIBsGFFA.jpg,random,0.1,0,1,1,0.5504640936851501,0.4599834084510803,0.23149476945400238,0.20429781079292297,0.3189693093299866,0.25568559765815735,0.06328371167182922,0.09048068523406982,0.2349834442138672,0,1,1,1,0,0.10018903017044067,10388,0.36900369003690037,2024,3820644734,15,28,True,15554,
497,cph/query/images/XJQVP9M9XtnBaJAIBsGFFA.jpg,random,0.1,1,1,1,0.5504640936851501,0.4746191203594208,0.23149476945400238,0.20314453542232513,0.3189693093299866,0.27147459983825684,0.047494709491729736,0.07584497332572937,0.20215392112731934,0,1,1,1,0,0.10018903017044067,10388,0.1285171102661597,2024,3820644734,-35,37,True,15554,
497,cph/query/images/XJQVP9M9XtnBaJAIBsGFFA.jpg,random,0.1,2,1,1,0.5504640936851501,0.5384826064109802,0.23149476945400238,0.21846628189086914,0.3189693093299866,0.3200163245201111,-0.0010470151901245117,0.011981487274169922,0.0750265121459961,0,1,1,1,0,0.10018903017044067,10388,0.04067321178120617,2024,3820644734,80,70,True,15554,
497,cph/query/images/XJQVP9M9XtnBaJAIBsGFFA.jpg,random,0.1,3,1,1,0.5504640936851501,0.4875475764274597,0.23149476945400238,0.1992800533771515,0.3189693093299866,0.2882675230503082,0.030701786279678345,0.06291651725769043,0.24979978799819946,0,1,1,1,0,0.10018903017044067,10388,0.28516639861437587,2024,3820644734,-10,41,True,15554,
497,cph/query/images/XJQVP9M9XtnBaJAIBsGFFA.jpg,random,0.1,4,1,1,0.5504640936851501,0.5433436632156372,0.23149476945400238,0.23687928915023804,0.3189693093299866,0.30646437406539917,0.012504935264587402,0.0071204304695129395,0.0588151216506958,0,1,1,1,0,0.10018903017044067,10388,0.014700854700854702,2024,3820644734,91,15,True,15554,
497,cph/query/images/XJQVP9M9XtnBaJAIBsGFFA.jpg,attention,0.15,-1,1,1,0.5504640936851501,0.40397992730140686,0.23149476945400238,0.20829570293426514,0.3189693093299866,0.19568422436714172,0.12328508496284485,0.1464841663837433,0.3830310106277466,0,1,1,1,0,0.14933836460113525,15484,1.0,2024,231434875,0,0,True,2534,
497,cph/query/images/XJQVP9M9XtnBaJAIBsGFFA.jpg,random,0.15,0,1,1,0.5504640936851501,0.539730966091156,0.23149476945400238,0.20714552700519562,0.3189693093299866,0.3325854539871216,-0.01361614465713501,0.01073312759399414,0.1730860471725464,0,1,1,1,0,0.14933836460113525,15484,0.13469148468415654,2024,231434875,58,-9,True,2534,
497,cph/query/images/XJQVP9M9XtnBaJAIBsGFFA.jpg,random,0.15,1,1,1,0.5504640936851501,0.5049557089805603,0.23149476945400238,0.20257370173931122,0.3189693093299866,0.3023819923400879,0.01658731698989868,0.045508384704589844,0.1604245901107788,0,1,1,1,0,0.14933836460113525,15484,0.07430791646430306,2024,231434875,-79,-7,True,2534,
497,cph/query/images/XJQVP9M9XtnBaJAIBsGFFA.jpg,random,0.15,2,1,1,0.5504640936851501,0.4489282965660095,0.23149476945400238,0.23311008512973785,0.3189693093299866,0.21581821143627167,0.1031510978937149,0.10153579711914062,0.3572629690170288,0,1,1,1,0,0.14933836460113525,15484,0.28829353523587653,2024,231434875,28,-3,True,2534,
497,cph/query/images/XJQVP9M9XtnBaJAIBsGFFA.jpg,random,0.15,3,1,1,0.5504640936851501,0.4299144744873047,0.23149476945400238,0.21961379051208496,0.3189693093299866,0.21030068397521973,0.10866862535476685,0.12054961919784546,0.3681301474571228,0,1,1,1,0,0.14933836460113525,15484,0.5410031847133758,2024,231434875,8,-9,True,2534,
497,cph/query/images/XJQVP9M9XtnBaJAIBsGFFA.jpg,random,0.15,4,1,1,0.5504640936851501,0.44932153820991516,0.23149476945400238,0.21380367875099182,0.3189693093299866,0.23551785945892334,0.08345144987106323,0.10114255547523499,0.3604776859283447,0,1,1,1,0,0.14933836460113525,15484,0.32756033780597593,2024,231434875,25,-1,True,2534,
497,cph/query/images/XJQVP9M9XtnBaJAIBsGFFA.jpg,attention,0.2,-1,1,1,0.5504640936851501,0.3356091380119324,0.23149476945400238,0.1887066811323166,0.3189693093299866,0.14690245687961578,0.1720668524503708,0.21485495567321777,0.47002947330474854,0,1,1,1,0,0.20037806034088135,20776,1.0,2024,2800241710,0,0,True,2114,
497,cph/query/images/XJQVP9M9XtnBaJAIBsGFFA.jpg,random,0.2,0,1,1,0.5504640936851501,0.499369353055954,0.23149476945400238,0.20307476818561554,0.3189693093299866,0.29629456996917725,0.022674739360809326,0.05109474062919617,0.319646954536438,0,1,1,1,0,0.20037806034088135,20776,0.2646700754808863,2024,2800241710,45,-5,True,2114,
497,cph/query/images/XJQVP9M9XtnBaJAIBsGFFA.jpg,random,0.2,1,1,1,0.5504640936851501,0.37930813431739807,0.23149476945400238,0.18121202290058136,0.3189693093299866,0.1980961114168167,0.12087319791316986,0.17115595936775208,0.35078853368759155,0,1,1,1,0,0.20037806034088135,20776,0.22341302555647155,2024,2800241710,-54,-2,True,2114,
497,cph/query/images/XJQVP9M9XtnBaJAIBsGFFA.jpg,random,0.2,2,1,1,0.5504640936851501,0.4911623001098633,0.23149476945400238,0.19562390446662903,0.3189693093299866,0.29553839564323425,0.02343091368675232,0.059301793575286865,0.2613043785095215,0,1,1,1,0,0.20037806034088135,20776,0.2255058101810889,2024,2800241710,53,-2,True,2114,
497,cph/query/images/XJQVP9M9XtnBaJAIBsGFFA.jpg,random,0.2,3,1,1,0.5504640936851501,0.40596437454223633,0.23149476945400238,0.20777064561843872,0.3189693093299866,0.1981937289237976,0.12077558040618896,0.14449971914291382,0.37955546379089355,0,1,1,1,0,0.20037806034088135,20776,0.43075545761311207,2024,2800241710,23,-9,True,2114,
497,cph/query/images/XJQVP9M9XtnBaJAIBsGFFA.jpg,random,0.2,4,1,1,0.5504640936851501,0.5034183859825134,0.23149476945400238,0.20067857205867767,0.3189693093299866,0.30273979902267456,0.01622951030731201,0.04704570770263672,0.20969897508621216,0,1,1,1,0,0.20037806034088135,20776,0.1967741935483871,2024,2800241710,59,0,True,2114,
592,sf/query/images/vA3RtOZlibLW2mIPqr5CEA.jpg,clean,0.0,-1,1,1,0.5939252376556396,0.5939252376556396,0.5579187870025635,0.5579187870025635,0.03600645065307617,0.03600645065307617,0.0,0.0,0.0,0,1,1,1,0,0.0,0,0.0,2024,0,0,0,True,0,
592,sf/query/images/vA3RtOZlibLW2mIPqr5CEA.jpg,attention,0.1,-1,1,2,0.5939252376556396,0.46832752227783203,0.5579187870025635,0.49346521496772766,0.03600645065307617,-0.02513769268989563,0.0611441433429718,0.12559771537780762,0.3090381622314453,1,0,1,1,1,0.10018903017044067,10388,1.0,2024,3555786566,0,0,True,23842,
592,sf/query/images/vA3RtOZlibLW2mIPqr5CEA.jpg,random,0.1,0,1,1,0.5939252376556396,0.5629926919937134,0.5579187870025635,0.528536319732666,0.03600645065307617,0.03445637226104736,0.0015500783920288086,0.03093254566192627,0.08228534460067749,0,1,1,1,0,0.10018903017044067,10388,0.05338944379658267,2024,3555786566,53,41,True,23842,
592,sf/query/images/vA3RtOZlibLW2mIPqr5CEA.jpg,random,0.1,1,1,1,0.5939252376556396,0.5160044431686401,0.5579187870025635,0.48477643728256226,0.03600645065307617,0.03122800588607788,0.004778444766998291,0.07792079448699951,0.17082613706588745,0,1,1,1,0,0.10018903017044067,10388,0.1989843028624192,2024,3555786566,-39,68,True,23842,
592,sf/query/images/vA3RtOZlibLW2mIPqr5CEA.jpg,random,0.1,2,1,1,0.5939252376556396,0.5836234092712402,0.5579187870025635,0.5461992025375366,0.03600645065307617,0.03742420673370361,-0.0014177560806274414,0.010301828384399414,0.01658487319946289,0,1,1,1,0,0.10018903017044067,10388,0.0006743088334457181,2024,3555786566,-97,27,True,23842,
592,sf/query/images/vA3RtOZlibLW2mIPqr5CEA.jpg,random,0.1,3,1,1,0.5939252376556396,0.563949465751648,0.5579187870025635,0.5197940468788147,0.03600645065307617,0.04415541887283325,-0.00814896821975708,0.0299757719039917,0.08915889263153076,0,1,1,1,0,0.10018903017044067,10388,0.022742935906271536,2024,3555786566,53,80,True,23842,
592,sf/query/images/vA3RtOZlibLW2mIPqr5CEA.jpg,random,0.1,4,1,1,0.5939252376556396,0.572327733039856,0.5579187870025635,0.5304294228553772,0.03600645065307617,0.04189831018447876,-0.005891859531402588,0.02159750461578369,0.05063450336456299,0,1,1,1,0,0.10018903017044067,10388,0.03558967201674808,2024,3555786566,62,29,True,23842,
592,sf/query/images/vA3RtOZlibLW2mIPqr5CEA.jpg,attention,0.15,-1,1,2,0.5939252376556396,0.4257535934448242,0.5579187870025635,0.4542556703090668,0.03600645065307617,-0.028502076864242554,0.06450852751731873,0.16817164421081543,0.401106059551239,1,0,1,1,1,0.14933836460113525,15484,1.0,2024,3917303196,0,0,True,5306,
592,sf/query/images/vA3RtOZlibLW2mIPqr5CEA.jpg,random,0.15,0,1,2,0.5939252376556396,0.42250245809555054,0.5579187870025635,0.4407210648059845,0.03600645065307617,-0.01821860671043396,0.05422505736351013,0.1714227795600891,0.40268635749816895,1,0,1,1,1,0.14933836460113525,15484,0.6187339919502378,2024,3917303196,7,3,True,5306,
592,sf/query/images/vA3RtOZlibLW2mIPqr5CEA.jpg,random,0.15,1,1,1,0.5939252376556396,0.4432189464569092,0.5579187870025635,0.4085298776626587,0.03600645065307617,0.03468906879425049,0.0013173818588256836,0.15070629119873047,0.31136131286621094,0,1,1,1,0,0.14933836460113525,15484,0.21271929824561403,2024,3917303196,-42,4,True,5306,
592,sf/query/images/vA3RtOZlibLW2mIPqr5CEA.jpg,random,0.15,2,1,1,0.5939252376556396,0.5363012552261353,0.5579187870025635,0.47268638014793396,0.03600645065307617,0.0636148750782013,-0.027608424425125122,0.057623982429504395,0.09893369674682617,0,1,1,1,0,0.14933836460113525,15484,0.03461178671655753,2024,3917303196,-75,14,True,5306,
592,sf/query/images/vA3RtOZlibLW2mIPqr5CEA.jpg,random,0.15,3,1,2,0.5939252376556396,0.45849594473838806,0.5579187870025635,0.4788569509983063,0.03600645065307617,-0.020361006259918213,0.056367456912994385,0.1354292929172516,0.26528728008270264,1,0,1,1,1,0.14933836460113525,15484,0.19116855142703285,2024,3917303196,45,4,True,5306,
592,sf/query/images/vA3RtOZlibLW2mIPqr5CEA.jpg,random,0.15,4,1,1,0.5939252376556396,0.5608040690422058,0.5579187870025635,0.5294157862663269,0.03600645065307617,0.031388282775878906,0.004618167877197266,0.03312116861343384,0.07872867584228516,0,1,1,1,0,0.14933836460113525,15484,0.03655107778819119,2024,3917303196,80,0,True,5306,
592,sf/query/images/vA3RtOZlibLW2mIPqr5CEA.jpg,attention,0.2,-1,1,2,0.5939252376556396,0.4099021553993225,0.5579187870025635,0.43232738971710205,0.03600645065307617,-0.02242523431777954,0.05843168497085571,0.18402308225631714,0.44792139530181885,1,0,1,1,1,0.20037806034088135,20776,1.0,2024,225292756,0,0,True,2744,
592,sf/query/images/vA3RtOZlibLW2mIPqr5CEA.jpg,random,0.2,0,1,1,0.5939252376556396,0.4493449926376343,0.5579187870025635,0.42147183418273926,0.03600645065307617,0.02787315845489502,0.008133292198181152,0.14458024501800537,0.3126333951950073,0,1,1,1,0,0.20037806034088135,20776,0.2223333529446373,2024,225292756,47,8,True,2744,
592,sf/query/images/vA3RtOZlibLW2mIPqr5CEA.jpg,random,0.2,1,1,1,0.5939252376556396,0.42682012915611267,0.5579187870025635,0.4121386408805847,0.03600645065307617,0.014681488275527954,0.021324962377548218,0.16710510849952698,0.34350836277008057,0,1,1,1,0,0.20037806034088135,20776,0.23468235573780233,2024,225292756,46,11,True,2744,
592,sf/query/images/vA3RtOZlibLW2mIPqr5CEA.jpg,random,0.2,2,1,1,0.5939252376556396,0.5159668922424316,0.5579187870025635,0.4962949752807617,0.03600645065307617,0.019671916961669922,0.01633453369140625,0.07795834541320801,0.22335147857666016,0,1,1,1,0,0.20037806034088135,20776,0.15076991248476793,2024,225292756,58,8,True,2744,
592,sf/query/images/vA3RtOZlibLW2mIPqr5CEA.jpg,random,0.2,3,1,2,0.5939252376556396,0.41697296500205994,0.5579187870025635,0.4246950149536133,0.03600645065307617,-0.007722049951553345,0.04372850060462952,0.1769522726535797,0.3602967858314514,1,0,1,1,1,0.20037806034088135,20776,0.310788643533123,2024,225292756,34,2,True,2744,
592,sf/query/images/vA3RtOZlibLW2mIPqr5CEA.jpg,random,0.2,4,1,2,0.5939252376556396,0.41660580039024353,0.5579187870025635,0.429029643535614,0.03600645065307617,-0.012423843145370483,0.048430293798446655,0.17731943726539612,0.3590545058250427,1,0,1,1,1,0.20037806034088135,20776,0.31294236602628916,2024,225292756,34,4,True,2744,
105,cph/query/images/1KD-8HZHLmCe7k9x5eeTpQ.jpg,clean,0.0,-1,1,1,0.5818668007850647,0.5818668007850647,0.4778122007846832,0.4778122007846832,0.10405460000038147,0.10405460000038147,0.0,0.0,0.0,0,1,1,1,0,0.0,0,0.0,2024,0,0,0,True,0,
105,cph/query/images/1KD-8HZHLmCe7k9x5eeTpQ.jpg,attention,0.1,-1,1,1,0.5818668007850647,0.38057053089141846,0.4778122007846832,0.3343246877193451,0.10405460000038147,0.046245843172073364,0.057808756828308105,0.20129626989364624,0.4932062029838562,0,1,1,1,0,0.10018903017044067,10388,1.0,2024,1145519767,0,0,True,9674,
105,cph/query/images/1KD-8HZHLmCe7k9x5eeTpQ.jpg,random,0.1,0,1,1,0.5818668007850647,0.5358193516731262,0.4778122007846832,0.4490077495574951,0.10405460000038147,0.0868116021156311,0.017242997884750366,0.04604744911193848,0.23077404499053955,0,1,1,1,0,0.10018903017044067,10388,0.13270090502671464,2024,1145519767,32,-5,True,9674,
105,cph/query/images/1KD-8HZHLmCe7k9x5eeTpQ.jpg,random,0.1,1,1,1,0.5818668007850647,0.3990866243839264,0.4778122007846832,0.3382367789745331,0.10405460000038147,0.06084984540939331,0.04320475459098816,0.1827801764011383,0.45903635025024414,0,1,1,1,0,0.10018903017044067,10388,0.5932515337423313,2024,1145519767,-2,-11,True,9674,
105,cph/query/images/1KD-8HZHLmCe7k9x5eeTpQ.jpg,random,0.1,2,1,1,0.5818668007850647,0.431792676448822,0.4778122007846832,0.34979018568992615,0.10405460000038147,0.08200249075889587,0.022052109241485596,0.15007412433624268,0.43515610694885254,0,1,1,1,0,0.10018903017044067,10388,0.466403162055336,2024,1145519767,10,7,True,9674,
105,cph/query/images/1KD-8HZHLmCe7k9x5eeTpQ.jpg,random,0.1,3,1,1,0.5818668007850647,0.407335102558136,0.4778122007846832,0.35633817315101624,0.10405460000038147,0.05099692940711975,0.05305767059326172,0.1745316982269287,0.47389131784439087,0,1,1,1,0,0.10018903017044067,10388,0.8784810126582279,2024,1145519767,-2,0,True,9674,
105,cph/query/images/1KD-8HZHLmCe7k9x5eeTpQ.jpg,random,0.1,4,1,1,0.5818668007850647,0.557826042175293,0.4778122007846832,0.46388179063796997,0.10405460000038147,0.093944251537323,0.010110348463058472,0.02404075860977173,0.06591403484344482,0,1,1,1,0,0.10018903017044067,10388,0.030555555555555555,2024,1145519767,-60,6,True,9674,
105,cph/query/images/1KD-8HZHLmCe7k9x5eeTpQ.jpg,attention,0.15,-1,1,1,0.5818668007850647,0.3575422763824463,0.4778122007846832,0.30685025453567505,0.10405460000038147,0.05069202184677124,0.05336257815361023,0.2243245244026184,0.5295944213867188,0,1,1,1,0,0.14933836460113525,15484,1.0,2024,2545600065,0,0,True,3164,
105,cph/query/images/1KD-8HZHLmCe7k9x5eeTpQ.jpg,random,0.15,0,1,1,0.5818668007850647,0.5372331142425537,0.4778122007846832,0.4415134787559509,0.10405460000038147,0.09571963548660278,0.008334964513778687,0.044633686542510986,0.14967358112335205,0,1,1,1,0,0.14933836460113525,15484,0.10758226037195995,2024,2545600065,-55,12,True,3164,
105,cph/query/images/1KD-8HZHLmCe7k9x5eeTpQ.jpg,random,0.15,1,1,1,0.5818668007850647,0.40496912598609924,0.4778122007846832,0.34010395407676697,0.10405460000038147,0.06486517190933228,0.039189428091049194,0.17689767479896545,0.408985435962677,0,1,1,1,0,0.14933836460113525,15484,0.6159465664788144,2024,2545600065,-8,6,True,3164,
105,cph/query/images/1KD-8HZHLmCe7k9x5eeTpQ.jpg,random,0.15,2,1,1,0.5818668007850647,0.5169404745101929,0.4778122007846832,0.4574165344238281,0.10405460000038147,0.059523940086364746,0.044530659914016724,0.06492632627487183,0.25083643198013306,0,1,1,1,0,0.14933836460113525,15484,0.34037396121883656,2024,2545600065,-23,2,True,3164,
105,cph/query/images/1KD-8HZHLmCe7k9x5eeTpQ.jpg,random,0.15,3,1,1,0.5818668007850647,0.537706732749939,0.4778122007846832,0.442969411611557,0.10405460000038147,0.09473732113838196,0.009317278861999512,0.04416006803512573,0.13884484767913818,0,1,1,1,0,0.14933836460113525,15484,0.14849428868120457,2024,2545600065,-42,3,True,3164,
105,cph/query/images/1KD-8HZHLmCe7k9x5eeTpQ.jpg,random,0.15,4,1,1,0.5818668007850647,0.5317460298538208,0.4778122007846832,0.44154295325279236,0.10405460000038147,0.09020307660102844,0.013851523399353027,0.050120770931243896,0.08481156826019287,0,1,1,1,0,0.14933836460113525,15484,0.037732055492259234,2024,2545600065,-81,2,True,3164,
105,cph/query/images/1KD-8HZHLmCe7k9x5eeTpQ.jpg,attention,0.2,-1,1,1,0.5818668007850647,0.35255172848701477,0.4778122007846832,0.3081650137901306,0.10405460000038147,0.044386714696884155,0.059667885303497314,0.22931507229804993,0.5497133135795593,0,1,1,1,0,0.20037806034088135,20776,1.0,2024,1572261317,0,0,True,2954,
105,cph/query/images/1KD-8HZHLmCe7k9x5eeTpQ.jpg,random,0.2,0,1,1,0.5818668007850647,0.48456084728240967,0.4778122007846832,0.3675367534160614,0.10405460000038147,0.11702409386634827,-0.012969493865966797,0.09730595350265503,0.2236233949661255,0,1,1,1,0,0.20037806034088135,20776,0.25549915397631134,2024,1572261317,-43,14,True,2954,
105,cph/query/images/1KD-8HZHLmCe7k9x5eeTpQ.jpg,random,0.2,1,1,1,0.5818668007850647,0.44122153520584106,0.4778122007846832,0.41436442732810974,0.10405460000038147,0.026857107877731323,0.07719749212265015,0.14064526557922363,0.34767210483551025,0,1,1,1,0,0.20037806034088135,20776,0.48708038078877675,2024,1572261317,-18,11,True,2954,
105,cph/query/images/1KD-8HZHLmCe7k9x5eeTpQ.jpg,random,0.2,2,1,1,0.5818668007850647,0.463362455368042,0.4778122007846832,0.3933275043964386,0.10405460000038147,0.0700349509716034,0.034019649028778076,0.1185043454170227,0.30943822860717773,0,1,1,1,0,0.20037806034088135,20776,0.2576271186440678,2024,1572261317,42,6,True,2954,
105,cph/query/images/1KD-8HZHLmCe7k9x5eeTpQ.jpg,random,0.2,3,1,1,0.5818668007850647,0.4735446572303772,0.4778122007846832,0.3690817952156067,0.10405460000038147,0.10446286201477051,-0.0004082620143890381,0.1083221435546875,0.19933390617370605,0,1,1,1,0,0.20037806034088135,20776,0.11873350923482849,2024,1572261317,-70,7,True,2954,
105,cph/query/images/1KD-8HZHLmCe7k9x5eeTpQ.jpg,random,0.2,4,1,1,0.5818668007850647,0.5248537659645081,0.4778122007846832,0.42364639043807983,0.10405460000038147,0.10120737552642822,0.002847224473953247,0.05701303482055664,0.2009190320968628,0,1,1,1,0,0.20037806034088135,20776,0.18862635162194633,2024,1572261317,-54,7,True,2954,
119,cph/query/images/HHeWEZH3WmpZiYJcuwsDzQ.jpg,clean,0.0,-1,1,1,0.5864869356155396,0.5864869356155396,0.233085036277771,0.233085036277771,0.35340189933776855,0.35340189933776855,0.0,0.0,0.0,0,1,1,1,0,0.0,0,0.0,2024,0,0,0,True,0,
119,cph/query/images/HHeWEZH3WmpZiYJcuwsDzQ.jpg,attention,0.1,-1,1,1,0.5864869356155396,0.4949488639831543,0.233085036277771,0.20993970334529877,0.35340189933776855,0.28500914573669434,0.06839275360107422,0.09153807163238525,0.33411145210266113,0,1,1,1,0,0.10018903017044067,10388,1.0,2024,3311214896,0,0,True,9072,
119,cph/query/images/HHeWEZH3WmpZiYJcuwsDzQ.jpg,random,0.1,0,1,1,0.5864869356155396,0.546648383140564,0.233085036277771,0.19433388113975525,0.35340189933776855,0.3523145020008087,0.0010873973369598389,0.039838552474975586,0.10513007640838623,0,1,1,1,0,0.10018903017044067,10388,0.01783264746227709,2024,3311214896,-66,23,True,9072,
119,cph/query/images/HHeWEZH3WmpZiYJcuwsDzQ.jpg,random,0.1,1,1,1,0.5864869356155396,0.5716630220413208,0.233085036277771,0.22004204988479614,0.35340189933776855,0.35162097215652466,0.0017809271812438965,0.01482391357421875,0.045647263526916504,0,1,1,1,0,0.10018903017044067,10388,0.005030959752321981,2024,3311214896,-80,2,True,9072,
119,cph/query/images/HHeWEZH3WmpZiYJcuwsDzQ.jpg,random,0.1,2,1,1,0.5864869356155396,0.5075148940086365,0.233085036277771,0.22301608324050903,0.35340189933776855,0.28449881076812744,0.06890308856964111,0.07897204160690308,0.24970662593841553,0,1,1,1,0,0.10018903017044067,10388,0.3051890941072999,2024,3311214896,17,-7,True,9072,
119,cph/query/images/HHeWEZH3WmpZiYJcuwsDzQ.jpg,random,0.1,3,1,1,0.5864869356155396,0.5220226645469666,0.233085036277771,0.20215308666229248,0.35340189933776855,0.3198695778846741,0.03353232145309448,0.064464271068573,0.18550145626068115,0,1,1,1,0,0.10018903017044067,10388,0.10840802390098164,2024,3311214896,-36,-6,True,9072,
119,cph/query/images/HHeWEZH3WmpZiYJcuwsDzQ.jpg,random,0.1,4,1,1,0.5864869356155396,0.5297209024429321,0.233085036277771,0.20680329203605652,0.35340189933776855,0.3229176104068756,0.030484288930892944,0.05676603317260742,0.1596386432647705,0,1,1,1,0,0.10018903017044067,10388,0.09769112907486659,2024,3311214896,39,23,True,9072,
119,cph/query/images/HHeWEZH3WmpZiYJcuwsDzQ.jpg,attention,0.15,-1,1,1,0.5864869356155396,0.4524880349636078,0.233085036277771,0.2170044481754303,0.35340189933776855,0.2354835867881775,0.11791831254959106,0.13399890065193176,0.42078977823257446,0,1,1,1,0,0.14933836460113525,15484,1.0,2024,3862253599,0,0,True,196,
119,cph/query/images/HHeWEZH3WmpZiYJcuwsDzQ.jpg,random,0.15,0,1,1,0.5864869356155396,0.5418382287025452,0.233085036277771,0.21152502298355103,0.35340189933776855,0.33031320571899414,0.023088693618774414,0.044648706912994385,0.09845757484436035,0,1,1,1,0,0.14933836460113525,15484,0.050332383665717,2024,3862253599,-64,0,True,196,
119,cph/query/images/HHeWEZH3WmpZiYJcuwsDzQ.jpg,random,0.15,1,1,1,0.5864869356155396,0.4847133457660675,0.233085036277771,0.21284842491149902,0.35340189933776855,0.2718649208545685,0.08153697848320007,0.10177358984947205,0.340488076210022,0,1,1,1,0,0.14933836460113525,15484,0.4270967741935484,2024,3862253599,18,0,True,196,
119,cph/query/images/HHeWEZH3WmpZiYJcuwsDzQ.jpg,random,0.15,2,1,1,0.5864869356155396,0.4868142008781433,0.233085036277771,0.22606432437896729,0.35340189933776855,0.260749876499176,0.09265202283859253,0.09967273473739624,0.3209803104400635,0,1,1,1,0,0.14933836460113525,15484,0.39119496855345914,2024,3862253599,-20,0,True,196,
119,cph/query/images/HHeWEZH3WmpZiYJcuwsDzQ.jpg,random,0.15,3,1,1,0.5864869356155396,0.5679349899291992,0.233085036277771,0.24437955021858215,0.35340189933776855,0.32355543971061707,0.02984645962715149,0.018551945686340332,0.09354996681213379,0,1,1,1,0,0.14933836460113525,15484,0.04734848484848485,2024,3862253599,65,0,True,196,
119,cph/query/images/HHeWEZH3WmpZiYJcuwsDzQ.jpg,random,0.15,4,1,1,0.5864869356155396,0.48011791706085205,0.233085036277771,0.20436465740203857,0.35340189933776855,0.2757532596588135,0.07764863967895508,0.1063690185546875,0.2538944482803345,0,1,1,1,0,0.14933836460113525,15484,0.21940463065049615,2024,3862253599,-32,0,True,196,
119,cph/query/images/HHeWEZH3WmpZiYJcuwsDzQ.jpg,attention,0.2,-1,1,1,0.5864869356155396,0.4082810878753662,0.233085036277771,0.19156044721603394,0.35340189933776855,0.21672064065933228,0.13668125867843628,0.17820584774017334,0.48220688104629517,0,1,1,1,0,0.20037806034088135,20776,1.0,2024,1016638698,0,0,True,182,
119,cph/query/images/HHeWEZH3WmpZiYJcuwsDzQ.jpg,random,0.2,0,1,1,0.5864869356155396,0.3880855441093445,0.233085036277771,0.205267995595932,0.35340189933776855,0.18281754851341248,0.17058435082435608,0.19840139150619507,0.5196197032928467,0,1,1,1,0,0.20037806034088135,20776,0.683494044242768,2024,1016638698,-9,0,True,182,
119,cph/query/images/HHeWEZH3WmpZiYJcuwsDzQ.jpg,random,0.2,1,1,1,0.5864869356155396,0.554360568523407,0.233085036277771,0.22509869933128357,0.35340189933776855,0.3292618691921234,0.02414003014564514,0.03212636709213257,0.061515092849731445,0,1,1,1,0,0.20037806034088135,20776,0.03414634146341464,2024,1016638698,-86,0,True,182,
119,cph/query/images/HHeWEZH3WmpZiYJcuwsDzQ.jpg,random,0.2,2,1,1,0.5864869356155396,0.536461353302002,0.233085036277771,0.19704075157642365,0.35340189933776855,0.3394206166267395,0.013981282711029053,0.0500255823135376,0.3213004469871521,0,1,1,1,0,0.20037806034088135,20776,0.23666666666666666,2024,1016638698,40,0,True,182,
119,cph/query/images/HHeWEZH3WmpZiYJcuwsDzQ.jpg,random,0.2,3,1,1,0.5864869356155396,0.5264833569526672,0.233085036277771,0.1963581144809723,0.35340189933776855,0.33012524247169495,0.02327665686607361,0.060003578662872314,0.32211071252822876,0,1,1,1,0,0.20037806034088135,20776,0.25549915397631134,2024,1016638698,38,0,True,182,
119,cph/query/images/HHeWEZH3WmpZiYJcuwsDzQ.jpg,random,0.2,4,1,1,0.5864869356155396,0.47575515508651733,0.233085036277771,0.2104155421257019,0.35340189933776855,0.26533961296081543,0.08806228637695312,0.11073178052902222,0.25463056564331055,0,1,1,1,0,0.20037806034088135,20776,0.20846905537459284,2024,1016638698,-44,0,True,182,
633,sf/query/images/4rN-d8CEJY2BLYjmMpVFuT.jpg,clean,0.0,-1,1,1,0.6957200169563293,0.6957200169563293,0.21138164401054382,0.21138164401054382,0.4843383729457855,0.4843383729457855,0.0,0.0,0.0,0,1,1,1,0,0.0,0,0.0,2024,0,0,0,True,0,
633,sf/query/images/4rN-d8CEJY2BLYjmMpVFuT.jpg,attention,0.1,-1,1,1,0.6957200169563293,0.43879950046539307,0.21138164401054382,0.21037966012954712,0.4843383729457855,0.22841984033584595,0.2559185326099396,0.2569205164909363,0.34438467025756836,0,1,1,1,0,0.10018903017044067,10388,1.0,2024,131285287,0,0,True,28574,
633,sf/query/images/4rN-d8CEJY2BLYjmMpVFuT.jpg,random,0.1,0,1,1,0.6957200169563293,0.6578696966171265,0.21138164401054382,0.22729003429412842,0.4843383729457855,0.43057966232299805,0.053758710622787476,0.03785032033920288,0.07725894451141357,0,1,1,1,0,0.10018903017044067,10388,0.09278350515463918,2024,131285287,-49,70,True,28574,
633,sf/query/images/4rN-d8CEJY2BLYjmMpVFuT.jpg,random,0.1,1,1,1,0.6957200169563293,0.6896055936813354,0.21138164401054382,0.21205146610736847,0.4843383729457855,0.4775541424751282,0.006784230470657349,0.0061144232749938965,0.012061059474945068,0,1,1,1,0,0.10018903017044067,10388,0.0,2024,131285287,-127,21,True,28574,
633,sf/query/images/4rN-d8CEJY2BLYjmMpVFuT.jpg,random,0.1,2,1,1,0.6957200169563293,0.5541499853134155,0.21138164401054382,0.20648743212223053,0.4843383729457855,0.3476625680923462,0.13667580485343933,0.14157003164291382,0.23198747634887695,0,1,1,1,0,0.10018903017044067,10388,0.3241555130656469,2024,131285287,17,31,True,28574,
633,sf/query/images/4rN-d8CEJY2BLYjmMpVFuT.jpg,random,0.1,3,1,1,0.6957200169563293,0.6928753852844238,0.21138164401054382,0.211790531873703,0.4843383729457855,0.4810848534107208,0.0032535195350646973,0.0028446316719055176,0.005201816558837891,0,1,1,1,0,0.10018903017044067,10388,0.0,2024,131285287,-130,-42,True,28574,
633,sf/query/images/4rN-d8CEJY2BLYjmMpVFuT.jpg,random,0.1,4,1,1,0.6957200169563293,0.4456634521484375,0.21138164401054382,0.19015446305274963,0.4843383729457855,0.25550898909568787,0.22882938385009766,0.25005656480789185,0.3790443539619446,0,1,1,1,0,0.10018903017044067,10388,0.5548570573267475,2024,131285287,3,-24,True,28574,
633,sf/query/images/4rN-d8CEJY2BLYjmMpVFuT.jpg,attention,0.15,-1,1,1,0.6957200169563293,0.37479594349861145,0.21138164401054382,0.19179493188858032,0.4843383729457855,0.18300101161003113,0.3013373613357544,0.3209240734577179,0.4700760245323181,0,1,1,1,0,0.14933836460113525,15484,1.0,2024,4264912064,0,0,True,12824,
633,sf/query/images/4rN-d8CEJY2BLYjmMpVFuT.jpg,random,0.15,0,1,1,0.6957200169563293,0.6366780996322632,0.21138164401054382,0.23474059998989105,0.4843383729457855,0.40193748474121094,0.08240088820457458,0.05904191732406616,0.14181602001190186,0,1,1,1,0,0.14933836460113525,15484,0.15079895949461167,2024,4264912064,-45,46,True,12824,
633,sf/query/images/4rN-d8CEJY2BLYjmMpVFuT.jpg,random,0.15,1,1,1,0.6957200169563293,0.5513168573379517,0.21138164401054382,0.20318971574306488,0.4843383729457855,0.3481271266937256,0.13621124625205994,0.14440315961837769,0.26325511932373047,0,1,1,1,0,0.14933836460113525,15484,0.29948386555327094,2024,4264912064,31,27,True,12824,
633,sf/query/images/4rN-d8CEJY2BLYjmMpVFuT.jpg,random,0.15,2,1,1,0.6957200169563293,0.5295771956443787,0.21138164401054382,0.20090186595916748,0.4843383729457855,0.3286753296852112,0.15566304326057434,0.16614282131195068,0.3077969551086426,0,1,1,1,0,0.14933836460113525,15484,0.3485455495558265,2024,4264912064,26,22,True,12824,
633,sf/query/images/4rN-d8CEJY2BLYjmMpVFuT.jpg,random,0.15,3,1,1,0.6957200169563293,0.6907011270523071,0.21138164401054382,0.2100604921579361,0.4843383729457855,0.4806406497955322,0.003697723150253296,0.005018889904022217,0.017951786518096924,0,1,1,1,0,0.14933836460113525,15484,0.0,2024,4264912064,-116,53,True,12824,
633,sf/query/images/4rN-d8CEJY2BLYjmMpVFuT.jpg,random,0.15,4,1,1,0.6957200169563293,0.6746731996536255,0.21138164401054382,0.20335988700389862,0.4843383729457855,0.4713132977485657,0.013025075197219849,0.021046817302703857,0.04545557498931885,0,1,1,1,0,0.14933836460113525,15484,0.025974025974025976,2024,4264912064,-80,10,True,12824,
633,sf/query/images/4rN-d8CEJY2BLYjmMpVFuT.jpg,attention,0.2,-1,1,1,0.6957200169563293,0.33022087812423706,0.21138164401054382,0.19449347257614136,0.4843383729457855,0.1357274055480957,0.3486109673976898,0.3654991388320923,0.5670138597488403,0,1,1,1,0,0.20037806034088135,20776,1.0,2024,1997997917,0,0,True,2954,
633,sf/query/images/4rN-d8CEJY2BLYjmMpVFuT.jpg,random,0.2,0,1,1,0.6957200169563293,0.6886475086212158,0.21138164401054382,0.20704995095729828,0.4843383729457855,0.48159754276275635,0.002740830183029175,0.007072508335113525,0.030997633934020996,0,1,1,1,0,0.20037806034088135,20776,0.0067842605156037995,2024,1997997917,-102,2,True,2954,
633,sf/query/images/4rN-d8CEJY2BLYjmMpVFuT.jpg,random,0.2,1,1,1,0.6957200169563293,0.5655696988105774,0.21138164401054382,0.22063234448432922,0.4843383729457855,0.34493735432624817,0.13940101861953735,0.13015031814575195,0.21640050411224365,0,1,1,1,0,0.20037806034088135,20776,0.15223781265598135,2024,1997997917,-55,6,True,2954,
633,sf/query/images/4rN-d8CEJY2BLYjmMpVFuT.jpg,random,0.2,2,1,1,0.6957200169563293,0.5525151491165161,0.21138164401054382,0.21716535091400146,0.4843383729457855,0.33534979820251465,0.14898857474327087,0.14320486783981323,0.22928059101104736,0,1,1,1,0,0.20037806034088135,20776,0.15872838817624094,2024,1997997917,-54,5,True,2954,
633,sf/query/images/4rN-d8CEJY2BLYjmMpVFuT.jpg,random,0.2,3,1,1,0.6957200169563293,0.37832337617874146,0.21138164401054382,0.19722384214401245,0.4843383729457855,0.181099534034729,0.3032388389110565,0.3173966407775879,0.5115889310836792,0,1,1,1,0,0.20037806034088135,20776,0.42477026470991636,2024,1997997917,22,13,True,2954,
633,sf/query/images/4rN-d8CEJY2BLYjmMpVFuT.jpg,random,0.2,4,1,1,0.6957200169563293,0.6672231554985046,0.21138164401054382,0.21570546925067902,0.4843383729457855,0.4515177011489868,0.032820671796798706,0.028496861457824707,0.0881887674331665,0,1,1,1,0,0.20037806034088135,20776,0.06510817184456065,2024,1997997917,-75,4,True,2954,
266,cph/query/images/csY5pYyTRIoJvLf-8d-i6g.jpg,clean,0.0,-1,1,1,0.555038571357727,0.555038571357727,0.40527433156967163,0.40527433156967163,0.14976423978805542,0.14976423978805542,0.0,0.0,0.0,0,1,1,1,0,0.0,0,0.0,2024,0,0,0,True,0,
266,cph/query/images/csY5pYyTRIoJvLf-8d-i6g.jpg,attention,0.1,-1,1,1,0.555038571357727,0.40997445583343506,0.40527433156967163,0.2971341609954834,0.14976423978805542,0.11284029483795166,0.03692394495010376,0.145064115524292,0.33278632164001465,0,1,1,1,0,0.10018903017044067,10388,1.0,2024,1305267884,0,0,True,20314,
266,cph/query/images/csY5pYyTRIoJvLf-8d-i6g.jpg,random,0.1,0,1,1,0.555038571357727,0.5503369569778442,0.40527433156967163,0.4055975675582886,0.14976423978805542,0.14473938941955566,0.005024850368499756,0.0047016143798828125,0.00972062349319458,0,1,1,1,0,0.10018903017044067,10388,0.0,2024,1305267884,-153,80,True,20314,
266,cph/query/images/csY5pYyTRIoJvLf-8d-i6g.jpg,random,0.1,1,1,1,0.555038571357727,0.49166926741600037,0.40527433156967163,0.3590801954269409,0.14976423978805542,0.13258907198905945,0.01717516779899597,0.06336930394172668,0.136887788772583,0,1,1,1,0,0.10018903017044067,10388,0.0524822695035461,2024,1305267884,-54,70,True,20314,
266,cph/query/images/csY5pYyTRIoJvLf-8d-i6g.jpg,random,0.1,2,1,1,0.555038571357727,0.5115800499916077,0.40527433156967163,0.3684614598751068,0.14976423978805542,0.14311859011650085,0.006645649671554565,0.043458521366119385,0.09850180149078369,0,1,1,1,0,0.10018903017044067,10388,0.0067842605156037995,2024,1305267884,-74,50,True,20314,
266,cph/query/images/csY5pYyTRIoJvLf-8d-i6g.jpg,random,0.1,3,1,1,0.555038571357727,0.533038854598999,0.40527433156967163,0.3949596881866455,0.14976423978805542,0.13807916641235352,0.011685073375701904,0.021999716758728027,0.04146319627761841,0,1,1,1,0,0.10018903017044067,10388,0.0,2024,1305267884,-106,60,True,20314,
266,cph/query/images/csY5pYyTRIoJvLf-8d-i6g.jpg,random,0.1,4,1,1,0.555038571357727,0.5082083940505981,0.40527433156967163,0.35586798191070557,0.14976423978805542,0.15234041213989258,-0.002576172351837158,0.046830177307128906,0.1516948938369751,0,1,1,1,0,0.10018903017044067,10388,0.08934563758389262,2024,1305267884,-46,52,True,20314,
266,cph/query/images/csY5pYyTRIoJvLf-8d-i6g.jpg,attention,0.15,-1,1,1,0.555038571357727,0.3386012017726898,0.40527433156967163,0.26669928431510925,0.14976423978805542,0.07190191745758057,0.07786232233047485,0.21643736958503723,0.4929744601249695,0,1,1,1,0,0.14933836460113525,15484,1.0,2024,4057295644,0,0,True,3374,
266,cph/query/images/csY5pYyTRIoJvLf-8d-i6g.jpg,random,0.15,0,1,1,0.555038571357727,0.3686629831790924,0.40527433156967163,0.3082354664802551,0.14976423978805542,0.06042751669883728,0.08933672308921814,0.18637558817863464,0.4632585048675537,0,1,1,1,0,0.14933836460113525,15484,0.43997024086301495,2024,4057295644,-9,13,True,3374,
266,cph/query/images/csY5pYyTRIoJvLf-8d-i6g.jpg,random,0.15,1,1,1,0.555038571357727,0.5293214917182922,0.40527433156967163,0.3924633860588074,0.14976423978805542,0.13685810565948486,0.012906134128570557,0.025717079639434814,0.043817758560180664,0,1,1,1,0,0.14933836460113525,15484,0.0017467813935433784,2024,4057295644,-96,1,True,3374,
266,cph/query/images/csY5pYyTRIoJvLf-8d-i6g.jpg,random,0.15,2,1,1,0.555038571357727,0.4663984477519989,0.40527433156967163,0.3580474257469177,0.14976423978805542,0.10835102200508118,0.04141321778297424,0.08864012360572815,0.2527594566345215,0,1,1,1,0,0.14933836460113525,15484,0.2261640798226164,2024,4057295644,-33,0,True,3374,
266,cph/query/images/csY5pYyTRIoJvLf-8d-i6g.jpg,random,0.15,3,1,1,0.555038571357727,0.517242431640625,0.40527433156967163,0.3796655535697937,0.14976423978805542,0.1375768780708313,0.012187361717224121,0.03779613971710205,0.09357309341430664,0,1,1,1,0,0.14933836460113525,15484,0.04059139784946236,2024,4057295644,72,12,True,3374,
266,cph/query/images/csY5pYyTRIoJvLf-8d-i6g.jpg,random,0.15,4,1,1,0.555038571357727,0.4005715250968933,0.40527433156967163,0.3267582356929779,0.14976423978805542,0.0738132894039154,0.07595095038414001,0.15446704626083374,0.41605210304260254,0,1,1,1,0,0.14933836460113525,15484,0.422508038585209,2024,4057295644,-12,7,True,3374,
266,cph/query/images/csY5pYyTRIoJvLf-8d-i6g.jpg,attention,0.2,-1,1,1,0.555038571357727,0.271774560213089,0.40527433156967163,0.23364487290382385,0.14976423978805542,0.03812968730926514,0.11163455247879028,0.28326401114463806,0.6207166910171509,0,1,1,1,0,0.20037806034088135,20776,1.0,2024,3640343089,0,0,True,210,
266,cph/query/images/csY5pYyTRIoJvLf-8d-i6g.jpg,random,0.2,0,1,1,0.555038571357727,0.4665897488594055,0.40527433156967163,0.36362847685813904,0.14976423978805542,0.10296127200126648,0.04680296778678894,0.08844882249832153,0.2658246159553528,0,1,1,1,0,0.20037806034088135,20776,0.18625099920063948,2024,3640343089,52,0,True,210,
266,cph/query/images/csY5pYyTRIoJvLf-8d-i6g.jpg,random,0.2,1,1,1,0.555038571357727,0.29510298371315,0.40527433156967163,0.24951624870300293,0.14976423978805542,0.045586735010147095,0.10417750477790833,0.259935587644577,0.5815747976303101,0,1,1,1,0,0.20037806034088135,20776,0.9123711340206185,2024,3640343089,-2,0,True,210,
266,cph/query/images/csY5pYyTRIoJvLf-8d-i6g.jpg,random,0.2,2,1,1,0.555038571357727,0.5357381105422974,0.40527433156967163,0.40064626932144165,0.14976423978805542,0.1350918412208557,0.014672398567199707,0.019300460815429688,0.04283231496810913,0,1,1,1,0,0.20037806034088135,20776,0.0,2024,3640343089,-115,0,True,210,
266,cph/query/images/csY5pYyTRIoJvLf-8d-i6g.jpg,random,0.2,3,1,1,0.555038571357727,0.5129078030586243,0.40527433156967163,0.36470621824264526,0.14976423978805542,0.148201584815979,0.001562654972076416,0.04213076829910278,0.13005656003952026,0,1,1,1,0,0.20037806034088135,20776,0.04950495049504951,2024,3640343089,-74,0,True,210,
266,cph/query/images/csY5pYyTRIoJvLf-8d-i6g.jpg,random,0.2,4,1,1,0.555038571357727,0.49837470054626465,0.40527433156967163,0.36049073934555054,0.14976423978805542,0.1378839612007141,0.011880278587341309,0.0566638708114624,0.1856551170349121,0,1,1,1,0,0.20037806034088135,20776,0.08638360175695461,2024,3640343089,-66,0,True,210,
674,sf/query/images/TRQs66ZDf1a9w7SXYFHaHg.jpg,clean,0.0,-1,1,1,0.6336716413497925,0.6336716413497925,0.3473126292228699,0.3473126292228699,0.2863590121269226,0.2863590121269226,0.0,0.0,0.0,0,1,1,1,0,0.0,0,0.0,2024,0,0,0,True,0,
674,sf/query/images/TRQs66ZDf1a9w7SXYFHaHg.jpg,attention,0.1,-1,1,1,0.6336716413497925,0.4754820764064789,0.3473126292228699,0.31135129928588867,0.2863590121269226,0.1641307771205902,0.1222282350063324,0.1581895649433136,0.32874464988708496,0,1,1,1,0,0.10018903017044067,10388,1.0,2024,2833104612,0,0,True,22260,
674,sf/query/images/TRQs66ZDf1a9w7SXYFHaHg.jpg,random,0.1,0,1,1,0.6336716413497925,0.6177173852920532,0.3473126292228699,0.34049439430236816,0.2863590121269226,0.27722299098968506,0.009136021137237549,0.015954256057739258,0.017819881439208984,0,1,1,1,0,0.10018903017044067,10388,0.0,2024,2833104612,117,48,True,22260,
674,sf/query/images/TRQs66ZDf1a9w7SXYFHaHg.jpg,random,0.1,1,1,1,0.6336716413497925,0.5639997720718384,0.3473126292228699,0.32231998443603516,0.2863590121269226,0.24167978763580322,0.044679224491119385,0.0696718692779541,0.15588796138763428,0,1,1,1,0,0.10018903017044067,10388,0.13778751369112816,2024,2833104612,-50,-9,True,22260,
674,sf/query/images/TRQs66ZDf1a9w7SXYFHaHg.jpg,random,0.1,2,1,1,0.6336716413497925,0.5756351351737976,0.3473126292228699,0.33854395151138306,0.2863590121269226,0.23709118366241455,0.04926782846450806,0.05803650617599487,0.2122793197631836,0,1,1,1,0,0.10018903017044067,10388,0.27210384521185405,2024,2833104612,-4,48,True,22260,
674,sf/query/images/TRQs66ZDf1a9w7SXYFHaHg.jpg,random,0.1,3,1,1,0.6336716413497925,0.5321850180625916,0.3473126292228699,0.30977463722229004,0.2863590121269226,0.2224103808403015,0.0639486312866211,0.10148662328720093,0.15154492855072021,0,1,1,1,0,0.10018903017044067,10388,0.0698249227600412,2024,2833104612,-61,-20,True,22260,
674,sf/query/images/TRQs66ZDf1a9w7SXYFHaHg.jpg,random,0.1,4,1,1,0.6336716413497925,0.4566776752471924,0.3473126292228699,0.33260607719421387,0.2863590121269226,0.12407159805297852,0.1622874140739441,0.1769939661026001,0.3211563229560852,0,1,1,1,0,0.10018903017044067,10388,0.36343352145950913,2024,2833104612,6,-27,True,22260,
674,sf/query/images/TRQs66ZDf1a9w7SXYFHaHg.jpg,attention,0.15,-1,1,1,0.6336716413497925,0.43743646144866943,0.3473126292228699,0.3466719388961792,0.2863590121269226,0.09076452255249023,0.19559448957443237,0.19623517990112305,0.4234139919281006,0,1,1,1,0,0.14933836460113525,15484,1.0,2024,3677354000,0,0,True,5712,
674,sf/query/images/TRQs66ZDf1a9w7SXYFHaHg.jpg,random,0.15,0,1,1,0.6336716413497925,0.517828643321991,0.3473126292228699,0.3041689395904541,0.2863590121269226,0.21365970373153687,0.07269930839538574,0.11584299802780151,0.28004974126815796,0,1,1,1,0,0.14933836460113525,15484,0.3190220632081097,2024,3677354000,-25,10,True,5712,
674,sf/query/images/TRQs66ZDf1a9w7SXYFHaHg.jpg,random,0.15,1,1,1,0.6336716413497925,0.4414076805114746,0.3473126292228699,0.3335365653038025,0.2863590121269226,0.10787111520767212,0.1784878969192505,0.19226396083831787,0.38229358196258545,0,1,1,1,0,0.14933836460113525,15484,0.348780487804878,2024,3677354000,26,0,True,5712,
674,sf/query/images/TRQs66ZDf1a9w7SXYFHaHg.jpg,random,0.15,2,1,1,0.6336716413497925,0.6193513870239258,0.3473126292228699,0.3341340124607086,0.2863590121269226,0.28521737456321716,0.0011416375637054443,0.0143202543258667,0.03744018077850342,0,1,1,1,0,0.14933836460113525,15484,0.016544117647058824,2024,3677354000,114,-2,True,5712,
674,sf/query/images/TRQs66ZDf1a9w7SXYFHaHg.jpg,random,0.15,3,1,1,0.6336716413497925,0.4620996415615082,0.3473126292228699,0.3078494369983673,0.2863590121269226,0.15425020456314087,0.13210880756378174,0.1715719997882843,0.3560514450073242,0,1,1,1,0,0.14933836460113525,15484,0.2994293387042632,2024,3677354000,30,5,True,5712,
674,sf/query/images/TRQs66ZDf1a9w7SXYFHaHg.jpg,random,0.15,4,1,1,0.6336716413497925,0.3966984152793884,0.3473126292228699,0.2705530822277069,0.2863590121269226,0.12614533305168152,0.1602136790752411,0.23697322607040405,0.4589758515357971,0,1,1,1,0,0.14933836460113525,15484,0.46330860464017387,2024,3677354000,13,-9,True,5712,
674,sf/query/images/TRQs66ZDf1a9w7SXYFHaHg.jpg,attention,0.2,-1,1,2,0.6336716413497925,0.2908068597316742,0.3473126292228699,0.3074307143688202,0.2863590121269226,-0.016623854637145996,0.3029828667640686,0.3428647816181183,0.5603213906288147,1,0,1,1,1,0.20037806034088135,20776,1.0,2024,3059080974,0,0,True,2744,
674,sf/query/images/TRQs66ZDf1a9w7SXYFHaHg.jpg,random,0.2,0,1,1,0.6336716413497925,0.5520325899124146,0.3473126292228699,0.3353012800216675,0.2863590121269226,0.21673130989074707,0.06962770223617554,0.08163905143737793,0.23181003332138062,0,1,1,1,0,0.20037806034088135,20776,0.11054094505024588,2024,3059080974,66,-8,True,2744,
674,sf/query/images/TRQs66ZDf1a9w7SXYFHaHg.jpg,random,0.2,1,1,1,0.6336716413497925,0.4245934784412384,0.3473126292228699,0.3109546899795532,0.2863590121269226,0.11363878846168518,0.17272022366523743,0.20907816290855408,0.40669476985931396,0,1,1,1,0,0.20037806034088135,20776,0.5200468247000293,2024,3059080974,-18,-4,True,2744,
674,sf/query/images/TRQs66ZDf1a9w7SXYFHaHg.jpg,random,0.2,2,1,1,0.6336716413497925,0.5460648536682129,0.3473126292228699,0.33487093448638916,0.2863590121269226,0.21119391918182373,0.07516509294509888,0.08760678768157959,0.23526573181152344,0,1,1,1,0,0.20037806034088135,20776,0.10592994783349302,2024,3059080974,67,-4,True,2744,
674,sf/query/images/TRQs66ZDf1a9w7SXYFHaHg.jpg,random,0.2,3,1,1,0.6336716413497925,0.5747262239456177,0.3473126292228699,0.33943939208984375,0.2863590121269226,0.23528683185577393,0.05107218027114868,0.058945417404174805,0.1288420557975769,0,1,1,1,0,0.20037806034088135,20776,0.055771527301369514,2024,3059080974,87,-1,True,2744,
674,sf/query/images/TRQs66ZDf1a9w7SXYFHaHg.jpg,random,0.2,4,1,1,0.6336716413497925,0.5430594682693481,0.3473126292228699,0.3321218192577362,0.2863590121269226,0.21093764901161194,0.07542136311531067,0.09061217308044434,0.22986775636672974,0,1,1,1,0,0.20037806034088135,20776,0.09925925925925926,2024,3059080974,69,-7,True,2744,
394,cph/query/images/8xQYLjXAMsNWDOGOaX3fYQ.jpg,clean,0.0,-1,1,1,0.5947380661964417,0.5947380661964417,0.37270042300224304,0.37270042300224304,0.2220376431941986,0.2220376431941986,0.0,0.0,0.0,0,1,1,1,0,0.0,0,0.0,2024,0,0,0,True,0,
394,cph/query/images/8xQYLjXAMsNWDOGOaX3fYQ.jpg,attention,0.1,-1,1,1,0.5947380661964417,0.4900631606578827,0.37270042300224304,0.28907284140586853,0.2220376431941986,0.20099031925201416,0.021047323942184448,0.10467490553855896,0.25897830724716187,0,1,1,1,0,0.10018903017044067,10388,1.0,2024,3116634292,0,0,True,23842,
394,cph/query/images/8xQYLjXAMsNWDOGOaX3fYQ.jpg,random,0.1,0,1,1,0.5947380661964417,0.5871756076812744,0.37270042300224304,0.3547206521034241,0.2220376431941986,0.23245495557785034,-0.010417312383651733,0.007562458515167236,0.13626158237457275,0,1,1,1,0,0.10018903017044067,10388,0.06762589928057554,2024,3116634292,50,-84,True,23842,
394,cph/query/images/8xQYLjXAMsNWDOGOaX3fYQ.jpg,random,0.1,1,1,1,0.5947380661964417,0.539341151714325,0.37270042300224304,0.33930864930152893,0.2220376431941986,0.20003250241279602,0.022005140781402588,0.0553969144821167,0.20333266258239746,0,1,1,1,0,0.10018903017044067,10388,0.11077844311377245,2024,3116634292,34,-70,True,23842,
394,cph/query/images/8xQYLjXAMsNWDOGOaX3fYQ.jpg,random,0.1,2,1,1,0.5947380661964417,0.5090623497962952,0.37270042300224304,0.2897815704345703,0.2220376431941986,0.21928077936172485,0.002756863832473755,0.08567571640014648,0.2107921838760376,0,1,1,1,0,0.10018903017044067,10388,0.39595511657595917,2024,3116634292,-5,-33,True,23842,
394,cph/query/images/8xQYLjXAMsNWDOGOaX3fYQ.jpg,random,0.1,3,1,1,0.5947380661964417,0.574325680732727,0.37270042300224304,0.3770483136177063,0.2220376431941986,0.19727736711502075,0.024760276079177856,0.0204123854637146,0.04613292217254639,0,1,1,1,0,0.10018903017044067,10388,0.024861878453038673,2024,3116634292,-73,12,True,23842,
394,cph/query/images/8xQYLjXAMsNWDOGOaX3fYQ.jpg,random,0.1,4,1,1,0.5947380661964417,0.5777901411056519,0.37270042300224304,0.3690734803676605,0.2220376431941986,0.20871666073799133,0.013320982456207275,0.016947925090789795,0.016271233558654785,0,1,1,1,0,0.10018903017044067,10388,0.0,2024,3116634292,-120,-33,True,23842,
394,cph/query/images/8xQYLjXAMsNWDOGOaX3fYQ.jpg,attention,0.15,-1,1,1,0.5947380661964417,0.43061524629592896,0.37270042300224304,0.2838423252105713,0.2220376431941986,0.14677292108535767,0.07526472210884094,0.1641228199005127,0.39831531047821045,0,1,1,1,0,0.14933836460113525,15484,1.0,2024,3742112886,0,0,True,5306,
394,cph/query/images/8xQYLjXAMsNWDOGOaX3fYQ.jpg,random,0.15,0,1,1,0.5947380661964417,0.4807491600513458,0.37270042300224304,0.3087262213230133,0.2220376431941986,0.17202293872833252,0.05001470446586609,0.11398890614509583,0.2836216688156128,0,1,1,1,0,0.14933836460113525,15484,0.19826652221018418,2024,3742112886,37,1,True,5306,
394,cph/query/images/8xQYLjXAMsNWDOGOaX3fYQ.jpg,random,0.15,1,1,1,0.5947380661964417,0.5654220581054688,0.37270042300224304,0.36436426639556885,0.2220376431941986,0.2010577917098999,0.020979851484298706,0.0293160080909729,0.06998348236083984,0,1,1,1,0,0.14933836460113525,15484,0.005911778080945885,2024,3742112886,-85,10,True,5306,
394,cph/query/images/8xQYLjXAMsNWDOGOaX3fYQ.jpg,random,0.15,2,1,1,0.5947380661964417,0.45371246337890625,0.37270042300224304,0.30989933013916016,0.2220376431941986,0.1438131332397461,0.07822450995445251,0.1410256028175354,0.29770147800445557,0,1,1,1,0,0.14933836460113525,15484,0.24931418428271745,2024,3742112886,32,20,True,5306,
394,cph/query/images/8xQYLjXAMsNWDOGOaX3fYQ.jpg,random,0.15,3,1,1,0.5947380661964417,0.4861103296279907,0.37270042300224304,0.3090885877609253,0.2220376431941986,0.17702174186706543,0.04501590132713318,0.10862773656845093,0.2656788229942322,0,1,1,1,0,0.14933836460113525,15484,0.27545304777594726,2024,3742112886,-29,2,True,5306,
394,cph/query/images/8xQYLjXAMsNWDOGOaX3fYQ.jpg,random,0.15,4,1,1,0.5947380661964417,0.4842301905155182,0.37270042300224304,0.3326159715652466,0.2220376431941986,0.1516142189502716,0.070423424243927,0.11050787568092346,0.1988106369972229,0,1,1,1,0,0.14933836460113525,15484,0.10139773091012555,2024,3742112886,-47,27,True,5306,
394,cph/query/images/8xQYLjXAMsNWDOGOaX3fYQ.jpg,attention,0.2,-1,1,1,0.5947380661964417,0.3258211612701416,0.37270042300224304,0.22590211033821106,0.2220376431941986,0.09991905093193054,0.12211859226226807,0.26891690492630005,0.5365917086601257,0,1,1,1,0,0.20037806034088135,20776,1.0,2024,3858848790,0,0,True,168,
394,cph/query/images/8xQYLjXAMsNWDOGOaX3fYQ.jpg,random,0.2,0,1,1,0.5947380661964417,0.4196484684944153,0.37270042300224304,0.2693440020084381,0.2220376431941986,0.15030446648597717,0.07173317670822144,0.17508959770202637,0.3982875347137451,0,1,1,1,0,0.20037806034088135,20776,0.4922071392659628,2024,3858848790,-17,0,True,168,
394,cph/query/images/8xQYLjXAMsNWDOGOaX3fYQ.jpg,random,0.2,1,1,1,0.5947380661964417,0.48142117261886597,0.37270042300224304,0.3017865717411041,0.2220376431941986,0.17963460087776184,0.04240304231643677,0.11331689357757568,0.3067341446876526,0,1,1,1,0,0.20037806034088135,20776,0.17777777777777778,2024,3858848790,-50,0,True,168,
394,cph/query/images/8xQYLjXAMsNWDOGOaX3fYQ.jpg,random,0.2,2,1,1,0.5947380661964417,0.430900514125824,0.37270042300224304,0.30430421233177185,0.2220376431941986,0.12659630179405212,0.09544134140014648,0.16383755207061768,0.33382749557495117,0,1,1,1,0,0.20037806034088135,20776,0.33213644524236985,2024,3858848790,30,0,True,168,
394,cph/query/images/8xQYLjXAMsNWDOGOaX3fYQ.jpg,random,0.2,3,1,1,0.5947380661964417,0.3016662299633026,0.37270042300224304,0.204396590590477,0.2220376431941986,0.09726963937282562,0.12476800382137299,0.29307183623313904,0.5642259120941162,0,1,1,1,0,0.20037806034088135,20776,0.917312661498708,2024,3858848790,2,0,True,168,
394,cph/query/images/8xQYLjXAMsNWDOGOaX3fYQ.jpg,random,0.2,4,1,1,0.5947380661964417,0.49355441331863403,0.37270042300224304,0.31943923234939575,0.2220376431941986,0.17411518096923828,0.04792246222496033,0.10118365287780762,0.2786616086959839,0,1,1,1,0,0.20037806034088135,20776,0.16483516483516483,2024,3858848790,-52,0,True,168,
616,sf/query/images/9hbaYdQFQ1Pv6jEkrUjUXA.jpg,clean,0.0,-1,1,1,0.4727809429168701,0.4727809429168701,0.26896095275878906,0.26896095275878906,0.20381999015808105,0.20381999015808105,0.0,0.0,0.0,0,1,1,1,0,0.0,0,0.0,2024,0,0,0,True,0,
616,sf/query/images/9hbaYdQFQ1Pv6jEkrUjUXA.jpg,attention,0.1,-1,1,1,0.4727809429168701,0.40171942114830017,0.26896095275878906,0.26142287254333496,0.20381999015808105,0.1402965486049652,0.06352344155311584,0.07106152176856995,0.31445062160491943,0,1,1,1,0,0.10018903017044067,10388,1.0,2024,3439642563,0,0,True,23842,
616,sf/query/images/9hbaYdQFQ1Pv6jEkrUjUXA.jpg,random,0.1,0,1,1,0.4727809429168701,0.47075140476226807,0.26896095275878906,0.2774551212787628,0.20381999015808105,0.19329628348350525,0.010523706674575806,0.0020295381546020508,0.013155519962310791,0,1,1,1,0,0.10018903017044067,10388,0.0,2024,3439642563,139,-45,True,23842,
616,sf/query/images/9hbaYdQFQ1Pv6jEkrUjUXA.jpg,random,0.1,1,1,1,0.4727809429168701,0.43422141671180725,0.26896095275878906,0.23983792960643768,0.20381999015808105,0.19438348710536957,0.009436503052711487,0.038559526205062866,0.14354997873306274,0,1,1,1,0,0.10018903017044067,10388,0.16804407713498623,2024,3439642563,-25,-105,True,23842,
616,sf/query/images/9hbaYdQFQ1Pv6jEkrUjUXA.jpg,random,0.1,2,1,1,0.4727809429168701,0.4260738790035248,0.26896095275878906,0.2496528923511505,0.20381999015808105,0.17642098665237427,0.027399003505706787,0.04670706391334534,0.08497798442840576,0,1,1,1,0,0.10018903017044067,10388,0.03147651673120842,2024,3439642563,-65,-82,True,23842,
616,sf/query/images/9hbaYdQFQ1Pv6jEkrUjUXA.jpg,random,0.1,3,1,1,0.4727809429168701,0.3995067775249481,0.26896095275878906,0.2263118177652359,0.20381999015808105,0.17319495975971222,0.030625030398368835,0.073274165391922,0.24103057384490967,0,1,1,1,0,0.10018903017044067,10388,0.3476907109496627,2024,3439642563,8,-43,True,23842,
616,sf/query/images/9hbaYdQFQ1Pv6jEkrUjUXA.jpg,random,0.1,4,1,1,0.4727809429168701,0.4095197916030884,0.26896095275878906,0.2376483678817749,0.20381999015808105,0.17187142372131348,0.03194856643676758,0.06326115131378174,0.07656705379486084,0,1,1,1,0,0.10018903017044067,10388,0.03234782608695652,2024,3439642563,-69,-63,True,23842,
616,sf/query/images/9hbaYdQFQ1Pv6jEkrUjUXA.jpg,attention,0.15,-1,1,1,0.4727809429168701,0.36006391048431396,0.26896095275878906,0.2169460654258728,0.20381999015808105,0.14311784505844116,0.06070214509963989,0.11271703243255615,0.4241074323654175,0,1,1,1,0,0.14933836460113525,15484,1.0,2024,1805983948,0,0,True,17514,
616,sf/query/images/9hbaYdQFQ1Pv6jEkrUjUXA.jpg,random,0.15,0,1,1,0.4727809429168701,0.4325343370437622,0.26896095275878906,0.26473721861839294,0.20381999015808105,0.16779711842536926,0.03602287173271179,0.04024660587310791,0.2145402431488037,0,1,1,1,0,0.14933836460113525,15484,0.16176470588235295,2024,1805983948,56,-55,True,17514,
616,sf/query/images/9hbaYdQFQ1Pv6jEkrUjUXA.jpg,random,0.15,1,1,1,0.4727809429168701,0.4132102429866791,0.26896095275878906,0.2532748281955719,0.20381999015808105,0.15993541479110718,0.04388457536697388,0.05957069993019104,0.16049814224243164,0,1,1,1,0,0.14933836460113525,15484,0.08553000560852496,2024,1805983948,71,-26,True,17514,
616,sf/query/images/9hbaYdQFQ1Pv6jEkrUjUXA.jpg,random,0.15,2,1,1,0.4727809429168701,0.3778013586997986,0.26896095275878906,0.22554871439933777,0.20381999015808105,0.15225264430046082,0.05156734585762024,0.09497958421707153,0.20977693796157837,0,1,1,1,0,0.14933836460113525,15484,0.19586036453506334,2024,1805983948,-36,-80,True,17514,
616,sf/query/images/9hbaYdQFQ1Pv6jEkrUjUXA.jpg,random,0.15,3,1,1,0.4727809429168701,0.4104296863079071,0.26896095275878906,0.2760429084300995,0.20381999015808105,0.13438677787780762,0.06943321228027344,0.06235125660896301,0.23917770385742188,0,1,1,1,0,0.14933836460113525,15484,0.2966002344665885,2024,1805983948,11,-64,True,17514,
616,sf/query/images/9hbaYdQFQ1Pv6jEkrUjUXA.jpg,random,0.15,4,1,1,0.4727809429168701,0.3425445556640625,0.26896095275878906,0.20036719739437103,0.20381999015808105,0.14217735826969147,0.06164263188838959,0.13023638725280762,0.3807191848754883,0,1,1,1,0,0.14933836460113525,15484,0.48299971267120007,2024,1805983948,20,-5,True,17514,
616,sf/query/images/9hbaYdQFQ1Pv6jEkrUjUXA.jpg,attention,0.2,-1,1,1,0.4727809429168701,0.2905912399291992,0.26896095275878906,0.18712642788887024,0.20381999015808105,0.10346481204032898,0.10035517811775208,0.1821897029876709,0.5226930379867554,0,1,1,1,0,0.20037806034088135,20776,1.0,2024,1319264193,0,0,True,7238,
616,sf/query/images/9hbaYdQFQ1Pv6jEkrUjUXA.jpg,random,0.2,0,1,1,0.4727809429168701,0.4083724915981293,0.26896095275878906,0.23871827125549316,0.20381999015808105,0.1696542203426361,0.034165769815444946,0.06440845131874084,0.18933439254760742,0,1,1,1,0,0.20037806034088135,20776,0.10281862094591009,2024,1319264193,78,-25,True,7238,
616,sf/query/images/9hbaYdQFQ1Pv6jEkrUjUXA.jpg,random,0.2,1,1,1,0.4727809429168701,0.4110791087150574,0.26896095275878906,0.25023218989372253,0.20381999015808105,0.16084691882133484,0.042973071336746216,0.061701834201812744,0.14563924074172974,0,1,1,1,0,0.20037806034088135,20776,0.06993511175198269,2024,1319264193,90,-46,True,7238,
616,sf/query/images/9hbaYdQFQ1Pv6jEkrUjUXA.jpg,random,0.2,2,1,1,0.4727809429168701,0.4052641689777374,0.26896095275878906,0.27246376872062683,0.20381999015808105,0.1328004002571106,0.07101958990097046,0.06751677393913269,0.3304295539855957,0,1,1,1,0,0.20037806034088135,20776,0.2899540543896684,2024,1319264193,45,-5,True,7238,
616,sf/query/images/9hbaYdQFQ1Pv6jEkrUjUXA.jpg,random,0.2,3,1,1,0.4727809429168701,0.40079885721206665,0.26896095275878906,0.23747985064983368,0.20381999015808105,0.16331900656223297,0.040500983595848083,0.07198208570480347,0.24335527420043945,0,1,1,1,0,0.20037806034088135,20776,0.20454545454545456,2024,1319264193,58,-9,True,7238,
616,sf/query/images/9hbaYdQFQ1Pv6jEkrUjUXA.jpg,random,0.2,4,1,1,0.4727809429168701,0.34627360105514526,0.26896095275878906,0.22346585988998413,0.20381999015808105,0.12280774116516113,0.08101224899291992,0.12650734186172485,0.3387254476547241,0,1,1,1,0,0.20037806034088135,20776,0.16300940438871472,2024,1319264193,62,-56,True,7238,
112,cph/query/images/_nSTETo8mLl0yXKPTqXs0g.jpg,clean,0.0,-1,1,1,0.5087985992431641,0.5087985992431641,0.32222485542297363,0.32222485542297363,0.18657374382019043,0.18657374382019043,0.0,0.0,0.0,0,1,1,1,0,0.0,0,0.0,2024,0,0,0,True,0,
112,cph/query/images/_nSTETo8mLl0yXKPTqXs0g.jpg,attention,0.1,-1,1,1,0.5087985992431641,0.32698893547058105,0.32222485542297363,0.23934201896190643,0.18657374382019043,0.08764691650867462,0.09892682731151581,0.181809663772583,0.3403761386871338,0,1,1,1,0,0.10018903017044067,10388,1.0,2024,12565468,0,0,True,15554,
112,cph/query/images/_nSTETo8mLl0yXKPTqXs0g.jpg,random,0.1,0,1,1,0.5087985992431641,0.41537541151046753,0.32222485542297363,0.21254369616508484,0.18657374382019043,0.2028317153453827,-0.01625797152519226,0.09342318773269653,0.2624298334121704,0,1,1,1,0,0.10018903017044067,10388,0.2837370242214533,2024,12565468,15,21,True,15554,
112,cph/query/images/_nSTETo8mLl0yXKPTqXs0g.jpg,random,0.1,1,1,1,0.5087985992431641,0.37602970004081726,0.32222485542297363,0.1976242959499359,0.18657374382019043,0.17840540409088135,0.008168339729309082,0.1327688992023468,0.29364776611328125,0,1,1,1,0,0.10018903017044067,10388,0.25126475548060706,2024,12565468,11,35,True,15554,
112,cph/query/images/_nSTETo8mLl0yXKPTqXs0g.jpg,random,0.1,2,1,1,0.5087985992431641,0.4850463271141052,0.32222485542297363,0.3016720116138458,0.18657374382019043,0.1833743155002594,0.0031994283199310303,0.023752272129058838,0.05685555934906006,0,1,1,1,0,0.10018903017044067,10388,0.019831140781464755,2024,12565468,80,38,True,15554,
112,cph/query/images/_nSTETo8mLl0yXKPTqXs0g.jpg,random,0.1,3,1,1,0.5087985992431641,0.3557608425617218,0.32222485542297363,0.20564964413642883,0.18657374382019043,0.15011119842529297,0.03646254539489746,0.15303775668144226,0.2889919877052307,0,1,1,1,0,0.10018903017044067,10388,0.15859915235333483,2024,12565468,-26,45,True,15554,
112,cph/query/images/_nSTETo8mLl0yXKPTqXs0g.jpg,random,0.1,4,1,1,0.5087985992431641,0.4427002966403961,0.32222485542297363,0.2618251442909241,0.18657374382019043,0.18087515234947205,0.005698591470718384,0.06609830260276794,0.19152623414993286,0,1,1,1,0,0.10018903017044067,10388,0.19183111519045434,2024,12565468,26,36,True,15554,
112,cph/query/images/_nSTETo8mLl0yXKPTqXs0g.jpg,attention,0.15,-1,1,1,0.5087985992431641,0.35045212507247925,0.32222485542297363,0.20554280281066895,0.18657374382019043,0.1449093222618103,0.04166442155838013,0.15834647417068481,0.439161479473114,0,1,1,1,0,0.14933836460113525,15484,1.0,2024,3761514177,0,0,True,182,
112,cph/query/images/_nSTETo8mLl0yXKPTqXs0g.jpg,random,0.15,0,1,1,0.5087985992431641,0.32352009415626526,0.32222485542297363,0.2400510609149933,0.18657374382019043,0.08346903324127197,0.10310471057891846,0.1852785050868988,0.3794015049934387,0,1,1,1,0,0.14933836460113525,15484,0.25325779036827195,2024,3761514177,-31,0,True,182,
112,cph/query/images/_nSTETo8mLl0yXKPTqXs0g.jpg,random,0.15,1,1,1,0.5087985992431641,0.4205775856971741,0.32222485542297363,0.24741610884666443,0.18657374382019043,0.17316147685050964,0.013412266969680786,0.08822101354598999,0.16620242595672607,0,1,1,1,0,0.14933836460113525,15484,0.09613478691774034,2024,3761514177,62,0,True,182,
112,cph/query/images/_nSTETo8mLl0yXKPTqXs0g.jpg,random,0.15,2,1,1,0.5087985992431641,0.3668006360530853,0.32222485542297363,0.2268030345439911,0.18657374382019043,0.13999760150909424,0.04657614231109619,0.14199796319007874,0.3622170090675354,0,1,1,1,0,0.14933836460113525,15484,0.37647790914747975,2024,3761514177,17,0,True,182,
112,cph/query/images/_nSTETo8mLl0yXKPTqXs0g.jpg,random,0.15,3,1,1,0.5087985992431641,0.4371348023414612,0.32222485542297363,0.27633050084114075,0.18657374382019043,0.16080430150032043,0.025769442319869995,0.07166379690170288,0.12707620859146118,0,1,1,1,0,0.14933836460113525,15484,0.06756756756756757,2024,3761514177,72,0,True,182,
112,cph/query/images/_nSTETo8mLl0yXKPTqXs0g.jpg,random,0.15,4,1,1,0.5087985992431641,0.3972776234149933,0.32222485542297363,0.20267228782176971,0.18657374382019043,0.19460533559322357,-0.008031591773033142,0.11152097582817078,0.27201002836227417,0,1,1,1,0,0.14933836460113525,15484,0.17659574468085107,2024,3761514177,47,0,True,182,
112,cph/query/images/_nSTETo8mLl0yXKPTqXs0g.jpg,attention,0.2,-1,1,1,0.5087985992431641,0.29564955830574036,0.32222485542297363,0.18354922533035278,0.18657374382019043,0.11210033297538757,0.07447341084480286,0.2131490409374237,0.5262280106544495,0,1,1,1,0,0.20037806034088135,20776,1.0,2024,1888877508,0,0,True,168,
112,cph/query/images/_nSTETo8mLl0yXKPTqXs0g.jpg,random,0.2,0,1,1,0.5087985992431641,0.3896465301513672,0.32222485542297363,0.301841676235199,0.18657374382019043,0.08780485391616821,0.09876888990402222,0.11915206909179688,0.3086063861846924,0,1,1,1,0,0.20037806034088135,20776,0.16118935837245696,2024,1888877508,-61,0,True,168,
112,cph/query/images/_nSTETo8mLl0yXKPTqXs0g.jpg,random,0.2,1,1,1,0.5087985992431641,0.29237690567970276,0.32222485542297363,0.2187776267528534,0.18657374382019043,0.07359927892684937,0.11297446489334106,0.2164216935634613,0.48506981134414673,0,1,1,1,0,0.20037806034088135,20776,0.3823940381928272,2024,1888877508,-25,0,True,168,
112,cph/query/images/_nSTETo8mLl0yXKPTqXs0g.jpg,random,0.2,2,1,1,0.5087985992431641,0.3962070941925049,0.32222485542297363,0.30683836340904236,0.18657374382019043,0.08936873078346252,0.0972050130367279,0.11259150505065918,0.3010141849517822,0,1,1,1,0,0.20037806034088135,20776,0.17034700315457413,2024,1888877508,-59,0,True,168,
112,cph/query/images/_nSTETo8mLl0yXKPTqXs0g.jpg,random,0.2,3,1,1,0.5087985992431641,0.421713262796402,0.32222485542297363,0.2972823679447174,0.18657374382019043,0.12443089485168457,0.06214284896850586,0.08708533644676208,0.2203739881515503,0,1,1,1,0,0.20037806034088135,20776,0.11789077212806026,2024,1888877508,-71,0,True,168,
112,cph/query/images/_nSTETo8mLl0yXKPTqXs0g.jpg,random,0.2,4,1,1,0.5087985992431641,0.2658945918083191,0.32222485542297363,0.19524048268795013,0.18657374382019043,0.07065410912036896,0.11591963469982147,0.24290400743484497,0.5423696041107178,0,1,1,1,0,0.20037806034088135,20776,0.4276094276094276,2024,1888877508,-21,0,True,168,
397,cph/query/images/ptx1i4i27PqVUoPLH6Jwmw.jpg,clean,0.0,-1,1,1,0.527274489402771,0.527274489402771,0.3865026533603668,0.3865026533603668,0.14077183604240417,0.14077183604240417,0.0,0.0,0.0,0,1,1,1,0,0.0,0,0.0,2024,0,0,0,True,0,
397,cph/query/images/ptx1i4i27PqVUoPLH6Jwmw.jpg,attention,0.1,-1,1,1,0.527274489402771,0.3965228199958801,0.3865026533603668,0.2571098506450653,0.14077183604240417,0.13941296935081482,0.0013588666915893555,0.13075166940689087,0.37818145751953125,0,1,1,1,0,0.10018903017044067,10388,1.0,2024,544186502,0,0,True,17934,
397,cph/query/images/ptx1i4i27PqVUoPLH6Jwmw.jpg,random,0.1,0,1,1,0.527274489402771,0.43983194231987,0.3865026533603668,0.3408912122249603,0.14077183604240417,0.09894073009490967,0.04183110594749451,0.087442547082901,0.1943865418434143,0,1,1,1,0,0.10018903017044067,10388,0.11795092552733534,2024,544186502,-48,32,True,17934,
397,cph/query/images/ptx1i4i27PqVUoPLH6Jwmw.jpg,random,0.1,1,1,1,0.527274489402771,0.47602158784866333,0.3865026533603668,0.36209726333618164,0.14077183604240417,0.11392432451248169,0.026847511529922485,0.051252901554107666,0.13404512405395508,0,1,1,1,0,0.10018903017044067,10388,0.0465444287729196,2024,544186502,-71,2,True,17934,
397,cph/query/images/ptx1i4i27PqVUoPLH6Jwmw.jpg,random,0.1,2,1,1,0.527274489402771,0.4871518313884735,0.3865026533603668,0.3854823112487793,0.14077183604240417,0.10166952013969421,0.03910231590270996,0.040122658014297485,0.1228150725364685,0,1,1,1,0,0.10018903017044067,10388,0.03127171646977067,2024,544186502,-77,45,True,17934,
397,cph/query/images/ptx1i4i27PqVUoPLH6Jwmw.jpg,random,0.1,3,1,1,0.527274489402771,0.3993094861507416,0.3865026533603668,0.28191500902175903,0.14077183604240417,0.11739447712898254,0.02337735891342163,0.12796500325202942,0.36256760358810425,0,1,1,1,0,0.10018903017044067,10388,0.6353904282115869,2024,544186502,-2,10,True,17934,
397,cph/query/images/ptx1i4i27PqVUoPLH6Jwmw.jpg,random,0.1,4,1,1,0.527274489402771,0.5260913372039795,0.3865026533603668,0.38565438985824585,0.14077183604240417,0.14043694734573364,0.0003348886966705322,0.001183152198791504,0.011238455772399902,0,1,1,1,0,0.10018903017044067,10388,0.0,2024,544186502,-138,41,True,17934,
397,cph/query/images/ptx1i4i27PqVUoPLH6Jwmw.jpg,attention,0.15,-1,1,1,0.527274489402771,0.38742005825042725,0.3865026533603668,0.2723272442817688,0.14077183604240417,0.11509281396865845,0.025679022073745728,0.13985443115234375,0.45182931423187256,0,1,1,1,0,0.14933836460113525,15484,1.0,2024,4126774563,0,0,True,11228,
397,cph/query/images/ptx1i4i27PqVUoPLH6Jwmw.jpg,random,0.15,0,1,1,0.527274489402771,0.5177033543586731,0.3865026533603668,0.3834415078163147,0.14077183604240417,0.1342618465423584,0.006509989500045776,0.0095711350440979,0.042410850524902344,0,1,1,1,0,0.14933836460113525,15484,0.02029520295202952,2024,4126774563,-101,33,True,11228,
397,cph/query/images/ptx1i4i27PqVUoPLH6Jwmw.jpg,random,0.15,1,1,1,0.527274489402771,0.44247114658355713,0.3865026533603668,0.38489431142807007,0.14077183604240417,0.05757683515548706,0.08319500088691711,0.08480334281921387,0.24101781845092773,0,1,1,1,0,0.14933836460113525,15484,0.1841541755888651,2024,4126774563,-51,35,True,11228,
397,cph/query/images/ptx1i4i27PqVUoPLH6Jwmw.jpg,random,0.15,2,1,1,0.527274489402771,0.3403041362762451,0.3865026533603668,0.2480631172657013,0.14077183604240417,0.09224101901054382,0.04853081703186035,0.18697035312652588,0.4411764144897461,0,1,1,1,0,0.14933836460113525,15484,0.3692355307954194,2024,4126774563,-5,49,True,11228,
397,cph/query/images/ptx1i4i27PqVUoPLH6Jwmw.jpg,random,0.15,3,1,1,0.527274489402771,0.5186412334442139,0.3865026533603668,0.38070419430732727,0.14077183604240417,0.1379370391368866,0.002834796905517578,0.008633255958557129,0.02345597743988037,0,1,1,1,0,0.14933836460113525,15484,0.0017467813935433784,2024,4126774563,-120,19,True,11228,
397,cph/query/images/ptx1i4i27PqVUoPLH6Jwmw.jpg,random,0.15,4,1,1,0.527274489402771,0.52547287940979,0.3865026533603668,0.3874066174030304,0.14077183604240417,0.13806626200675964,0.0027055740356445312,0.001801609992980957,0.00946807861328125,0,1,1,1,0,0.14933836460113525,15484,0.0,2024,4126774563,-126,47,True,11228,
397,cph/query/images/ptx1i4i27PqVUoPLH6Jwmw.jpg,attention,0.2,-1,1,1,0.527274489402771,0.35701772570610046,0.3865026533603668,0.25481051206588745,0.14077183604240417,0.10220721364021301,0.03856462240219116,0.17025676369667053,0.5344834327697754,0,1,1,1,0,0.20037806034088135,20776,1.0,2024,3477129598,0,0,True,5306,
397,cph/query/images/ptx1i4i27PqVUoPLH6Jwmw.jpg,random,0.2,0,1,1,0.527274489402771,0.5203352570533752,0.3865026533603668,0.3818129003047943,0.14077183604240417,0.13852235674858093,0.002249479293823242,0.006939232349395752,0.02235400676727295,0,1,1,1,0,0.20037806034088135,20776,0.0028721067747930393,2024,3477129598,-119,11,True,5306,
397,cph/query/images/ptx1i4i27PqVUoPLH6Jwmw.jpg,random,0.2,1,1,1,0.527274489402771,0.4217127859592438,0.3865026533603668,0.2775449752807617,0.14077183604240417,0.14416781067848206,-0.003395974636077881,0.10556170344352722,0.4068566560745239,0,1,1,1,0,0.20037806034088135,20776,0.27210384521185405,2024,3477129598,46,6,True,5306,
397,cph/query/images/ptx1i4i27PqVUoPLH6Jwmw.jpg,random,0.2,2,1,1,0.527274489402771,0.5174564719200134,0.3865026533603668,0.37913230061531067,0.14077183604240417,0.13832417130470276,0.002447664737701416,0.009818017482757568,0.042731642723083496,0,1,1,1,0,0.20037806034088135,20776,0.016786570743405275,2024,3477129598,-105,21,True,5306,
397,cph/query/images/ptx1i4i27PqVUoPLH6Jwmw.jpg,random,0.2,3,1,1,0.527274489402771,0.4937717914581299,0.3865026533603668,0.3648163676261902,0.14077183604240417,0.1289554238319397,0.011816412210464478,0.03350269794464111,0.15408670902252197,0,1,1,1,0,0.20037806034088135,20776,0.10956233811316723,2024,3477129598,-73,9,True,5306,
397,cph/query/images/ptx1i4i27PqVUoPLH6Jwmw.jpg,random,0.2,4,1,1,0.527274489402771,0.5176957845687866,0.3865026533603668,0.3857763409614563,0.14077183604240417,0.13191944360733032,0.008852392435073853,0.009578704833984375,0.05490517616271973,0,1,1,1,0,0.20037806034088135,20776,0.025570145127850726,2024,3477129598,-100,21,True,5306,
464,cph/query/images/f31TLx6VVIbgN4ka3f8MKw.jpg,clean,0.0,-1,1,1,0.4477073550224304,0.4477073550224304,0.2008998543024063,0.2008998543024063,0.2468075007200241,0.2468075007200241,0.0,0.0,0.0,0,1,1,1,0,0.0,0,0.0,2024,0,0,0,True,0,
464,cph/query/images/f31TLx6VVIbgN4ka3f8MKw.jpg,attention,0.1,-1,1,1,0.4477073550224304,0.2864202857017517,0.2008998543024063,0.17162877321243286,0.2468075007200241,0.11479151248931885,0.13201598823070526,0.1612870693206787,0.41115856170654297,0,1,1,1,0,0.10018903017044067,10388,1.0,2024,3461415606,0,0,True,25018,
464,cph/query/images/f31TLx6VVIbgN4ka3f8MKw.jpg,random,0.1,0,1,1,0.4477073550224304,0.4470966160297394,0.2008998543024063,0.20653502643108368,0.2468075007200241,0.2405615895986557,0.006245911121368408,0.00061073899269104,0.021315693855285645,0,1,1,1,0,0.10018903017044067,10388,0.0,2024,3461415606,-94,-82,True,25018,
464,cph/query/images/f31TLx6VVIbgN4ka3f8MKw.jpg,random,0.1,1,1,1,0.4477073550224304,0.42531371116638184,0.2008998543024063,0.19513610005378723,0.2468075007200241,0.2301776111125946,0.016629889607429504,0.022393643856048584,0.13512951135635376,0,1,1,1,0,0.10018903017044067,10388,0.10498883097542815,2024,3461415606,-11,-98,True,25018,
464,cph/query/images/f31TLx6VVIbgN4ka3f8MKw.jpg,random,0.1,2,1,1,0.4477073550224304,0.4201347827911377,0.2008998543024063,0.19669246673583984,0.2468075007200241,0.22344231605529785,0.023365184664726257,0.027572572231292725,0.12651187181472778,0,1,1,1,0,0.10018903017044067,10388,0.08564560798453258,2024,3461415606,-27,-83,True,25018,
464,cph/query/images/f31TLx6VVIbgN4ka3f8MKw.jpg,random,0.1,3,1,1,0.4477073550224304,0.3974230885505676,0.2008998543024063,0.17321765422821045,0.2468075007200241,0.22420543432235718,0.02260206639766693,0.05028426647186279,0.12555736303329468,0,1,1,1,0,0.10018903017044067,10388,0.06,2024,3461415606,-65,-10,True,25018,
464,cph/query/images/f31TLx6VVIbgN4ka3f8MKw.jpg,random,0.1,4,1,1,0.4477073550224304,0.35292550921440125,0.2008998543024063,0.1935950219631195,0.2468075007200241,0.15933048725128174,0.08747701346874237,0.09478184580802917,0.2697857618331909,0,1,1,1,0,0.10018903017044067,10388,0.24705882352941178,2024,3461415606,-1,-58,True,25018,
464,cph/query/images/f31TLx6VVIbgN4ka3f8MKw.jpg,attention,0.15,-1,1,1,0.4477073550224304,0.23101240396499634,0.2008998543024063,0.19362860918045044,0.2468075007200241,0.0373837947845459,0.2094237059354782,0.21669495105743408,0.5490701198577881,0,1,1,1,0,0.14933836460113525,15484,1.0,2024,887652698,0,0,True,13986,
464,cph/query/images/f31TLx6VVIbgN4ka3f8MKw.jpg,random,0.15,0,1,1,0.4477073550224304,0.44567635655403137,0.2008998543024063,0.20099163055419922,0.2468075007200241,0.24468472599983215,0.0021227747201919556,0.002030998468399048,0.08793151378631592,0,1,1,1,0,0.14933836460113525,15484,0.01721193010116936,2024,887652698,-94,-36,True,13986,
464,cph/query/images/f31TLx6VVIbgN4ka3f8MKw.jpg,random,0.15,1,1,1,0.4477073550224304,0.37597599625587463,0.2008998543024063,0.20236466825008392,0.2468075007200241,0.1736113280057907,0.0731961727142334,0.07173135876655579,0.24701303243637085,0,1,1,1,0,0.14933836460113525,15484,0.1528553346735165,2024,887652698,54,-65,True,13986,
464,cph/query/images/f31TLx6VVIbgN4ka3f8MKw.jpg,random,0.15,2,1,1,0.4477073550224304,0.36604294180870056,0.2008998543024063,0.20664188265800476,0.2468075007200241,0.1594010591506958,0.08740644156932831,0.08166441321372986,0.2935570478439331,0,1,1,1,0,0.14933836460113525,15484,0.2466988727858293,2024,887652698,39,-20,True,13986,
464,cph/query/images/f31TLx6VVIbgN4ka3f8MKw.jpg,random,0.15,3,1,1,0.4477073550224304,0.40972262620925903,0.2008998543024063,0.19934725761413574,0.2468075007200241,0.2103753685951233,0.03643213212490082,0.03798472881317139,0.13579165935516357,0,1,1,1,0,0.14933836460113525,15484,0.05757803428727546,2024,887652698,-65,-32,True,13986,
464,cph/query/images/f31TLx6VVIbgN4ka3f8MKw.jpg,random,0.15,4,1,1,0.4477073550224304,0.37606343626976013,0.2008998543024063,0.20708878338336945,0.2468075007200241,0.16897465288639069,0.07783284783363342,0.07164391875267029,0.2365117073059082,0,1,1,1,0,0.14933836460113525,15484,0.2329988851727982,2024,887652698,45,-52,True,13986,
464,cph/query/images/f31TLx6VVIbgN4ka3f8MKw.jpg,attention,0.2,-1,1,1,0.4477073550224304,0.19640183448791504,0.2008998543024063,0.19622960686683655,0.2468075007200241,0.0001722276210784912,0.24663527309894562,0.2513055205345154,0.656309962272644,0,1,1,1,0,0.20037806034088135,20776,1.0,2024,1242635717,0,0,True,11228,
464,cph/query/images/f31TLx6VVIbgN4ka3f8MKw.jpg,random,0.2,0,1,1,0.4477073550224304,0.45151153206825256,0.2008998543024063,0.20813041925430298,0.2468075007200241,0.24338111281394958,0.003426387906074524,-0.0038041770458221436,0.07781088352203369,0,1,1,1,0,0.20037806034088135,20776,0.024634429018814883,2024,1242635717,-93,-51,True,11228,
464,cph/query/images/f31TLx6VVIbgN4ka3f8MKw.jpg,random,0.2,1,1,1,0.4477073550224304,0.44821929931640625,0.2008998543024063,0.19869539141654968,0.2468075007200241,0.24952390789985657,-0.0027164071798324585,-0.0005119442939758301,0.08175313472747803,0,1,1,1,0,0.20037806034088135,20776,0.022340320834563526,2024,1242635717,-96,-22,True,11228,
464,cph/query/images/f31TLx6VVIbgN4ka3f8MKw.jpg,random,0.2,2,1,1,0.4477073550224304,0.3011366128921509,0.2008998543024063,0.20277687907218933,0.2468075007200241,0.09835973381996155,0.14844776690006256,0.14657074213027954,0.4409036636352539,0,1,1,1,0,0.20037806034088135,20776,0.5369705936748659,2024,1242635717,9,-19,True,11228,
464,cph/query/images/f31TLx6VVIbgN4ka3f8MKw.jpg,random,0.2,3,1,1,0.4477073550224304,0.4247446060180664,0.2008998543024063,0.21311017870903015,0.2468075007200241,0.21163442730903625,0.035173073410987854,0.022962749004364014,0.12427341938018799,0,1,1,1,0,0.20037806034088135,20776,0.07497283592901123,2024,1242635717,-75,-42,True,11228,
464,cph/query/images/f31TLx6VVIbgN4ka3f8MKw.jpg,random,0.2,4,1,1,0.4477073550224304,0.4368438422679901,0.2008998543024063,0.20690757036209106,0.2468075007200241,0.22993627190589905,0.01687122881412506,0.010863512754440308,0.10115706920623779,0,1,1,1,0,0.20037806034088135,20776,0.028413028413028413,2024,1242635717,-93,-28,True,11228,
693,sf/query/images/E76C_ariq3y3LgX9S8zCew.jpg,clean,0.0,-1,1,1,0.49827152490615845,0.49827152490615845,0.461330384016037,0.461330384016037,0.03694114089012146,0.03694114089012146,0.0,0.0,0.0,0,1,1,1,0,0.0,0,0.0,2024,0,0,0,True,0,
693,sf/query/images/E76C_ariq3y3LgX9S8zCew.jpg,attention,0.1,-1,1,3,0.49827152490615845,0.3241860866546631,0.461330384016037,0.35795459151268005,0.03694114089012146,-0.03376850485801697,0.07070964574813843,0.17408543825149536,0.35374367237091064,2,0,1,1,1,0.10018903017044067,10388,1.0,2024,1022758619,0,0,True,20888,
693,sf/query/images/E76C_ariq3y3LgX9S8zCew.jpg,random,0.1,0,1,1,0.49827152490615845,0.47067785263061523,0.461330384016037,0.4351441562175751,0.03694114089012146,0.03553369641304016,0.0014074444770812988,0.027593672275543213,0.07918089628219604,0,1,1,1,0,0.10018903017044067,10388,0.042396267121569416,2024,1022758619,65,1,True,20888,
693,sf/query/images/E76C_ariq3y3LgX9S8zCew.jpg,random,0.1,1,1,1,0.49827152490615845,0.42083874344825745,0.461330384016037,0.4039265513420105,0.03694114089012146,0.016912192106246948,0.02002894878387451,0.077432781457901,0.11963999271392822,0,1,1,1,0,0.10018903017044067,10388,0.04950495049504951,2024,1022758619,-70,31,True,20888,
693,sf/query/images/E76C_ariq3y3LgX9S8zCew.jpg,random,0.1,2,1,2,0.49827152490615845,0.37941646575927734,0.461330384016037,0.3845219612121582,0.03694114089012146,-0.005105495452880859,0.04204663634300232,0.1188550591468811,0.21342360973358154,1,0,1,1,1,0.10018903017044067,10388,0.07742571176684127,2024,1022758619,-47,1,True,20888,
693,sf/query/images/E76C_ariq3y3LgX9S8zCew.jpg,random,0.1,3,1,2,0.49827152490615845,0.37551629543304443,0.461330384016037,0.37667331099510193,0.03694114089012146,-0.0011570155620574951,0.038098156452178955,0.12275522947311401,0.22064900398254395,1,0,1,1,1,0.10018903017044067,10388,0.07026581495981866,2024,1022758619,-54,29,True,20888,
693,sf/query/images/E76C_ariq3y3LgX9S8zCew.jpg,random,0.1,4,1,3,0.49827152490615845,0.3093670606613159,0.461330384016037,0.3490697741508484,0.03694114089012146,-0.03970271348953247,0.07664385437965393,0.18890446424484253,0.37833482027053833,2,0,1,1,1,0.10018903017044067,10388,0.4187380497131931,2024,1022758619,-7,-26,True,20888,
693,sf/query/images/E76C_ariq3y3LgX9S8zCew.jpg,attention,0.15,-1,1,5,0.49827152490615845,0.3107580244541168,0.461330384016037,0.3394007980823517,0.03694114089012146,-0.028642773628234863,0.06558391451835632,0.18751350045204163,0.4477142095565796,4,0,1,1,1,0.14933836460113525,15484,1.0,2024,985737832,0,0,True,12026,
693,sf/query/images/E76C_ariq3y3LgX9S8zCew.jpg,random,0.15,0,1,2,0.49827152490615845,0.2929738759994507,0.461330384016037,0.3257637619972229,0.03694114089012146,-0.03278988599777222,0.06973102688789368,0.20529764890670776,0.48335444927215576,1,0,1,1,1,0.14933836460113525,15484,0.6262997584287365,2024,985737832,-1,-16,True,12026,
693,sf/query/images/E76C_ariq3y3LgX9S8zCew.jpg,random,0.15,1,1,3,0.49827152490615845,0.36411070823669434,0.461330384016037,0.3755599856376648,0.03694114089012146,-0.011449277400970459,0.04839041829109192,0.1341608166694641,0.30310821533203125,2,0,1,1,1,0.14933836460113525,15484,0.20170741171905315,2024,985737832,-41,-16,True,12026,
693,sf/query/images/E76C_ariq3y3LgX9S8zCew.jpg,random,0.15,2,1,1,0.49827152490615845,0.4796340763568878,0.461330384016037,0.44131380319595337,0.03694114089012146,0.03832027316093445,-0.0013791322708129883,0.01863744854927063,0.22631233930587769,0,1,1,1,0,0.14933836460113525,15484,0.13552361396303902,2024,985737832,52,18,True,12026,
693,sf/query/images/E76C_ariq3y3LgX9S8zCew.jpg,random,0.15,3,1,2,0.49827152490615845,0.3782694637775421,0.461330384016037,0.38823604583740234,0.03694114089012146,-0.00996658205986023,0.04690772294998169,0.12000206112861633,0.2669786214828491,1,0,1,1,1,0.14933836460113525,15484,0.18388255982873308,2024,985737832,-44,1,True,12026,
693,sf/query/images/E76C_ariq3y3LgX9S8zCew.jpg,random,0.15,4,1,2,0.49827152490615845,0.440463125705719,0.461330384016037,0.442218154668808,0.03694114089012146,-0.0017550289630889893,0.03869616985321045,0.05780839920043945,0.13418161869049072,1,0,1,1,1,0.14933836460113525,15484,0.11267605633802817,2024,985737832,-56,-28,True,12026,
693,sf/query/images/E76C_ariq3y3LgX9S8zCew.jpg,attention,0.2,-1,1,3,0.49827152490615845,0.2746029198169708,0.461330384016037,0.2973637878894806,0.03694114089012146,-0.022760868072509766,0.059702008962631226,0.22366860508918762,0.5573508143424988,2,0,1,1,1,0.20037806034088135,20776,1.0,2024,4076597132,0,0,True,2954,
693,sf/query/images/E76C_ariq3y3LgX9S8zCew.jpg,random,0.2,0,1,1,0.49827152490615845,0.43800297379493713,0.461330384016037,0.42779192328453064,0.03694114089012146,0.010211050510406494,0.026730090379714966,0.060268551111221313,0.21779084205627441,0,1,1,1,0,0.20037806034088135,20776,0.16073523660539696,2024,4076597132,59,6,True,2954,
693,sf/query/images/E76C_ariq3y3LgX9S8zCew.jpg,random,0.2,1,1,4,0.49827152490615845,0.2943710684776306,0.461330384016037,0.33188438415527344,0.03694114089012146,-0.03751331567764282,0.07445445656776428,0.20390045642852783,0.45802605152130127,3,0,1,1,1,0.20037806034088135,20776,0.35764229236097494,2024,4076597132,-27,4,True,2954,
693,sf/query/images/E76C_ariq3y3LgX9S8zCew.jpg,random,0.2,2,1,2,0.49827152490615845,0.3307114243507385,0.461330384016037,0.34417062997817993,0.03694114089012146,-0.013459205627441406,0.050400346517562866,0.16756010055541992,0.44944536685943604,1,0,1,1,1,0.20037806034088135,20776,0.5694213627436169,2024,4076597132,13,12,True,2954,
693,sf/query/images/E76C_ariq3y3LgX9S8zCew.jpg,random,0.2,3,1,1,0.49827152490615845,0.440920352935791,0.461330384016037,0.43541356921195984,0.03694114089012146,0.005506783723831177,0.03143435716629028,0.05735117197036743,0.09668153524398804,0,1,1,1,0,0.20037806034088135,20776,0.05811051693404635,2024,4076597132,-83,2,True,2954,
693,sf/query/images/E76C_ariq3y3LgX9S8zCew.jpg,random,0.2,4,1,1,0.49827152490615845,0.4254574477672577,0.461330384016037,0.4157559871673584,0.03694114089012146,0.009701460599899292,0.027239680290222168,0.07281407713890076,0.10470211505889893,0,1,1,1,0,0.20037806034088135,20776,0.03450679679330777,2024,4076597132,-95,4,True,2954,
349,cph/query/images/q5lGyOycjwLxP5nga1U9Dg.jpg,clean,0.0,-1,1,1,0.6689656972885132,0.6689656972885132,0.40473031997680664,0.40473031997680664,0.26423537731170654,0.26423537731170654,0.0,0.0,0.0,0,1,1,1,0,0.0,0,0.0,2024,0,0,0,True,0,
349,cph/query/images/q5lGyOycjwLxP5nga1U9Dg.jpg,attention,0.1,-1,1,1,0.6689656972885132,0.403168261051178,0.40473031997680664,0.20714308321475983,0.26423537731170654,0.19602517783641815,0.06821019947528839,0.2657974362373352,0.4542348384857178,0,1,1,1,0,0.10018903017044067,10388,1.0,2024,2538038151,0,0,True,20888,
349,cph/query/images/q5lGyOycjwLxP5nga1U9Dg.jpg,random,0.1,0,1,1,0.6689656972885132,0.5355613827705383,0.40473031997680664,0.31836947798728943,0.26423537731170654,0.2171919047832489,0.04704347252845764,0.13340431451797485,0.2389289140701294,0,1,1,1,0,0.10018903017044067,10388,0.18132711662023085,2024,2538038151,-25,47,True,20888,
349,cph/query/images/q5lGyOycjwLxP5nga1U9Dg.jpg,random,0.1,1,1,1,0.6689656972885132,0.6446573734283447,0.40473031997680664,0.37677088379859924,0.26423537731170654,0.2678864896297455,-0.0036511123180389404,0.024308323860168457,0.04678905010223389,0,1,1,1,0,0.10018903017044067,10388,0.008152173913043478,2024,2538038151,-78,22,True,20888,
349,cph/query/images/q5lGyOycjwLxP5nga1U9Dg.jpg,random,0.1,2,1,1,0.6689656972885132,0.6501139402389526,0.40473031997680664,0.38415366411209106,0.26423537731170654,0.2659602761268616,-0.0017248988151550293,0.018851757049560547,0.03179788589477539,0,1,1,1,0,0.10018903017044067,10388,0.0,2024,2538038151,-85,30,True,20888,
349,cph/query/images/q5lGyOycjwLxP5nga1U9Dg.jpg,random,0.1,3,1,1,0.6689656972885132,0.6654348373413086,0.40473031997680664,0.40479230880737305,0.26423537731170654,0.26064252853393555,0.003592848777770996,0.00353085994720459,0.027607083320617676,0,1,1,1,0,0.10018903017044067,10388,0.0,2024,2538038151,-106,75,True,20888,
349,cph/query/images/q5lGyOycjwLxP5nga1U9Dg.jpg,random,0.1,4,1,1,0.6689656972885132,0.5302826166152954,0.40473031997680664,0.31093257665634155,0.26423537731170654,0.21935003995895386,0.044885337352752686,0.13868308067321777,0.2357996702194214,0,1,1,1,0,0.10018903017044067,10388,0.1657501963864886,2024,2538038151,-16,67,True,20888,
349,cph/query/images/q5lGyOycjwLxP5nga1U9Dg.jpg,attention,0.15,-1,1,1,0.6689656972885132,0.36427047848701477,0.40473031997680664,0.21301841735839844,0.26423537731170654,0.15125206112861633,0.11298331618309021,0.3046952188014984,0.5473849177360535,0,1,1,1,0,0.14933836460113525,15484,1.0,2024,27011766,0,0,True,16744,
349,cph/query/images/q5lGyOycjwLxP5nga1U9Dg.jpg,random,0.15,0,1,1,0.6689656972885132,0.43669405579566956,0.40473031997680664,0.24370723962783813,0.26423537731170654,0.19298681616783142,0.07124856114387512,0.23227164149284363,0.4191473722457886,0,1,1,1,0,0.14933836460113525,15484,0.24110291760179545,2024,27011766,36,80,True,16744,
349,cph/query/images/q5lGyOycjwLxP5nga1U9Dg.jpg,random,0.15,1,1,1,0.6689656972885132,0.3943343460559845,0.40473031997680664,0.28052636981010437,0.26423537731170654,0.11380797624588013,0.15042740106582642,0.2746313512325287,0.40194857120513916,0,1,1,1,0,0.14933836460113525,15484,0.3341375150784077,2024,27011766,10,72,True,16744,
349,cph/query/images/q5lGyOycjwLxP5nga1U9Dg.jpg,random,0.15,2,1,1,0.6689656972885132,0.42741167545318604,0.40473031997680664,0.2390059530735016,0.26423537731170654,0.18840572237968445,0.0758296549320221,0.24155402183532715,0.4109060764312744,0,1,1,1,0,0.14933836460113525,15484,0.3645296320775501,2024,27011766,13,61,True,16744,
349,cph/query/images/q5lGyOycjwLxP5nga1U9Dg.jpg,random,0.15,3,1,1,0.6689656972885132,0.6440660953521729,0.40473031997680664,0.37976816296577454,0.26423537731170654,0.2642979323863983,-6.255507469177246e-05,0.024899601936340332,0.05459386110305786,0,1,1,1,0,0.14933836460113525,15484,0.00617324062642147,2024,27011766,88,9,True,16744,
349,cph/query/images/q5lGyOycjwLxP5nga1U9Dg.jpg,random,0.15,4,1,1,0.6689656972885132,0.6476154923439026,0.40473031997680664,0.38623663783073425,0.26423537731170654,0.26137885451316833,0.002856522798538208,0.021350204944610596,0.05650836229324341,0,1,1,1,0,0.14933836460113525,15484,0.016944699855510312,2024,27011766,-79,36,True,16744,
349,cph/query/images/q5lGyOycjwLxP5nga1U9Dg.jpg,attention,0.2,-1,1,1,0.6689656972885132,0.330221951007843,0.40473031997680664,0.21971513330936432,0.26423537731170654,0.1105068176984787,0.15372855961322784,0.33874374628067017,0.6058652997016907,0,1,1,1,0,0.20037806034088135,20776,1.0,2024,803695935,0,0,True,182,
349,cph/query/images/q5lGyOycjwLxP5nga1U9Dg.jpg,random,0.2,0,1,1,0.6689656972885132,0.5679920315742493,0.40473031997680664,0.3834541440010071,0.26423537731170654,0.1845378875732422,0.07969748973846436,0.10097366571426392,0.16914606094360352,0,1,1,1,0,0.20037806034088135,20776,0.1099476439790576,2024,803695935,64,0,True,182,
349,cph/query/images/q5lGyOycjwLxP5nga1U9Dg.jpg,random,0.2,1,1,1,0.6689656972885132,0.5858210325241089,0.40473031997680664,0.3659646809101105,0.26423537731170654,0.2198563516139984,0.04437902569770813,0.0831446647644043,0.16666901111602783,0,1,1,1,0,0.20037806034088135,20776,0.09278350515463918,2024,803695935,-67,0,True,182,
349,cph/query/images/q5lGyOycjwLxP5nga1U9Dg.jpg,random,0.2,2,1,1,0.6689656972885132,0.4833815395832062,0.40473031997680664,0.3061487078666687,0.26423537731170654,0.17723283171653748,0.08700254559516907,0.185584157705307,0.323577880859375,0,1,1,1,0,0.20037806034088135,20776,0.2694610778443114,2024,803695935,-42,0,True,182,
349,cph/query/images/q5lGyOycjwLxP5nga1U9Dg.jpg,random,0.2,3,1,1,0.6689656972885132,0.5755000710487366,0.40473031997680664,0.3639811873435974,0.26423537731170654,0.21151888370513916,0.05271649360656738,0.09346562623977661,0.17615824937820435,0,1,1,1,0,0.20037806034088135,20776,0.1099476439790576,2024,803695935,-64,0,True,182,
349,cph/query/images/q5lGyOycjwLxP5nga1U9Dg.jpg,random,0.2,4,1,1,0.6689656972885132,0.539175271987915,0.40473031997680664,0.3319109082221985,0.26423537731170654,0.20726436376571655,0.05697101354598999,0.12979042530059814,0.24034690856933594,0,1,1,1,0,0.20037806034088135,20776,0.17312252964426877,2024,803695935,-54,0,True,182,
487,cph/query/images/FAnm18reUGJ7AL6PcSnk4g.jpg,clean,0.0,-1,1,1,0.6142277121543884,0.6142277121543884,0.18752223253250122,0.18752223253250122,0.4267054796218872,0.4267054796218872,0.0,0.0,0.0,0,1,1,1,0,0.0,0,0.0,2024,0,0,0,True,0,
487,cph/query/images/FAnm18reUGJ7AL6PcSnk4g.jpg,attention,0.1,-1,1,1,0.6142277121543884,0.4243253171443939,0.18752223253250122,0.14708906412124634,0.4267054796218872,0.2772362530231476,0.14946922659873962,0.1899023950099945,0.43057286739349365,0,1,1,1,0,0.10018903017044067,10388,1.0,2024,3368554545,0,0,True,26796,
487,cph/query/images/FAnm18reUGJ7AL6PcSnk4g.jpg,random,0.1,0,1,1,0.6142277121543884,0.5216965675354004,0.18752223253250122,0.150674507021904,0.4267054796218872,0.3710220456123352,0.055683434009552,0.09253114461898804,0.2686704397201538,0,1,1,1,0,0.10018903017044067,10388,0.27522710532776823,2024,3368554545,-22,-58,True,26796,
487,cph/query/images/FAnm18reUGJ7AL6PcSnk4g.jpg,random,0.1,1,1,1,0.6142277121543884,0.5820456743240356,0.18752223253250122,0.15376214683055878,0.4267054796218872,0.4282835125923157,-0.0015780329704284668,0.03218203783035278,0.16984081268310547,0,1,1,1,0,0.10018903017044067,10388,0.06521739130434782,2024,3368554545,-48,-121,True,26796,
487,cph/query/images/FAnm18reUGJ7AL6PcSnk4g.jpg,random,0.1,2,1,1,0.6142277121543884,0.41817766427993774,0.18752223253250122,0.1459994614124298,0.4267054796218872,0.27217820286750793,0.15452727675437927,0.19605004787445068,0.3935614824295044,0,1,1,1,0,0.10018903017044067,10388,0.3411658382286489,2024,3368554545,7,-37,True,26796,
487,cph/query/images/FAnm18reUGJ7AL6PcSnk4g.jpg,random,0.1,3,1,1,0.6142277121543884,0.5765891075134277,0.18752223253250122,0.16403663158416748,0.4267054796218872,0.41255247592926025,0.014153003692626953,0.03763860464096069,0.07551777362823486,0,1,1,1,0,0.10018903017044067,10388,0.04833989302654153,2024,3368554545,-82,-39,True,26796,
487,cph/query/images/FAnm18reUGJ7AL6PcSnk4g.jpg,random,0.1,4,1,1,0.6142277121543884,0.48734384775161743,0.18752223253250122,0.17420698702335358,0.4267054796218872,0.31313687562942505,0.11356860399246216,0.126883864402771,0.29418766498565674,0,1,1,1,0,0.10018903017044067,10388,0.3761674504868517,2024,3368554545,-19,-11,True,26796,
487,cph/query/images/FAnm18reUGJ7AL6PcSnk4g.jpg,attention,0.15,-1,1,1,0.6142277121543884,0.384818971157074,0.18752223253250122,0.1556544005870819,0.4267054796218872,0.22916457056999207,0.19754090905189514,0.22940874099731445,0.48460912704467773,0,1,1,1,0,0.14933836460113525,15484,1.0,2024,4247718121,0,0,True,25018,
487,cph/query/images/FAnm18reUGJ7AL6PcSnk4g.jpg,random,0.15,0,1,1,0.6142277121543884,0.568459689617157,0.18752223253250122,0.166427344083786,0.4267054796218872,0.40203234553337097,0.024673134088516235,0.045768022537231445,0.23175930976867676,0,1,1,1,0,0.14933836460113525,15484,0.1337775499743721,2024,4247718121,13,-111,True,25018,
487,cph/query/images/FAnm18reUGJ7AL6PcSnk4g.jpg,random,0.15,1,1,1,0.6142277121543884,0.43108898401260376,0.18752223253250122,0.15451490879058838,0.4267054796218872,0.2765740752220154,0.15013140439987183,0.18313872814178467,0.41539090871810913,0,1,1,1,0,0.14933836460113525,15484,0.3825,2024,4247718121,2,-42,True,25018,
487,cph/query/images/FAnm18reUGJ7AL6PcSnk4g.jpg,random,0.15,2,1,1,0.6142277121543884,0.5249846577644348,0.18752223253250122,0.19131384789943695,0.4267054796218872,0.33367079496383667,0.09303468465805054,0.08924305438995361,0.23910826444625854,0,1,1,1,0,0.14933836460113525,15484,0.20348204570184983,2024,4247718121,42,-44,True,25018,
487,cph/query/images/FAnm18reUGJ7AL6PcSnk4g.jpg,random,0.15,3,1,1,0.6142277121543884,0.4349728226661682,0.18752223253250122,0.15248636901378632,0.4267054796218872,0.2824864387512207,0.1442190408706665,0.17925488948822021,0.3807724714279175,0,1,1,1,0,0.14933836460113525,15484,0.35007411282587847,2024,4247718121,-10,-51,True,25018,
487,cph/query/images/FAnm18reUGJ7AL6PcSnk4g.jpg,random,0.15,4,1,1,0.6142277121543884,0.5985488295555115,0.18752223253250122,0.17941710352897644,0.4267054796218872,0.41913172602653503,0.007573753595352173,0.015678882598876953,0.03861421346664429,0,1,1,1,0,0.14933836460113525,15484,0.0,2024,4247718121,-121,-40,True,25018,
487,cph/query/images/FAnm18reUGJ7AL6PcSnk4g.jpg,attention,0.2,-1,1,1,0.6142277121543884,0.3540591597557068,0.18752223253250122,0.17359615862369537,0.4267054796218872,0.1804630011320114,0.2462424784898758,0.26016855239868164,0.6134216785430908,0,1,1,1,0,0.20037806034088135,20776,1.0,2024,1099744467,0,0,True,168,
487,cph/query/images/FAnm18reUGJ7AL6PcSnk4g.jpg,random,0.2,0,1,1,0.6142277121543884,0.5920801162719727,0.18752223253250122,0.17240335047245026,0.4267054796218872,0.4196767807006836,0.007028698921203613,0.02214759588241577,0.04450583457946777,0,1,1,1,0,0.20037806034088135,20776,0.0040595399188092015,2024,1099744467,-122,0,True,168,
487,cph/query/images/FAnm18reUGJ7AL6PcSnk4g.jpg,random,0.2,1,1,1,0.6142277121543884,0.4764234721660614,0.18752223253250122,0.16872642934322357,0.4267054796218872,0.307697057723999,0.11900842189788818,0.13780423998832703,0.3890823721885681,0,1,1,1,0,0.20037806034088135,20776,0.41198858230256896,2024,1099744467,-23,0,True,168,
487,cph/query/images/FAnm18reUGJ7AL6PcSnk4g.jpg,random,0.2,2,1,1,0.6142277121543884,0.5169947743415833,0.18752223253250122,0.1653379499912262,0.4267054796218872,0.35165682435035706,0.07504865527153015,0.09723293781280518,0.19293391704559326,0,1,1,1,0,0.20037806034088135,20776,0.10416666666666667,2024,1099744467,-78,0,True,168,
487,cph/query/images/FAnm18reUGJ7AL6PcSnk4g.jpg,random,0.2,3,1,1,0.6142277121543884,0.5634958148002625,0.18752223253250122,0.16404695808887482,0.4267054796218872,0.39944887161254883,0.02725660800933838,0.05073189735412598,0.11365628242492676,0,1,1,1,0,0.20037806034088135,20776,0.05924339757316203,2024,1099744467,-93,0,True,168,
487,cph/query/images/FAnm18reUGJ7AL6PcSnk4g.jpg,random,0.2,4,1,1,0.6142277121543884,0.46504732966423035,0.18752223253250122,0.1723678708076477,0.4267054796218872,0.29267945885658264,0.13402602076530457,0.14918038249015808,0.40354597568511963,0,1,1,1,0,0.20037806034088135,20776,0.4269230769230769,2024,1099744467,-22,0,True,168,
733,sf/query/images/wba5x7ocHl_2TzG7dCe5Wg.jpg,clean,0.0,-1,1,1,0.5650577545166016,0.5650577545166016,0.3478022515773773,0.3478022515773773,0.21725550293922424,0.21725550293922424,0.0,0.0,0.0,0,1,1,1,0,0.0,0,0.0,2024,0,0,0,True,0,
733,sf/query/images/wba5x7ocHl_2TzG7dCe5Wg.jpg,attention,0.1,-1,1,1,0.5650577545166016,0.49508729577064514,0.3478022515773773,0.3140518367290497,0.21725550293922424,0.18103545904159546,0.036220043897628784,0.06997045874595642,0.25631701946258545,0,1,1,1,0,0.10018903017044067,10388,1.0,2024,4217743433,0,0,True,12824,
733,sf/query/images/wba5x7ocHl_2TzG7dCe5Wg.jpg,random,0.1,0,1,1,0.5650577545166016,0.5642492771148682,0.3478022515773773,0.3529883325099945,0.21725550293922424,0.21126094460487366,0.005994558334350586,0.0008084774017333984,0.01894533634185791,0,1,1,1,0,0.10018903017044067,10388,0.0,2024,4217743433,-124,-44,True,12824,
733,sf/query/images/wba5x7ocHl_2TzG7dCe5Wg.jpg,random,0.1,1,1,1,0.5650577545166016,0.5593665838241577,0.3478022515773773,0.3427494764328003,0.21725550293922424,0.21661710739135742,0.0006383955478668213,0.005691170692443848,0.03350937366485596,0,1,1,1,0,0.10018903017044067,10388,0.0,2024,4217743433,-103,-46,True,12824,
733,sf/query/images/wba5x7ocHl_2TzG7dCe5Wg.jpg,random,0.1,2,1,1,0.5650577545166016,0.566133975982666,0.3478022515773773,0.34656983613967896,0.21725550293922424,0.21956413984298706,-0.0023086369037628174,-0.0010762214660644531,0.03284561634063721,0,1,1,1,0,0.10018903017044067,10388,0.0040595399188092015,2024,4217743433,81,-48,True,12824,
733,sf/query/images/wba5x7ocHl_2TzG7dCe5Wg.jpg,random,0.1,3,1,1,0.5650577545166016,0.46154770255088806,0.3478022515773773,0.2838982343673706,0.21725550293922424,0.17764946818351746,0.03960603475570679,0.1035100519657135,0.2377086877822876,0,1,1,1,0,0.10018903017044067,10388,0.4569424964936886,2024,4217743433,-12,-8,True,12824,
733,sf/query/images/wba5x7ocHl_2TzG7dCe5Wg.jpg,random,0.1,4,1,1,0.5650577545166016,0.46582406759262085,0.3478022515773773,0.31334683299064636,0.21725550293922424,0.1524772346019745,0.06477826833724976,0.09923368692398071,0.18666112422943115,0,1,1,1,0,0.10018903017044067,10388,0.33900489816963136,2024,4217743433,8,-46,True,12824,
733,sf/query/images/wba5x7ocHl_2TzG7dCe5Wg.jpg,attention,0.15,-1,1,1,0.5650577545166016,0.4785080850124359,0.3478022515773773,0.29896074533462524,0.21725550293922424,0.17954733967781067,0.037708163261413574,0.08654966950416565,0.320453405380249,0,1,1,1,0,0.14933836460113525,15484,1.0,2024,3535186583,0,0,True,9674,
733,sf/query/images/wba5x7ocHl_2TzG7dCe5Wg.jpg,random,0.15,0,1,1,0.5650577545166016,0.5012151598930359,0.3478022515773773,0.3357505202293396,0.21725550293922424,0.1654646396636963,0.051790863275527954,0.06384259462356567,0.16183090209960938,0,1,1,1,0,0.14933836460113525,15484,0.19789571406467585,2024,3535186583,40,-32,True,9674,
733,sf/query/images/wba5x7ocHl_2TzG7dCe5Wg.jpg,random,0.15,1,1,1,0.5650577545166016,0.531533420085907,0.3478022515773773,0.3312557637691498,0.21725550293922424,0.2002776563167572,0.01697784662246704,0.03352433443069458,0.12044632434844971,0,1,1,1,0,0.14933836460113525,15484,0.1257815908099462,2024,3535186583,52,-38,True,9674,
733,sf/query/images/wba5x7ocHl_2TzG7dCe5Wg.jpg,random,0.15,2,1,1,0.5650577545166016,0.43576014041900635,0.3478022515773773,0.2980208992958069,0.21725550293922424,0.13773924112319946,0.07951626181602478,0.12929761409759521,0.27694404125213623,0,1,1,1,0,0.14933836460113525,15484,0.3875795322161484,2024,3535186583,19,-32,True,9674,
733,sf/query/images/wba5x7ocHl_2TzG7dCe5Wg.jpg,random,0.15,3,1,1,0.5650577545166016,0.5186516642570496,0.3478022515773773,0.30738258361816406,0.21725550293922424,0.2112690806388855,0.005986422300338745,0.046406090259552,0.17818617820739746,0,1,1,1,0,0.14933836460113525,15484,0.22776830670419854,2024,3535186583,41,-5,True,9674,
733,sf/query/images/wba5x7ocHl_2TzG7dCe5Wg.jpg,random,0.15,4,1,1,0.5650577545166016,0.5688251256942749,0.3478022515773773,0.35522013902664185,0.21725550293922424,0.21360498666763306,0.0036505162715911865,-0.00376737117767334,0.021169066429138184,0,1,1,1,0,0.14933836460113525,15484,0.0,2024,3535186583,-115,0,True,9674,
733,sf/query/images/wba5x7ocHl_2TzG7dCe5Wg.jpg,attention,0.2,-1,1,1,0.5650577545166016,0.4247652292251587,0.3478022515773773,0.2824905514717102,0.21725550293922424,0.1422746777534485,0.07498082518577576,0.14029252529144287,0.3661896586418152,0,1,1,1,0,0.20037806034088135,20776,1.0,2024,2205750944,0,0,True,3164,
733,sf/query/images/wba5x7ocHl_2TzG7dCe5Wg.jpg,random,0.2,0,1,1,0.5650577545166016,0.3965872824192047,0.3478022515773773,0.2818218171596527,0.21725550293922424,0.114765465259552,0.10249003767967224,0.16847047209739685,0.35355621576309204,0,1,1,1,0,0.20037806034088135,20776,0.7008595988538682,2024,2205750944,9,-3,True,3164,
733,sf/query/images/wba5x7ocHl_2TzG7dCe5Wg.jpg,random,0.2,1,1,1,0.5650577545166016,0.4140685498714447,0.3478022515773773,0.2824277877807617,0.21725550293922424,0.13164076209068298,0.08561474084854126,0.15098920464515686,0.35131120681762695,0,1,1,1,0,0.20037806034088135,20776,0.710944577122622,2024,2205750944,-9,-2,True,3164,
733,sf/query/images/wba5x7ocHl_2TzG7dCe5Wg.jpg,random,0.2,2,1,1,0.5650577545166016,0.5201081037521362,0.3478022515773773,0.305033415555954,0.21725550293922424,0.21507468819618225,0.002180814743041992,0.04494965076446533,0.14937585592269897,0,1,1,1,0,0.20037806034088135,20776,0.14075497597803707,2024,2205750944,67,-1,True,3164,
733,sf/query/images/wba5x7ocHl_2TzG7dCe5Wg.jpg,random,0.2,3,1,1,0.5650577545166016,0.5682905912399292,0.3478022515773773,0.3579608201980591,0.21725550293922424,0.21032977104187012,0.006925731897354126,-0.0032328367233276367,0.025002717971801758,0,1,1,1,0,0.20037806034088135,20776,0.0,2024,2205750944,-133,-12,True,3164,
733,sf/query/images/wba5x7ocHl_2TzG7dCe5Wg.jpg,random,0.2,4,1,1,0.5650577545166016,0.4079705476760864,0.3478022515773773,0.27898654341697693,0.21725550293922424,0.1289840042591095,0.08827149868011475,0.15708720684051514,0.3450472354888916,0,1,1,1,0,0.20037806034088135,20776,0.7245787332945962,2024,2205750944,7,-5,True,3164,
471,cph/query/images/ffgEeFpZ246o54bAi2n5NA.jpg,clean,0.0,-1,20,20,0.23138581216335297,0.23138581216335297,0.2836317718029022,0.2836317718029022,-0.052245959639549255,-0.052245959639549255,0.0,0.0,0.0,0,0,0,0,0,0.0,0,0.0,2024,0,0,0,True,0,
471,cph/query/images/ffgEeFpZ246o54bAi2n5NA.jpg,attention,0.1,-1,20,25,0.23138581216335297,0.19627085328102112,0.2836317718029022,0.24121814966201782,-0.052245959639549255,-0.044947296380996704,-0.007298663258552551,0.03511495888233185,0.4009009599685669,5,0,0,0,0,0.10018903017044067,10388,1.0,2024,2053638876,0,0,True,30534,
471,cph/query/images/ffgEeFpZ246o54bAi2n5NA.jpg,random,0.1,0,20,20,0.23138581216335297,0.2148255705833435,0.2836317718029022,0.26982182264328003,-0.052245959639549255,-0.05499625205993652,0.002750292420387268,0.01656024158000946,0.05248236656188965,0,0,0,0,0,0.10018903017044067,10388,0.025671406003159557,2024,2053638876,85,-40,True,30534,
471,cph/query/images/ffgEeFpZ246o54bAi2n5NA.jpg,random,0.1,1,20,21,0.23138581216335297,0.22328320145606995,0.2836317718029022,0.27527037262916565,-0.052245959639549255,-0.0519871711730957,-0.00025878846645355225,0.00810261070728302,0.0305330753326416,1,0,0,0,0,0.10018903017044067,10388,0.01168679392286716,2024,2053638876,96,-6,True,30534,
471,cph/query/images/ffgEeFpZ246o54bAi2n5NA.jpg,random,0.1,2,20,68,0.23138581216335297,0.19364988803863525,0.2836317718029022,0.2524702847003937,-0.052245959639549255,-0.05882039666175842,0.0065744370222091675,0.03773592412471771,0.17696762084960938,48,0,0,0,0,0.10018903017044067,10388,0.2619047619047619,2024,2053638876,9,54,True,30534,
471,cph/query/images/ffgEeFpZ246o54bAi2n5NA.jpg,random,0.1,3,20,14,0.23138581216335297,0.23916438221931458,0.2836317718029022,0.2924222946166992,-0.052245959639549255,-0.053257912397384644,0.0010119527578353882,-0.007778570055961609,0.035019636154174805,-6,0,0,0,0,0.10018903017044067,10388,0.019831140781464755,2024,2053638876,94,12,True,30534,
471,cph/query/images/ffgEeFpZ246o54bAi2n5NA.jpg,random,0.1,4,20,111,0.23138581216335297,0.18625149130821228,0.2836317718029022,0.26312270760536194,-0.052245959639549255,-0.07687121629714966,0.024625256657600403,0.045134320855140686,0.2733365297317505,91,0,0,0,0,0.10018903017044067,10388,0.17797811419175597,2024,2053638876,-29,-59,True,30534,
471,cph/query/images/ffgEeFpZ246o54bAi2n5NA.jpg,attention,0.15,-1,20,91,0.23138581216335297,0.18595612049102783,0.2836317718029022,0.26175040006637573,-0.052245959639549255,-0.0757942795753479,0.023548319935798645,0.045429691672325134,0.4454665780067444,71,0,0,0,0,0.14933836460113525,15484,1.0,2024,2500961954,0,0,True,7868,
471,cph/query/images/ffgEeFpZ246o54bAi2n5NA.jpg,random,0.15,0,20,56,0.23138581216335297,0.21204574406147003,0.2836317718029022,0.29227983951568604,-0.052245959639549255,-0.080234095454216,0.027988135814666748,0.019340068101882935,0.35391390323638916,36,0,0,0,0,0.14933836460113525,15484,0.39057027391109117,2024,2500961954,-23,18,True,7868,
471,cph/query/images/ffgEeFpZ246o54bAi2n5NA.jpg,random,0.15,1,20,63,0.23138581216335297,0.18286313116550446,0.2836317718029022,0.2435896098613739,-0.052245959639549255,-0.060726478695869446,0.00848051905632019,0.04852268099784851,0.33422553539276123,43,0,0,0,0,0.14933836460113525,15484,0.28674118087007106,2024,2500961954,-33,27,True,7868,
471,cph/query/images/ffgEeFpZ246o54bAi2n5NA.jpg,random,0.15,2,20,68,0.23138581216335297,0.19906507432460785,0.2836317718029022,0.2642223834991455,-0.052245959639549255,-0.06515730917453766,0.012911349534988403,0.03232073783874512,0.2289518117904663,48,0,0,0,0,0.14933836460113525,15484,0.16316105769230768,2024,2500961954,-51,38,True,7868,
471,cph/query/images/ffgEeFpZ246o54bAi2n5NA.jpg,random,0.15,3,20,16,0.23138581216335297,0.24324007332324982,0.2836317718029022,0.3067145347595215,-0.052245959639549255,-0.06347446143627167,0.011228501796722412,-0.01185426115989685,0.25443053245544434,-4,0,0,0,0,0.14933836460113525,15484,0.1396187532199897,2024,2500961954,55,28,True,7868,
471,cph/query/images/ffgEeFpZ246o54bAi2n5NA.jpg,random,0.15,4,20,17,0.23138581216335297,0.22678127884864807,0.2836317718029022,0.2879915237426758,-0.052245959639549255,-0.06121024489402771,0.008964285254478455,0.004604533314704895,0.2527536153793335,-3,0,0,0,0,0.14933836460113525,15484,0.17641695790913234,2024,2500961954,46,17,True,7868,
471,cph/query/images/ffgEeFpZ246o54bAi2n5NA.jpg,attention,0.2,-1,20,69,0.23138581216335297,0.19145700335502625,0.2836317718029022,0.2725445330142975,-0.052245959639549255,-0.08108752965927124,0.028841570019721985,0.03992880880832672,0.5283100605010986,49,0,0,0,0,0.20037806034088135,20776,1.0,2024,2086119914,0,0,True,2324,
471,cph/query/images/ffgEeFpZ246o54bAi2n5NA.jpg,random,0.2,0,20,4,0.23138581216335297,0.22592969238758087,0.2836317718029022,0.2685595750808716,-0.052245959639549255,-0.04262988269329071,-0.009616076946258545,0.005456119775772095,0.2608141303062439,-16,0,1,1,0,0.20037806034088135,20776,0.17697711307500566,2024,2086119914,58,9,True,2324,
471,cph/query/images/ffgEeFpZ246o54bAi2n5NA.jpg,random,0.2,1,20,35,0.23138581216335297,0.20177960395812988,0.2836317718029022,0.2703903913497925,-0.052245959639549255,-0.0686107873916626,0.016364827752113342,0.029606208205223083,0.13436222076416016,15,0,0,0,0,0.20037806034088135,20776,0.04691358024691358,2024,2086119914,86,9,True,2324,
471,cph/query/images/ffgEeFpZ246o54bAi2n5NA.jpg,random,0.2,2,20,31,0.23138581216335297,0.19633466005325317,0.2836317718029022,0.24926511943340302,-0.052245959639549255,-0.05293045938014984,0.0006844997406005859,0.03505115211009979,0.15013599395751953,11,0,0,0,0,0.20037806034088135,20776,0.06839452843772498,2024,2086119914,79,0,True,2324,
471,cph/query/images/ffgEeFpZ246o54bAi2n5NA.jpg,random,0.2,3,20,47,0.23138581216335297,0.21309998631477356,0.2836317718029022,0.29698294401168823,-0.052245959639549255,-0.08388295769691467,0.03163699805736542,0.018285825848579407,0.3578977584838867,27,0,0,0,0,0.20037806034088135,20776,0.307488986784141,2024,2086119914,37,1,True,2324,
471,cph/query/images/ffgEeFpZ246o54bAi2n5NA.jpg,random,0.2,4,20,133,0.23138581216335297,0.1692030131816864,0.2836317718029022,0.26198992133140564,-0.052245959639549255,-0.09278690814971924,0.04054094851016998,0.062182798981666565,0.4157552719116211,113,0,0,0,0,0.20037806034088135,20776,0.3466424682395644,2024,2086119914,30,12,True,2324,
687,sf/query/images/IhudEzCP8DnQqC7mImwQ0w.jpg,clean,0.0,-1,1,1,0.7587730884552002,0.7587730884552002,0.4503244161605835,0.4503244161605835,0.3084486722946167,0.3084486722946167,0.0,0.0,0.0,0,1,1,1,0,0.0,0,0.0,2024,0,0,0,True,0,
687,sf/query/images/IhudEzCP8DnQqC7mImwQ0w.jpg,attention,0.1,-1,1,1,0.7587730884552002,0.5396602153778076,0.4503244161605835,0.31613150238990784,0.3084486722946167,0.22352871298789978,0.08491995930671692,0.21911287307739258,0.38775062561035156,0,1,1,1,0,0.10018903017044067,10388,1.0,2024,1784460497,0,0,True,23842,
687,sf/query/images/IhudEzCP8DnQqC7mImwQ0w.jpg,random,0.1,0,1,1,0.7587730884552002,0.5843487977981567,0.4503244161605835,0.3495655357837677,0.3084486722946167,0.23478326201438904,0.07366541028022766,0.17442429065704346,0.2908468246459961,0,1,1,1,0,0.10018903017044067,10388,0.27491408934707906,2024,1784460497,-30,-20,True,23842,
687,sf/query/images/IhudEzCP8DnQqC7mImwQ0w.jpg,random,0.1,1,1,1,0.7587730884552002,0.7340663075447083,0.4503244161605835,0.4525413513183594,0.3084486722946167,0.2815249562263489,0.026923716068267822,0.024706780910491943,0.04514765739440918,0,1,1,1,0,0.10018903017044067,10388,0.012919896640826873,2024,1784460497,81,37,True,23842,
687,sf/query/images/IhudEzCP8DnQqC7mImwQ0w.jpg,random,0.1,2,1,1,0.7587730884552002,0.7061915397644043,0.4503244161605835,0.45329052209854126,0.3084486722946167,0.25290101766586304,0.05554765462875366,0.0525815486907959,0.08257687091827393,0,1,1,1,0,0.10018903017044067,10388,0.0517363571934798,2024,1784460497,56,81,True,23842,
687,sf/query/images/IhudEzCP8DnQqC7mImwQ0w.jpg,random,0.1,3,1,1,0.7587730884552002,0.6796461343765259,0.4503244161605835,0.3758963644504547,0.3084486722946167,0.30374976992607117,0.004698902368545532,0.07912695407867432,0.16602110862731934,0,1,1,1,0,0.10018903017044067,10388,0.03491905354919054,2024,1784460497,-67,19,True,23842,
687,sf/query/images/IhudEzCP8DnQqC7mImwQ0w.jpg,random,0.1,4,1,1,0.7587730884552002,0.725637674331665,0.4503244161605835,0.41967475414276123,0.3084486722946167,0.3059629201889038,0.0024857521057128906,0.033135414123535156,0.11560451984405518,0,1,1,1,0,0.10018903017044067,10388,0.024053627760252366,2024,1784460497,-75,-6,True,23842,
687,sf/query/images/IhudEzCP8DnQqC7mImwQ0w.jpg,attention,0.15,-1,1,1,0.7587730884552002,0.469461590051651,0.4503244161605835,0.30724361538887024,0.3084486722946167,0.16221797466278076,0.14623069763183594,0.2893114984035492,0.49475687742233276,0,1,1,1,0,0.14933836460113525,15484,1.0,2024,106023427,0,0,True,3164,
687,sf/query/images/IhudEzCP8DnQqC7mImwQ0w.jpg,random,0.15,0,1,1,0.7587730884552002,0.5495364665985107,0.4503244161605835,0.309814989566803,0.3084486722946167,0.23972147703170776,0.06872719526290894,0.20923662185668945,0.29466724395751953,0,1,1,1,0,0.14933836460113525,15484,0.11717171717171718,2024,106023427,-55,12,True,3164,
687,sf/query/images/IhudEzCP8DnQqC7mImwQ0w.jpg,random,0.15,1,1,1,0.7587730884552002,0.7364521026611328,0.4503244161605835,0.4473470151424408,0.3084486722946167,0.289105087518692,0.019343584775924683,0.022320985794067383,0.04538893699645996,0,1,1,1,0,0.14933836460113525,15484,0.008729641693811074,2024,106023427,96,6,True,3164,
687,sf/query/images/IhudEzCP8DnQqC7mImwQ0w.jpg,random,0.15,2,1,1,0.7587730884552002,0.6669068336486816,0.4503244161605835,0.38560986518859863,0.3084486722946167,0.281296968460083,0.02715170383453369,0.09186625480651855,0.1648780107498169,0,1,1,1,0,0.14933836460113525,15484,0.044099797707349966,2024,106023427,-74,9,True,3164,
687,sf/query/images/IhudEzCP8DnQqC7mImwQ0w.jpg,random,0.15,3,1,1,0.7587730884552002,0.5290926098823547,0.4503244161605835,0.2996334731578827,0.3084486722946167,0.22945913672447205,0.07898953557014465,0.22968047857284546,0.4329797625541687,0,1,1,1,0,0.14933836460113525,15484,0.6213612565445026,2024,106023427,4,12,True,3164,
687,sf/query/images/IhudEzCP8DnQqC7mImwQ0w.jpg,random,0.15,4,1,1,0.7587730884552002,0.47710907459259033,0.4503244161605835,0.23682311177253723,0.3084486722946167,0.2402859628200531,0.0681627094745636,0.28166401386260986,0.38809967041015625,0,1,1,1,0,0.14933836460113525,15484,0.1791044776119403,2024,106023427,-42,11,True,3164,
687,sf/query/images/IhudEzCP8DnQqC7mImwQ0w.jpg,attention,0.2,-1,1,1,0.7587730884552002,0.4155329167842865,0.4503244161605835,0.28807884454727173,0.3084486722946167,0.12745407223701477,0.18099460005760193,0.3432401716709137,0.5733399987220764,0,1,1,1,0,0.20037806034088135,20776,1.0,2024,930015773,0,0,True,196,
687,sf/query/images/IhudEzCP8DnQqC7mImwQ0w.jpg,random,0.2,0,1,1,0.7587730884552002,0.6297428607940674,0.4503244161605835,0.38345038890838623,0.3084486722946167,0.24629247188568115,0.06215620040893555,0.1290302276611328,0.2738804817199707,0,1,1,1,0,0.20037806034088135,20776,0.13368983957219252,2024,930015773,58,0,True,196,
687,sf/query/images/IhudEzCP8DnQqC7mImwQ0w.jpg,random,0.2,1,1,1,0.7587730884552002,0.5264614820480347,0.4503244161605835,0.33535829186439514,0.3084486722946167,0.19110319018363953,0.11734548211097717,0.23231160640716553,0.4363027811050415,0,1,1,1,0,0.20037806034088135,20776,0.38046511627906976,2024,930015773,30,0,True,196,
687,sf/query/images/IhudEzCP8DnQqC7mImwQ0w.jpg,random,0.2,2,1,1,0.7587730884552002,0.43233561515808105,0.4503244161605835,0.2928856909275055,0.3084486722946167,0.13944992423057556,0.16899874806404114,0.32643747329711914,0.5623190999031067,0,1,1,1,0,0.20037806034088135,20776,0.9222797927461139,2024,930015773,-2,0,True,196,
687,sf/query/images/IhudEzCP8DnQqC7mImwQ0w.jpg,random,0.2,3,1,1,0.7587730884552002,0.7402191162109375,0.4503244161605835,0.4465177655220032,0.3084486722946167,0.2937013506889343,0.014747321605682373,0.018553972244262695,0.057680726051330566,0,1,1,1,0,0.20037806034088135,20776,0.011588275391956374,2024,930015773,96,0,True,196,
687,sf/query/images/IhudEzCP8DnQqC7mImwQ0w.jpg,random,0.2,4,1,1,0.7587730884552002,0.642708957195282,0.4503244161605835,0.4083218574523926,0.3084486722946167,0.2343870997428894,0.0740615725517273,0.11606413125991821,0.2207666039466858,0,1,1,1,0,0.20037806034088135,20776,0.08717948717948718,2024,930015773,66,0,True,196,
253,cph/query/images/Dn7h1hZoWtyPQttrbYV6uA.jpg,clean,0.0,-1,1,1,0.6622107028961182,0.6622107028961182,0.39572441577911377,0.39572441577911377,0.2664862871170044,0.2664862871170044,0.0,0.0,0.0,0,1,1,1,0,0.0,0,0.0,2024,0,0,0,True,0,
253,cph/query/images/Dn7h1hZoWtyPQttrbYV6uA.jpg,attention,0.1,-1,1,1,0.6622107028961182,0.5675429701805115,0.39572441577911377,0.31965935230255127,0.2664862871170044,0.2478836178779602,0.01860266923904419,0.09466773271560669,0.26468420028686523,0,1,1,1,0,0.10018903017044067,10388,1.0,2024,1162026749,0,0,True,14980,
253,cph/query/images/Dn7h1hZoWtyPQttrbYV6uA.jpg,random,0.1,0,1,1,0.6622107028961182,0.5854952931404114,0.39572441577911377,0.3588044345378876,0.2664862871170044,0.2266908586025238,0.03979542851448059,0.07671540975570679,0.10346364974975586,0,1,1,1,0,0.10018903017044067,10388,0.01783264746227709,2024,1162026749,-70,57,True,14980,
253,cph/query/images/Dn7h1hZoWtyPQttrbYV6uA.jpg,random,0.1,1,1,1,0.6622107028961182,0.6293410062789917,0.39572441577911377,0.37316033244132996,0.2664862871170044,0.25618067383766174,0.010305613279342651,0.032869696617126465,0.04209482669830322,0,1,1,1,0,0.10018903017044067,10388,0.0069306450831192745,2024,1162026749,-99,31,True,14980,
253,cph/query/images/Dn7h1hZoWtyPQttrbYV6uA.jpg,random,0.1,2,1,1,0.6622107028961182,0.6275907754898071,0.39572441577911377,0.37061578035354614,0.2664862871170044,0.256974995136261,0.009511291980743408,0.034619927406311035,0.09027564525604248,0,1,1,1,0,0.10018903017044067,10388,0.06620137534640255,2024,1162026749,54,15,True,14980,
253,cph/query/images/Dn7h1hZoWtyPQttrbYV6uA.jpg,random,0.1,3,1,1,0.6622107028961182,0.5853593349456787,0.39572441577911377,0.3198345899581909,0.2664862871170044,0.2655247449874878,0.0009615421295166016,0.07685136795043945,0.208082377910614,0,1,1,1,0,0.10018903017044067,10388,0.3017543859649123,2024,1162026749,14,34,True,14980,
253,cph/query/images/Dn7h1hZoWtyPQttrbYV6uA.jpg,random,0.1,4,1,1,0.6622107028961182,0.6150562763214111,0.39572441577911377,0.337424099445343,0.2664862871170044,0.2776321768760681,-0.01114588975906372,0.04715442657470703,0.1883062720298767,0,1,1,1,0,0.10018903017044067,10388,0.19087469907142038,2024,1162026749,23,66,True,14980,
253,cph/query/images/Dn7h1hZoWtyPQttrbYV6uA.jpg,attention,0.15,-1,1,1,0.6622107028961182,0.48140305280685425,0.39572441577911377,0.29714903235435486,0.2664862871170044,0.1842540204524994,0.082232266664505,0.18080765008926392,0.3773094415664673,0,1,1,1,0,0.14933836460113525,15484,1.0,2024,2531732701,0,0,True,196,
253,cph/query/images/Dn7h1hZoWtyPQttrbYV6uA.jpg,random,0.15,0,1,1,0.6622107028961182,0.5760431885719299,0.39572441577911377,0.3354966640472412,0.2664862871170044,0.24054652452468872,0.025939762592315674,0.08616751432418823,0.1782374382019043,0,1,1,1,0,0.14933836460113525,15484,0.06756756756756757,2024,2531732701,-56,0,True,196,
253,cph/query/images/Dn7h1hZoWtyPQttrbYV6uA.jpg,random,0.15,1,1,1,0.6622107028961182,0.49179139733314514,0.39572441577911377,0.2622491717338562,0.2664862871170044,0.22954222559928894,0.036944061517715454,0.17041930556297302,0.2912682294845581,0,1,1,1,0,0.14933836460113525,15484,0.25968109339407747,2024,2531732701,-31,0,True,196,
253,cph/query/images/Dn7h1hZoWtyPQttrbYV6uA.jpg,random,0.15,2,1,1,0.6622107028961182,0.4894752502441406,0.39572441577911377,0.2825952470302582,0.2664862871170044,0.20688000321388245,0.05960628390312195,0.17273545265197754,0.40521204471588135,0,1,1,1,0,0.14933836460113525,15484,0.7081081081081081,2024,2531732701,-7,0,True,196,
253,cph/query/images/Dn7h1hZoWtyPQttrbYV6uA.jpg,random,0.15,3,1,1,0.6622107028961182,0.6018279790878296,0.39572441577911377,0.366671085357666,0.2664862871170044,0.23515689373016357,0.03132939338684082,0.060382723808288574,0.09989333152770996,0,1,1,1,0,0.14933836460113525,15484,0.0018115942028985507,2024,2531732701,-96,0,True,196,
253,cph/query/images/Dn7h1hZoWtyPQttrbYV6uA.jpg,random,0.15,4,1,1,0.6622107028961182,0.5416064858436584,0.39572441577911377,0.3373463451862335,0.2664862871170044,0.20426014065742493,0.06222614645957947,0.12060421705245972,0.1992596983909607,0,1,1,1,0,0.14933836460113525,15484,0.05484024797329518,2024,2531732701,-61,0,True,196,
253,cph/query/images/Dn7h1hZoWtyPQttrbYV6uA.jpg,attention,0.2,-1,1,1,0.6622107028961182,0.4337032437324524,0.39572441577911377,0.27394208312034607,0.2664862871170044,0.15976116061210632,0.10672512650489807,0.22850745916366577,0.4760743975639343,0,1,1,1,0,0.20037806034088135,20776,1.0,2024,2114830456,0,0,True,182,
253,cph/query/images/Dn7h1hZoWtyPQttrbYV6uA.jpg,random,0.2,0,1,1,0.6622107028961182,0.46893852949142456,0.39572441577911377,0.22501051425933838,0.2664862871170044,0.24392801523208618,0.022558271884918213,0.1932721734046936,0.352746844291687,0,1,1,1,0,0.20037806034088135,20776,0.2629787234042553,2024,2114830456,-41,0,True,182,
253,cph/query/images/Dn7h1hZoWtyPQttrbYV6uA.jpg,random,0.2,1,1,1,0.6622107028961182,0.402165949344635,0.39572441577911377,0.23710709810256958,0.2664862871170044,0.16505885124206543,0.10142743587493896,0.26004475355148315,0.41417181491851807,0,1,1,1,0,0.20037806034088135,20776,0.3753475440222428,2024,2114830456,-29,0,True,182,
253,cph/query/images/Dn7h1hZoWtyPQttrbYV6uA.jpg,random,0.2,2,1,1,0.6622107028961182,0.49481624364852905,0.39572441577911377,0.2606385052204132,0.2664862871170044,0.23417773842811584,0.03230854868888855,0.1673944592475891,0.4221341609954834,0,1,1,1,0,0.20037806034088135,20776,0.4854854854854855,2024,2114830456,19,0,True,182,
253,cph/query/images/Dn7h1hZoWtyPQttrbYV6uA.jpg,random,0.2,3,1,1,0.6622107028961182,0.5444071888923645,0.39572441577911377,0.3308143615722656,0.2664862871170044,0.21359282732009888,0.05289345979690552,0.11780351400375366,0.18881756067276,0,1,1,1,0,0.20037806034088135,20776,0.07653246282190787,2024,2114830456,-75,0,True,182,
253,cph/query/images/Dn7h1hZoWtyPQttrbYV6uA.jpg,random,0.2,4,1,1,0.6622107028961182,0.448886513710022,0.39572441577911377,0.2625119686126709,0.2664862871170044,0.18637454509735107,0.08011174201965332,0.2133241891860962,0.4928290843963623,0,1,1,1,0,0.20037806034088135,20776,0.845771144278607,2024,2114830456,-4,0,True,182,
333,cph/query/images/8q32J3c4clMi6IJz9_ov8g.jpg,clean,0.0,-1,1,1,0.4879476726055145,0.4879476726055145,0.33282074332237244,0.33282074332237244,0.1551269292831421,0.1551269292831421,0.0,0.0,0.0,0,1,1,1,0,0.0,0,0.0,2024,0,0,0,True,0,
333,cph/query/images/8q32J3c4clMi6IJz9_ov8g.jpg,attention,0.1,-1,1,1,0.4879476726055145,0.3545304238796234,0.33282074332237244,0.21463823318481445,0.1551269292831421,0.13989219069480896,0.01523473858833313,0.1334172487258911,0.3576590418815613,0,1,1,1,0,0.10018903017044067,10388,1.0,2024,1345132656,0,0,True,19502,
333,cph/query/images/8q32J3c4clMi6IJz9_ov8g.jpg,random,0.1,0,1,1,0.4879476726055145,0.438503623008728,0.33282074332237244,0.3142220973968506,0.1551269292831421,0.12428152561187744,0.03084540367126465,0.0494440495967865,0.09005773067474365,0,1,1,1,0,0.10018903017044067,10388,0.04982314300151592,2024,1345132656,-58,-13,True,19502,
333,cph/query/images/8q32J3c4clMi6IJz9_ov8g.jpg,random,0.1,1,1,1,0.4879476726055145,0.4202483892440796,0.33282074332237244,0.25687676668167114,0.1551269292831421,0.16337162256240845,-0.008244693279266357,0.06769928336143494,0.23989075422286987,0,1,1,1,0,0.10018903017044067,10388,0.11453248216297408,2024,1345132656,-35,51,True,19502,
333,cph/query/images/8q32J3c4clMi6IJz9_ov8g.jpg,random,0.1,2,1,1,0.4879476726055145,0.4799845814704895,0.33282074332237244,0.33772677183151245,0.1551269292831421,0.14225780963897705,0.012869119644165039,0.007963091135025024,0.024695992469787598,0,1,1,1,0,0.10018903017044067,10388,0.006979449398991857,2024,1345132656,106,32,True,19502,
333,cph/query/images/8q32J3c4clMi6IJz9_ov8g.jpg,random,0.1,3,1,1,0.4879476726055145,0.3706887364387512,0.33282074332237244,0.19961044192314148,0.1551269292831421,0.17107829451560974,-0.01595136523246765,0.1172589361667633,0.3726816177368164,0,1,1,1,0,0.10018903017044067,10388,0.48591045630095836,2024,1345132656,6,11,True,19502,
333,cph/query/images/8q32J3c4clMi6IJz9_ov8g.jpg,random,0.1,4,1,1,0.4879476726055145,0.43670952320098877,0.33282074332237244,0.3475072681903839,0.1551269292831421,0.08920225501060486,0.06592467427253723,0.05123814940452576,0.09208625555038452,0,1,1,1,0,0.10018903017044067,10388,0.05848787446504993,2024,1345132656,64,-19,True,19502,
333,cph/query/images/8q32J3c4clMi6IJz9_ov8g.jpg,attention,0.15,-1,1,1,0.4879476726055145,0.34137260913848877,0.33282074332237244,0.2289365530014038,0.1551269292831421,0.11243605613708496,0.04269087314605713,0.14657506346702576,0.4167035222053528,0,1,1,1,0,0.14933836460113525,15484,1.0,2024,2190057229,0,0,True,2954,
333,cph/query/images/8q32J3c4clMi6IJz9_ov8g.jpg,random,0.15,0,1,1,0.4879476726055145,0.45056745409965515,0.33282074332237244,0.3525240421295166,0.1551269292831421,0.09804341197013855,0.05708351731300354,0.037380218505859375,0.12097573280334473,0,1,1,1,0,0.14933836460113525,15484,0.06756756756756757,2024,2190057229,63,14,True,2954,
333,cph/query/images/8q32J3c4clMi6IJz9_ov8g.jpg,random,0.15,1,1,1,0.4879476726055145,0.44686004519462585,0.33282074332237244,0.3502427339553833,0.1551269292831421,0.09661731123924255,0.058509618043899536,0.04108762741088867,0.1339038610458374,0,1,1,1,0,0.14933836460113525,15484,0.07066795740561471,2024,2190057229,62,3,True,2954,
333,cph/query/images/8q32J3c4clMi6IJz9_ov8g.jpg,random,0.15,2,1,1,0.4879476726055145,0.4407270550727844,0.33282074332237244,0.33905208110809326,0.1551269292831421,0.10167497396469116,0.05345195531845093,0.0472206175327301,0.18258881568908691,0,1,1,1,0,0.14933836460113525,15484,0.13001277139208173,2024,2190057229,49,5,True,2954,
333,cph/query/images/8q32J3c4clMi6IJz9_ov8g.jpg,random,0.15,3,1,1,0.4879476726055145,0.4041591286659241,0.33282074332237244,0.3036249876022339,0.1551269292831421,0.10053414106369019,0.054592788219451904,0.08378854393959045,0.2762303948402405,0,1,1,1,0,0.14933836460113525,15484,0.2085544801748361,2024,2190057229,-34,9,True,2954,
333,cph/query/images/8q32J3c4clMi6IJz9_ov8g.jpg,random,0.15,4,1,1,0.4879476726055145,0.45994552969932556,0.33282074332237244,0.3194483518600464,0.1551269292831421,0.14049717783927917,0.014629751443862915,0.028002142906188965,0.1537112593650818,0,1,1,1,0,0.14933836460113525,15484,0.10821643286573146,2024,2190057229,-50,13,True,2954,
333,cph/query/images/8q32J3c4clMi6IJz9_ov8g.jpg,attention,0.2,-1,1,1,0.4879476726055145,0.25052115321159363,0.33282074332237244,0.2297305166721344,0.1551269292831421,0.02079063653945923,0.13433629274368286,0.2374265193939209,0.5806592702865601,0,1,1,1,0,0.20037806034088135,20776,1.0,2024,3244052091,0,0,True,154,
333,cph/query/images/8q32J3c4clMi6IJz9_ov8g.jpg,random,0.2,0,1,1,0.4879476726055145,0.39913830161094666,0.33282074332237244,0.3113897442817688,0.1551269292831421,0.08774855732917786,0.06737837195396423,0.08880937099456787,0.20608365535736084,0,1,1,1,0,0.20037806034088135,20776,0.09844559585492228,2024,3244052091,70,0,True,154,
333,cph/query/images/8q32J3c4clMi6IJz9_ov8g.jpg,random,0.2,1,1,1,0.4879476726055145,0.32771357893943787,0.33282074332237244,0.22450998425483704,0.1551269292831421,0.10320359468460083,0.05192333459854126,0.16023409366607666,0.3791790008544922,0,1,1,1,0,0.20037806034088135,20776,0.33693693693693694,2024,3244052091,-32,0,True,154,
333,cph/query/images/8q32J3c4clMi6IJz9_ov8g.jpg,random,0.2,2,1,1,0.4879476726055145,0.2633509039878845,0.33282074332237244,0.2342655509710312,0.1551269292831421,0.029085353016853333,0.12604157626628876,0.22459676861763,0.5409011244773865,0,1,1,1,0,0.20037806034088135,20776,0.838909541511772,2024,3244052091,-5,0,True,154,
333,cph/query/images/8q32J3c4clMi6IJz9_ov8g.jpg,random,0.2,3,1,1,0.4879476726055145,0.26733139157295227,0.33282074332237244,0.20780615508556366,0.1551269292831421,0.05952523648738861,0.09560169279575348,0.22061628103256226,0.5541856288909912,0,1,1,1,0,0.20037806034088135,20776,0.6525612472160356,2024,3244052091,12,0,True,154,
333,cph/query/images/8q32J3c4clMi6IJz9_ov8g.jpg,random,0.2,4,1,1,0.4879476726055145,0.44800516963005066,0.33282074332237244,0.3461567759513855,0.1551269292831421,0.10184839367866516,0.05327853560447693,0.03994250297546387,0.07918941974639893,0,1,1,1,0,0.20037806034088135,20776,0.03957968476357268,2024,3244052091,109,0,True,154,
34,cph/query/images/iiv9fXZmBQN-DS67Hk4ZQA.jpg,clean,0.0,-1,67,67,0.14227239787578583,0.14227239787578583,0.21462923288345337,0.21462923288345337,-0.07235683500766754,-0.07235683500766754,0.0,0.0,0.0,0,0,0,0,0,0.0,0,0.0,2024,0,0,0,True,0,
34,cph/query/images/iiv9fXZmBQN-DS67Hk4ZQA.jpg,attention,0.1,-1,67,21,0.14227239787578583,0.15257500112056732,0.21462923288345337,0.20255649089813232,-0.07235683500766754,-0.049981489777565,-0.02237534523010254,-0.010302603244781494,0.30362558364868164,-46,0,0,0,0,0.10018903017044067,10388,1.0,2024,3977161391,0,0,True,23842,
34,cph/query/images/iiv9fXZmBQN-DS67Hk4ZQA.jpg,random,0.1,0,67,111,0.14227239787578583,0.1271425187587738,0.21462923288345337,0.1969025582075119,-0.07235683500766754,-0.0697600394487381,-0.0025967955589294434,0.015129879117012024,0.06815922260284424,44,0,0,0,0,0.10018903017044067,10388,0.08163265306122448,2024,3977161391,-78,-34,True,23842,
34,cph/query/images/iiv9fXZmBQN-DS67Hk4ZQA.jpg,random,0.1,1,67,69,0.14227239787578583,0.13548317551612854,0.21462923288345337,0.19986498355865479,-0.07235683500766754,-0.06438180804252625,-0.007975026965141296,0.006789222359657288,0.1877831220626831,2,0,0,0,0,0.10018903017044067,10388,0.18341307814992025,2024,3977161391,35,58,True,23842,
34,cph/query/images/iiv9fXZmBQN-DS67Hk4ZQA.jpg,random,0.1,2,67,194,0.14227239787578583,0.12433209270238876,0.21462923288345337,0.21155929565429688,-0.07235683500766754,-0.08722720295190811,0.01487036794424057,0.017940305173397064,0.2905219793319702,127,0,0,0,0,0.10018903017044067,10388,0.30617377090406134,2024,3977161391,8,43,True,23842,
34,cph/query/images/iiv9fXZmBQN-DS67Hk4ZQA.jpg,random,0.1,3,67,14,0.14227239787578583,0.15728744864463806,0.21462923288345337,0.21901336312294006,-0.07235683500766754,-0.061725914478302,-0.01063092052936554,-0.015015050768852234,0.323877215385437,-53,0,0,0,0,0.10018903017044067,10388,0.4557174887892377,2024,3977161391,-16,4,True,23842,
34,cph/query/images/iiv9fXZmBQN-DS67Hk4ZQA.jpg,random,0.1,4,67,212,0.14227239787578583,0.11431839317083359,0.21462923288345337,0.21203750371932983,-0.07235683500766754,-0.09771911054849625,0.025362275540828705,0.02795400470495224,0.18714553117752075,145,0,0,0,0,0.10018903017044067,10388,0.1424172440338722,2024,3977161391,-47,21,True,23842,
34,cph/query/images/iiv9fXZmBQN-DS67Hk4ZQA.jpg,attention,0.15,-1,67,178,0.14227239787578583,0.1032576709985733,0.21462923288345337,0.18540270626544952,-0.07235683500766754,-0.08214503526687622,0.00978820025920868,0.039014726877212524,0.46712470054626465,111,0,0,0,0,0.14933836460113525,15484,1.0,2024,4234217485,0,0,True,13958,
34,cph/query/images/iiv9fXZmBQN-DS67Hk4ZQA.jpg,random,0.15,0,67,172,0.14227239787578583,0.11553043127059937,0.21462923288345337,0.1932450383901596,-0.07235683500766754,-0.07771460711956024,0.0053577721118927,0.026741966605186462,0.1134101152420044,105,0,0,0,0,0.14933836460113525,15484,0.10379241516966067,2024,4234217485,-84,15,True,13958,
34,cph/query/images/iiv9fXZmBQN-DS67Hk4ZQA.jpg,random,0.15,1,67,195,0.14227239787578583,0.12072747200727463,0.21462923288345337,0.19799372553825378,-0.07235683500766754,-0.07726625353097916,0.004909418523311615,0.0215449258685112,0.22257179021835327,128,0,0,0,0,0.14933836460113525,15484,0.20343527765903704,2024,4234217485,47,11,True,13958,
34,cph/query/images/iiv9fXZmBQN-DS67Hk4ZQA.jpg,random,0.15,2,67,3,0.14227239787578583,0.17429102957248688,0.21462923288345337,0.17639654874801636,-0.07235683500766754,-0.00210551917552948,-0.07025131583213806,-0.03201863169670105,0.37603795528411865,-64,0,1,1,0,0.14933836460113525,15484,0.45910290237467016,2024,4234217485,22,7,True,13958,
34,cph/query/images/iiv9fXZmBQN-DS67Hk4ZQA.jpg,random,0.15,3,67,15,0.14227239787578583,0.16030699014663696,0.21462923288345337,0.1857476830482483,-0.07235683500766754,-0.025440692901611328,-0.04691614210605621,-0.018034592270851135,0.27076447010040283,-52,0,0,0,0,0.14933836460113525,15484,0.28711554447215293,2024,4234217485,36,10,True,13958,
34,cph/query/images/iiv9fXZmBQN-DS67Hk4ZQA.jpg,random,0.15,4,67,192,0.14227239787578583,0.1116616278886795,0.21462923288345337,0.18788929283618927,-0.07235683500766754,-0.07622766494750977,0.003870829939842224,0.030610769987106323,0.23987621068954468,125,0,0,0,0,0.14933836460113525,15484,0.1678986272439282,2024,4234217485,-46,49,True,13958,
34,cph/query/images/iiv9fXZmBQN-DS67Hk4ZQA.jpg,attention,0.2,-1,67,607,0.14227239787578583,0.07592819631099701,0.21462923288345337,0.18281151354312897,-0.07235683500766754,-0.10688331723213196,0.034526482224464417,0.06634420156478882,0.587152361869812,540,0,0,0,0,0.20037806034088135,20776,1.0,2024,1958930311,0,0,True,11984,
34,cph/query/images/iiv9fXZmBQN-DS67Hk4ZQA.jpg,random,0.2,0,67,8,0.14227239787578583,0.15144750475883484,0.21462923288345337,0.18172390758991241,-0.07235683500766754,-0.030276402831077576,-0.042080432176589966,-0.009175106883049011,0.3409360647201538,-59,0,0,1,0,0.20037806034088135,20776,0.3814748321031983,2024,1958930311,31,40,True,11984,
34,cph/query/images/iiv9fXZmBQN-DS67Hk4ZQA.jpg,random,0.2,1,67,16,0.14227239787578583,0.14981074631214142,0.21462923288345337,0.19097498059272766,-0.07235683500766754,-0.04116423428058624,-0.0311926007270813,-0.007538348436355591,0.31979644298553467,-51,0,0,0,0,0.20037806034088135,20776,0.30831234256926954,2024,1958930311,40,51,True,11984,
34,cph/query/images/iiv9fXZmBQN-DS67Hk4ZQA.jpg,random,0.2,2,67,129,0.14227239787578583,0.12370416522026062,0.21462923288345337,0.18613895773887634,-0.07235683500766754,-0.06243479251861572,-0.009922042489051819,0.018568232655525208,0.3512979745864868,62,0,0,0,0,0.20037806034088135,20776,0.3288135593220339,2024,1958930311,-36,27,True,11984,
34,cph/query/images/iiv9fXZmBQN-DS67Hk4ZQA.jpg,random,0.2,3,67,59,0.14227239787578583,0.1360807567834854,0.21462923288345337,0.20399467647075653,-0.07235683500766754,-0.06791391968727112,-0.004442915320396423,0.006191641092300415,0.3350813388824463,-8,0,0,0,0,0.20037806034088135,20776,0.2960698689956332,2024,1958930311,48,-6,True,11984,
34,cph/query/images/iiv9fXZmBQN-DS67Hk4ZQA.jpg,random,0.2,4,67,704,0.14227239787578583,0.08283092826604843,0.21462923288345337,0.19576707482337952,-0.07235683500766754,-0.11293614655733109,0.040579311549663544,0.059441469609737396,0.32128167152404785,637,0,0,0,0,0.20037806034088135,20776,0.29212015672616454,2024,1958930311,-30,45,True,11984,
290,cph/query/images/m9Mzu3M6MOYsXCP30-3DXg.jpg,clean,0.0,-1,1,1,0.44029802083969116,0.44029802083969116,0.4309457838535309,0.4309457838535309,0.009352236986160278,0.009352236986160278,0.0,0.0,0.0,0,1,1,1,0,0.0,0,0.0,2024,0,0,0,True,0,
290,cph/query/images/m9Mzu3M6MOYsXCP30-3DXg.jpg,attention,0.1,-1,1,1,0.44029802083969116,0.36471694707870483,0.4309457838535309,0.3560248017311096,0.009352236986160278,0.008692145347595215,0.0006600916385650635,0.07558107376098633,0.33492422103881836,0,1,1,1,0,0.10018903017044067,10388,1.0,2024,1263536119,0,0,True,26796,
290,cph/query/images/m9Mzu3M6MOYsXCP30-3DXg.jpg,random,0.1,0,1,1,0.44029802083969116,0.45412784814834595,0.4309457838535309,0.44098228216171265,0.009352236986160278,0.0131455659866333,-0.0037933290004730225,-0.013829827308654785,0.12218499183654785,0,1,1,1,0,0.10018903017044067,10388,0.10416666666666667,2024,1263536119,58,-38,True,26796,
290,cph/query/images/m9Mzu3M6MOYsXCP30-3DXg.jpg,random,0.1,1,1,1,0.44029802083969116,0.4152076244354248,0.4309457838535309,0.40797242522239685,0.009352236986160278,0.007235199213027954,0.0021170377731323242,0.025090396404266357,0.05183929204940796,0,1,1,1,0,0.10018903017044067,10388,0.0,2024,1263536119,-99,22,True,26796,
290,cph/query/images/m9Mzu3M6MOYsXCP30-3DXg.jpg,random,0.1,2,1,1,0.44029802083969116,0.40471136569976807,0.4309457838535309,0.3992063105106354,0.009352236986160278,0.00550505518913269,0.003847181797027588,0.035586655139923096,0.10260558128356934,0,1,1,1,0,0.10018903017044067,10388,0.09117647058823529,2024,1263536119,57,11,True,26796,
290,cph/query/images/m9Mzu3M6MOYsXCP30-3DXg.jpg,random,0.1,3,1,1,0.44029802083969116,0.39454126358032227,0.4309457838535309,0.38906052708625793,0.009352236986160278,0.005480736494064331,0.0038715004920959473,0.045756757259368896,0.3109525442123413,0,1,1,1,0,0.10018903017044067,10388,0.367651899150813,2024,1263536119,17,13,True,26796,
290,cph/query/images/m9Mzu3M6MOYsXCP30-3DXg.jpg,random,0.1,4,1,1,0.44029802083969116,0.4378223419189453,0.4309457838535309,0.36320963501930237,0.009352236986160278,0.07461270689964294,-0.06526046991348267,0.0024756789207458496,0.19164735078811646,0,1,1,1,0,0.10018903017044067,10388,0.23350946980941636,2024,1263536119,29,-51,True,26796,
290,cph/query/images/m9Mzu3M6MOYsXCP30-3DXg.jpg,attention,0.15,-1,1,1,0.44029802083969116,0.3602021634578705,0.4309457838535309,0.34322500228881836,0.009352236986160278,0.016977161169052124,-0.007624924182891846,0.08009585738182068,0.37041592597961426,0,1,1,1,0,0.14933836460113525,15484,1.0,2024,2939014336,0,0,True,19096,
290,cph/query/images/m9Mzu3M6MOYsXCP30-3DXg.jpg,random,0.15,0,1,1,0.44029802083969116,0.3645181655883789,0.4309457838535309,0.35946300625801086,0.009352236986160278,0.005055159330368042,0.004297077655792236,0.07577985525131226,0.2873462438583374,0,1,1,1,0,0.14933836460113525,15484,0.2966002344665885,2024,2939014336,28,32,True,19096,
290,cph/query/images/m9Mzu3M6MOYsXCP30-3DXg.jpg,random,0.15,1,1,1,0.44029802083969116,0.41449081897735596,0.4309457838535309,0.40537890791893005,0.009352236986160278,0.009111911058425903,0.000240325927734375,0.025807201862335205,0.2124803066253662,0,1,1,1,0,0.14933836460113525,15484,0.2047930283224401,2024,2939014336,-48,42,True,19096,
290,cph/query/images/m9Mzu3M6MOYsXCP30-3DXg.jpg,random,0.15,2,1,1,0.44029802083969116,0.3918161988258362,0.4309457838535309,0.3888724744319916,0.009352236986160278,0.0029437243938446045,0.006408512592315674,0.04848182201385498,0.19037091732025146,0,1,1,1,0,0.14933836460113525,15484,0.18605898123324396,2024,2939014336,56,39,True,19096,
290,cph/query/images/m9Mzu3M6MOYsXCP30-3DXg.jpg,random,0.15,3,1,1,0.44029802083969116,0.39456266164779663,0.4309457838535309,0.3440384566783905,0.009352236986160278,0.05052420496940613,-0.04117196798324585,0.04573535919189453,0.2879459261894226,0,1,1,1,0,0.14933836460113525,15484,0.2843397478433975,2024,2939014336,-37,-6,True,19096,
290,cph/query/images/m9Mzu3M6MOYsXCP30-3DXg.jpg,random,0.15,4,1,4,0.44029802083969116,0.36422231793403625,0.4309457838535309,0.3954817056655884,0.009352236986160278,-0.031259387731552124,0.0406116247177124,0.07607570290565491,0.22871261835098267,3,0,1,1,1,0.14933836460113525,15484,0.23152787719716852,2024,2939014336,43,26,True,19096,
290,cph/query/images/m9Mzu3M6MOYsXCP30-3DXg.jpg,attention,0.2,-1,1,1,0.44029802083969116,0.3538106679916382,0.4309457838535309,0.3111269474029541,0.009352236986160278,0.04268372058868408,-0.033331483602523804,0.08648735284805298,0.43381190299987793,0,1,1,1,0,0.20037806034088135,20776,1.0,2024,4103505094,0,0,True,11998,
290,cph/query/images/m9Mzu3M6MOYsXCP30-3DXg.jpg,random,0.2,0,1,1,0.44029802083969116,0.35601627826690674,0.4309457838535309,0.325594961643219,0.009352236986160278,0.030421316623687744,-0.021069079637527466,0.08428174257278442,0.3734029531478882,0,1,1,1,0,0.20037806034088135,20776,0.47357968650258886,2024,4103505094,-19,-25,True,11998,
290,cph/query/images/m9Mzu3M6MOYsXCP30-3DXg.jpg,random,0.2,1,1,1,0.44029802083969116,0.43472224473953247,0.4309457838535309,0.398414671421051,0.009352236986160278,0.036307573318481445,-0.026955336332321167,0.005575776100158691,0.10575634241104126,0,1,1,1,0,0.20037806034088135,20776,0.08502193440568205,2024,4103505094,-96,-18,True,11998,
290,cph/query/images/m9Mzu3M6MOYsXCP30-3DXg.jpg,random,0.2,2,1,1,0.44029802083969116,0.3567464351654053,0.4309457838535309,0.3239123523235321,0.009352236986160278,0.03283408284187317,-0.02348184585571289,0.08355158567428589,0.3859555125236511,0,1,1,1,0,0.20037806034088135,20776,0.41141304347826085,2024,4103505094,-23,22,True,11998,
290,cph/query/images/m9Mzu3M6MOYsXCP30-3DXg.jpg,random,0.2,3,1,1,0.44029802083969116,0.4215593636035919,0.4309457838535309,0.3915884494781494,0.009352236986160278,0.029970914125442505,-0.020618677139282227,0.018738657236099243,0.1097368597984314,0,1,1,1,0,0.20037806034088135,20776,0.0730296456977585,2024,4103505094,-97,9,True,11998,
290,cph/query/images/m9Mzu3M6MOYsXCP30-3DXg.jpg,random,0.2,4,1,1,0.44029802083969116,0.3382225036621094,0.4309457838535309,0.2835986316204071,0.009352236986160278,0.05462387204170227,-0.04527163505554199,0.10207551717758179,0.42421144247055054,0,1,1,1,0,0.20037806034088135,20776,0.5405605813436156,2024,4103505094,17,-8,True,11998,
110,cph/query/images/OcyH1tLtYjMnt1i0gORXxg.jpg,clean,0.0,-1,1,1,0.7173530459403992,0.7173530459403992,0.3271667957305908,0.3271667957305908,0.39018625020980835,0.39018625020980835,0.0,0.0,0.0,0,1,1,1,0,0.0,0,0.0,2024,0,0,0,True,0,
110,cph/query/images/OcyH1tLtYjMnt1i0gORXxg.jpg,attention,0.1,-1,1,1,0.7173530459403992,0.6549335718154907,0.3271667957305908,0.2435544729232788,0.39018625020980835,0.4113790988922119,-0.021192848682403564,0.06241947412490845,0.1596527099609375,0,1,1,1,0,0.10018903017044067,10388,1.0,2024,790548391,0,0,True,19124,
110,cph/query/images/OcyH1tLtYjMnt1i0gORXxg.jpg,random,0.1,0,1,1,0.7173530459403992,0.6780189275741577,0.3271667957305908,0.28190505504608154,0.39018625020980835,0.39611387252807617,-0.005927622318267822,0.039334118366241455,0.12292468547821045,0,1,1,1,0,0.10018903017044067,10388,0.3604871979569118,2024,790548391,17,19,True,19124,
110,cph/query/images/OcyH1tLtYjMnt1i0gORXxg.jpg,random,0.1,1,1,1,0.7173530459403992,0.6589463949203491,0.3271667957305908,0.25298333168029785,0.39018625020980835,0.40596306324005127,-0.01577681303024292,0.05840665102005005,0.16014450788497925,0,1,1,1,0,0.10018903017044067,10388,0.3357335733573357,2024,790548391,22,1,True,19124,
110,cph/query/images/OcyH1tLtYjMnt1i0gORXxg.jpg,random,0.1,2,1,1,0.7173530459403992,0.7049337029457092,0.3271667957305908,0.31231963634490967,0.39018625020980835,0.39261406660079956,-0.002427816390991211,0.012419342994689941,0.03130173683166504,0,1,1,1,0,0.10018903017044067,10388,0.0,2024,790548391,-102,53,True,19124,
110,cph/query/images/OcyH1tLtYjMnt1i0gORXxg.jpg,random,0.1,3,1,1,0.7173530459403992,0.6523565053939819,0.3271667957305908,0.31290337443351746,0.39018625020980835,0.3394531309604645,0.05073311924934387,0.06499654054641724,0.0683947205543518,0,1,1,1,0,0.10018903017044067,10388,0.04633360193392425,2024,790548391,54,64,True,19124,
110,cph/query/images/OcyH1tLtYjMnt1i0gORXxg.jpg,random,0.1,4,1,1,0.7173530459403992,0.7034065127372742,0.3271667957305908,0.3125048875808716,0.39018625020980835,0.3909016251564026,-0.0007153749465942383,0.013946533203125,0.03384345769882202,0,1,1,1,0,0.10018903017044067,10388,0.0,2024,790548391,-108,13,True,19124,
110,cph/query/images/OcyH1tLtYjMnt1i0gORXxg.jpg,attention,0.15,-1,1,1,0.7173530459403992,0.6399738788604736,0.3271667957305908,0.23547321557998657,0.39018625020980835,0.40450066328048706,-0.014314413070678711,0.07737916707992554,0.20186305046081543,0,1,1,1,0,0.14933836460113525,15484,1.0,2024,1986206091,0,0,True,9632,
110,cph/query/images/OcyH1tLtYjMnt1i0gORXxg.jpg,random,0.15,0,1,1,0.7173530459403992,0.6844568252563477,0.3271667957305908,0.3042071759700775,0.39018625020980835,0.38024964928627014,0.009936600923538208,0.032896220684051514,0.05232381820678711,0,1,1,1,0,0.14933836460113525,15484,0.0,2024,1986206091,-112,29,True,9632,
110,cph/query/images/OcyH1tLtYjMnt1i0gORXxg.jpg,random,0.15,1,1,1,0.7173530459403992,0.6338653564453125,0.3271667957305908,0.25107643008232117,0.39018625020980835,0.38278892636299133,0.007397323846817017,0.08348768949508667,0.19685745239257812,0,1,1,1,0,0.14933836460113525,15484,0.41885824246311737,2024,1986206091,7,26,True,9632,
110,cph/query/images/OcyH1tLtYjMnt1i0gORXxg.jpg,random,0.15,2,1,1,0.7173530459403992,0.6337955594062805,0.3271667957305908,0.26117533445358276,0.39018625020980835,0.37262022495269775,0.017566025257110596,0.08355748653411865,0.10100489854812622,0,1,1,1,0,0.14933836460113525,15484,0.032060254615743515,2024,1986206091,-75,55,True,9632,
110,cph/query/images/OcyH1tLtYjMnt1i0gORXxg.jpg,random,0.15,3,1,1,0.7173530459403992,0.6490549445152283,0.3271667957305908,0.2732737064361572,0.39018625020980835,0.37578123807907104,0.014405012130737305,0.0682981014251709,0.1427382230758667,0,1,1,1,0,0.14933836460113525,15484,0.23025583982202447,2024,1986206091,35,25,True,9632,
110,cph/query/images/OcyH1tLtYjMnt1i0gORXxg.jpg,random,0.15,4,1,1,0.7173530459403992,0.6121095418930054,0.3271667957305908,0.24799925088882446,0.39018625020980835,0.3641102910041809,0.02607595920562744,0.1052435040473938,0.20153772830963135,0,1,1,1,0,0.14933836460113525,15484,0.41174325309992704,2024,1986206091,12,26,True,9632,
110,cph/query/images/OcyH1tLtYjMnt1i0gORXxg.jpg,attention,0.2,-1,1,1,0.7173530459403992,0.5741693377494812,0.3271667957305908,0.2129131257534027,0.39018625020980835,0.3612562119960785,0.02893003821372986,0.14318370819091797,0.31811344623565674,0,1,1,1,0,0.20037806034088135,20776,1.0,2024,1555843913,0,0,True,4900,
110,cph/query/images/OcyH1tLtYjMnt1i0gORXxg.jpg,random,0.2,0,1,1,0.7173530459403992,0.6170789003372192,0.3271667957305908,0.24532032012939453,0.39018625020980835,0.3717585802078247,0.018427670001983643,0.10027414560317993,0.2151808738708496,0,1,1,1,0,0.20037806034088135,20776,0.1837164914679657,2024,1555843913,-51,13,True,4900,
110,cph/query/images/OcyH1tLtYjMnt1i0gORXxg.jpg,random,0.2,1,1,1,0.7173530459403992,0.6569057106971741,0.3271667957305908,0.29770445823669434,0.39018625020980835,0.35920125246047974,0.030984997749328613,0.0604473352432251,0.10122036933898926,0,1,1,1,0,0.20037806034088135,20776,0.01818181818181818,2024,1555843913,-102,3,True,4900,
110,cph/query/images/OcyH1tLtYjMnt1i0gORXxg.jpg,random,0.2,2,1,1,0.7173530459403992,0.5968221426010132,0.3271667957305908,0.2148280143737793,0.39018625020980835,0.3819941282272339,0.008192121982574463,0.12053090333938599,0.23626333475112915,0,1,1,1,0,0.20037806034088135,20776,0.3170206022187005,2024,1555843913,-27,24,True,4900,
110,cph/query/images/OcyH1tLtYjMnt1i0gORXxg.jpg,random,0.2,3,1,1,0.7173530459403992,0.6130449175834656,0.3271667957305908,0.25872451066970825,0.39018625020980835,0.3543204069137573,0.035865843296051025,0.1043081283569336,0.1758965253829956,0,1,1,1,0,0.20037806034088135,20776,0.1972569584509883,2024,1555843913,-43,28,True,4900,
110,cph/query/images/OcyH1tLtYjMnt1i0gORXxg.jpg,random,0.2,4,1,1,0.7173530459403992,0.6218692660331726,0.3271667957305908,0.24586857855319977,0.39018625020980835,0.37600070238113403,0.014185547828674316,0.09548377990722656,0.18424779176712036,0,1,1,1,0,0.20037806034088135,20776,0.2842925140631761,2024,1555843913,35,22,True,4900,
301,cph/query/images/5yGVkypWdnTCgiy9KySnQQ.jpg,clean,0.0,-1,1,1,0.43661436438560486,0.43661436438560486,0.31619876623153687,0.31619876623153687,0.120415598154068,0.120415598154068,0.0,0.0,0.0,0,1,1,1,0,0.0,0,0.0,2024,0,0,0,True,0,
301,cph/query/images/5yGVkypWdnTCgiy9KySnQQ.jpg,attention,0.1,-1,1,1,0.43661436438560486,0.3729066252708435,0.31619876623153687,0.303484708070755,0.120415598154068,0.0694219172000885,0.05099368095397949,0.06370773911476135,0.2639680504798889,0,1,1,1,0,0.10018903017044067,10388,1.0,2024,1431873618,0,0,True,3374,
301,cph/query/images/5yGVkypWdnTCgiy9KySnQQ.jpg,random,0.1,0,1,1,0.43661436438560486,0.430530846118927,0.31619876623153687,0.3259810209274292,0.120415598154068,0.1045498251914978,0.01586577296257019,0.0060835182666778564,0.08769643306732178,0,1,1,1,0,0.10018903017044067,10388,0.02902426944031699,2024,1431873618,60,-11,True,3374,
301,cph/query/images/5yGVkypWdnTCgiy9KySnQQ.jpg,random,0.1,1,1,1,0.43661436438560486,0.3764602541923523,0.31619876623153687,0.2768363058567047,0.120415598154068,0.09962394833564758,0.02079164981842041,0.060154110193252563,0.15187478065490723,0,1,1,1,0,0.10018903017044067,10388,0.083889816360601,2024,1431873618,-36,-5,True,3374,
301,cph/query/images/5yGVkypWdnTCgiy9KySnQQ.jpg,random,0.1,2,1,1,0.43661436438560486,0.39889124035835266,0.31619876623153687,0.2906006872653961,0.120415598154068,0.10829055309295654,0.01212504506111145,0.0377231240272522,0.1804521083831787,0,1,1,1,0,0.10018903017044067,10388,0.09844559585492228,2024,1431873618,-30,-7,True,3374,
301,cph/query/images/5yGVkypWdnTCgiy9KySnQQ.jpg,random,0.1,3,1,1,0.43661436438560486,0.40030163526535034,0.31619876623153687,0.3199516236782074,0.120415598154068,0.08035001158714294,0.04006558656692505,0.03631272912025452,0.13265568017959595,0,1,1,1,0,0.10018903017044067,10388,0.05848787446504993,2024,1431873618,49,-8,True,3374,
301,cph/query/images/5yGVkypWdnTCgiy9KySnQQ.jpg,random,0.1,4,1,1,0.43661436438560486,0.42166537046432495,0.31619876623153687,0.3309035301208496,0.120415598154068,0.09076184034347534,0.02965375781059265,0.014948993921279907,0.03180241584777832,0,1,1,1,0,0.10018903017044067,10388,0.0,2024,1431873618,94,-6,True,3374,
301,cph/query/images/5yGVkypWdnTCgiy9KySnQQ.jpg,attention,0.15,-1,1,1,0.43661436438560486,0.33579879999160767,0.31619876623153687,0.2737831771373749,0.120415598154068,0.06201562285423279,0.058399975299835205,0.10081556439399719,0.3571017384529114,0,1,1,1,0,0.14933836460113525,15484,1.0,2024,4165107373,0,0,True,196,
301,cph/query/images/5yGVkypWdnTCgiy9KySnQQ.jpg,random,0.15,0,1,1,0.43661436438560486,0.4262654185295105,0.31619876623153687,0.28941911458969116,0.120415598154068,0.13684630393981934,-0.016430705785751343,0.01034894585609436,0.09324765205383301,0,1,1,1,0,0.14933836460113525,15484,0.031235431235431235,2024,4165107373,-73,0,True,196,
301,cph/query/images/5yGVkypWdnTCgiy9KySnQQ.jpg,random,0.15,1,1,1,0.43661436438560486,0.3184848725795746,0.31619876623153687,0.28176283836364746,0.120415598154068,0.036722034215927124,0.08369356393814087,0.11812949180603027,0.3468605875968933,0,1,1,1,0,0.14933836460113525,15484,0.7120743034055728,2024,4165107373,6,0,True,196,
301,cph/query/images/5yGVkypWdnTCgiy9KySnQQ.jpg,random,0.15,2,1,1,0.43661436438560486,0.41637852787971497,0.31619876623153687,0.2838675379753113,0.120415598154068,0.1325109899044037,-0.012095391750335693,0.020235836505889893,0.08225429058074951,0,1,1,1,0,0.14933836460113525,15484,0.02692664809656453,2024,4165107373,-82,0,True,196,
301,cph/query/images/5yGVkypWdnTCgiy9KySnQQ.jpg,random,0.15,3,1,1,0.43661436438560486,0.42899635434150696,0.31619876623153687,0.32472383975982666,0.120415598154068,0.1042725145816803,0.016143083572387695,0.0076180100440979,0.05501103401184082,0,1,1,1,0,0.14933836460113525,15484,0.021709006928406466,2024,4165107373,87,0,True,196,
301,cph/query/images/5yGVkypWdnTCgiy9KySnQQ.jpg,random,0.15,4,1,1,0.43661436438560486,0.3760398328304291,0.31619876623153687,0.2735457420349121,0.120415598154068,0.10249409079551697,0.017921507358551025,0.06057453155517578,0.2072199583053589,0,1,1,1,0,0.14933836460113525,15484,0.1366906474820144,2024,4165107373,42,0,True,196,
301,cph/query/images/5yGVkypWdnTCgiy9KySnQQ.jpg,attention,0.2,-1,1,1,0.43661436438560486,0.2886693477630615,0.31619876623153687,0.22366897761821747,0.120415598154068,0.06500037014484406,0.05541522800922394,0.14794501662254333,0.4405551552772522,0,1,1,1,0,0.20037806034088135,20776,1.0,2024,1907497702,0,0,True,168,
301,cph/query/images/5yGVkypWdnTCgiy9KySnQQ.jpg,random,0.2,0,1,1,0.43661436438560486,0.39622098207473755,0.31619876623153687,0.29613083600997925,0.120415598154068,0.1000901460647583,0.020325452089309692,0.04039338231086731,0.1896207332611084,0,1,1,1,0,0.20037806034088135,20776,0.1362940275650842,2024,1907497702,57,0,True,168,
301,cph/query/images/5yGVkypWdnTCgiy9KySnQQ.jpg,random,0.2,1,1,1,0.43661436438560486,0.40220707654953003,0.31619876623153687,0.28115642070770264,0.120415598154068,0.12105065584182739,-0.0006350576877593994,0.03440728783607483,0.13189643621444702,0,1,1,1,0,0.20037806034088135,20776,0.07341772151898734,2024,1907497702,-77,0,True,168,
301,cph/query/images/5yGVkypWdnTCgiy9KySnQQ.jpg,random,0.2,2,1,1,0.43661436438560486,0.3251570761203766,0.31619876623153687,0.23888403177261353,0.120415598154068,0.08627304434776306,0.03414255380630493,0.11145728826522827,0.41960740089416504,0,1,1,1,0,0.20037806034088135,20776,0.3664825046040516,2024,1907497702,-22,0,True,168,
301,cph/query/images/5yGVkypWdnTCgiy9KySnQQ.jpg,random,0.2,3,1,1,0.43661436438560486,0.2884644865989685,0.31619876623153687,0.22161029279232025,0.120415598154068,0.06685419380664825,0.05356140434741974,0.14814987778663635,0.46986424922943115,0,1,1,1,0,0.20037806034088135,20776,0.508130081300813,2024,1907497702,-11,0,True,168,
301,cph/query/images/5yGVkypWdnTCgiy9KySnQQ.jpg,random,0.2,4,1,1,0.43661436438560486,0.34526896476745605,0.31619876623153687,0.2469080686569214,0.120415598154068,0.09836089611053467,0.022054702043533325,0.0913453996181488,0.311654269695282,0,1,1,1,0,0.20037806034088135,20776,0.23976608187134502,2024,1907497702,-42,0,True,168,
489,cph/query/images/_PszPRSVzRkqhx1mW4ukyQ.jpg,clean,0.0,-1,1,1,0.6682770848274231,0.6682770848274231,0.29069313406944275,0.29069313406944275,0.37758395075798035,0.37758395075798035,0.0,0.0,0.0,0,1,1,1,0,0.0,0,0.0,2024,0,0,0,True,0,
489,cph/query/images/_PszPRSVzRkqhx1mW4ukyQ.jpg,attention,0.1,-1,1,1,0.6682770848274231,0.44865867495536804,0.29069313406944275,0.26167649030685425,0.37758395075798035,0.1869821846485138,0.19060176610946655,0.21961840987205505,0.3807556629180908,0,1,1,1,0,0.10018903017044067,10388,1.0,2024,1321506068,0,0,True,22274,
489,cph/query/images/_PszPRSVzRkqhx1mW4ukyQ.jpg,random,0.1,0,1,1,0.6682770848274231,0.6484636068344116,0.29069313406944275,0.2815566956996918,0.37758395075798035,0.36690691113471985,0.010677039623260498,0.019813477993011475,0.07066333293914795,0,1,1,1,0,0.10018903017044067,10388,0.0013012675309653477,2024,1321506068,75,81,True,22274,
489,cph/query/images/_PszPRSVzRkqhx1mW4ukyQ.jpg,random,0.1,1,1,1,0.6682770848274231,0.4571823477745056,0.29069313406944275,0.2697536051273346,0.37758395075798035,0.18742874264717102,0.19015520811080933,0.21109473705291748,0.34978461265563965,0,1,1,1,0,0.10018903017044067,10388,0.3650459921156373,2024,1321506068,-20,2,True,22274,
489,cph/query/images/_PszPRSVzRkqhx1mW4ukyQ.jpg,random,0.1,2,1,1,0.6682770848274231,0.46941980719566345,0.29069313406944275,0.27787378430366516,0.37758395075798035,0.1915460228919983,0.18603792786598206,0.19885727763175964,0.3371925354003906,0,1,1,1,0,0.10018903017044067,10388,0.2997997997997998,2024,1321506068,-22,16,True,22274,
489,cph/query/images/_PszPRSVzRkqhx1mW4ukyQ.jpg,random,0.1,3,1,1,0.6682770848274231,0.5496591925621033,0.29069313406944275,0.25860005617141724,0.37758395075798035,0.29105913639068604,0.08652481436729431,0.11861789226531982,0.23109757900238037,0,1,1,1,0,0.10018903017044067,10388,0.15859915235333483,2024,1321506068,-32,44,True,22274,
489,cph/query/images/_PszPRSVzRkqhx1mW4ukyQ.jpg,random,0.1,4,1,1,0.6682770848274231,0.5495086312294006,0.29069313406944275,0.2661224603652954,0.37758395075798035,0.2833861708641052,0.09419777989387512,0.11876845359802246,0.21134722232818604,0,1,1,1,0,0.10018903017044067,10388,0.10982905982905983,2024,1321506068,-32,89,True,22274,
489,cph/query/images/_PszPRSVzRkqhx1mW4ukyQ.jpg,attention,0.15,-1,1,1,0.6682770848274231,0.38123539090156555,0.29069313406944275,0.2507874369621277,0.37758395075798035,0.13044795393943787,0.24713599681854248,0.28704169392585754,0.43372422456741333,0,1,1,1,0,0.14933836460113525,15484,1.0,2024,878362425,0,0,True,16744,
489,cph/query/images/_PszPRSVzRkqhx1mW4ukyQ.jpg,random,0.15,0,1,1,0.6682770848274231,0.6527258157730103,0.29069313406944275,0.27704042196273804,0.37758395075798035,0.3756853938102722,0.0018985569477081299,0.015551269054412842,0.10511469841003418,0,1,1,1,0,0.14933836460113525,15484,0.05218809459092145,2024,878362425,-82,9,True,16744,
489,cph/query/images/_PszPRSVzRkqhx1mW4ukyQ.jpg,random,0.15,1,1,1,0.6682770848274231,0.6544016599655151,0.29069313406944275,0.29033783078193665,0.37758395075798035,0.3640638291835785,0.013520121574401855,0.013875424861907959,0.06696343421936035,0,1,1,1,0,0.14933836460113525,15484,0.044381491973559964,2024,878362425,-85,70,True,16744,
489,cph/query/images/_PszPRSVzRkqhx1mW4ukyQ.jpg,random,0.15,2,1,1,0.6682770848274231,0.5096670389175415,0.29069313406944275,0.25845053791999817,0.37758395075798035,0.25121650099754333,0.126367449760437,0.1586100459098816,0.33729833364486694,0,1,1,1,0,0.14933836460113525,15484,0.2891516110232287,2024,878362425,33,46,True,16744,
489,cph/query/images/_PszPRSVzRkqhx1mW4ukyQ.jpg,random,0.15,3,1,1,0.6682770848274231,0.43920594453811646,0.29069313406944275,0.2658458650112152,0.37758395075798035,0.17336007952690125,0.2042238712310791,0.22907114028930664,0.35882532596588135,0,1,1,1,0,0.14933836460113525,15484,0.29054842473745623,2024,878362425,-5,70,True,16744,
489,cph/query/images/_PszPRSVzRkqhx1mW4ukyQ.jpg,random,0.15,4,1,1,0.6682770848274231,0.5055885314941406,0.29069313406944275,0.27075082063674927,0.37758395075798035,0.23483771085739136,0.142746239900589,0.16268855333328247,0.3241562843322754,0,1,1,1,0,0.14933836460113525,15484,0.31186986359400154,2024,878362425,-37,8,True,16744,
489,cph/query/images/_PszPRSVzRkqhx1mW4ukyQ.jpg,attention,0.2,-1,1,1,0.6682770848274231,0.34358203411102295,0.29069313406944275,0.23965170979499817,0.37758395075798035,0.10393032431602478,0.27365362644195557,0.32469505071640015,0.5081442594528198,0,1,1,1,0,0.20037806034088135,20776,1.0,2024,252276461,0,0,True,5712,
489,cph/query/images/_PszPRSVzRkqhx1mW4ukyQ.jpg,random,0.2,0,1,1,0.6682770848274231,0.33083778619766235,0.29069313406944275,0.2436855137348175,0.37758395075798035,0.08715227246284485,0.2904316782951355,0.33743929862976074,0.5368220210075378,0,1,1,1,0,0.20037806034088135,20776,0.8040986453629733,2024,252276461,4,4,True,5712,
489,cph/query/images/_PszPRSVzRkqhx1mW4ukyQ.jpg,random,0.2,1,1,1,0.6682770848274231,0.34518003463745117,0.29069313406944275,0.23120735585689545,0.37758395075798035,0.11397267878055573,0.2636112719774246,0.3230970501899719,0.48222875595092773,0,1,1,1,0,0.20037806034088135,20776,0.4331240946402704,2024,252276461,-24,21,True,5712,
489,cph/query/images/_PszPRSVzRkqhx1mW4ukyQ.jpg,random,0.2,2,1,1,0.6682770848274231,0.4612860679626465,0.29069313406944275,0.22352935373783112,0.37758395075798035,0.23775671422481537,0.13982723653316498,0.2069910168647766,0.3657987117767334,0,1,1,1,0,0.20037806034088135,20776,0.2900341508848184,2024,252276461,44,17,True,5712,
489,cph/query/images/_PszPRSVzRkqhx1mW4ukyQ.jpg,random,0.2,3,1,1,0.6682770848274231,0.37929099798202515,0.29069313406944275,0.2761844992637634,0.37758395075798035,0.10310649871826172,0.27447745203971863,0.28898608684539795,0.4751816987991333,0,1,1,1,0,0.20037806034088135,20776,0.5532296650717703,2024,252276461,-2,27,True,5712,
489,cph/query/images/_PszPRSVzRkqhx1mW4ukyQ.jpg,random,0.2,4,1,1,0.6682770848274231,0.6591584086418152,0.29069313406944275,0.28678596019744873,0.37758395075798035,0.37237244844436646,0.005211502313613892,0.00911867618560791,0.06752711534500122,0,1,1,1,0,0.20037806034088135,20776,0.01993127147766323,2024,252276461,-107,9,True,5712,
154,cph/query/images/OGLjWawG-mm4M4MVomf6qA.jpg,clean,0.0,-1,1,1,0.337708055973053,0.337708055973053,0.2697466015815735,0.2697466015815735,0.06796145439147949,0.06796145439147949,0.0,0.0,0.0,0,1,1,1,0,0.0,0,0.0,2024,0,0,0,True,0,
154,cph/query/images/OGLjWawG-mm4M4MVomf6qA.jpg,attention,0.1,-1,1,1,0.337708055973053,0.28128930926322937,0.2697466015815735,0.22108960151672363,0.06796145439147949,0.06019970774650574,0.007761746644973755,0.05641874670982361,0.3055340051651001,0,1,1,1,0,0.10018903017044067,10388,1.0,2024,3734699160,0,0,True,19502,
154,cph/query/images/OGLjWawG-mm4M4MVomf6qA.jpg,random,0.1,0,1,1,0.337708055973053,0.2792503833770752,0.2697466015815735,0.2414366602897644,0.06796145439147949,0.03781372308731079,0.0301477313041687,0.05845767259597778,0.16007506847381592,0,1,1,1,0,0.10018903017044067,10388,0.0700453234445818,2024,3734699160,-79,-36,True,19502,
154,cph/query/images/OGLjWawG-mm4M4MVomf6qA.jpg,random,0.1,1,1,1,0.337708055973053,0.28415319323539734,0.2697466015815735,0.2534993886947632,0.06796145439147949,0.030653804540634155,0.03730764985084534,0.05355486273765564,0.13891077041625977,0,1,1,1,0,0.10018903017044067,10388,0.07781697447603238,2024,3734699160,-78,-23,True,19502,
154,cph/query/images/OGLjWawG-mm4M4MVomf6qA.jpg,random,0.1,2,1,1,0.337708055973053,0.3113356828689575,0.2697466015815735,0.26610058546066284,0.06796145439147949,0.04523509740829468,0.022726356983184814,0.02637237310409546,0.07205867767333984,0,1,1,1,0,0.10018903017044067,10388,0.0392156862745098,2024,3734699160,-89,-6,True,19502,
154,cph/query/images/OGLjWawG-mm4M4MVomf6qA.jpg,random,0.1,3,1,1,0.337708055973053,0.2648186683654785,0.2697466015815735,0.2147408127784729,0.06796145439147949,0.050077855587005615,0.017883598804473877,0.07288938760757446,0.2638201117515564,0,1,1,1,0,0.10018903017044067,10388,0.34177215189873417,2024,3734699160,-14,20,True,19502,
154,cph/query/images/OGLjWawG-mm4M4MVomf6qA.jpg,random,0.1,4,1,1,0.337708055973053,0.2432427704334259,0.2697466015815735,0.21665872633457184,0.06796145439147949,0.026584044098854065,0.04137741029262543,0.09446528553962708,0.3268204927444458,0,1,1,1,0,0.10018903017044067,10388,0.5048529624800812,2024,3734699160,-1,-16,True,19502,
154,cph/query/images/OGLjWawG-mm4M4MVomf6qA.jpg,attention,0.15,-1,1,1,0.337708055973053,0.2710847556591034,0.2697466015815735,0.22771942615509033,0.06796145439147949,0.04336532950401306,0.02459612488746643,0.06662330031394958,0.3717655539512634,0,1,1,1,0,0.14933836460113525,15484,1.0,2024,1370216985,0,0,True,9632,
154,cph/query/images/OGLjWawG-mm4M4MVomf6qA.jpg,random,0.15,0,1,1,0.337708055973053,0.24798814952373505,0.2697466015815735,0.22529175877571106,0.06796145439147949,0.022696390748023987,0.045265063643455505,0.08971990644931793,0.22612470388412476,0,1,1,1,0,0.14933836460113525,15484,0.1801829268292683,2024,1370216985,-57,16,True,9632,
154,cph/query/images/OGLjWawG-mm4M4MVomf6qA.jpg,random,0.15,1,1,1,0.337708055973053,0.22496861219406128,0.2697466015815735,0.19578497111797333,0.06796145439147949,0.02918364107608795,0.03877781331539154,0.1127394437789917,0.40977776050567627,0,1,1,1,0,0.14933836460113525,15484,0.4908530714423262,2024,1370216985,5,-23,True,9632,
154,cph/query/images/OGLjWawG-mm4M4MVomf6qA.jpg,random,0.15,2,1,1,0.337708055973053,0.24465683102607727,0.2697466015815735,0.2204258143901825,0.06796145439147949,0.024231016635894775,0.04373043775558472,0.09305122494697571,0.37604790925979614,0,1,1,1,0,0.14933836460113525,15484,0.5213204951856947,2024,1370216985,14,12,True,9632,
154,cph/query/images/OGLjWawG-mm4M4MVomf6qA.jpg,random,0.15,3,1,1,0.337708055973053,0.2964283227920532,0.2697466015815735,0.25601616501808167,0.06796145439147949,0.04041215777397156,0.027549296617507935,0.041279733180999756,0.19545191526412964,0,1,1,1,0,0.14933836460113525,15484,0.1601978120785254,2024,1370216985,-62,6,True,9632,
154,cph/query/images/OGLjWawG-mm4M4MVomf6qA.jpg,random,0.15,4,1,1,0.337708055973053,0.3052363693714142,0.2697466015815735,0.2583325207233429,0.06796145439147949,0.04690384864807129,0.021057605743408203,0.032471686601638794,0.13207125663757324,0,1,1,1,0,0.14933836460113525,15484,0.07902439024390244,2024,1370216985,-86,-3,True,9632,
154,cph/query/images/OGLjWawG-mm4M4MVomf6qA.jpg,attention,0.2,-1,1,1,0.337708055973053,0.2299480140209198,0.2697466015815735,0.19934150576591492,0.06796145439147949,0.030606508255004883,0.03735494613647461,0.10776004195213318,0.46594899892807007,0,1,1,1,0,0.20037806034088135,20776,1.0,2024,11837599,0,0,True,4494,
154,cph/query/images/OGLjWawG-mm4M4MVomf6qA.jpg,random,0.2,0,1,1,0.337708055973053,0.23232990503311157,0.2697466015815735,0.22150918841362,0.06796145439147949,0.010820716619491577,0.057140737771987915,0.1053781509399414,0.3643810749053955,0,1,1,1,0,0.20037806034088135,20776,0.3141465574496347,2024,11837599,41,7,True,4494,
154,cph/query/images/OGLjWawG-mm4M4MVomf6qA.jpg,random,0.2,1,1,1,0.337708055973053,0.2056095153093338,0.2697466015815735,0.19418519735336304,0.06796145439147949,0.011424317955970764,0.05653713643550873,0.13209854066371918,0.4487415552139282,0,1,1,1,0,0.20037806034088135,20776,0.5681183485546079,2024,11837599,5,27,True,4494,
154,cph/query/images/OGLjWawG-mm4M4MVomf6qA.jpg,random,0.2,2,1,1,0.337708055973053,0.21420805156230927,0.2697466015815735,0.18611301481723785,0.06796145439147949,0.02809503674507141,0.03986641764640808,0.12350000441074371,0.48450398445129395,0,1,1,1,0,0.20037806034088135,20776,0.5169392523364486,2024,11837599,-12,27,True,4494,
154,cph/query/images/OGLjWawG-mm4M4MVomf6qA.jpg,random,0.2,3,1,1,0.337708055973053,0.2254691869020462,0.2697466015815735,0.2175120860338211,0.06796145439147949,0.007957100868225098,0.060004353523254395,0.11223886907100677,0.38268280029296875,0,1,1,1,0,0.20037806034088135,20776,0.4177215189873418,2024,11837599,31,7,True,4494,
154,cph/query/images/OGLjWawG-mm4M4MVomf6qA.jpg,random,0.2,4,1,1,0.337708055973053,0.2736258804798126,0.2697466015815735,0.22780844569206238,0.06796145439147949,0.045817434787750244,0.022144019603729248,0.06408217549324036,0.23433172702789307,0,1,1,1,0,0.20037806034088135,20776,0.14200906967156796,2024,11837599,-69,15,True,4494,
481,cph/query/images/S-p68Y6RwONVCF-IcV_1SQ.jpg,clean,0.0,-1,1,1,0.5707391500473022,0.5707391500473022,0.26119157671928406,0.26119157671928406,0.3095475733280182,0.3095475733280182,0.0,0.0,0.0,0,1,1,1,0,0.0,0,0.0,2024,0,0,0,True,0,
481,cph/query/images/S-p68Y6RwONVCF-IcV_1SQ.jpg,attention,0.1,-1,1,1,0.5707391500473022,0.4888431429862976,0.26119157671928406,0.2104165107011795,0.3095475733280182,0.2784266471862793,0.03112092614173889,0.08189600706100464,0.2625476121902466,0,1,1,1,0,0.10018903017044067,10388,1.0,2024,1147004647,0,0,True,19124,
481,cph/query/images/S-p68Y6RwONVCF-IcV_1SQ.jpg,random,0.1,0,1,1,0.5707391500473022,0.5658605098724365,0.26119157671928406,0.23995453119277954,0.3095475733280182,0.325905978679657,-0.016358405351638794,0.004878640174865723,0.035161495208740234,0,1,1,1,0,0.10018903017044067,10388,0.0,2024,1147004647,-105,-34,True,19124,
481,cph/query/images/S-p68Y6RwONVCF-IcV_1SQ.jpg,random,0.1,1,1,1,0.5707391500473022,0.5657151937484741,0.26119157671928406,0.2535346448421478,0.3095475733280182,0.3121805489063263,-0.0026329755783081055,0.005023956298828125,0.02748936414718628,0,1,1,1,0,0.10018903017044067,10388,0.0,2024,1147004647,-112,38,True,19124,
481,cph/query/images/S-p68Y6RwONVCF-IcV_1SQ.jpg,random,0.1,2,1,1,0.5707391500473022,0.49192890524864197,0.26119157671928406,0.22711220383644104,0.3095475733280182,0.2648167014122009,0.04473087191581726,0.07881024479866028,0.254703164100647,0,1,1,1,0,0.10018903017044067,10388,0.6604859335038363,2024,1147004647,4,6,True,19124,
481,cph/query/images/S-p68Y6RwONVCF-IcV_1SQ.jpg,random,0.1,3,1,1,0.5707391500473022,0.5701663494110107,0.26119157671928406,0.25456684827804565,0.3095475733280182,0.3155995011329651,-0.006051927804946899,0.0005728006362915039,0.024614572525024414,0,1,1,1,0,0.10018903017044067,10388,0.0,2024,1147004647,-120,32,True,19124,
481,cph/query/images/S-p68Y6RwONVCF-IcV_1SQ.jpg,random,0.1,4,1,1,0.5707391500473022,0.5688272714614868,0.26119157671928406,0.254402220249176,0.3095475733280182,0.3144250512123108,-0.0048774778842926025,0.0019118785858154297,0.028265178203582764,0,1,1,1,0,0.10018903017044067,10388,0.0,2024,1147004647,-115,29,True,19124,
481,cph/query/images/S-p68Y6RwONVCF-IcV_1SQ.jpg,attention,0.15,-1,1,1,0.5707391500473022,0.46511349081993103,0.26119157671928406,0.20678971707820892,0.3095475733280182,0.2583237886428833,0.05122378468513489,0.10562565922737122,0.28649765253067017,0,1,1,1,0,0.14933836460113525,15484,1.0,2024,445180292,0,0,True,2954,
481,cph/query/images/S-p68Y6RwONVCF-IcV_1SQ.jpg,random,0.15,0,1,1,0.5707391500473022,0.5669374465942383,0.26119157671928406,0.24780391156673431,0.3095475733280182,0.3191335201263428,-0.009585946798324585,0.003801703453063965,0.07279056310653687,0,1,1,1,0,0.14933836460113525,15484,0.024345064831966128,2024,445180292,69,-6,True,2954,
481,cph/query/images/S-p68Y6RwONVCF-IcV_1SQ.jpg,random,0.15,1,1,1,0.5707391500473022,0.5579832196235657,0.26119157671928406,0.24592992663383484,0.3095475733280182,0.31205329298973083,-0.0025057196617126465,0.012755930423736572,0.07671701908111572,0,1,1,1,0,0.14933836460113525,15484,0.016544117647058824,2024,445180292,74,-2,True,2954,
481,cph/query/images/S-p68Y6RwONVCF-IcV_1SQ.jpg,random,0.15,2,1,1,0.5707391500473022,0.480579674243927,0.26119157671928406,0.21956147253513336,0.3095475733280182,0.26101821660995483,0.048529356718063354,0.09015947580337524,0.2812920808792114,0,1,1,1,0,0.14933836460113525,15484,0.3874551971326165,2024,445180292,22,-8,True,2954,
481,cph/query/images/S-p68Y6RwONVCF-IcV_1SQ.jpg,random,0.15,3,1,1,0.5707391500473022,0.574333131313324,0.26119157671928406,0.24791836738586426,0.3095475733280182,0.3264147639274597,-0.01686719059944153,-0.0035939812660217285,0.06301116943359375,0,1,1,1,0,0.14933836460113525,15484,0.022181146025878003,2024,445180292,70,-6,True,2954,
481,cph/query/images/S-p68Y6RwONVCF-IcV_1SQ.jpg,random,0.15,4,1,1,0.5707391500473022,0.4320305287837982,0.26119157671928406,0.2113736867904663,0.3095475733280182,0.2206568419933319,0.08889073133468628,0.13870862126350403,0.28348004817962646,0,1,1,1,0,0.14933836460113525,15484,0.2047930283224401,2024,445180292,-36,-3,True,2954,
481,cph/query/images/S-p68Y6RwONVCF-IcV_1SQ.jpg,attention,0.2,-1,1,1,0.5707391500473022,0.4095129072666168,0.26119157671928406,0.19639192521572113,0.3095475733280182,0.2131209820508957,0.0964265912771225,0.16122624278068542,0.37642019987106323,0,1,1,1,0,0.20037806034088135,20776,1.0,2024,3045556280,0,0,True,154,
481,cph/query/images/S-p68Y6RwONVCF-IcV_1SQ.jpg,random,0.2,0,1,1,0.5707391500473022,0.4174712002277374,0.26119157671928406,0.20432692766189575,0.3095475733280182,0.21314427256584167,0.09640330076217651,0.15326794981956482,0.3595693111419678,0,1,1,1,0,0.20037806034088135,20776,0.27655913978494623,2024,3045556280,-33,0,True,154,
481,cph/query/images/S-p68Y6RwONVCF-IcV_1SQ.jpg,random,0.2,1,1,1,0.5707391500473022,0.403580904006958,0.26119157671928406,0.1925286054611206,0.3095475733280182,0.2110522985458374,0.09849527478218079,0.16715824604034424,0.39145004749298096,0,1,1,1,0,0.20037806034088135,20776,0.7448559670781894,2024,3045556280,7,0,True,154,
481,cph/query/images/S-p68Y6RwONVCF-IcV_1SQ.jpg,random,0.2,2,1,1,0.5707391500473022,0.5336967706680298,0.26119157671928406,0.2339504361152649,0.3095475733280182,0.2997463345527649,0.009801238775253296,0.03704237937927246,0.25029700994491577,0,1,1,1,0,0.20037806034088135,20776,0.18199920350457985,2024,3045556280,45,0,True,154,
481,cph/query/images/S-p68Y6RwONVCF-IcV_1SQ.jpg,random,0.2,3,1,1,0.5707391500473022,0.4111499786376953,0.26119157671928406,0.18627938628196716,0.3095475733280182,0.22487059235572815,0.08467698097229004,0.15958917140960693,0.37997210025787354,0,1,1,1,0,0.20037806034088135,20776,0.8108602806589383,2024,3045556280,5,0,True,154,
481,cph/query/images/S-p68Y6RwONVCF-IcV_1SQ.jpg,random,0.2,4,1,1,0.5707391500473022,0.40847697854042053,0.26119157671928406,0.18525904417037964,0.3095475733280182,0.2232179343700409,0.0863296389579773,0.1622621715068817,0.3780742883682251,0,1,1,1,0,0.20037806034088135,20776,0.9197930142302717,2024,3045556280,2,0,True,154,
602,sf/query/images/pN8IxVtDFQ1BQriSyY20mg.jpg,clean,0.0,-1,9,9,0.14425651729106903,0.14425651729106903,0.21223284304141998,0.21223284304141998,-0.06797632575035095,-0.06797632575035095,0.0,0.0,0.0,0,0,0,1,0,0.0,0,0.0,2024,0,0,0,True,0,
602,sf/query/images/pN8IxVtDFQ1BQriSyY20mg.jpg,attention,0.1,-1,9,546,0.14425651729106903,0.0668763667345047,0.21223284304141998,0.2427516132593155,-0.06797632575035095,-0.1758752465248108,0.10789892077445984,0.07738015055656433,0.23846983909606934,537,0,0,0,0,0.10018903017044067,10388,1.0,2024,3498110621,0,0,True,28574,
602,sf/query/images/pN8IxVtDFQ1BQriSyY20mg.jpg,random,0.1,0,9,17,0.14425651729106903,0.12188605964183807,0.21223284304141998,0.20363464951515198,-0.06797632575035095,-0.0817485898733139,0.013772264122962952,0.022370457649230957,0.14829200506210327,8,0,0,0,0,0.10018903017044067,10388,0.2972027972027972,2024,3498110621,28,-8,True,28574,
602,sf/query/images/pN8IxVtDFQ1BQriSyY20mg.jpg,random,0.1,1,9,7,0.14425651729106903,0.14368271827697754,0.21223284304141998,0.2026253193616867,-0.06797632575035095,-0.05894260108470917,-0.009033724665641785,0.0005737990140914917,0.0450894832611084,-2,0,0,1,0,0.10018903017044067,10388,0.00019256691700365877,2024,3498110621,97,-116,True,28574,
602,sf/query/images/pN8IxVtDFQ1BQriSyY20mg.jpg,random,0.1,2,9,145,0.14425651729106903,0.10294551402330399,0.21223284304141998,0.216433584690094,-0.06797632575035095,-0.11348807066679001,0.045511744916439056,0.041311003267765045,0.17405658960342407,136,0,0,0,0,0.10018903017044067,10388,0.1936113983683787,2024,3498110621,-8,-67,True,28574,
602,sf/query/images/pN8IxVtDFQ1BQriSyY20mg.jpg,random,0.1,3,9,108,0.14425651729106903,0.10069786012172699,0.21223284304141998,0.2022983580827713,-0.06797632575035095,-0.10160049796104431,0.03362417221069336,0.04355865716934204,0.15388858318328857,99,0,0,0,0,0.10018903017044067,10388,0.1477184841453983,2024,3498110621,-15,-96,True,28574,
602,sf/query/images/pN8IxVtDFQ1BQriSyY20mg.jpg,random,0.1,4,9,24,0.14425651729106903,0.12576396763324738,0.21223284304141998,0.20095834136009216,-0.06797632575035095,-0.07519437372684479,0.0072180479764938354,0.018492549657821655,0.08626508712768555,15,0,0,0,0,0.10018903017044067,10388,0.07380607814761216,2024,3498110621,48,-67,True,28574,
602,sf/query/images/pN8IxVtDFQ1BQriSyY20mg.jpg,attention,0.15,-1,9,571,0.14425651729106903,0.06659041345119476,0.21223284304141998,0.23326179385185242,-0.06797632575035095,-0.16667138040065765,0.0986950546503067,0.07766610383987427,0.3435380458831787,562,0,0,0,0,0.14933836460113525,15484,1.0,2024,2741548433,0,0,True,13174,
602,sf/query/images/pN8IxVtDFQ1BQriSyY20mg.jpg,random,0.15,0,9,9,0.14425651729106903,0.1478646695613861,0.21223284304141998,0.19013234972953796,-0.06797632575035095,-0.042267680168151855,-0.025708645582199097,-0.0036081522703170776,0.0863877534866333,0,0,0,1,0,0.14933836460113525,15484,0.039473684210526314,2024,2741548433,84,-28,True,13174,
602,sf/query/images/pN8IxVtDFQ1BQriSyY20mg.jpg,random,0.15,1,9,196,0.14425651729106903,0.09486884623765945,0.21223284304141998,0.22831441462039948,-0.06797632575035095,-0.13344556093215942,0.06546923518180847,0.049387671053409576,0.24579787254333496,187,0,0,0,0,0.14933836460113525,15484,0.35717416075028485,2024,2741548433,-4,-45,True,13174,
602,sf/query/images/pN8IxVtDFQ1BQriSyY20mg.jpg,random,0.15,2,9,30,0.14425651729106903,0.12640058994293213,0.21223284304141998,0.16969764232635498,-0.06797632575035095,-0.04329705238342285,-0.0246792733669281,0.017855927348136902,0.1472848653793335,21,0,0,0,0,0.14933836460113525,15484,0.14045812771599028,2024,2741548433,38,-67,True,13174,
602,sf/query/images/pN8IxVtDFQ1BQriSyY20mg.jpg,random,0.15,3,9,142,0.14425651729106903,0.10145426541566849,0.21223284304141998,0.21856746077537537,-0.06797632575035095,-0.11711319535970688,0.049136869609355927,0.04280225187540054,0.21126258373260498,133,0,0,0,0,0.14933836460113525,15484,0.2969803576663735,2024,2741548433,11,-49,True,13174,
602,sf/query/images/pN8IxVtDFQ1BQriSyY20mg.jpg,random,0.15,4,9,175,0.14425651729106903,0.09981021285057068,0.21223284304141998,0.2450745403766632,-0.06797632575035095,-0.14526432752609253,0.07728800177574158,0.04444630444049835,0.22064208984375,166,0,0,0,0,0.14933836460113525,15484,0.21452662953957174,2024,2741548433,-51,-32,True,13174,
602,sf/query/images/pN8IxVtDFQ1BQriSyY20mg.jpg,attention,0.2,-1,9,365,0.14425651729106903,0.07619427144527435,0.21223284304141998,0.2387762814760208,-0.06797632575035095,-0.16258201003074646,0.09460568428039551,0.06806224584579468,0.40784287452697754,356,0,0,0,0,0.20037806034088135,20776,1.0,2024,3972442953,0,0,True,6062,
602,sf/query/images/pN8IxVtDFQ1BQriSyY20mg.jpg,random,0.2,0,9,809,0.14425651729106903,0.056584276258945465,0.21223284304141998,0.20794036984443665,-0.06797632575035095,-0.15135610103607178,0.08337977528572083,0.08767224103212357,0.3474384546279907,800,0,0,0,0,0.20037806034088135,20776,0.36792204371872533,2024,3972442953,-36,-4,True,6062,
602,sf/query/images/pN8IxVtDFQ1BQriSyY20mg.jpg,random,0.2,1,9,632,0.14425651729106903,0.06613865494728088,0.21223284304141998,0.20316599309444427,-0.06797632575035095,-0.1370273381471634,0.06905101239681244,0.07811786234378815,0.33623528480529785,623,0,0,0,0,0.20037806034088135,20776,0.33316221765913756,2024,3972442953,-40,-2,True,6062,
602,sf/query/images/pN8IxVtDFQ1BQriSyY20mg.jpg,random,0.2,2,9,540,0.14425651729106903,0.07268606126308441,0.21223284304141998,0.22442634403705597,-0.06797632575035095,-0.15174028277397156,0.0837639570236206,0.07157045602798462,0.3085787296295166,531,0,0,0,0,0.20037806034088135,20776,0.4365924491771539,2024,3972442953,0,-38,True,6062,
602,sf/query/images/pN8IxVtDFQ1BQriSyY20mg.jpg,random,0.2,3,9,185,0.14425651729106903,0.09251745045185089,0.21223284304141998,0.23603734374046326,-0.06797632575035095,-0.14351989328861237,0.07554356753826141,0.05173906683921814,0.29986006021499634,176,0,0,0,0,0.20037806034088135,20776,0.3839594990674127,2024,3972442953,-29,-36,True,6062,
602,sf/query/images/pN8IxVtDFQ1BQriSyY20mg.jpg,random,0.2,4,9,116,0.14425651729106903,0.10355661809444427,0.21223284304141998,0.24469256401062012,-0.06797632575035095,-0.14113594591617584,0.07315962016582489,0.040699899196624756,0.23280274868011475,107,0,0,0,0,0.20037806034088135,20776,0.2461612284069098,2024,3972442953,-54,-38,True,6062,
48,cph/query/images/JLxTohY9z7k1z6S7FQkAXQ.jpg,clean,0.0,-1,1,1,0.5488868951797485,0.5488868951797485,0.15754520893096924,0.15754520893096924,0.3913416862487793,0.3913416862487793,0.0,0.0,0.0,0,1,1,1,0,0.0,0,0.0,2024,0,0,0,True,0,
48,cph/query/images/JLxTohY9z7k1z6S7FQkAXQ.jpg,attention,0.1,-1,1,1,0.5488868951797485,0.45057058334350586,0.15754520893096924,0.14935939013957977,0.3913416862487793,0.3012111783027649,0.0901305079460144,0.09831631183624268,0.25946933031082153,0,1,1,1,0,0.10018903017044067,10388,1.0,2024,4269542652,0,0,True,19502,
48,cph/query/images/JLxTohY9z7k1z6S7FQkAXQ.jpg,random,0.1,0,1,1,0.5488868951797485,0.5472826957702637,0.15754520893096924,0.14905694127082825,0.3913416862487793,0.3982257544994354,-0.006884068250656128,0.0016041994094848633,0.13958561420440674,0,1,1,1,0,0.10018903017044067,10388,0.06195052136577387,2024,4269542652,-52,76,True,19502,
48,cph/query/images/JLxTohY9z7k1z6S7FQkAXQ.jpg,random,0.1,1,1,1,0.5488868951797485,0.5161607265472412,0.15754520893096924,0.1491955816745758,0.3913416862487793,0.3669651448726654,0.02437654137611389,0.032726168632507324,0.18383026123046875,0,1,1,1,0,0.10018903017044067,10388,0.14721148536720044,2024,4269542652,-39,13,True,19502,
48,cph/query/images/JLxTohY9z7k1z6S7FQkAXQ.jpg,random,0.1,2,1,1,0.5488868951797485,0.4451124668121338,0.15754520893096924,0.15829560160636902,0.3913416862487793,0.28681686520576477,0.10452482104301453,0.10377442836761475,0.2576282024383545,0,1,1,1,0,0.10018903017044067,10388,0.20189748929769755,2024,4269542652,23,62,True,19502,
48,cph/query/images/JLxTohY9z7k1z6S7FQkAXQ.jpg,random,0.1,3,1,1,0.5488868951797485,0.5213991403579712,0.15754520893096924,0.1534624844789505,0.3913416862487793,0.3679366707801819,0.023405015468597412,0.027487754821777344,0.1760517954826355,0,1,1,1,0,0.10018903017044067,10388,0.06762589928057554,2024,4269542652,-62,7,True,19502,
48,cph/query/images/JLxTohY9z7k1z6S7FQkAXQ.jpg,random,0.1,4,1,1,0.5488868951797485,0.46775585412979126,0.15754520893096924,0.16000886261463165,0.3913416862487793,0.3077470064163208,0.0835946798324585,0.08113104104995728,0.2781767249107361,0,1,1,1,0,0.10018903017044067,10388,0.32957890694995523,2024,4269542652,-20,5,True,19502,
48,cph/query/images/JLxTohY9z7k1z6S7FQkAXQ.jpg,attention,0.15,-1,1,1,0.5488868951797485,0.41296371817588806,0.15754520893096924,0.14452359080314636,0.3913416862487793,0.2684401273727417,0.1229015588760376,0.13592317700386047,0.32605957984924316,0,1,1,1,0,0.14933836460113525,15484,1.0,2024,2355858843,0,0,True,18116,
48,cph/query/images/JLxTohY9z7k1z6S7FQkAXQ.jpg,random,0.15,0,1,1,0.5488868951797485,0.46300822496414185,0.15754520893096924,0.14550930261611938,0.3913416862487793,0.31749892234802246,0.07384276390075684,0.08587867021560669,0.22169071435928345,0,1,1,1,0,0.14933836460113525,15484,0.15105560511448113,2024,2355858843,52,80,True,18116,
48,cph/query/images/JLxTohY9z7k1z6S7FQkAXQ.jpg,random,0.15,1,1,1,0.5488868951797485,0.5408449769020081,0.15754520893096924,0.1601743996143341,0.3913416862487793,0.38067057728767395,0.010671108961105347,0.008041918277740479,0.07567989826202393,0,1,1,1,0,0.14933836460113525,15484,0.052760402502039706,2024,2355858843,82,9,True,18116,
48,cph/query/images/JLxTohY9z7k1z6S7FQkAXQ.jpg,random,0.15,2,1,1,0.5488868951797485,0.42373934388160706,0.15754520893096924,0.16230562329292297,0.3913416862487793,0.2614337205886841,0.12990796566009521,0.12514755129814148,0.3248918652534485,0,1,1,1,0,0.14933836460113525,15484,0.28679464805119254,2024,2355858843,14,67,True,18116,
48,cph/query/images/JLxTohY9z7k1z6S7FQkAXQ.jpg,random,0.15,3,1,1,0.5488868951797485,0.39929962158203125,0.15754520893096924,0.15213192999362946,0.3913416862487793,0.2471676915884018,0.1441739946603775,0.14958727359771729,0.2348238229751587,0,1,1,1,0,0.14933836460113525,15484,0.21129625283579753,2024,2355858843,48,-1,True,18116,
48,cph/query/images/JLxTohY9z7k1z6S7FQkAXQ.jpg,random,0.15,4,1,1,0.5488868951797485,0.36762282252311707,0.15754520893096924,0.1671411693096161,0.3913416862487793,0.20048165321350098,0.19086003303527832,0.18126407265663147,0.34933042526245117,0,1,1,1,0,0.14933836460113525,15484,0.5171467764060357,2024,2355858843,14,2,True,18116,
48,cph/query/images/JLxTohY9z7k1z6S7FQkAXQ.jpg,attention,0.2,-1,1,1,0.5488868951797485,0.36875391006469727,0.15754520893096924,0.1709723174571991,0.3913416862487793,0.19778159260749817,0.19356009364128113,0.18013298511505127,0.439744770526886,0,1,1,1,0,0.20037806034088135,20776,1.0,2024,121629309,0,0,True,2534,
48,cph/query/images/JLxTohY9z7k1z6S7FQkAXQ.jpg,random,0.2,0,1,1,0.5488868951797485,0.3834054172039032,0.15754520893096924,0.14223337173461914,0.3913416862487793,0.24117204546928406,0.15016964077949524,0.16548147797584534,0.45354968309402466,0,1,1,1,0,0.20037806034088135,20776,0.7531010041346722,2024,121629309,0,11,True,2534,
48,cph/query/images/JLxTohY9z7k1z6S7FQkAXQ.jpg,random,0.2,1,1,1,0.5488868951797485,0.4143582582473755,0.15754520893096924,0.16114675998687744,0.3913416862487793,0.25321149826049805,0.13813018798828125,0.13452863693237305,0.4200628399848938,0,1,1,1,0,0.20037806034088135,20776,0.36900369003690037,2024,121629309,-30,2,True,2534,
48,cph/query/images/JLxTohY9z7k1z6S7FQkAXQ.jpg,random,0.2,2,1,1,0.5488868951797485,0.35548436641693115,0.15754520893096924,0.15065759420394897,0.3913416862487793,0.20482677221298218,0.18651491403579712,0.19340252876281738,0.47724664211273193,0,1,1,1,0,0.20037806034088135,20776,0.9016933638443936,2024,121629309,-2,1,True,2534,
48,cph/query/images/JLxTohY9z7k1z6S7FQkAXQ.jpg,random,0.2,3,1,1,0.5488868951797485,0.473146915435791,0.15754520893096924,0.1763480007648468,0.3913416862487793,0.2967989146709442,0.09454277157783508,0.07573997974395752,0.3127559423446655,0,1,1,1,0,0.20037806034088135,20776,0.22521672465648404,2024,121629309,-51,6,True,2534,
48,cph/query/images/JLxTohY9z7k1z6S7FQkAXQ.jpg,random,0.2,4,1,1,0.5488868951797485,0.37585505843162537,0.15754520893096924,0.14033490419387817,0.3913416862487793,0.2355201542377472,0.1558215320110321,0.17303183674812317,0.3158196210861206,0,1,1,1,0,0.20037806034088135,20776,0.2842925140631761,2024,121629309,44,13,True,2534,
192,cph/query/images/k2kXJPkqiPhBDtI-FHZ33Q.jpg,clean,0.0,-1,1,1,0.19144603610038757,0.19144603610038757,0.18952730298042297,0.18952730298042297,0.0019187331199645996,0.0019187331199645996,0.0,0.0,0.0,0,1,1,1,0,0.0,0,0.0,2024,0,0,0,True,0,
192,cph/query/images/k2kXJPkqiPhBDtI-FHZ33Q.jpg,attention,0.1,-1,1,2,0.19144603610038757,0.18673892319202423,0.18952730298042297,0.18775515258312225,0.0019187331199645996,-0.0010162293910980225,0.002934962511062622,0.004707112908363342,0.3062833547592163,1,0,1,1,1,0.10018903017044067,10388,1.0,2024,3591236101,0,0,True,28560,
192,cph/query/images/k2kXJPkqiPhBDtI-FHZ33Q.jpg,random,0.1,0,1,3,0.19144603610038757,0.16372962296009064,0.18952730298042297,0.1729341447353363,0.0019187331199645996,-0.009204521775245667,0.011123254895210266,0.027716413140296936,0.2965317964553833,2,0,1,1,1,0.10018903017044067,10388,0.515832482124617,2024,3591236101,-5,-15,True,28560,
192,cph/query/images/k2kXJPkqiPhBDtI-FHZ33Q.jpg,random,0.1,1,1,5,0.19144603610038757,0.19876253604888916,0.18952730298042297,0.21633026003837585,0.0019187331199645996,-0.017567723989486694,0.019486457109451294,-0.007316499948501587,0.14525997638702393,4,0,1,1,1,0.10018903017044067,10388,0.14994188299108874,2024,3591236101,-35,-45,True,28560,
192,cph/query/images/k2kXJPkqiPhBDtI-FHZ33Q.jpg,random,0.1,2,1,6,0.19144603610038757,0.17742417752742767,0.18952730298042297,0.20616649091243744,0.0019187331199645996,-0.028742313385009766,0.030661046504974365,0.0140218585729599,0.10644513368606567,5,0,0,1,1,0.10018903017044067,10388,0.05773342836778332,2024,3591236101,35,-94,True,28560,
192,cph/query/images/k2kXJPkqiPhBDtI-FHZ33Q.jpg,random,0.1,3,1,1,0.19144603610038757,0.1734534054994583,0.18952730298042297,0.1725640892982483,0.0019187331199645996,0.000889316201210022,0.0010294169187545776,0.01799263060092926,0.2636299133300781,0,1,1,1,0,0.10018903017044067,10388,0.2357839638353557,2024,3591236101,-12,50,True,28560,
192,cph/query/images/k2kXJPkqiPhBDtI-FHZ33Q.jpg,random,0.1,4,1,1,0.19144603610038757,0.17549048364162445,0.18952730298042297,0.17113308608531952,0.0019187331199645996,0.004357397556304932,-0.002438664436340332,0.015955552458763123,0.23791933059692383,0,1,1,1,0,0.10018903017044067,10388,0.30404217926186294,2024,3591236101,7,36,True,28560,
192,cph/query/images/k2kXJPkqiPhBDtI-FHZ33Q.jpg,attention,0.15,-1,1,3,0.19144603610038757,0.17624777555465698,0.18952730298042297,0.19528883695602417,0.0019187331199645996,-0.019041061401367188,0.020959794521331787,0.01519826054573059,0.3992021679878235,2,0,1,1,1,0.14933836460113525,15484,1.0,2024,3998340669,0,0,True,11004,
192,cph/query/images/k2kXJPkqiPhBDtI-FHZ33Q.jpg,random,0.15,0,1,1,0.19144603610038757,0.18140508234500885,0.18952730298042297,0.180682972073555,0.0019187331199645996,0.0007221102714538574,0.0011966228485107422,0.010040953755378723,0.24361646175384521,0,1,1,1,0,0.14933836460113525,15484,0.17472118959107807,2024,3998340669,-67,24,True,11004,
192,cph/query/images/k2kXJPkqiPhBDtI-FHZ33Q.jpg,random,0.15,1,1,6,0.19144603610038757,0.16648569703102112,0.18952730298042297,0.18442758917808533,0.0019187331199645996,-0.01794189214706421,0.01986062526702881,0.024960339069366455,0.22087639570236206,5,0,0,1,1,0.14933836460113525,15484,0.15967645296584781,2024,3998340669,-62,-3,True,11004,
192,cph/query/images/k2kXJPkqiPhBDtI-FHZ33Q.jpg,random,0.15,2,1,5,0.19144603610038757,0.1551520824432373,0.18952730298042297,0.1593397855758667,0.0019187331199645996,-0.0041877031326293945,0.006106436252593994,0.03629395365715027,0.273811936378479,4,0,1,1,1,0.14933836460113525,15484,0.25325779036827195,2024,3998340669,40,21,True,11004,
192,cph/query/images/k2kXJPkqiPhBDtI-FHZ33Q.jpg,random,0.15,3,1,11,0.19144603610038757,0.15588092803955078,0.18952730298042297,0.19368550181388855,0.0019187331199645996,-0.03780457377433777,0.03972330689430237,0.03556510806083679,0.3052207827568054,10,0,0,0,1,0.14933836460113525,15484,0.22209944751381216,2024,3998340669,-42,-26,True,11004,
192,cph/query/images/k2kXJPkqiPhBDtI-FHZ33Q.jpg,random,0.15,4,1,4,0.19144603610038757,0.16920700669288635,0.18952730298042297,0.17666202783584595,0.0019187331199645996,-0.007455021142959595,0.009373754262924194,0.02223902940750122,0.19895035028457642,3,0,1,1,1,0.14933836460113525,15484,0.16807483403741702,2024,3998340669,62,-3,True,11004,
192,cph/query/images/k2kXJPkqiPhBDtI-FHZ33Q.jpg,attention,0.2,-1,1,6,0.19144603610038757,0.14652690291404724,0.18952730298042297,0.18801213800907135,0.0019187331199645996,-0.04148523509502411,0.04340396821498871,0.04491913318634033,0.45076751708984375,5,0,0,1,1,0.20037806034088135,20776,1.0,2024,789119349,0,0,True,6062,
192,cph/query/images/k2kXJPkqiPhBDtI-FHZ33Q.jpg,random,0.2,0,1,3,0.19144603610038757,0.14538416266441345,0.18952730298042297,0.16103217005729675,0.0019187331199645996,-0.0156480073928833,0.0175667405128479,0.04606187343597412,0.3493782877922058,2,0,1,1,1,0.20037806034088135,20776,0.3666622812787791,2024,789119349,37,-8,True,6062,
192,cph/query/images/k2kXJPkqiPhBDtI-FHZ33Q.jpg,random,0.2,1,1,4,0.19144603610038757,0.14027902483940125,0.18952730298042297,0.17441792786121368,0.0019187331199645996,-0.03413890302181244,0.03605763614177704,0.05116701126098633,0.426658570766449,3,0,1,1,1,0.20037806034088135,20776,0.6479079912750347,2024,789119349,13,1,True,6062,
192,cph/query/images/k2kXJPkqiPhBDtI-FHZ33Q.jpg,random,0.2,2,1,1,0.19144603610038757,0.12788230180740356,0.18952730298042297,0.12653468549251556,0.0019187331199645996,0.0013476163148880005,0.0005711168050765991,0.06356373429298401,0.4304264783859253,0,1,1,1,0,0.20037806034088135,20776,0.5383362333863981,2024,789119349,19,11,True,6062,
192,cph/query/images/k2kXJPkqiPhBDtI-FHZ33Q.jpg,random,0.2,3,1,3,0.19144603610038757,0.18526333570480347,0.18952730298042297,0.20660458505153656,0.0019187331199645996,-0.021341249346733093,0.023259982466697693,0.0061827003955841064,0.4108728766441345,2,0,1,1,1,0.20037806034088135,20776,0.6462105304861139,2024,789119349,-9,-11,True,6062,
192,cph/query/images/k2kXJPkqiPhBDtI-FHZ33Q.jpg,random,0.2,4,1,3,0.19144603610038757,0.18192103505134583,0.18952730298042297,0.2108103334903717,0.0019187331199645996,-0.02888929843902588,0.03080803155899048,0.009525001049041748,0.3713986873626709,2,0,1,1,1,0.20037806034088135,20776,0.21040519677240818,2024,789119349,-55,-15,True,6062,
576,sf/query/images/hdPuDaKIQyCteyi8EUORwA.jpg,clean,0.0,-1,1,1,0.4541777968406677,0.4541777968406677,0.39650702476501465,0.39650702476501465,0.057670772075653076,0.057670772075653076,0.0,0.0,0.0,0,1,1,1,0,0.0,0,0.0,2024,0,0,0,True,0,
576,sf/query/images/hdPuDaKIQyCteyi8EUORwA.jpg,attention,0.1,-1,1,1,0.4541777968406677,0.3326246440410614,0.39650702476501465,0.27805668115615845,0.057670772075653076,0.054567962884902954,0.003102809190750122,0.12155315279960632,0.3097955584526062,0,1,1,1,0,0.10018903017044067,10388,1.0,2024,1999603648,0,0,True,23842,
576,sf/query/images/hdPuDaKIQyCteyi8EUORwA.jpg,random,0.1,0,1,1,0.4541777968406677,0.4279800057411194,0.39650702476501465,0.35130774974823,0.057670772075653076,0.0766722559928894,-0.019001483917236328,0.02619779109954834,0.06802278757095337,0,1,1,1,0,0.10018903017044067,10388,0.013265704252828716,2024,1999603648,-90,-22,True,23842,
576,sf/query/images/hdPuDaKIQyCteyi8EUORwA.jpg,random,0.1,1,1,1,0.4541777968406677,0.42437446117401123,0.39650702476501465,0.359849214553833,0.057670772075653076,0.06452524662017822,-0.0068544745445251465,0.029803335666656494,0.09499847888946533,0,1,1,1,0,0.10018903017044067,10388,0.08729328030144443,2024,1999603648,55,44,True,23842,
576,sf/query/images/hdPuDaKIQyCteyi8EUORwA.jpg,random,0.1,2,1,1,0.4541777968406677,0.40683600306510925,0.39650702476501465,0.3579349219799042,0.057670772075653076,0.04890108108520508,0.008769690990447998,0.04734179377555847,0.20764297246932983,0,1,1,1,0,0.10018903017044067,10388,0.3191111111111111,2024,1999603648,28,5,True,23842,
576,sf/query/images/hdPuDaKIQyCteyi8EUORwA.jpg,random,0.1,3,1,1,0.4541777968406677,0.4377426505088806,0.39650702476501465,0.37693583965301514,0.057670772075653076,0.06080681085586548,-0.0031360387802124023,0.01643514633178711,0.05873841047286987,0,1,1,1,0,0.10018903017044067,10388,0.01415600898174363,2024,1999603648,-90,39,True,23842,
576,sf/query/images/hdPuDaKIQyCteyi8EUORwA.jpg,random,0.1,4,1,1,0.4541777968406677,0.4533899426460266,0.39650702476501465,0.3798939883708954,0.057670772075653076,0.07349595427513123,-0.01582518219947815,0.0007878541946411133,0.020997464656829834,0,1,1,1,0,0.10018903017044067,10388,0.0,2024,1999603648,103,53,True,23842,
576,sf/query/images/hdPuDaKIQyCteyi8EUORwA.jpg,attention,0.15,-1,1,1,0.4541777968406677,0.3385971784591675,0.39650702476501465,0.2974023222923279,0.057670772075653076,0.0411948561668396,0.016475915908813477,0.11558061838150024,0.3742043972015381,0,1,1,1,0,0.14933836460113525,15484,1.0,2024,2397082399,0,0,True,5712,
576,sf/query/images/hdPuDaKIQyCteyi8EUORwA.jpg,random,0.15,0,1,1,0.4541777968406677,0.33614227175712585,0.39650702476501465,0.3031885027885437,0.057670772075653076,0.03295376896858215,0.024717003107070923,0.11803552508354187,0.36001861095428467,0,1,1,1,0,0.14933836460113525,15484,0.7074488614434581,2024,2397082399,7,3,True,5712,
576,sf/query/images/hdPuDaKIQyCteyi8EUORwA.jpg,random,0.15,1,1,1,0.4541777968406677,0.3889881372451782,0.39650702476501465,0.3431004583835602,0.057670772075653076,0.04588767886161804,0.011783093214035034,0.0651896595954895,0.1908060908317566,0,1,1,1,0,0.14933836460113525,15484,0.11927136041636548,2024,2397082399,-61,10,True,5712,
576,sf/query/images/hdPuDaKIQyCteyi8EUORwA.jpg,random,0.15,2,1,1,0.4541777968406677,0.3325726091861725,0.39650702476501465,0.31514304876327515,0.057670772075653076,0.01742956042289734,0.04024121165275574,0.12160518765449524,0.34747135639190674,0,1,1,1,0,0.14933836460113525,15484,0.6533902829684998,2024,2397082399,6,9,True,5712,
576,sf/query/images/hdPuDaKIQyCteyi8EUORwA.jpg,random,0.15,3,1,1,0.4541777968406677,0.4582552909851074,0.39650702476501465,0.3766933083534241,0.057670772075653076,0.08156198263168335,-0.023891210556030273,-0.004077494144439697,0.041464269161224365,0,1,1,1,0,0.14933836460113525,15484,0.006369426751592357,2024,2397082399,97,5,True,5712,
576,sf/query/images/hdPuDaKIQyCteyi8EUORwA.jpg,random,0.15,4,1,1,0.4541777968406677,0.37499237060546875,0.39650702476501465,0.33446916937828064,0.057670772075653076,0.04052320122718811,0.017147570848464966,0.07918542623519897,0.3145240545272827,0,1,1,1,0,0.14933836460113525,15484,0.4270967741935484,2024,2397082399,18,21,True,5712,
576,sf/query/images/hdPuDaKIQyCteyi8EUORwA.jpg,attention,0.2,-1,1,2,0.4541777968406677,0.27110931277275085,0.39650702476501465,0.284618616104126,0.057670772075653076,-0.013509303331375122,0.0711800754070282,0.18306848406791687,0.450619637966156,1,0,1,1,1,0.20037806034088135,20776,1.0,2024,3549914060,0,0,True,196,
576,sf/query/images/hdPuDaKIQyCteyi8EUORwA.jpg,random,0.2,0,1,2,0.4541777968406677,0.2805267870426178,0.39650702476501465,0.2860592007637024,0.057670772075653076,-0.005532413721084595,0.06320318579673767,0.17365100979804993,0.46367692947387695,1,0,1,1,1,0.20037806034088135,20776,0.43450942484291927,2024,3549914060,-27,0,True,196,
576,sf/query/images/hdPuDaKIQyCteyi8EUORwA.jpg,random,0.2,1,1,2,0.4541777968406677,0.28487029671669006,0.39650702476501465,0.29447880387306213,0.057670772075653076,-0.00960850715637207,0.06727927923202515,0.16930750012397766,0.45989853143692017,1,0,1,1,1,0.20037806034088135,20776,0.9322916666666666,2024,3549914060,2,0,True,196,
576,sf/query/images/hdPuDaKIQyCteyi8EUORwA.jpg,random,0.2,2,1,1,0.4541777968406677,0.4427250921726227,0.39650702476501465,0.3541850745677948,0.057670772075653076,0.08854001760482788,-0.030869245529174805,0.011452704668045044,0.0875779390335083,0,1,1,1,0,0.20037806034088135,20776,0.04580690627202255,2024,3549914060,87,0,True,196,
576,sf/query/images/hdPuDaKIQyCteyi8EUORwA.jpg,random,0.2,3,1,1,0.4541777968406677,0.3743663430213928,0.39650702476501465,0.34085169434547424,0.057670772075653076,0.03351464867591858,0.024156123399734497,0.0798114538192749,0.30728912353515625,0,1,1,1,0,0.20037806034088135,20776,0.2793103448275862,2024,3549914060,41,0,True,196,
576,sf/query/images/hdPuDaKIQyCteyi8EUORwA.jpg,random,0.2,4,1,2,0.4541777968406677,0.2732831835746765,0.39650702476501465,0.2840801179409027,0.057670772075653076,-0.010796934366226196,0.06846770644187927,0.1808946132659912,0.4738144278526306,1,0,1,1,1,0.20037806034088135,20776,0.44639376218323584,2024,3549914060,-26,0,True,196,
350,cph/query/images/RWSiXjxipmnufKfheLfDzQ.jpg,clean,0.0,-1,1,1,0.608906626701355,0.608906626701355,0.39692258834838867,0.39692258834838867,0.2119840383529663,0.2119840383529663,0.0,0.0,0.0,0,1,1,1,0,0.0,0,0.0,2024,0,0,0,True,0,
350,cph/query/images/RWSiXjxipmnufKfheLfDzQ.jpg,attention,0.1,-1,1,1,0.608906626701355,0.2953251004219055,0.39692258834838867,0.21119143068790436,0.2119840383529663,0.08413366973400116,0.12785036861896515,0.31358152627944946,0.518698513507843,0,1,1,1,0,0.10018903017044067,10388,1.0,2024,55329107,0,0,True,30534,
350,cph/query/images/RWSiXjxipmnufKfheLfDzQ.jpg,random,0.1,0,1,1,0.608906626701355,0.5689821839332581,0.39692258834838867,0.38541388511657715,0.2119840383529663,0.1835682988166809,0.0284157395362854,0.039924442768096924,0.06849360466003418,0,1,1,1,0,0.10018903017044067,10388,0.003865481252415926,2024,55329107,-46,-108,True,30534,
350,cph/query/images/RWSiXjxipmnufKfheLfDzQ.jpg,random,0.1,1,1,1,0.608906626701355,0.5792558193206787,0.39692258834838867,0.3736201822757721,0.2119840383529663,0.20563563704490662,0.006348401308059692,0.02965080738067627,0.061501383781433105,0,1,1,1,0,0.10018903017044067,10388,0.01227830832196453,2024,55329107,-74,-76,True,30534,
350,cph/query/images/RWSiXjxipmnufKfheLfDzQ.jpg,random,0.1,2,1,1,0.608906626701355,0.5938383936882019,0.39692258834838867,0.38205060362815857,0.2119840383529663,0.21178779006004333,0.00019624829292297363,0.015068233013153076,0.03780639171600342,0,1,1,1,0,0.10018903017044067,10388,0.0006743088334457181,2024,55329107,-97,-67,True,30534,
350,cph/query/images/RWSiXjxipmnufKfheLfDzQ.jpg,random,0.1,3,1,1,0.608906626701355,0.5794368982315063,0.39692258834838867,0.36027687788009644,0.2119840383529663,0.2191600203514099,-0.0071759819984436035,0.029469728469848633,0.06004953384399414,0,1,1,1,0,0.10018903017044067,10388,0.011785331645076459,2024,55329107,-82,-19,True,30534,
350,cph/query/images/RWSiXjxipmnufKfheLfDzQ.jpg,random,0.1,4,1,1,0.608906626701355,0.5449906587600708,0.39692258834838867,0.3716410994529724,0.2119840383529663,0.1733495593070984,0.03863447904586792,0.06391596794128418,0.20151269435882568,0,1,1,1,0,0.10018903017044067,10388,0.12424242424242424,2024,55329107,47,-76,True,30534,
350,cph/query/images/RWSiXjxipmnufKfheLfDzQ.jpg,attention,0.15,-1,1,1,0.608906626701355,0.2748106122016907,0.39692258834838867,0.2135620266199112,0.2119840383529663,0.06124858558177948,0.15073545277118683,0.3340960144996643,0.5673360228538513,0,1,1,1,0,0.14933836460113525,15484,1.0,2024,3314214455,0,0,True,5712,
350,cph/query/images/RWSiXjxipmnufKfheLfDzQ.jpg,random,0.15,0,1,1,0.608906626701355,0.5132088661193848,0.39692258834838867,0.3122391402721405,0.2119840383529663,0.20096972584724426,0.011014312505722046,0.09569776058197021,0.24214494228363037,0,1,1,1,0,0.14933836460113525,15484,0.15815849508208984,2024,3314214455,51,-17,True,5712,
350,cph/query/images/RWSiXjxipmnufKfheLfDzQ.jpg,random,0.15,1,1,1,0.608906626701355,0.4066890478134155,0.39692258834838867,0.2593250870704651,0.2119840383529663,0.14736396074295044,0.06462007761001587,0.20221757888793945,0.43093788623809814,0,1,1,1,0,0.14933836460113525,15484,0.4533508541392904,2024,3314214455,-11,-28,True,5712,
350,cph/query/images/RWSiXjxipmnufKfheLfDzQ.jpg,random,0.15,2,1,1,0.608906626701355,0.48535990715026855,0.39692258834838867,0.31941795349121094,0.2119840383529663,0.16594195365905762,0.04604208469390869,0.12354671955108643,0.26655811071395874,0,1,1,1,0,0.14933836460113525,15484,0.18036286019210246,2024,3314214455,-42,-20,True,5712,
350,cph/query/images/RWSiXjxipmnufKfheLfDzQ.jpg,random,0.15,3,1,1,0.608906626701355,0.5388075709342957,0.39692258834838867,0.3418963551521301,0.2119840383529663,0.19691121578216553,0.015072822570800781,0.07009905576705933,0.14024555683135986,0,1,1,1,0,0.14933836460113525,15484,0.06470466891287904,2024,3314214455,-65,-19,True,5712,
350,cph/query/images/RWSiXjxipmnufKfheLfDzQ.jpg,random,0.15,4,1,1,0.608906626701355,0.5996695756912231,0.39692258834838867,0.38280418515205383,0.2119840383529663,0.2168653905391693,-0.004881352186203003,0.009237051010131836,0.0664936900138855,0,1,1,1,0,0.14933836460113525,15484,0.028700504916290195,2024,3314214455,82,-9,True,5712,
350,cph/query/images/RWSiXjxipmnufKfheLfDzQ.jpg,attention,0.2,-1,1,1,0.608906626701355,0.2761244475841522,0.39692258834838867,0.20923197269439697,0.2119840383529663,0.06689247488975525,0.14509156346321106,0.33278217911720276,0.6014856696128845,0,1,1,1,0,0.20037806034088135,20776,1.0,2024,3579184992,0,0,True,1484,
350,cph/query/images/RWSiXjxipmnufKfheLfDzQ.jpg,random,0.2,0,1,1,0.608906626701355,0.5098487734794617,0.39692258834838867,0.3438859283924103,0.2119840383529663,0.1659628450870514,0.04602119326591492,0.09905785322189331,0.2644510865211487,0,1,1,1,0,0.20037806034088135,20776,0.16418244984870559,2024,3579184992,58,-6,True,1484,
350,cph/query/images/RWSiXjxipmnufKfheLfDzQ.jpg,random,0.2,1,1,1,0.608906626701355,0.235617533326149,0.39692258834838867,0.19437849521636963,0.2119840383529663,0.04123903810977936,0.17074500024318695,0.373289093375206,0.6530245542526245,0,1,1,1,0,0.20037806034088135,20776,0.6214781862171233,2024,3579184992,11,-9,True,1484,
350,cph/query/images/RWSiXjxipmnufKfheLfDzQ.jpg,random,0.2,2,1,1,0.608906626701355,0.23005463182926178,0.39692258834838867,0.18506740033626556,0.2119840383529663,0.044987231492996216,0.1669968068599701,0.3788519948720932,0.6665582656860352,0,1,1,1,0,0.20037806034088135,20776,0.8483985765124555,2024,3579184992,4,-1,True,1484,
350,cph/query/images/RWSiXjxipmnufKfheLfDzQ.jpg,random,0.2,3,1,1,0.608906626701355,0.5824708938598633,0.39692258834838867,0.37711915373802185,0.2119840383529663,0.20535174012184143,0.006632298231124878,0.0264357328414917,0.11423742771148682,0,1,1,1,0,0.20037806034088135,20776,0.057356608478802994,2024,3579184992,83,-6,True,1484,
350,cph/query/images/RWSiXjxipmnufKfheLfDzQ.jpg,random,0.2,4,1,1,0.608906626701355,0.3530072867870331,0.39692258834838867,0.2577134370803833,0.2119840383529663,0.09529384970664978,0.11669018864631653,0.2558993399143219,0.5018463730812073,0,1,1,1,0,0.20037806034088135,20776,0.4033096926713948,2024,3579184992,28,-13,True,1484,
527,sf/query/images/pif4Vg_tIQFDJX3BgAT59w.jpg,clean,0.0,-1,1,1,0.4808504581451416,0.4808504581451416,0.36762887239456177,0.36762887239456177,0.11322158575057983,0.11322158575057983,0.0,0.0,0.0,0,1,1,1,0,0.0,0,0.0,2024,0,0,0,True,0,
527,sf/query/images/pif4Vg_tIQFDJX3BgAT59w.jpg,attention,0.1,-1,1,1,0.4808504581451416,0.41216111183166504,0.36762887239456177,0.34548431634902954,0.11322158575057983,0.0666767954826355,0.046544790267944336,0.06868934631347656,0.27855682373046875,0,1,1,1,0,0.10018903017044067,10388,1.0,2024,3512769203,0,0,True,23660,
527,sf/query/images/pif4Vg_tIQFDJX3BgAT59w.jpg,random,0.1,0,1,1,0.4808504581451416,0.4315149188041687,0.36762887239456177,0.3204457759857178,0.11322158575057983,0.11106914281845093,0.0021524429321289062,0.0493355393409729,0.17831653356552124,0,1,1,1,0,0.10018903017044067,10388,0.1314671604400392,2024,3512769203,-29,-67,True,23660,
527,sf/query/images/pif4Vg_tIQFDJX3BgAT59w.jpg,random,0.1,1,1,1,0.4808504581451416,0.43233808875083923,0.36762887239456177,0.3362416625022888,0.11322158575057983,0.09609642624855042,0.01712515950202942,0.04851236939430237,0.10836184024810791,0,1,1,1,0,0.10018903017044067,10388,0.04987619384506544,2024,3512769203,-49,-55,True,23660,
527,sf/query/images/pif4Vg_tIQFDJX3BgAT59w.jpg,random,0.1,2,1,1,0.4808504581451416,0.41260209679603577,0.36762887239456177,0.3053463101387024,0.11322158575057983,0.10725578665733337,0.00596579909324646,0.06824836134910583,0.20187437534332275,0,1,1,1,0,0.10018903017044067,10388,0.2009248554913295,2024,3512769203,-24,-40,True,23660,
527,sf/query/images/pif4Vg_tIQFDJX3BgAT59w.jpg,random,0.1,3,1,1,0.4808504581451416,0.47235286235809326,0.36762887239456177,0.34035924077033997,0.11322158575057983,0.1319936215877533,-0.018772035837173462,0.00849759578704834,0.03698265552520752,0,1,1,1,0,0.10018903017044067,10388,0.0,2024,3512769203,-128,-16,True,23660,
527,sf/query/images/pif4Vg_tIQFDJX3BgAT59w.jpg,random,0.1,4,1,1,0.4808504581451416,0.4661824405193329,0.36762887239456177,0.33980676531791687,0.11322158575057983,0.12637567520141602,-0.013154089450836182,0.014668017625808716,0.04978048801422119,0,1,1,1,0,0.10018903017044067,10388,0.0,2024,3512769203,-95,-20,True,23660,
527,sf/query/images/pif4Vg_tIQFDJX3BgAT59w.jpg,attention,0.15,-1,1,1,0.4808504581451416,0.39452457427978516,0.36762887239456177,0.3438718318939209,0.11322158575057983,0.05065274238586426,0.06256884336471558,0.08632588386535645,0.3933655023574829,0,1,1,1,0,0.14933836460113525,15484,1.0,2024,2608854825,0,0,True,238,
527,sf/query/images/pif4Vg_tIQFDJX3BgAT59w.jpg,random,0.15,0,1,1,0.4808504581451416,0.47004586458206177,0.36762887239456177,0.3431102931499481,0.11322158575057983,0.12693557143211365,-0.013713985681533813,0.010804593563079834,0.05334913730621338,0,1,1,1,0,0.14933836460113525,15484,0.0,2024,2608854825,-123,0,True,238,
527,sf/query/images/pif4Vg_tIQFDJX3BgAT59w.jpg,random,0.15,1,1,1,0.4808504581451416,0.4040113091468811,0.36762887239456177,0.32046523690223694,0.11322158575057983,0.08354607224464417,0.02967551350593567,0.0768391489982605,0.4180524945259094,0,1,1,1,0,0.14933836460113525,15484,0.9168110918544194,2024,2608854825,2,0,True,238,
527,sf/query/images/pif4Vg_tIQFDJX3BgAT59w.jpg,random,0.15,2,1,1,0.4808504581451416,0.44928428530693054,0.36762887239456177,0.33471179008483887,0.11322158575057983,0.11457249522209167,-0.0013509094715118408,0.03156617283821106,0.09465575218200684,0,1,1,1,0,0.14933836460113525,15484,0.001358080579447714,2024,2608854825,-81,0,True,238,
527,sf/query/images/pif4Vg_tIQFDJX3BgAT59w.jpg,random,0.15,3,1,1,0.4808504581451416,0.4136098623275757,0.36762887239456177,0.3040197193622589,0.11322158575057983,0.10959014296531677,0.0036314427852630615,0.06724059581756592,0.23774421215057373,0,1,1,1,0,0.14933836460113525,15484,0.10159362549800798,2024,2608854825,-44,0,True,238,
527,sf/query/images/pif4Vg_tIQFDJX3BgAT59w.jpg,random,0.15,4,1,1,0.4808504581451416,0.4761398434638977,0.36762887239456177,0.35646146535873413,0.11322158575057983,0.11967837810516357,-0.00645679235458374,0.0047106146812438965,0.05978161096572876,0,1,1,1,0,0.14933836460113525,15484,0.005454545454545455,2024,2608854825,72,0,True,238,
527,sf/query/images/pif4Vg_tIQFDJX3BgAT59w.jpg,attention,0.2,-1,1,1,0.4808504581451416,0.37144672870635986,0.36762887239456177,0.2975207567214966,0.11322158575057983,0.07392597198486328,0.03929561376571655,0.10940372943878174,0.4907646179199219,0,1,1,1,0,0.20037806034088135,20776,1.0,2024,4024371656,0,0,True,210,
527,sf/query/images/pif4Vg_tIQFDJX3BgAT59w.jpg,random,0.2,0,1,1,0.4808504581451416,0.421822726726532,0.36762887239456177,0.33656227588653564,0.11322158575057983,0.08526045083999634,0.027961134910583496,0.05902773141860962,0.12744641304016113,0,1,1,1,0,0.20037806034088135,20776,0.00746775288526816,2024,4024371656,-87,0,True,210,
527,sf/query/images/pif4Vg_tIQFDJX3BgAT59w.jpg,random,0.2,1,1,1,0.4808504581451416,0.40561267733573914,0.36762887239456177,0.330794095993042,0.11322158575057983,0.07481858134269714,0.03840300440788269,0.07523778080940247,0.2029297947883606,0,1,1,1,0,0.20037806034088135,20776,0.09641669745105283,2024,4024371656,-59,0,True,210,
527,sf/query/images/pif4Vg_tIQFDJX3BgAT59w.jpg,random,0.2,2,1,1,0.4808504581451416,0.487840473651886,0.36762887239456177,0.3350095748901367,0.11322158575057983,0.15283089876174927,-0.039609313011169434,-0.006990015506744385,0.10227036476135254,0,1,1,1,0,0.20037806034088135,20776,0.05360312389066383,2024,4024371656,69,0,True,210,
527,sf/query/images/pif4Vg_tIQFDJX3BgAT59w.jpg,random,0.2,3,1,1,0.4808504581451416,0.3558751046657562,0.36762887239456177,0.28754013776779175,0.11322158575057983,0.06833496689796448,0.044886618852615356,0.12497535347938538,0.4981628656387329,0,1,1,1,0,0.20037806034088135,20776,0.8737373737373737,2024,4024371656,-4,0,True,210,
527,sf/query/images/pif4Vg_tIQFDJX3BgAT59w.jpg,random,0.2,4,1,1,0.4808504581451416,0.3998692035675049,0.36762887239456177,0.31277742981910706,0.11322158575057983,0.08709177374839783,0.026129812002182007,0.08098125457763672,0.3104219436645508,0,1,1,1,0,0.20037806034088135,20776,0.4825174825174825,2024,4024371656,22,0,True,210,
152,cph/query/images/WQnbERn-D1nrbg4La8DnFA.jpg,clean,0.0,-1,1,1,0.5387740135192871,0.5387740135192871,0.42915087938308716,0.42915087938308716,0.10962313413619995,0.10962313413619995,0.0,0.0,0.0,0,1,1,1,0,0.0,0,0.0,2024,0,0,0,True,0,
152,cph/query/images/WQnbERn-D1nrbg4La8DnFA.jpg,attention,0.1,-1,1,1,0.5387740135192871,0.4185492694377899,0.42915087938308716,0.2834157943725586,0.10962313413619995,0.13513347506523132,-0.025510340929031372,0.12022474408149719,0.35106682777404785,0,1,1,1,0,0.10018903017044067,10388,1.0,2024,250001346,0,0,True,13622,
152,cph/query/images/WQnbERn-D1nrbg4La8DnFA.jpg,random,0.1,0,1,1,0.5387740135192871,0.47353845834732056,0.42915087938308716,0.3815886378288269,0.10962313413619995,0.09194982051849365,0.0176733136177063,0.06523555517196655,0.1826024055480957,0,1,1,1,0,0.10018903017044067,10388,0.3412524209167205,2024,250001346,-20,-1,True,13622,
152,cph/query/images/WQnbERn-D1nrbg4La8DnFA.jpg,random,0.1,1,1,1,0.5387740135192871,0.4658893644809723,0.42915087938308716,0.33566880226135254,0.10962313413619995,0.13022056221961975,-0.0205974280834198,0.07288464903831482,0.3089641332626343,0,1,1,1,0,0.10018903017044067,10388,0.34699170124481327,2024,250001346,19,-6,True,13622,
152,cph/query/images/WQnbERn-D1nrbg4La8DnFA.jpg,random,0.1,2,1,1,0.5387740135192871,0.4727715253829956,0.42915087938308716,0.389681875705719,0.10962313413619995,0.08308964967727661,0.02653348445892334,0.0660024881362915,0.2087119221687317,0,1,1,1,0,0.10018903017044067,10388,0.21044045676998369,2024,250001346,-4,-56,True,13622,
152,cph/query/images/WQnbERn-D1nrbg4La8DnFA.jpg,random,0.1,3,1,1,0.5387740135192871,0.4862687885761261,0.42915087938308716,0.3941003978252411,0.10962313413619995,0.09216839075088501,0.01745474338531494,0.05250522494316101,0.12661564350128174,0,1,1,1,0,0.10018903017044067,10388,0.16300940438871472,2024,250001346,-32,-21,True,13622,
152,cph/query/images/WQnbERn-D1nrbg4La8DnFA.jpg,random,0.1,4,1,1,0.5387740135192871,0.4916772246360779,0.42915087938308716,0.34000906348228455,0.10962313413619995,0.15166816115379333,-0.042045027017593384,0.04709678888320923,0.2202022671699524,0,1,1,1,0,0.10018903017044067,10388,0.19484702093397746,2024,250001346,28,-10,True,13622,
152,cph/query/images/WQnbERn-D1nrbg4La8DnFA.jpg,attention,0.15,-1,1,1,0.5387740135192871,0.37121033668518066,0.42915087938308716,0.28529787063598633,0.10962313413619995,0.08591246604919434,0.023710668087005615,0.16756367683410645,0.4721609354019165,0,1,1,1,0,0.14933836460113525,15484,1.0,2024,3597881952,0,0,True,238,
152,cph/query/images/WQnbERn-D1nrbg4La8DnFA.jpg,random,0.15,0,1,1,0.5387740135192871,0.49235254526138306,0.42915087938308716,0.3783297538757324,0.10962313413619995,0.11402279138565063,-0.004399657249450684,0.04642146825790405,0.22486507892608643,0,1,1,1,0,0.14933836460113525,15484,0.15690376569037656,2024,3597881952,39,0,True,238,
152,cph/query/images/WQnbERn-D1nrbg4La8DnFA.jpg,random,0.15,1,1,1,0.5387740135192871,0.5038880705833435,0.42915087938308716,0.4385432004928589,0.10962313413619995,0.06534487009048462,0.04427826404571533,0.034885942935943604,0.05341541767120361,0,1,1,1,0,0.14933836460113525,15484,0.005911778080945885,2024,3597881952,71,0,True,238,
152,cph/query/images/WQnbERn-D1nrbg4La8DnFA.jpg,random,0.15,2,1,1,0.5387740135192871,0.5150469541549683,0.42915087938308716,0.40871018171310425,0.10962313413619995,0.10633677244186401,0.0032863616943359375,0.023727059364318848,0.024075031280517578,0,1,1,1,0,0.14933836460113525,15484,0.0,2024,3597881952,-140,0,True,238,
152,cph/query/images/WQnbERn-D1nrbg4La8DnFA.jpg,random,0.15,3,1,1,0.5387740135192871,0.48685336112976074,0.42915087938308716,0.4393937587738037,0.10962313413619995,0.04745960235595703,0.06216353178024292,0.05192065238952637,0.10518801212310791,0,1,1,1,0,0.14933836460113525,15484,0.06040268456375839,2024,3597881952,56,0,True,238,
152,cph/query/images/WQnbERn-D1nrbg4La8DnFA.jpg,random,0.15,4,1,1,0.5387740135192871,0.37435972690582275,0.42915087938308716,0.3298972249031067,0.10962313413619995,0.044462502002716064,0.06516063213348389,0.16441428661346436,0.42371004819869995,0,1,1,1,0,0.14933836460113525,15484,0.5457721872816212,2024,3597881952,-13,0,True,238,
152,cph/query/images/WQnbERn-D1nrbg4La8DnFA.jpg,attention,0.2,-1,1,1,0.5387740135192871,0.33141660690307617,0.42915087938308716,0.27121299505233765,0.10962313413619995,0.060203611850738525,0.049419522285461426,0.20735740661621094,0.4838430881500244,0,1,1,1,0,0.20037806034088135,20776,1.0,2024,3672050515,0,0,True,210,
152,cph/query/images/WQnbERn-D1nrbg4La8DnFA.jpg,random,0.2,0,1,1,0.5387740135192871,0.45302504301071167,0.42915087938308716,0.4056165814399719,0.10962313413619995,0.047408461570739746,0.062214672565460205,0.08574897050857544,0.2563164234161377,0,1,1,1,0,0.20037806034088135,20776,0.18341307814992025,2024,3672050515,50,0,True,210,
152,cph/query/images/WQnbERn-D1nrbg4La8DnFA.jpg,random,0.2,1,1,1,0.5387740135192871,0.5096472501754761,0.42915087938308716,0.40718817710876465,0.10962313413619995,0.10245907306671143,0.007164061069488525,0.029126763343811035,0.04093611240386963,0,1,1,1,0,0.20037806034088135,20776,0.0,2024,3672050515,-122,0,True,210,
152,cph/query/images/WQnbERn-D1nrbg4La8DnFA.jpg,random,0.2,2,1,1,0.5387740135192871,0.42742830514907837,0.42915087938308716,0.37994712591171265,0.10962313413619995,0.04748117923736572,0.06214195489883423,0.11134570837020874,0.2744542360305786,0,1,1,1,0,0.20037806034088135,20776,0.3490909090909091,2024,3672050515,-32,0,True,210,
152,cph/query/images/WQnbERn-D1nrbg4La8DnFA.jpg,random,0.2,3,1,1,0.5387740135192871,0.4438745975494385,0.42915087938308716,0.4094719886779785,0.10962313413619995,0.03440260887145996,0.07522052526473999,0.09489941596984863,0.2700461149215698,0,1,1,1,0,0.20037806034088135,20776,0.19101123595505617,2024,3672050515,49,0,True,210,
152,cph/query/images/WQnbERn-D1nrbg4La8DnFA.jpg,random,0.2,4,1,1,0.5387740135192871,0.4512825906276703,0.42915087938308716,0.4194925129413605,0.10962313413619995,0.031790077686309814,0.07783305644989014,0.08749142289161682,0.27671003341674805,0,1,1,1,0,0.20037806034088135,20776,0.22240527182866557,2024,3672050515,45,0,True,210,
66,cph/query/images/0Bg71YQfRQJhiUPZc3eGDQ.jpg,clean,0.0,-1,3,3,0.2659611105918884,0.2659611105918884,0.30349329113960266,0.30349329113960266,-0.03753218054771423,-0.03753218054771423,0.0,0.0,0.0,0,0,1,1,0,0.0,0,0.0,2024,0,0,0,True,0,
66,cph/query/images/0Bg71YQfRQJhiUPZc3eGDQ.jpg,attention,0.1,-1,3,1,0.2659611105918884,0.24216672778129578,0.30349329113960266,0.2145620882511139,-0.03753218054771423,0.027604639530181885,-0.06513682007789612,0.02379438281059265,0.2864132523536682,-2,1,1,1,0,0.10018903017044067,10388,1.0,2024,1318984017,0,0,True,23842,
66,cph/query/images/0Bg71YQfRQJhiUPZc3eGDQ.jpg,random,0.1,0,3,2,0.2659611105918884,0.2414626032114029,0.30349329113960266,0.25393417477607727,-0.03753218054771423,-0.012471571564674377,-0.025060608983039856,0.024498507380485535,0.1644306182861328,-1,0,1,1,0,0.10018903017044067,10388,0.1558918437743407,2024,1318984017,-47,-34,True,23842,
66,cph/query/images/0Bg71YQfRQJhiUPZc3eGDQ.jpg,random,0.1,1,3,3,0.2659611105918884,0.238357812166214,0.30349329113960266,0.26668044924736023,-0.03753218054771423,-0.02832263708114624,-0.009209543466567993,0.02760329842567444,0.16969513893127441,0,0,1,1,0,0.10018903017044067,10388,0.24930847865303668,2024,1318984017,-13,-58,True,23842,
66,cph/query/images/0Bg71YQfRQJhiUPZc3eGDQ.jpg,random,0.1,2,3,3,0.2659611105918884,0.2503664195537567,0.30349329113960266,0.30451521277427673,-0.03753218054771423,-0.05414879322052002,0.016616612672805786,0.015594691038131714,0.08953440189361572,0,0,1,1,0,0.10018903017044067,10388,0.07804068078040681,2024,1318984017,-74,-89,True,23842,
66,cph/query/images/0Bg71YQfRQJhiUPZc3eGDQ.jpg,random,0.1,3,3,2,0.2659611105918884,0.2640523612499237,0.30349329113960266,0.29815101623535156,-0.03753218054771423,-0.034098654985427856,-0.003433525562286377,0.0019087493419647217,0.03379559516906738,-1,0,1,1,0,0.10018903017044067,10388,0.025671406003159557,2024,1318984017,92,-16,True,23842,
66,cph/query/images/0Bg71YQfRQJhiUPZc3eGDQ.jpg,random,0.1,4,3,3,0.2659611105918884,0.25986871123313904,0.30349329113960266,0.29671621322631836,-0.03753218054771423,-0.03684750199317932,-0.0006846785545349121,0.00609239935874939,0.058241963386535645,0,0,1,1,0,0.10018903017044067,10388,0.07770515613652869,2024,1318984017,72,-25,True,23842,
66,cph/query/images/0Bg71YQfRQJhiUPZc3eGDQ.jpg,attention,0.15,-1,3,1,0.2659611105918884,0.22944244742393494,0.30349329113960266,0.21824723482131958,-0.03753218054771423,0.011195212602615356,-0.04872739315032959,0.03651866316795349,0.33880555629730225,-2,1,1,1,0,0.14933836460113525,15484,1.0,2024,601014727,0,0,True,20888,
66,cph/query/images/0Bg71YQfRQJhiUPZc3eGDQ.jpg,random,0.15,0,3,3,0.2659611105918884,0.2712307274341583,0.30349329113960266,0.3016256093978882,-0.03753218054771423,-0.03039488196372986,-0.007137298583984375,-0.0052696168422698975,0.060130298137664795,0,0,1,1,0,0.14933836460113525,15484,0.038010323791647115,2024,601014727,-93,-75,True,20888,
66,cph/query/images/0Bg71YQfRQJhiUPZc3eGDQ.jpg,random,0.15,1,3,3,0.2659611105918884,0.26813310384750366,0.30349329113960266,0.30355891585350037,-0.03753218054771423,-0.035425812005996704,-0.0021063685417175293,-0.0021719932556152344,0.04630863666534424,0,0,1,1,0,0.14933836460113525,15484,0.024074074074074074,2024,601014727,-99,-88,True,20888,
66,cph/query/images/0Bg71YQfRQJhiUPZc3eGDQ.jpg,random,0.15,2,3,3,0.2659611105918884,0.2714250087738037,0.30349329113960266,0.30642107129096985,-0.03753218054771423,-0.03499606251716614,-0.0025361180305480957,-0.005463898181915283,0.09008479118347168,0,0,1,1,0,0.14933836460113525,15484,0.08234307283657206,2024,601014727,-79,-12,True,20888,
66,cph/query/images/0Bg71YQfRQJhiUPZc3eGDQ.jpg,random,0.15,3,3,3,0.2659611105918884,0.2003009021282196,0.30349329113960266,0.24651576578617096,-0.03753218054771423,-0.046214863657951355,0.008682683110237122,0.06566020846366882,0.203588604927063,0,0,1,1,0,0.14933836460113525,15484,0.2371364653243848,2024,601014727,35,-38,True,20888,
66,cph/query/images/0Bg71YQfRQJhiUPZc3eGDQ.jpg,random,0.15,4,3,1,0.2659611105918884,0.21191516518592834,0.30349329113960266,0.2058423012495041,-0.03753218054771423,0.006072863936424255,-0.04360504448413849,0.05404594540596008,0.29452764987945557,-2,1,1,1,0,0.14933836460113525,15484,0.24830699774266365,2024,601014727,-48,-8,True,20888,
66,cph/query/images/0Bg71YQfRQJhiUPZc3eGDQ.jpg,attention,0.2,-1,3,1,0.2659611105918884,0.23021620512008667,0.30349329113960266,0.18209344148635864,-0.03753218054771423,0.04812276363372803,-0.08565494418144226,0.03574490547180176,0.422299861907959,-2,1,1,1,0,0.20037806034088135,20776,1.0,2024,904673424,0,0,True,11228,
66,cph/query/images/0Bg71YQfRQJhiUPZc3eGDQ.jpg,random,0.2,0,3,3,0.2659611105918884,0.2446078062057495,0.30349329113960266,0.2833718955516815,-0.03753218054771423,-0.03876408934593201,0.0012319087982177734,0.021353304386138916,0.166995108127594,0,0,1,1,0,0.20037806034088135,20776,0.16705988091225704,2024,904673424,64,-46,True,11228,
66,cph/query/images/0Bg71YQfRQJhiUPZc3eGDQ.jpg,random,0.2,1,3,3,0.2659611105918884,0.20090091228485107,0.30349329113960266,0.24351319670677185,-0.03753218054771423,-0.042612284421920776,0.005080103874206543,0.06506019830703735,0.2779083847999573,0,0,1,1,0,0.20037806034088135,20776,0.3271159374001916,2024,904673424,30,-53,True,11228,
66,cph/query/images/0Bg71YQfRQJhiUPZc3eGDQ.jpg,random,0.2,2,3,2,0.2659611105918884,0.1855364441871643,0.30349329113960266,0.20523907244205475,-0.03753218054771423,-0.019702628254890442,-0.01782955229282379,0.08042466640472412,0.31770747900009155,-1,0,1,1,0,0.20037806034088135,20776,0.6312814070351759,2024,904673424,6,-20,True,11228,
66,cph/query/images/0Bg71YQfRQJhiUPZc3eGDQ.jpg,random,0.2,3,3,2,0.2659611105918884,0.20637258887290955,0.30349329113960266,0.24178573489189148,-0.03753218054771423,-0.035413146018981934,-0.0021190345287323,0.05958852171897888,0.26860201358795166,-1,0,1,1,0,0.20037806034088135,20776,0.36774193548387096,2024,904673424,33,-28,True,11228,
66,cph/query/images/0Bg71YQfRQJhiUPZc3eGDQ.jpg,random,0.2,4,3,3,0.2659611105918884,0.24006932973861694,0.30349329113960266,0.2906704246997833,-0.03753218054771423,-0.05060109496116638,0.013068914413452148,0.025891780853271484,0.15826845169067383,0,0,1,1,0,0.20037806034088135,20776,0.17458163726820444,2024,904673424,66,-10,True,11228,
355,cph/query/images/Mp9scfYrakHJYgdGSkKD3Q.jpg,clean,0.0,-1,1,1,0.575664758682251,0.575664758682251,0.4844960570335388,0.4844960570335388,0.09116870164871216,0.09116870164871216,0.0,0.0,0.0,0,1,1,1,0,0.0,0,0.0,2024,0,0,0,True,0,
355,cph/query/images/Mp9scfYrakHJYgdGSkKD3Q.jpg,attention,0.1,-1,1,1,0.575664758682251,0.3850290775299072,0.4844960570335388,0.3430153727531433,0.09116870164871216,0.042013704776763916,0.04915499687194824,0.19063568115234375,0.3643306493759155,0,1,1,1,0,0.10018903017044067,10388,1.0,2024,2584341191,0,0,True,20888,
355,cph/query/images/Mp9scfYrakHJYgdGSkKD3Q.jpg,random,0.1,0,1,1,0.575664758682251,0.5540529489517212,0.4844960570335388,0.4639807343482971,0.09116870164871216,0.09007221460342407,0.001096487045288086,0.021611809730529785,0.07355844974517822,0,1,1,1,0,0.10018903017044067,10388,0.06609195402298851,2024,2584341191,-74,4,True,20888,
355,cph/query/images/Mp9scfYrakHJYgdGSkKD3Q.jpg,random,0.1,1,1,1,0.575664758682251,0.5060327649116516,0.4844960570335388,0.4142983555793762,0.09116870164871216,0.09173440933227539,-0.0005657076835632324,0.06963199377059937,0.21813666820526123,0,1,1,1,0,0.10018903017044067,10388,0.2656716417910448,2024,2584341191,-21,35,True,20888,
355,cph/query/images/Mp9scfYrakHJYgdGSkKD3Q.jpg,random,0.1,2,1,1,0.575664758682251,0.5547167062759399,0.4844960570335388,0.46954429149627686,0.09116870164871216,0.08517241477966309,0.005996286869049072,0.020948052406311035,0.056823551654815674,0,1,1,1,0,0.10018903017044067,10388,0.023045105377191254,2024,2584341191,-86,-3,True,20888,
355,cph/query/images/Mp9scfYrakHJYgdGSkKD3Q.jpg,random,0.1,3,1,1,0.575664758682251,0.5496912598609924,0.4844960570335388,0.46568071842193604,0.09116870164871216,0.0840105414390564,0.007158160209655762,0.025973498821258545,0.07396131753921509,0,1,1,1,0,0.10018903017044067,10388,0.052908980336509225,2024,2584341191,-78,76,True,20888,
355,cph/query/images/Mp9scfYrakHJYgdGSkKD3Q.jpg,random,0.1,4,1,1,0.575664758682251,0.5378386378288269,0.4844960570335388,0.4514090418815613,0.09116870164871216,0.08642959594726562,0.004739105701446533,0.03782612085342407,0.12343502044677734,0,1,1,1,0,0.10018903017044067,10388,0.08592933305456826,2024,2584341191,50,30,True,20888,
355,cph/query/images/Mp9scfYrakHJYgdGSkKD3Q.jpg,attention,0.15,-1,1,1,0.575664758682251,0.3377778232097626,0.4844960570335388,0.29063692688941956,0.09116870164871216,0.04714089632034302,0.04402780532836914,0.2378869354724884,0.5027035474777222,0,1,1,1,0,0.14933836460113525,15484,1.0,2024,3379794043,0,0,True,8470,
355,cph/query/images/Mp9scfYrakHJYgdGSkKD3Q.jpg,random,0.15,0,1,1,0.575664758682251,0.45956170558929443,0.4844960570335388,0.40963214635849,0.09116870164871216,0.04992955923080444,0.041239142417907715,0.11610305309295654,0.28679966926574707,0,1,1,1,0,0.14933836460113525,15484,0.33979406420351305,2024,3379794043,-28,3,True,8470,
355,cph/query/images/Mp9scfYrakHJYgdGSkKD3Q.jpg,random,0.15,1,1,1,0.575664758682251,0.45208197832107544,0.4844960570335388,0.3923415541648865,0.09116870164871216,0.059740424156188965,0.03142827749252319,0.12358278036117554,0.34465157985687256,0,1,1,1,0,0.14933836460113525,15484,0.3611111111111111,2024,3379794043,17,40,True,8470,
355,cph/query/images/Mp9scfYrakHJYgdGSkKD3Q.jpg,random,0.15,2,1,1,0.575664758682251,0.5586768984794617,0.4844960570335388,0.4772937297821045,0.09116870164871216,0.08138316869735718,0.00978553295135498,0.016987860202789307,0.039272427558898926,0,1,1,1,0,0.14933836460113525,15484,0.006369426751592357,2024,3379794043,-112,16,True,8470,
355,cph/query/images/Mp9scfYrakHJYgdGSkKD3Q.jpg,random,0.15,3,1,1,0.575664758682251,0.5168932676315308,0.4844960570335388,0.44567620754241943,0.09116870164871216,0.07121706008911133,0.01995164155960083,0.058771491050720215,0.1906907558441162,0,1,1,1,0,0.14933836460113525,15484,0.13987043580683156,2024,3379794043,46,30,True,8470,
355,cph/query/images/Mp9scfYrakHJYgdGSkKD3Q.jpg,random,0.15,4,1,1,0.575664758682251,0.42596399784088135,0.4844960570335388,0.3819316029548645,0.09116870164871216,0.044032394886016846,0.04713630676269531,0.14970076084136963,0.4133470058441162,0,1,1,1,0,0.14933836460113525,15484,0.42433998712169996,2024,3379794043,3,35,True,8470,
355,cph/query/images/Mp9scfYrakHJYgdGSkKD3Q.jpg,attention,0.2,-1,1,1,0.575664758682251,0.3489888310432434,0.4844960570335388,0.2917734384536743,0.09116870164871216,0.05721539258956909,0.033953309059143066,0.22667592763900757,0.5301120281219482,0,1,1,1,0,0.20037806034088135,20776,1.0,2024,3421754270,0,0,True,4900,
355,cph/query/images/Mp9scfYrakHJYgdGSkKD3Q.jpg,random,0.2,0,1,1,0.575664758682251,0.5028114318847656,0.4844960570335388,0.4203454554080963,0.09116870164871216,0.08246597647666931,0.008702725172042847,0.07285332679748535,0.18143153190612793,0,1,1,1,0,0.20037806034088135,20776,0.16118935837245696,2024,3421754270,-59,14,True,4900,
355,cph/query/images/Mp9scfYrakHJYgdGSkKD3Q.jpg,random,0.2,1,1,1,0.575664758682251,0.4369220733642578,0.4844960570335388,0.39054057002067566,0.09116870164871216,0.04638150334358215,0.044787198305130005,0.13874268531799316,0.3370242118835449,0,1,1,1,0,0.20037806034088135,20776,0.24998495878707658,2024,3421754270,41,22,True,4900,
355,cph/query/images/Mp9scfYrakHJYgdGSkKD3Q.jpg,random,0.2,2,1,1,0.575664758682251,0.3826514482498169,0.4844960570335388,0.33932098746299744,0.09116870164871216,0.04333046078681946,0.0478382408618927,0.19301331043243408,0.46446001529693604,0,1,1,1,0,0.20037806034088135,20776,0.437984496124031,2024,3421754270,21,24,True,4900,
355,cph/query/images/Mp9scfYrakHJYgdGSkKD3Q.jpg,random,0.2,3,1,1,0.575664758682251,0.42512497305870056,0.4844960570335388,0.35446906089782715,0.09116870164871216,0.07065591216087341,0.020512789487838745,0.15053978562355042,0.3681126832962036,0,1,1,1,0,0.20037806034088135,20776,0.38326841772362596,2024,3421754270,-31,3,True,4900,
355,cph/query/images/Mp9scfYrakHJYgdGSkKD3Q.jpg,random,0.2,4,1,1,0.575664758682251,0.512736439704895,0.4844960570335388,0.4362468421459198,0.09116870164871216,0.07648959755897522,0.014679104089736938,0.06292831897735596,0.1608714461326599,0,1,1,1,0,0.20037806034088135,20776,0.08706571787358727,2024,3421754270,-76,24,True,4900,
589,sf/query/images/1eOPzb90ExbI_0PJyzP7-g.jpg,clean,0.0,-1,1,1,0.5483983755111694,0.5483983755111694,0.29649391770362854,0.29649391770362854,0.2519044578075409,0.2519044578075409,0.0,0.0,0.0,0,1,1,1,0,0.0,0,0.0,2024,0,0,0,True,0,
589,sf/query/images/1eOPzb90ExbI_0PJyzP7-g.jpg,attention,0.1,-1,1,1,0.5483983755111694,0.45257940888404846,0.29649391770362854,0.27458423376083374,0.2519044578075409,0.17799517512321472,0.07390928268432617,0.09581896662712097,0.35468852519989014,0,1,1,1,0,0.10018903017044067,10388,1.0,2024,331227107,0,0,True,23240,
589,sf/query/images/1eOPzb90ExbI_0PJyzP7-g.jpg,random,0.1,0,1,1,0.5483983755111694,0.49631452560424805,0.29649391770362854,0.30045533180236816,0.2519044578075409,0.19585919380187988,0.05604526400566101,0.05208384990692139,0.27689456939697266,0,1,1,1,0,0.10018903017044067,10388,0.38138297872340426,2024,331227107,12,22,True,23240,
589,sf/query/images/1eOPzb90ExbI_0PJyzP7-g.jpg,random,0.1,1,1,1,0.5483983755111694,0.4646224081516266,0.29649391770362854,0.269726425409317,0.2519044578075409,0.19489598274230957,0.05700847506523132,0.08377596735954285,0.28554755449295044,0,1,1,1,0,0.10018903017044067,10388,0.40835140997830804,2024,331227107,-8,24,True,23240,
589,sf/query/images/1eOPzb90ExbI_0PJyzP7-g.jpg,random,0.1,2,1,1,0.5483983755111694,0.4891446530818939,0.29649391770362854,0.2916267216205597,0.2519044578075409,0.19751793146133423,0.054386526346206665,0.05925372242927551,0.1369922161102295,0,1,1,1,0,0.10018903017044067,10388,0.09612746649783686,2024,331227107,-61,92,True,23240,
589,sf/query/images/1eOPzb90ExbI_0PJyzP7-g.jpg,random,0.1,3,1,1,0.5483983755111694,0.5391165614128113,0.29649391770362854,0.29992854595184326,0.2519044578075409,0.23918801546096802,0.012716442346572876,0.009281814098358154,0.13549399375915527,0,1,1,1,0,0.10018903017044067,10388,0.08945988463555322,2024,331227107,13,92,True,23240,
589,sf/query/images/1eOPzb90ExbI_0PJyzP7-g.jpg,random,0.1,4,1,1,0.5483983755111694,0.5379986763000488,0.29649391770362854,0.3026537001132965,0.2519044578075409,0.23534497618675232,0.016559481620788574,0.010399699211120605,0.0380479097366333,0,1,1,1,0,0.10018903017044067,10388,0.008837525492861998,2024,331227107,-94,35,True,23240,
589,sf/query/images/1eOPzb90ExbI_0PJyzP7-g.jpg,attention,0.15,-1,1,1,0.5483983755111694,0.3638353943824768,0.29649391770362854,0.2656039893627167,0.2519044578075409,0.09823140501976013,0.15367305278778076,0.18456298112869263,0.5046025514602661,0,1,1,1,0,0.14933836460113525,15484,1.0,2024,3899698968,0,0,True,13174,
589,sf/query/images/1eOPzb90ExbI_0PJyzP7-g.jpg,random,0.15,0,1,1,0.5483983755111694,0.5112061500549316,0.29649391770362854,0.305057555437088,0.2519044578075409,0.20614859461784363,0.045755863189697266,0.03719222545623779,0.23635262250900269,0,1,1,1,0,0.14933836460113525,15484,0.11131845259455968,2024,3899698968,31,66,True,13174,
589,sf/query/images/1eOPzb90ExbI_0PJyzP7-g.jpg,random,0.15,1,1,1,0.5483983755111694,0.4054439961910248,0.29649391770362854,0.2626335620880127,0.2519044578075409,0.14281043410301208,0.10909402370452881,0.14295437932014465,0.411132276058197,0,1,1,1,0,0.14933836460113525,15484,0.26689576174112256,2024,3899698968,38,14,True,13174,
589,sf/query/images/1eOPzb90ExbI_0PJyzP7-g.jpg,random,0.15,2,1,1,0.5483983755111694,0.44175004959106445,0.29649391770362854,0.26419469714164734,0.2519044578075409,0.17755535244941711,0.07434910535812378,0.10664832592010498,0.22907042503356934,0,1,1,1,0,0.14933836460113525,15484,0.21271929824561403,2024,3899698968,-48,25,True,13174,
589,sf/query/images/1eOPzb90ExbI_0PJyzP7-g.jpg,random,0.15,3,1,1,0.5483983755111694,0.48742449283599854,0.29649391770362854,0.2700241208076477,0.2519044578075409,0.21740037202835083,0.034504085779190063,0.0609738826751709,0.27657967805862427,0,1,1,1,0,0.14933836460113525,15484,0.2694924981552841,2024,3899698968,-20,59,True,13174,
589,sf/query/images/1eOPzb90ExbI_0PJyzP7-g.jpg,random,0.15,4,1,1,0.5483983755111694,0.48342862725257874,0.29649391770362854,0.29188400506973267,0.2519044578075409,0.19154462218284607,0.060359835624694824,0.0649697482585907,0.2313593626022339,0,1,1,1,0,0.14933836460113525,15484,0.225,2024,3899698968,-16,72,True,13174,
589,sf/query/images/1eOPzb90ExbI_0PJyzP7-g.jpg,attention,0.2,-1,1,1,0.5483983755111694,0.2996940612792969,0.29649391770362854,0.21534346044063568,0.2519044578075409,0.0843506008386612,0.1675538569688797,0.24870431423187256,0.6231850385665894,0,1,1,1,0,0.20037806034088135,20776,1.0,2024,703620300,0,0,True,6664,
589,sf/query/images/1eOPzb90ExbI_0PJyzP7-g.jpg,random,0.2,0,1,1,0.5483983755111694,0.35149991512298584,0.29649391770362854,0.24794459342956543,0.2519044578075409,0.10355532169342041,0.14834913611412048,0.1968984603881836,0.5768951773643494,0,1,1,1,0,0.20037806034088135,20776,0.39501779359430605,2024,703620300,31,2,True,6664,
589,sf/query/images/1eOPzb90ExbI_0PJyzP7-g.jpg,random,0.2,1,1,1,0.5483983755111694,0.40365070104599,0.29649391770362854,0.2572418749332428,0.2519044578075409,0.1464088261127472,0.1054956316947937,0.14474767446517944,0.31751006841659546,0,1,1,1,0,0.20037806034088135,20776,0.27899532134942134,2024,703620300,-44,3,True,6664,
589,sf/query/images/1eOPzb90ExbI_0PJyzP7-g.jpg,random,0.2,2,1,1,0.5483983755111694,0.457503080368042,0.29649391770362854,0.27749887108802795,0.2519044578075409,0.18000420928001404,0.07190024852752686,0.09089529514312744,0.29189062118530273,0,1,1,1,0,0.20037806034088135,20776,0.22391752577319587,2024,703620300,45,26,True,6664,
589,sf/query/images/1eOPzb90ExbI_0PJyzP7-g.jpg,random,0.2,3,1,1,0.5483983755111694,0.5018501877784729,0.29649391770362854,0.30321234464645386,0.2519044578075409,0.19863784313201904,0.05326661467552185,0.04654818773269653,0.12079131603240967,0,1,1,1,0,0.20037806034088135,20776,0.08465373671983085,2024,703620300,-83,9,True,6664,
589,sf/query/images/1eOPzb90ExbI_0PJyzP7-g.jpg,random,0.2,4,1,1,0.5483983755111694,0.3070029318332672,0.29649391770362854,0.23520523309707642,0.2519044578075409,0.0717976987361908,0.1801067590713501,0.24139544367790222,0.6116933822631836,0,1,1,1,0,0.20037806034088135,20776,0.5670538542766631,2024,703620300,13,14,True,6664,
241,cph/query/images/osEHdmkHJDoWFD3RIbwMxg.jpg,clean,0.0,-1,18,18,0.23897817730903625,0.23897817730903625,0.31199324131011963,0.31199324131011963,-0.07301506400108337,-0.07301506400108337,0.0,0.0,0.0,0,0,0,0,0,0.0,0,0.0,2024,0,0,0,True,0,
241,cph/query/images/osEHdmkHJDoWFD3RIbwMxg.jpg,attention,0.1,-1,18,18,0.23897817730903625,0.20138674974441528,0.31199324131011963,0.2454322874546051,-0.07301506400108337,-0.04404553771018982,-0.028969526290893555,0.03759142756462097,0.24943101406097412,0,0,0,0,0,0.10018903017044067,10388,1.0,2024,3835406219,0,0,True,23842,
241,cph/query/images/osEHdmkHJDoWFD3RIbwMxg.jpg,random,0.1,0,18,13,0.23897817730903625,0.22945736348628998,0.31199324131011963,0.2901657819747925,-0.07301506400108337,-0.0607084184885025,-0.012306645512580872,0.009520813822746277,0.11214649677276611,-5,0,0,0,0,0.10018903017044067,10388,0.033426183844011144,2024,3835406219,-75,49,True,23842,
241,cph/query/images/osEHdmkHJDoWFD3RIbwMxg.jpg,random,0.1,1,18,15,0.23897817730903625,0.2296287715435028,0.31199324131011963,0.29002100229263306,-0.07301506400108337,-0.06039223074913025,-0.012622833251953125,0.009349405765533447,0.10388791561126709,-3,0,0,0,0,0.10018903017044067,10388,0.043548144055452306,2024,3835406219,-39,81,True,23842,
241,cph/query/images/osEHdmkHJDoWFD3RIbwMxg.jpg,random,0.1,2,18,13,0.23897817730903625,0.22788049280643463,0.31199324131011963,0.27623599767684937,-0.07301506400108337,-0.048355504870414734,-0.02465955913066864,0.011097684502601624,0.08497321605682373,-5,0,0,0,0,0.10018903017044067,10388,0.0,2024,3835406219,-91,76,True,23842,
241,cph/query/images/osEHdmkHJDoWFD3RIbwMxg.jpg,random,0.1,3,18,11,0.23897817730903625,0.22857241332530975,0.31199324131011963,0.2687397301197052,-0.07301506400108337,-0.04016731679439545,-0.03284774720668793,0.010405763983726501,0.1688365340232849,-7,0,0,0,0,0.10018903017044067,10388,0.15179066415345382,2024,3835406219,20,93,True,23842,
241,cph/query/images/osEHdmkHJDoWFD3RIbwMxg.jpg,random,0.1,4,18,13,0.23897817730903625,0.2179688662290573,0.31199324131011963,0.2773388624191284,-0.07301506400108337,-0.059369996190071106,-0.013645067811012268,0.021009311079978943,0.15521591901779175,-5,0,0,0,0,0.10018903017044067,10388,0.1146520736090992,2024,3835406219,-13,87,True,23842,
241,cph/query/images/osEHdmkHJDoWFD3RIbwMxg.jpg,attention,0.15,-1,18,33,0.23897817730903625,0.16180960834026337,0.31199324131011963,0.22156637907028198,-0.07301506400108337,-0.059756770730018616,-0.013258293271064758,0.07716856896877289,0.3589157462120056,15,0,0,0,0,0.14933836460113525,15484,1.0,2024,2160727076,0,0,True,19502,
241,cph/query/images/osEHdmkHJDoWFD3RIbwMxg.jpg,random,0.15,0,18,22,0.23897817730903625,0.17507603764533997,0.31199324131011963,0.2561495006084442,-0.07301506400108337,-0.08107346296310425,0.008058398962020874,0.06390213966369629,0.322515606880188,4,0,0,0,0,0.14933836460113525,15484,0.3121477903478666,2024,2160727076,-39,-13,True,19502,
241,cph/query/images/osEHdmkHJDoWFD3RIbwMxg.jpg,random,0.15,1,18,1,0.23897817730903625,0.28114357590675354,0.31199324131011963,0.2768089473247528,-0.07301506400108337,0.004334628582000732,-0.0773496925830841,-0.042165398597717285,0.1869969367980957,-17,1,1,1,0,0.14933836460113525,15484,0.15716314176817875,2024,2160727076,58,19,True,19502,
241,cph/query/images/osEHdmkHJDoWFD3RIbwMxg.jpg,random,0.15,2,18,24,0.23897817730903625,0.19679485261440277,0.31199324131011963,0.2865350842475891,-0.07301506400108337,-0.08974023163318634,0.016725167632102966,0.042183324694633484,0.26101893186569214,6,0,0,0,0,0.14933836460113525,15484,0.20105491777846726,2024,2160727076,-32,57,True,19502,
241,cph/query/images/osEHdmkHJDoWFD3RIbwMxg.jpg,random,0.15,3,18,3,0.23897817730903625,0.26318496465682983,0.31199324131011963,0.27242329716682434,-0.07301506400108337,-0.009238332509994507,-0.06377673149108887,-0.02420678734779358,0.2619851231575012,-15,0,1,1,0,0.14933836460113525,15484,0.22446720177138113,2024,2160727076,49,-3,True,19502,
241,cph/query/images/osEHdmkHJDoWFD3RIbwMxg.jpg,random,0.15,4,18,14,0.23897817730903625,0.22541488707065582,0.31199324131011963,0.27911314368247986,-0.07301506400108337,-0.053698256611824036,-0.01931680738925934,0.013563290238380432,0.05969440937042236,-4,0,0,0,0,0.14933836460113525,15484,0.0003876469828143171,2024,2160727076,-120,72,True,19502,
241,cph/query/images/osEHdmkHJDoWFD3RIbwMxg.jpg,attention,0.2,-1,18,14,0.23897817730903625,0.15290960669517517,0.31199324131011963,0.1792043149471283,-0.07301506400108337,-0.026294708251953125,-0.04672035574913025,0.08606857061386108,0.48757052421569824,-4,0,0,0,0,0.20037806034088135,20776,1.0,2024,3356250559,0,0,True,16730,
241,cph/query/images/osEHdmkHJDoWFD3RIbwMxg.jpg,random,0.2,0,18,11,0.23897817730903625,0.1952802538871765,0.31199324131011963,0.22809886932373047,-0.07301506400108337,-0.032818615436553955,-0.04019644856452942,0.04369792342185974,0.3765280246734619,-7,0,0,0,0,0.20037806034088135,20776,0.30666666666666664,2024,3356250559,36,78,True,16730,
241,cph/query/images/osEHdmkHJDoWFD3RIbwMxg.jpg,random,0.2,1,18,22,0.23897817730903625,0.2033880054950714,0.31199324131011963,0.26250481605529785,-0.07301506400108337,-0.05911681056022644,-0.013898253440856934,0.035590171813964844,0.19430643320083618,4,0,0,0,0,0.20037806034088135,20776,0.12193541419159737,2024,3356250559,-79,2,True,16730,
241,cph/query/images/osEHdmkHJDoWFD3RIbwMxg.jpg,random,0.2,2,18,13,0.23897817730903625,0.1839778572320938,0.31199324131011963,0.2108278125524521,-0.07301506400108337,-0.026849955320358276,-0.0461651086807251,0.055000320076942444,0.36415648460388184,-5,0,0,0,0,0.20037806034088135,20776,0.346904376012966,2024,3356250559,40,41,True,16730,
241,cph/query/images/osEHdmkHJDoWFD3RIbwMxg.jpg,random,0.2,3,18,15,0.23897817730903625,0.2246963530778885,0.31199324131011963,0.28027212619781494,-0.07301506400108337,-0.05557577311992645,-0.01743929088115692,0.014281824231147766,0.15914541482925415,-3,0,0,0,0,0.20037806034088135,20776,0.0809573361082206,2024,3356250559,-61,82,True,16730,
241,cph/query/images/osEHdmkHJDoWFD3RIbwMxg.jpg,random,0.2,4,18,26,0.23897817730903625,0.14510367810726166,0.31199324131011963,0.2028905600309372,-0.07301506400108337,-0.05778688192367554,-0.015228182077407837,0.0938744992017746,0.45051664113998413,8,0,0,0,0,0.20037806034088135,20776,0.5532296650717703,2024,3356250559,4,34,True,16730,
234,cph/query/images/7p8svqjuY0OC4Xn_dQcVqA.jpg,clean,0.0,-1,1,1,0.4576335847377777,0.4576335847377777,0.2980789840221405,0.2980789840221405,0.1595546007156372,0.1595546007156372,0.0,0.0,0.0,0,1,1,1,0,0.0,0,0.0,2024,0,0,0,True,0,
234,cph/query/images/7p8svqjuY0OC4Xn_dQcVqA.jpg,attention,0.1,-1,1,1,0.4576335847377777,0.3576577305793762,0.2980789840221405,0.23092621564865112,0.1595546007156372,0.1267315149307251,0.03282308578491211,0.09997585415840149,0.45130181312561035,0,1,1,1,0,0.10018903017044067,10388,1.0,2024,2807297788,0,0,True,32704,
234,cph/query/images/7p8svqjuY0OC4Xn_dQcVqA.jpg,random,0.1,0,1,1,0.4576335847377777,0.3623950779438019,0.2980789840221405,0.27236753702163696,0.1595546007156372,0.09002754092216492,0.06952705979347229,0.09523850679397583,0.284518301486969,0,1,1,1,0,0.10018903017044067,10388,0.18152866242038215,2024,2807297788,-30,-73,True,32704,
234,cph/query/images/7p8svqjuY0OC4Xn_dQcVqA.jpg,random,0.1,1,1,1,0.4576335847377777,0.45505601167678833,0.2980789840221405,0.3060346841812134,0.1595546007156372,0.14902132749557495,0.010533273220062256,0.00257757306098938,0.02558189630508423,0,1,1,1,0,0.10018903017044067,10388,0.0,2024,2807297788,-120,-64,True,32704,
234,cph/query/images/7p8svqjuY0OC4Xn_dQcVqA.jpg,random,0.1,2,1,1,0.4576335847377777,0.3973034620285034,0.2980789840221405,0.2588902711868286,0.1595546007156372,0.1384131908416748,0.021141409873962402,0.06033012270927429,0.14148485660552979,0,1,1,1,0,0.10018903017044067,10388,0.07469480653838195,2024,2807297788,46,-65,True,32704,
234,cph/query/images/7p8svqjuY0OC4Xn_dQcVqA.jpg,random,0.1,3,1,1,0.4576335847377777,0.41326791048049927,0.2980789840221405,0.2899174392223358,0.1595546007156372,0.12335047125816345,0.036204129457473755,0.04436567425727844,0.08641999959945679,0,1,1,1,0,0.10018903017044067,10388,0.030657803353507294,2024,2807297788,-79,24,True,32704,
234,cph/query/images/7p8svqjuY0OC4Xn_dQcVqA.jpg,random,0.1,4,1,1,0.4576335847377777,0.40176093578338623,0.2980789840221405,0.29015350341796875,0.1595546007156372,0.11160743236541748,0.04794716835021973,0.05587264895439148,0.09777295589447021,0,1,1,1,0,0.10018903017044067,10388,0.036312849162011177,2024,2807297788,74,-14,True,32704,
234,cph/query/images/7p8svqjuY0OC4Xn_dQcVqA.jpg,attention,0.15,-1,1,1,0.4576335847377777,0.3217321038246155,0.2980789840221405,0.2283310890197754,0.1595546007156372,0.09340101480484009,0.06615358591079712,0.13590148091316223,0.5337451100349426,0,1,1,1,0,0.14933836460113525,15484,1.0,2024,2360276111,0,0,True,12992,
234,cph/query/images/7p8svqjuY0OC4Xn_dQcVqA.jpg,random,0.15,0,1,1,0.4576335847377777,0.3318214416503906,0.2980789840221405,0.2688116729259491,0.1595546007156372,0.06300976872444153,0.09654483199119568,0.12581214308738708,0.35790300369262695,0,1,1,1,0,0.14933836460113525,15484,0.2181575013767603,2024,2360276111,-36,-57,True,12992,
234,cph/query/images/7p8svqjuY0OC4Xn_dQcVqA.jpg,random,0.15,1,1,1,0.4576335847377777,0.3980695307254791,0.2980789840221405,0.26605722308158875,0.1595546007156372,0.13201230764389038,0.027542293071746826,0.059564054012298584,0.20030879974365234,0,1,1,1,0,0.14933836460113525,15484,0.2089319175515303,2024,2360276111,40,-60,True,12992,
234,cph/query/images/7p8svqjuY0OC4Xn_dQcVqA.jpg,random,0.15,2,1,1,0.4576335847377777,0.40287867188453674,0.2980789840221405,0.26882150769233704,0.1595546007156372,0.1340571641921997,0.0254974365234375,0.05475491285324097,0.24127626419067383,0,1,1,1,0,0.14933836460113525,15484,0.24830699774266365,2024,2360276111,44,-13,True,12992,
234,cph/query/images/7p8svqjuY0OC4Xn_dQcVqA.jpg,random,0.15,3,1,1,0.4576335847377777,0.36244216561317444,0.2980789840221405,0.2579900026321411,0.1595546007156372,0.10445216298103333,0.05510243773460388,0.09519141912460327,0.3483138084411621,0,1,1,1,0,0.14933836460113525,15484,0.4339692535654751,2024,2360276111,16,-33,True,12992,
234,cph/query/images/7p8svqjuY0OC4Xn_dQcVqA.jpg,random,0.15,4,1,1,0.4576335847377777,0.3307907283306122,0.2980789840221405,0.26111117005348206,0.1595546007156372,0.06967955827713013,0.08987504243850708,0.12684285640716553,0.2891332507133484,0,1,1,1,0,0.14933836460113525,15484,0.17489946126413233,2024,2360276111,-54,-5,True,12992,
234,cph/query/images/7p8svqjuY0OC4Xn_dQcVqA.jpg,attention,0.2,-1,1,1,0.4576335847377777,0.2834961414337158,0.2980789840221405,0.23888881504535675,0.1595546007156372,0.04460732638835907,0.11494727432727814,0.1741374433040619,0.6036883592605591,0,1,1,1,0,0.20037806034088135,20776,1.0,2024,2782742533,0,0,True,182,
234,cph/query/images/7p8svqjuY0OC4Xn_dQcVqA.jpg,random,0.2,0,1,1,0.4576335847377777,0.34996312856674194,0.2980789840221405,0.24447393417358398,0.1595546007156372,0.10548919439315796,0.05406540632247925,0.10767045617103577,0.5212068557739258,0,1,1,1,0,0.20037806034088135,20776,0.4173829990448902,2024,2782742533,27,0,True,182,
234,cph/query/images/7p8svqjuY0OC4Xn_dQcVqA.jpg,random,0.2,1,1,1,0.4576335847377777,0.2678666114807129,0.2980789840221405,0.2268907129764557,0.1595546007156372,0.0409758985042572,0.11857870221138,0.18976697325706482,0.604733407497406,0,1,1,1,0,0.20037806034088135,20776,0.7116493656286044,2024,2782742533,10,0,True,182,
234,cph/query/images/7p8svqjuY0OC4Xn_dQcVqA.jpg,random,0.2,2,1,1,0.4576335847377777,0.3544017970561981,0.2980789840221405,0.25273361802101135,0.1595546007156372,0.10166817903518677,0.05788642168045044,0.10323178768157959,0.40066152811050415,0,1,1,1,0,0.20037806034088135,20776,0.253907900295733,2024,2782742533,43,0,True,182,
234,cph/query/images/7p8svqjuY0OC4Xn_dQcVqA.jpg,random,0.2,3,1,1,0.4576335847377777,0.2646337151527405,0.2980789840221405,0.20716063678264618,0.1595546007156372,0.0574730783700943,0.10208152234554291,0.19299986958503723,0.6123915910720825,0,1,1,1,0,0.20037806034088135,20776,0.7624703087885986,2024,2782742533,-8,0,True,182,
234,cph/query/images/7p8svqjuY0OC4Xn_dQcVqA.jpg,random,0.2,4,1,1,0.4576335847377777,0.27613282203674316,0.2980789840221405,0.18709906935691833,0.1595546007156372,0.08903375267982483,0.07052084803581238,0.18150076270103455,0.5616140961647034,0,1,1,1,0,0.20037806034088135,20776,0.4591937069813176,2024,2782742533,-24,0,True,182,
542,sf/query/images/Lz6FMWANIuAzr6bbcR-tCw.jpg,clean,0.0,-1,1,1,0.38826054334640503,0.38826054334640503,0.2576759457588196,0.2576759457588196,0.13058459758758545,0.13058459758758545,0.0,0.0,0.0,0,1,1,1,0,0.0,0,0.0,2024,0,0,0,True,0,
542,sf/query/images/Lz6FMWANIuAzr6bbcR-tCw.jpg,attention,0.1,-1,1,1,0.38826054334640503,0.2402029037475586,0.2576759457588196,0.23459979891777039,0.13058459758758545,0.005603104829788208,0.12498149275779724,0.14805763959884644,0.43982434272766113,0,1,1,1,0,0.10018903017044067,10388,1.0,2024,869370555,0,0,True,10878,
542,sf/query/images/Lz6FMWANIuAzr6bbcR-tCw.jpg,random,0.1,0,1,1,0.38826054334640503,0.3529406189918518,0.2576759457588196,0.250661164522171,0.13058459758758545,0.10227945446968079,0.028305143117904663,0.03531992435455322,0.19224035739898682,0,1,1,1,0,0.10018903017044067,10388,0.10545918910290518,2024,869370555,32,-37,True,10878,
542,sf/query/images/Lz6FMWANIuAzr6bbcR-tCw.jpg,random,0.1,1,1,1,0.38826054334640503,0.3595138192176819,0.2576759457588196,0.2569507360458374,0.13058459758758545,0.10256308317184448,0.028021514415740967,0.028746724128723145,0.28261739015579224,0,1,1,1,0,0.10018903017044067,10388,0.33213644524236985,2024,869370555,-19,-31,True,10878,
542,sf/query/images/Lz6FMWANIuAzr6bbcR-tCw.jpg,random,0.1,2,1,1,0.38826054334640503,0.30657246708869934,0.2576759457588196,0.20281852781772614,0.13058459758758545,0.1037539392709732,0.026830658316612244,0.08168807625770569,0.3392198085784912,0,1,1,1,0,0.10018903017044067,10388,0.5088967971530249,2024,869370555,-7,-21,True,10878,
542,sf/query/images/Lz6FMWANIuAzr6bbcR-tCw.jpg,random,0.1,3,1,1,0.38826054334640503,0.3864421844482422,0.2576759457588196,0.25639617443084717,0.13058459758758545,0.13004601001739502,0.0005385875701904297,0.0018183588981628418,0.005087792873382568,0,1,1,1,0,0.10018903017044067,10388,0.0,2024,869370555,-157,-39,True,10878,
542,sf/query/images/Lz6FMWANIuAzr6bbcR-tCw.jpg,random,0.1,4,1,1,0.38826054334640503,0.3895159661769867,0.2576759457588196,0.253828763961792,0.13058459758758545,0.1356872022151947,-0.005102604627609253,-0.001255422830581665,0.0043503642082214355,0,1,1,1,0,0.10018903017044067,10388,0.0,2024,869370555,-163,0,True,10878,
542,sf/query/images/Lz6FMWANIuAzr6bbcR-tCw.jpg,attention,0.15,-1,1,2,0.38826054334640503,0.24534118175506592,0.2576759457588196,0.2522314190864563,0.13058459758758545,-0.006890237331390381,0.13747483491897583,0.1429193615913391,0.4915640950202942,1,0,1,1,1,0.14933836460113525,15484,1.0,2024,1528513793,0,0,True,2954,
542,sf/query/images/Lz6FMWANIuAzr6bbcR-tCw.jpg,random,0.15,0,1,1,0.38826054334640503,0.4255807101726532,0.2576759457588196,0.2596430778503418,0.13058459758758545,0.1659376323223114,-0.03535303473472595,-0.03732016682624817,0.20770281553268433,0,1,1,1,0,0.14933836460113525,15484,0.14653831914105886,2024,1528513793,-41,-12,True,2954,
542,sf/query/images/Lz6FMWANIuAzr6bbcR-tCw.jpg,random,0.15,1,1,1,0.38826054334640503,0.3903801143169403,0.2576759457588196,0.2503906190395355,0.13058459758758545,0.13998949527740479,-0.009404897689819336,-0.0021195709705352783,0.011341452598571777,0,1,1,1,0,0.14933836460113525,15484,0.0,2024,1528513793,-153,-13,True,2954,
542,sf/query/images/Lz6FMWANIuAzr6bbcR-tCw.jpg,random,0.15,2,1,1,0.38826054334640503,0.42034125328063965,0.2576759457588196,0.2716629207134247,0.13058459758758545,0.14867833256721497,-0.018093734979629517,-0.03208070993423462,0.17650139331817627,0,1,1,1,0,0.14933836460113525,15484,0.08992362650899237,2024,1528513793,-49,-1,True,2954,
542,sf/query/images/Lz6FMWANIuAzr6bbcR-tCw.jpg,random,0.15,3,1,1,0.38826054334640503,0.38097524642944336,0.2576759457588196,0.2356070876121521,0.13058459758758545,0.14536815881729126,-0.01478356122970581,0.00728529691696167,0.05960488319396973,0,1,1,1,0,0.14933836460113525,15484,0.001358080579447714,2024,1528513793,-95,-7,True,2954,
542,sf/query/images/Lz6FMWANIuAzr6bbcR-tCw.jpg,random,0.15,4,1,1,0.38826054334640503,0.3286547064781189,0.2576759457588196,0.19800905883312225,0.13058459758758545,0.13064564764499664,-6.105005741119385e-05,0.05960583686828613,0.24876797199249268,0,1,1,1,0,0.14933836460113525,15484,0.19420021594940615,2024,1528513793,36,-13,True,2954,
542,sf/query/images/Lz6FMWANIuAzr6bbcR-tCw.jpg,attention,0.2,-1,1,2,0.38826054334640503,0.2346879243850708,0.2576759457588196,0.25638920068740845,0.13058459758758545,-0.021701276302337646,0.1522858738899231,0.15357261896133423,0.5843608379364014,1,0,1,1,1,0.20037806034088135,20776,1.0,2024,3650329884,0,0,True,2954,
542,sf/query/images/Lz6FMWANIuAzr6bbcR-tCw.jpg,random,0.2,0,1,1,0.38826054334640503,0.39082443714141846,0.2576759457588196,0.24708569049835205,0.13058459758758545,0.1437387466430664,-0.013154149055480957,-0.0025638937950134277,0.023859739303588867,0,1,1,1,0,0.20037806034088135,20776,0.0,2024,3650329884,-130,-4,True,2954,
542,sf/query/images/Lz6FMWANIuAzr6bbcR-tCw.jpg,random,0.2,1,1,1,0.38826054334640503,0.38488149642944336,0.2576759457588196,0.23452851176261902,0.13058459758758545,0.15035298466682434,-0.01976838707923889,0.00337904691696167,0.08196794986724854,0,1,1,1,0,0.20037806034088135,20776,0.02203856749311295,2024,3650329884,-90,-9,True,2954,
542,sf/query/images/Lz6FMWANIuAzr6bbcR-tCw.jpg,random,0.2,2,1,1,0.38826054334640503,0.3873046338558197,0.2576759457588196,0.24408303201198578,0.13058459758758545,0.14322160184383392,-0.012637004256248474,0.0009559094905853271,0.017992734909057617,0,1,1,1,0,0.20037806034088135,20776,0.0,2024,3650329884,-151,-2,True,2954,
542,sf/query/images/Lz6FMWANIuAzr6bbcR-tCw.jpg,random,0.2,3,1,1,0.38826054334640503,0.3947758674621582,0.2576759457588196,0.24294129014015198,0.13058459758758545,0.15183457732200623,-0.021249979734420776,-0.006515324115753174,0.03307819366455078,0,1,1,1,0,0.20037806034088135,20776,0.0,2024,3650329884,-122,-2,True,2954,
542,sf/query/images/Lz6FMWANIuAzr6bbcR-tCw.jpg,random,0.2,4,1,1,0.38826054334640503,0.28159675002098083,0.2576759457588196,0.20845955610275269,0.13058459758758545,0.07313719391822815,0.0574474036693573,0.1066637933254242,0.3203772306442261,0,1,1,1,0,0.20037806034088135,20776,0.24957146723603885,2024,3650329884,41,-3,True,2954,
22,cph/query/images/NN8XkhZz-XY_obibQb8vKg.jpg,clean,0.0,-1,1,1,0.5909951329231262,0.5909951329231262,0.31343498826026917,0.31343498826026917,0.27756014466285706,0.27756014466285706,0.0,0.0,0.0,0,1,1,1,0,0.0,0,0.0,2024,0,0,0,True,0,
22,cph/query/images/NN8XkhZz-XY_obibQb8vKg.jpg,attention,0.1,-1,1,1,0.5909951329231262,0.417488157749176,0.31343498826026917,0.24135541915893555,0.27756014466285706,0.17613273859024048,0.10142740607261658,0.1735069751739502,0.3237230181694031,0,1,1,1,0,0.10018903017044067,10388,1.0,2024,287013999,0,0,True,22260,
22,cph/query/images/NN8XkhZz-XY_obibQb8vKg.jpg,random,0.1,0,1,1,0.5909951329231262,0.4929601848125458,0.31343498826026917,0.27635154128074646,0.27756014466285706,0.21660864353179932,0.06095150113105774,0.09803494811058044,0.2571866512298584,0,1,1,1,0,0.10018903017044067,10388,0.25899890922312446,2024,287013999,5,-55,True,22260,
22,cph/query/images/NN8XkhZz-XY_obibQb8vKg.jpg,random,0.1,1,1,1,0.5909951329231262,0.5258263945579529,0.31343498826026917,0.2727470099925995,0.27756014466285706,0.2530793845653534,0.024480760097503662,0.06516873836517334,0.20829933881759644,0,1,1,1,0,0.10018903017044067,10388,0.18072289156626506,2024,287013999,51,3,True,22260,
22,cph/query/images/NN8XkhZz-XY_obibQb8vKg.jpg,random,0.1,2,1,1,0.5909951329231262,0.5726998448371887,0.31343498826026917,0.31007030606269836,0.27756014466285706,0.26262953877449036,0.0149306058883667,0.0182952880859375,0.05194216966629028,0,1,1,1,0,0.10018903017044067,10388,0.027700831024930747,2024,287013999,85,-15,True,22260,
22,cph/query/images/NN8XkhZz-XY_obibQb8vKg.jpg,random,0.1,3,1,1,0.5909951329231262,0.48403191566467285,0.31343498826026917,0.29777857661247253,0.27756014466285706,0.18625333905220032,0.09130680561065674,0.10696321725845337,0.31133925914764404,0,1,1,1,0,0.10018903017044067,10388,0.40113299163744265,2024,287013999,-18,-6,True,22260,
22,cph/query/images/NN8XkhZz-XY_obibQb8vKg.jpg,random,0.1,4,1,1,0.5909951329231262,0.5506155490875244,0.31343498826026917,0.30712538957595825,0.27756014466285706,0.24349015951156616,0.034069985151290894,0.04037958383560181,0.06283247470855713,0,1,1,1,0,0.10018903017044067,10388,0.01643835616438356,2024,287013999,-93,24,True,22260,
22,cph/query/images/NN8XkhZz-XY_obibQb8vKg.jpg,attention,0.15,-1,1,1,0.5909951329231262,0.38615062832832336,0.31343498826026917,0.2207513153553009,0.27756014466285706,0.16539931297302246,0.1121608316898346,0.20484450459480286,0.46449702978134155,0,1,1,1,0,0.14933836460113525,15484,1.0,2024,2558450324,0,0,True,12992,
22,cph/query/images/NN8XkhZz-XY_obibQb8vKg.jpg,random,0.15,0,1,1,0.5909951329231262,0.4876987636089325,0.31343498826026917,0.23699279129505157,0.27756014466285706,0.2507059574127197,0.02685418725013733,0.10329636931419373,0.359053373336792,0,1,1,1,0,0.14933836460113525,15484,0.28157589803012745,2024,2558450324,46,16,True,12992,
22,cph/query/images/NN8XkhZz-XY_obibQb8vKg.jpg,random,0.15,1,1,1,0.5909951329231262,0.36671119928359985,0.31343498826026917,0.24810566008090973,0.27756014466285706,0.11860553920269012,0.15895460546016693,0.22428393363952637,0.3153051733970642,0,1,1,1,0,0.14933836460113525,15484,0.23094045631608237,2024,2558450324,-49,19,True,12992,
22,cph/query/images/NN8XkhZz-XY_obibQb8vKg.jpg,random,0.15,2,1,1,0.5909951329231262,0.4201239347457886,0.31343498826026917,0.24426651000976562,0.27756014466285706,0.17585742473602295,0.1017027199268341,0.17087119817733765,0.40187370777130127,0,1,1,1,0,0.14933836460113525,15484,0.3895719285650184,2024,2558450324,-26,23,True,12992,
22,cph/query/images/NN8XkhZz-XY_obibQb8vKg.jpg,random,0.15,3,1,1,0.5909951329231262,0.3848101794719696,0.31343498826026917,0.23639488220214844,0.27756014466285706,0.14841529726982117,0.1291448473930359,0.20618495345115662,0.441598117351532,0,1,1,1,0,0.14933836460113525,15484,0.3695382982487175,2024,2558450324,-33,-8,True,12992,
22,cph/query/images/NN8XkhZz-XY_obibQb8vKg.jpg,random,0.15,4,1,1,0.5909951329231262,0.539720356464386,0.31343498826026917,0.2818918526172638,0.27756014466285706,0.2578285038471222,0.019731640815734863,0.051274776458740234,0.12938308715820312,0,1,1,1,0,0.14933836460113525,15484,0.09126788357178096,2024,2558450324,83,9,True,12992,
22,cph/query/images/NN8XkhZz-XY_obibQb8vKg.jpg,attention,0.2,-1,1,1,0.5909951329231262,0.3854960799217224,0.31343498826026917,0.229411780834198,0.27756014466285706,0.15608429908752441,0.12147584557533264,0.2054990530014038,0.5224456787109375,0,1,1,1,0,0.20037806034088135,20776,1.0,2024,157007601,0,0,True,2534,
22,cph/query/images/NN8XkhZz-XY_obibQb8vKg.jpg,random,0.2,0,1,1,0.5909951329231262,0.3684900403022766,0.31343498826026917,0.23830462992191315,0.27756014466285706,0.13018541038036346,0.1473747342824936,0.2225050926208496,0.5358150005340576,0,1,1,1,0,0.20037806034088135,20776,0.913956701980654,2024,157007601,-1,-2,True,2534,
22,cph/query/images/NN8XkhZz-XY_obibQb8vKg.jpg,random,0.2,1,1,1,0.5909951329231262,0.3347482681274414,0.31343498826026917,0.2063302844762802,0.27756014466285706,0.1284179836511612,0.14914216101169586,0.2562468647956848,0.5601080656051636,0,1,1,1,0,0.20037806034088135,20776,0.4854854854854855,2024,157007601,22,0,True,2534,
22,cph/query/images/NN8XkhZz-XY_obibQb8vKg.jpg,random,0.2,2,1,1,0.5909951329231262,0.3759733736515045,0.31343498826026917,0.2131708860397339,0.27756014466285706,0.16280248761177063,0.11475765705108643,0.2150217592716217,0.5525214076042175,0,1,1,1,0,0.20037806034088135,20776,0.5923356964935812,2024,157007601,11,-9,True,2534,
22,cph/query/images/NN8XkhZz-XY_obibQb8vKg.jpg,random,0.2,3,1,1,0.5909951329231262,0.43957993388175964,0.31343498826026917,0.28214913606643677,0.27756014466285706,0.15743079781532288,0.12012934684753418,0.15141519904136658,0.2615932822227478,0,1,1,1,0,0.20037806034088135,20776,0.21839080459770116,2024,157007601,-56,-1,True,2534,
22,cph/query/images/NN8XkhZz-XY_obibQb8vKg.jpg,random,0.2,4,1,1,0.5909951329231262,0.49939030408859253,0.31343498826026917,0.25574180483818054,0.27756014466285706,0.243648499250412,0.03391164541244507,0.09160482883453369,0.33671319484710693,0,1,1,1,0,0.20037806034088135,20776,0.18564172801460938,2024,157007601,62,-3,True,2534,
474,cph/query/images/Xa2iyz4KT5fjw3fYaGguEQ.jpg,clean,0.0,-1,1,1,0.6992273926734924,0.6992273926734924,0.3136906027793884,0.3136906027793884,0.385536789894104,0.385536789894104,0.0,0.0,0.0,0,1,1,1,0,0.0,0,0.0,2024,0,0,0,True,0,
474,cph/query/images/Xa2iyz4KT5fjw3fYaGguEQ.jpg,attention,0.1,-1,1,1,0.6992273926734924,0.4751156270503998,0.3136906027793884,0.2547597885131836,0.385536789894104,0.2203558385372162,0.16518095135688782,0.22411176562309265,0.3651368021965027,0,1,1,1,0,0.10018903017044067,10388,1.0,2024,2149663890,0,0,True,17934,
474,cph/query/images/Xa2iyz4KT5fjw3fYaGguEQ.jpg,random,0.1,0,1,1,0.6992273926734924,0.5146289467811584,0.3136906027793884,0.21788400411605835,0.385536789894104,0.2967449426651001,0.0887918472290039,0.18459844589233398,0.2989668846130371,0,1,1,1,0,0.10018903017044067,10388,0.17965023847376788,2024,2149663890,31,32,True,17934,
474,cph/query/images/Xa2iyz4KT5fjw3fYaGguEQ.jpg,random,0.1,1,1,1,0.6992273926734924,0.510787844657898,0.3136906027793884,0.2666196823120117,0.385536789894104,0.24416816234588623,0.14136862754821777,0.18843954801559448,0.30715882778167725,0,1,1,1,0,0.10018903017044067,10388,0.5096642929806714,2024,2149663890,0,15,True,17934,
474,cph/query/images/Xa2iyz4KT5fjw3fYaGguEQ.jpg,random,0.1,2,1,1,0.6992273926734924,0.5359899997711182,0.3136906027793884,0.23409254848957062,0.385536789894104,0.30189746618270874,0.08363932371139526,0.16323739290237427,0.2855008840560913,0,1,1,1,0,0.10018903017044067,10388,0.39623655913978495,2024,2149663890,8,26,True,17934,
474,cph/query/images/Xa2iyz4KT5fjw3fYaGguEQ.jpg,random,0.1,3,1,1,0.6992273926734924,0.5584791898727417,0.3136906027793884,0.2373056709766388,0.385536789894104,0.3211735188961029,0.0643632709980011,0.14074820280075073,0.2274491786956787,0,1,1,1,0,0.10018903017044067,10388,0.10858545435142201,2024,2149663890,41,51,True,17934,
474,cph/query/images/Xa2iyz4KT5fjw3fYaGguEQ.jpg,random,0.1,4,1,1,0.6992273926734924,0.7001449465751648,0.3136906027793884,0.31723135709762573,0.385536789894104,0.38291358947753906,0.0026232004165649414,-0.0009175539016723633,0.01976001262664795,0,1,1,1,0,0.10018903017044067,10388,0.0,2024,2149663890,106,62,True,17934,
474,cph/query/images/Xa2iyz4KT5fjw3fYaGguEQ.jpg,attention,0.15,-1,1,1,0.6992273926734924,0.43607068061828613,0.3136906027793884,0.23972032964229584,0.385536789894104,0.1963503509759903,0.1891864389181137,0.2631567120552063,0.4203760027885437,0,1,1,1,0,0.14933836460113525,15484,1.0,2024,621191567,0,0,True,10430,
474,cph/query/images/Xa2iyz4KT5fjw3fYaGguEQ.jpg,random,0.15,0,1,1,0.6992273926734924,0.421132892370224,0.3136906027793884,0.22748132050037384,0.385536789894104,0.19365157186985016,0.19188521802425385,0.27809450030326843,0.43611156940460205,0,1,1,1,0,0.14933836460113525,15484,0.7277393438964517,2024,621191567,-6,2,True,10430,
474,cph/query/images/Xa2iyz4KT5fjw3fYaGguEQ.jpg,random,0.15,1,1,1,0.6992273926734924,0.6284160017967224,0.3136906027793884,0.29432913661003113,0.385536789894104,0.3340868651866913,0.05144992470741272,0.07081139087677002,0.16504335403442383,0,1,1,1,0,0.14933836460113525,15484,0.11830131445904954,2024,621191567,54,28,True,10430,
474,cph/query/images/Xa2iyz4KT5fjw3fYaGguEQ.jpg,random,0.15,2,1,1,0.6992273926734924,0.6478959918022156,0.3136906027793884,0.29670074582099915,0.385536789894104,0.35119524598121643,0.03434154391288757,0.051331400871276855,0.05917924642562866,0,1,1,1,0,0.14933836460113525,15484,0.037037037037037035,2024,621191567,-85,38,True,10430,
474,cph/query/images/Xa2iyz4KT5fjw3fYaGguEQ.jpg,random,0.15,3,1,1,0.6992273926734924,0.5439147353172302,0.3136906027793884,0.24647539854049683,0.385536789894104,0.2974393367767334,0.0880974531173706,0.1553126573562622,0.25673115253448486,0,1,1,1,0,0.14933836460113525,15484,0.3394463667820069,2024,621191567,-20,26,True,10430,
474,cph/query/images/Xa2iyz4KT5fjw3fYaGguEQ.jpg,random,0.15,4,1,1,0.6992273926734924,0.5881757736206055,0.3136906027793884,0.24119187891483307,0.385536789894104,0.3469839096069336,0.03855288028717041,0.11105161905288696,0.21423101425170898,0,1,1,1,0,0.14933836460113525,15484,0.1337775499743721,2024,621191567,-52,7,True,10430,
474,cph/query/images/Xa2iyz4KT5fjw3fYaGguEQ.jpg,attention,0.2,-1,1,1,0.6992273926734924,0.42411768436431885,0.3136906027793884,0.25067782402038574,0.385536789894104,0.1734398603439331,0.2120969295501709,0.2751097083091736,0.45433759689331055,0,1,1,1,0,0.20037806034088135,20776,1.0,2024,2809924621,0,0,True,7868,
474,cph/query/images/Xa2iyz4KT5fjw3fYaGguEQ.jpg,random,0.2,0,1,1,0.6992273926734924,0.5913728475570679,0.3136906027793884,0.2483559399843216,0.385536789894104,0.34301692247390747,0.04251986742019653,0.10785454511642456,0.1815493106842041,0,1,1,1,0,0.20037806034088135,20776,0.16483516483516483,2024,2809924621,-59,28,True,7868,
474,cph/query/images/Xa2iyz4KT5fjw3fYaGguEQ.jpg,random,0.2,1,1,1,0.6992273926734924,0.4812408685684204,0.3136906027793884,0.25093966722488403,0.385536789894104,0.23030120134353638,0.15523558855056763,0.21798652410507202,0.371049165725708,0,1,1,1,0,0.20037806034088135,20776,0.39915145801064045,2024,2809924621,-27,9,True,7868,
474,cph/query/images/Xa2iyz4KT5fjw3fYaGguEQ.jpg,random,0.2,2,1,1,0.6992273926734924,0.5663437843322754,0.3136906027793884,0.23286035656929016,0.385536789894104,0.33348342776298523,0.052053362131118774,0.13288360834121704,0.25883954763412476,0,1,1,1,0,0.20037806034088135,20776,0.26876335877862595,2024,2809924621,-43,18,True,7868,
474,cph/query/images/Xa2iyz4KT5fjw3fYaGguEQ.jpg,random,0.2,3,1,1,0.6992273926734924,0.6877849102020264,0.3136906027793884,0.3163403272628784,0.385536789894104,0.37144458293914795,0.014092206954956055,0.011442482471466064,0.09717041254043579,0,1,1,1,0,0.20037806034088135,20776,0.0730296456977585,2024,2809924621,80,2,True,7868,
474,cph/query/images/Xa2iyz4KT5fjw3fYaGguEQ.jpg,random,0.2,4,1,1,0.6992273926734924,0.6076277494430542,0.3136906027793884,0.2597034275531769,0.385536789894104,0.3479243218898773,0.037612468004226685,0.09159964323043823,0.174405038356781,0,1,1,1,0,0.20037806034088135,20776,0.14759169244365886,2024,2809924621,-61,36,True,7868,
658,sf/query/images/ZpDVO5a6k_-VPRTO8lYrSQ.jpg,clean,0.0,-1,1,1,0.629718005657196,0.629718005657196,0.41381362080574036,0.41381362080574036,0.2159043848514557,0.2159043848514557,0.0,0.0,0.0,0,1,1,1,0,0.0,0,0.0,2024,0,0,0,True,0,
658,sf/query/images/ZpDVO5a6k_-VPRTO8lYrSQ.jpg,attention,0.1,-1,1,1,0.629718005657196,0.43312186002731323,0.41381362080574036,0.3846825361251831,0.2159043848514557,0.04843932390213013,0.16746506094932556,0.1965961456298828,0.31084340810775757,0,1,1,1,0,0.10018903017044067,10388,1.0,2024,2197045732,0,0,True,12824,
658,sf/query/images/ZpDVO5a6k_-VPRTO8lYrSQ.jpg,random,0.1,0,1,1,0.629718005657196,0.41178998351097107,0.41381362080574036,0.3198699653148651,0.2159043848514557,0.09192001819610596,0.12398436665534973,0.21792802214622498,0.3433072566986084,0,1,1,1,0,0.10018903017044067,10388,0.358974358974359,2024,2197045732,-14,21,True,12824,
658,sf/query/images/ZpDVO5a6k_-VPRTO8lYrSQ.jpg,random,0.1,1,1,1,0.629718005657196,0.589368462562561,0.41381362080574036,0.37399885058403015,0.2159043848514557,0.21536961197853088,0.0005347728729248047,0.04034954309463501,0.11885654926300049,0,1,1,1,0,0.10018903017044067,10388,0.06806498046473371,2024,2197045732,50,24,True,12824,
658,sf/query/images/ZpDVO5a6k_-VPRTO8lYrSQ.jpg,random,0.1,2,1,1,0.629718005657196,0.5914367437362671,0.41381362080574036,0.4190339148044586,0.2159043848514557,0.17240282893180847,0.04350155591964722,0.038281261920928955,0.0746147632598877,0,1,1,1,0,0.10018903017044067,10388,0.00014441823520916576,2024,2197045732,-67,15,True,12824,
658,sf/query/images/ZpDVO5a6k_-VPRTO8lYrSQ.jpg,random,0.1,3,1,1,0.629718005657196,0.5900170207023621,0.41381362080574036,0.3753831386566162,0.2159043848514557,0.21463388204574585,0.0012705028057098389,0.039700984954833984,0.07179611921310425,0,1,1,1,0,0.10018903017044067,10388,0.008837525492861998,2024,2197045732,71,4,True,12824,
658,sf/query/images/ZpDVO5a6k_-VPRTO8lYrSQ.jpg,random,0.1,4,1,1,0.629718005657196,0.5777924060821533,0.41381362080574036,0.4060104191303253,0.2159043848514557,0.171781986951828,0.044122397899627686,0.051925599575042725,0.09586912393569946,0,1,1,1,0,0.10018903017044067,10388,0.005030959752321981,2024,2197045732,-57,22,True,12824,
658,sf/query/images/ZpDVO5a6k_-VPRTO8lYrSQ.jpg,attention,0.15,-1,1,1,0.629718005657196,0.4202215075492859,0.41381362080574036,0.354423463344574,0.2159043848514557,0.06579804420471191,0.15010634064674377,0.20949649810791016,0.38397616147994995,0,1,1,1,0,0.14933836460113525,15484,1.0,2024,3945473491,0,0,True,210,
658,sf/query/images/ZpDVO5a6k_-VPRTO8lYrSQ.jpg,random,0.15,0,1,1,0.629718005657196,0.5817732214927673,0.41381362080574036,0.3600058853626251,0.2159043848514557,0.2217673361301422,-0.0058629512786865234,0.04794478416442871,0.09447121620178223,0,1,1,1,0,0.14933836460113525,15484,0.02029520295202952,2024,3945473491,74,0,True,210,
658,sf/query/images/ZpDVO5a6k_-VPRTO8lYrSQ.jpg,random,0.15,1,1,1,0.629718005657196,0.5721904039382935,0.41381362080574036,0.3798993229866028,0.2159043848514557,0.19229108095169067,0.023613303899765015,0.05752760171890259,0.1600380539894104,0,1,1,1,0,0.14933836460113525,15484,0.05786704925872788,2024,3945473491,-57,0,True,210,
658,sf/query/images/ZpDVO5a6k_-VPRTO8lYrSQ.jpg,random,0.15,2,1,1,0.629718005657196,0.6147770881652832,0.41381362080574036,0.4343051612377167,0.2159043848514557,0.18047192692756653,0.03543245792388916,0.014940917491912842,0.06549805402755737,0,1,1,1,0,0.14933836460113525,15484,0.011893870082342177,2024,3945473491,-80,0,True,210,
658,sf/query/images/ZpDVO5a6k_-VPRTO8lYrSQ.jpg,random,0.15,3,1,1,0.629718005657196,0.4974665343761444,0.41381362080574036,0.40337949991226196,0.2159043848514557,0.09408703446388245,0.12181735038757324,0.13225147128105164,0.2764008641242981,0,1,1,1,0,0.14933836460113525,15484,0.36711990111248455,2024,3945473491,23,0,True,210,
658,sf/query/images/ZpDVO5a6k_-VPRTO8lYrSQ.jpg,random,0.15,4,1,1,0.629718005657196,0.5803487300872803,0.41381362080574036,0.367247611284256,0.2159043848514557,0.2131011188030243,0.0028032660484313965,0.04936927556991577,0.16167134046554565,0,1,1,1,0,0.14933836460113525,15484,0.06040268456375839,2024,3945473491,-56,0,True,210,
658,sf/query/images/ZpDVO5a6k_-VPRTO8lYrSQ.jpg,attention,0.2,-1,1,1,0.629718005657196,0.3710291385650635,0.41381362080574036,0.3478241562843323,0.2159043848514557,0.0232049822807312,0.1926994025707245,0.25868886709213257,0.44120532274246216,0,1,1,1,0,0.20037806034088135,20776,1.0,2024,487831558,0,0,True,196,
658,sf/query/images/ZpDVO5a6k_-VPRTO8lYrSQ.jpg,random,0.2,0,1,1,0.629718005657196,0.6078617572784424,0.41381362080574036,0.4311373829841614,0.2159043848514557,0.176724374294281,0.03918001055717468,0.021856248378753662,0.09406650066375732,0,1,1,1,0,0.20037806034088135,20776,0.0465444287729196,2024,487831558,-83,0,True,196,
658,sf/query/images/ZpDVO5a6k_-VPRTO8lYrSQ.jpg,random,0.2,1,1,1,0.629718005657196,0.4416535198688507,0.41381362080574036,0.3386443257331848,0.2159043848514557,0.1030091941356659,0.1128951907157898,0.18806448578834534,0.3608088493347168,0,1,1,1,0,0.20037806034088135,20776,0.4442822384428224,2024,487831558,25,0,True,196,
658,sf/query/images/ZpDVO5a6k_-VPRTO8lYrSQ.jpg,random,0.2,2,1,1,0.629718005657196,0.4449135363101959,0.41381362080574036,0.3482241630554199,0.2159043848514557,0.096689373254776,0.11921501159667969,0.18480446934700012,0.40443551540374756,0,1,1,1,0,0.20037806034088135,20776,0.465679012345679,2024,487831558,-23,0,True,196,
658,sf/query/images/ZpDVO5a6k_-VPRTO8lYrSQ.jpg,random,0.2,3,1,1,0.629718005657196,0.6078617572784424,0.41381362080574036,0.4311373829841614,0.2159043848514557,0.176724374294281,0.03918001055717468,0.021856248378753662,0.09406650066375732,0,1,1,1,0,0.20037806034088135,20776,0.0465444287729196,2024,487831558,-83,0,True,196,
658,sf/query/images/ZpDVO5a6k_-VPRTO8lYrSQ.jpg,random,0.2,4,1,1,0.629718005657196,0.5196272134780884,0.41381362080574036,0.41017356514930725,0.2159043848514557,0.10945364832878113,0.10645073652267456,0.11009079217910767,0.25114113092422485,0,1,1,1,0,0.20037806034088135,20776,0.2732732732732733,2024,487831558,39,0,True,196,
313,cph/query/images/miQI1N1A3W1TVNCcK7REWg.jpg,clean,0.0,-1,1,1,0.3673379421234131,0.3673379421234131,0.31624549627304077,0.31624549627304077,0.051092445850372314,0.051092445850372314,0.0,0.0,0.0,0,1,1,1,0,0.0,0,0.0,2024,0,0,0,True,0,
313,cph/query/images/miQI1N1A3W1TVNCcK7REWg.jpg,attention,0.1,-1,1,1,0.3673379421234131,0.3143557012081146,0.31624549627304077,0.2703815996646881,0.051092445850372314,0.043974101543426514,0.007118344306945801,0.05298224091529846,0.24706077575683594,0,1,1,1,0,0.10018903017044067,10388,1.0,2024,3581445115,0,0,True,29750,
313,cph/query/images/miQI1N1A3W1TVNCcK7REWg.jpg,random,0.1,0,1,1,0.3673379421234131,0.36445799469947815,0.31624549627304077,0.30786189436912537,0.051092445850372314,0.05659610033035278,-0.005503654479980469,0.0028799474239349365,0.07870352268218994,0,1,1,1,0,0.10018903017044067,10388,0.03745131329271947,2024,3581445115,-82,-31,True,29750,
313,cph/query/images/miQI1N1A3W1TVNCcK7REWg.jpg,random,0.1,1,1,1,0.3673379421234131,0.31148698925971985,0.31624549627304077,0.280704140663147,0.051092445850372314,0.030782848596572876,0.02030959725379944,0.05585095286369324,0.23793470859527588,0,1,1,1,0,0.10018903017044067,10388,0.29364881693648814,2024,3581445115,-2,59,True,29750,
313,cph/query/images/miQI1N1A3W1TVNCcK7REWg.jpg,random,0.1,2,1,1,0.3673379421234131,0.30496761202812195,0.31624549627304077,0.2662550210952759,0.051092445850372314,0.03871259093284607,0.012379854917526245,0.06237033009529114,0.21402513980865479,0,1,1,1,0,0.10018903017044067,10388,0.17405063291139242,2024,3581445115,46,-23,True,29750,
313,cph/query/images/miQI1N1A3W1TVNCcK7REWg.jpg,random,0.1,3,1,1,0.3673379421234131,0.3436661660671234,0.31624549627304077,0.3087708055973053,0.051092445850372314,0.034895360469818115,0.0161970853805542,0.023671776056289673,0.16286766529083252,0,1,1,1,0,0.10018903017044067,10388,0.14569317304510865,2024,3581445115,-48,31,True,29750,
313,cph/query/images/miQI1N1A3W1TVNCcK7REWg.jpg,random,0.1,4,1,1,0.3673379421234131,0.3403318226337433,0.31624549627304077,0.3150390684604645,0.051092445850372314,0.02529275417327881,0.025799691677093506,0.0270061194896698,0.16574478149414062,0,1,1,1,0,0.10018903017044067,10388,0.1477184841453983,2024,3581445115,-51,20,True,29750,
313,cph/query/images/miQI1N1A3W1TVNCcK7REWg.jpg,attention,0.15,-1,1,1,0.3673379421234131,0.2785075902938843,0.31624549627304077,0.273847758769989,0.051092445850372314,0.004659831523895264,0.04643261432647705,0.08883035182952881,0.3568546772003174,0,1,1,1,0,0.14933836460113525,15484,1.0,2024,3413040506,0,0,True,12026,
313,cph/query/images/miQI1N1A3W1TVNCcK7REWg.jpg,random,0.15,0,1,1,0.3673379421234131,0.35105574131011963,0.31624549627304077,0.30714336037635803,0.051092445850372314,0.0439123809337616,0.007180064916610718,0.016282200813293457,0.07451725006103516,0,1,1,1,0,0.14933836460113525,15484,0.009124087591240875,2024,3413040506,-88,50,True,12026,
313,cph/query/images/miQI1N1A3W1TVNCcK7REWg.jpg,random,0.15,1,1,1,0.3673379421234131,0.3657805919647217,0.31624549627304077,0.3211919665336609,0.051092445850372314,0.04458862543106079,0.0065038204193115234,0.0015573501586914062,0.032073915004730225,0,1,1,1,0,0.14933836460113525,15484,0.0,2024,3413040506,-130,8,True,12026,
313,cph/query/images/miQI1N1A3W1TVNCcK7REWg.jpg,random,0.15,2,1,1,0.3673379421234131,0.3223881721496582,0.31624549627304077,0.3141009211540222,0.051092445850372314,0.008287250995635986,0.04280519485473633,0.04494976997375488,0.20851129293441772,0,1,1,1,0,0.14933836460113525,15484,0.10956646363310642,2024,3413040506,-60,23,True,12026,
313,cph/query/images/miQI1N1A3W1TVNCcK7REWg.jpg,random,0.15,3,1,1,0.3673379421234131,0.31660735607147217,0.31624549627304077,0.2891819179058075,0.051092445850372314,0.027425438165664673,0.02366700768470764,0.05073058605194092,0.11395150423049927,0,1,1,1,0,0.14933836460113525,15484,0.08697788697788698,2024,3413040506,69,28,True,12026,
313,cph/query/images/miQI1N1A3W1TVNCcK7REWg.jpg,random,0.15,4,1,1,0.3673379421234131,0.3534460961818695,0.31624549627304077,0.3146287500858307,0.051092445850372314,0.03881734609603882,0.012275099754333496,0.013891845941543579,0.05598503351211548,0,1,1,1,0,0.14933836460113525,15484,0.0005169294391315585,2024,3413040506,-110,34,True,12026,
313,cph/query/images/miQI1N1A3W1TVNCcK7REWg.jpg,attention,0.2,-1,1,5,0.3673379421234131,0.24568568170070648,0.31624549627304077,0.2797245681285858,0.051092445850372314,-0.034038886427879333,0.08513133227825165,0.1216522604227066,0.4190257787704468,4,0,1,1,1,0.20037806034088135,20776,1.0,2024,4046245954,0,0,True,7868,
313,cph/query/images/miQI1N1A3W1TVNCcK7REWg.jpg,random,0.2,0,1,1,0.3673379421234131,0.28628063201904297,0.31624549627304077,0.26947784423828125,0.051092445850372314,0.01680278778076172,0.034289658069610596,0.08105731010437012,0.32790422439575195,0,1,1,1,0,0.20037806034088135,20776,0.2705479452054795,2024,4046245954,-42,6,True,7868,
313,cph/query/images/miQI1N1A3W1TVNCcK7REWg.jpg,random,0.2,1,1,1,0.3673379421234131,0.2875741720199585,0.31624549627304077,0.2703406512737274,0.051092445850372314,0.01723352074623108,0.033858925104141235,0.07976377010345459,0.30878472328186035,0,1,1,1,0,0.20037806034088135,20776,0.2938099389712293,2024,4046245954,39,27,True,7868,
313,cph/query/images/miQI1N1A3W1TVNCcK7REWg.jpg,random,0.2,2,1,4,0.3673379421234131,0.28856542706489563,0.31624549627304077,0.31139665842056274,0.051092445850372314,-0.022831231355667114,0.07392367720603943,0.07877251505851746,0.3823421597480774,3,0,1,1,1,0.20037806034088135,20776,0.43450942484291927,2024,4046245954,-5,38,True,7868,
313,cph/query/images/miQI1N1A3W1TVNCcK7REWg.jpg,random,0.2,3,1,1,0.3673379421234131,0.28085070848464966,0.31624549627304077,0.27966269850730896,0.051092445850372314,0.0011880099773406982,0.049904435873031616,0.08648723363876343,0.258190393447876,0,1,1,1,0,0.20037806034088135,20776,0.1853035143769968,2024,4046245954,56,34,True,7868,
313,cph/query/images/miQI1N1A3W1TVNCcK7REWg.jpg,random,0.2,4,1,1,0.3673379421234131,0.29156944155693054,0.31624549627304077,0.2899351716041565,0.051092445850372314,0.0016342699527740479,0.04945817589759827,0.07576850056648254,0.2110140323638916,0,1,1,1,0,0.20037806034088135,20776,0.06724199928083423,2024,4046245954,-78,23,True,7868,
