seed,image_key,place_key,strategy,condition,random_repeat,shift_y,shift_x,paired_eligible,exclusion_reason,legal_random_locations,unique_random_placements,placement_seed,target_mask_tokens,mask_pixels,actual_area_fraction,clean_margin,perturbed_margin,clean_positive_sim,positive_sim,clean_negative_sim,negative_sim,clean_rank,perturbed_rank,margin_drop,descriptor_drift,positive_similarity_drop,rank_degradation,failure_flip,hit_at_1,hit_at_5,hit_at_10,applied_mask_pixels
0,Miami/Miami_0003418_2015_10_305_25.75781373645987_-80.25895705092262_8CBliO0XoMBZgkGQun9JUg.jpg,Miami:3418,attention,clean,-1,0,0,True,,4088,5,3248366653219435522,38,7448,0.1484375,0.29778414964675903,0.29778414964675903,0.496824711561203,0.496824711561203,0.19904054701328278,0.19904054701328278,1,1,0.0,0.0,0.0,0,0,1,1,1,0
0,Miami/Miami_0003418_2015_10_305_25.75781373645987_-80.25895705092262_8CBliO0XoMBZgkGQun9JUg.jpg,Miami:3418,fused,clean,-1,0,0,True,,6062,5,5267898687906403286,38,7448,0.1484375,0.29778414964675903,0.29778414964675903,0.496824711561203,0.496824711561203,0.19904054701328278,0.19904054701328278,1,1,0.0,0.0,0.0,0,0,1,1,1,0
0,Miami/Miami_0003418_2015_10_305_25.75781373645987_-80.25895705092262_8CBliO0XoMBZgkGQun9JUg.jpg,Miami:3418,attention,targeted,-1,0,0,True,,4088,5,3248366653219435522,38,7448,0.1484375,0.29778414964675903,0.2158808559179306,0.496824711561203,0.4040429890155792,0.19904054701328278,0.18816213309764862,1,1,0.08190329372882843,0.21958380937576294,0.09278172254562378,0,0,1,1,1,7448
0,Miami/Miami_0003418_2015_10_305_25.75781373645987_-80.25895705092262_8CBliO0XoMBZgkGQun9JUg.jpg,Miami:3418,attention,random,0,96,-10,True,,4088,5,3248366653219435522,38,7448,0.1484375,0.29778414964675903,0.2875029742717743,0.496824711561203,0.48412060737609863,0.19904054701328278,0.19661763310432434,1,1,0.010281175374984741,0.07062965631484985,0.01270410418510437,0,0,1,1,1,7448
0,Miami/Miami_0003418_2015_10_305_25.75781373645987_-80.25895705092262_8CBliO0XoMBZgkGQun9JUg.jpg,Miami:3418,attention,random,1,96,-16,True,,4088,5,3248366653219435522,38,7448,0.1484375,0.29778414964675903,0.28595128655433655,0.496824711561203,0.4862171709537506,0.19904054701328278,0.20026588439941406,1,1,0.011832863092422485,0.07626736164093018,0.010607540607452393,0,0,1,1,1,7448
0,Miami/Miami_0003418_2015_10_305_25.75781373645987_-80.25895705092262_8CBliO0XoMBZgkGQun9JUg.jpg,Miami:3418,attention,random,2,-1,-22,True,,4088,5,3248366653219435522,38,7448,0.1484375,0.29778414964675903,0.22247926890850067,0.496824711561203,0.4154707193374634,0.19904054701328278,0.1929914504289627,1,1,0.07530488073825836,0.27420151233673096,0.08135399222373962,0,0,1,1,1,7448
0,Miami/Miami_0003418_2015_10_305_25.75781373645987_-80.25895705092262_8CBliO0XoMBZgkGQun9JUg.jpg,Miami:3418,attention,random,3,78,-28,True,,4088,5,3248366653219435522,38,7448,0.1484375,0.29778414964675903,0.3056620955467224,0.496824711561203,0.4939834475517273,0.19904054701328278,0.18832136690616608,1,1,-0.007877945899963379,0.09231090545654297,0.002841264009475708,0,0,1,1,1,7448
0,Miami/Miami_0003418_2015_10_305_25.75781373645987_-80.25895705092262_8CBliO0XoMBZgkGQun9JUg.jpg,Miami:3418,attention,random,4,107,-4,True,,4088,5,3248366653219435522,38,7448,0.1484375,0.29778414964675903,0.30090057849884033,0.496824711561203,0.5036364793777466,0.19904054701328278,0.20273588597774506,1,1,-0.003116428852081299,0.05193692445755005,-0.006811767816543579,0,0,1,1,1,7448
0,Miami/Miami_0003418_2015_10_305_25.75781373645987_-80.25895705092262_8CBliO0XoMBZgkGQun9JUg.jpg,Miami:3418,fused,targeted,-1,0,0,True,,6062,5,5267898687906403286,38,7448,0.1484375,0.29778414964675903,0.22897061705589294,0.496824711561203,0.41020315885543823,0.19904054701328278,0.1812325417995453,1,1,0.06881353259086609,0.22540193796157837,0.08662155270576477,0,0,1,1,1,7448
0,Miami/Miami_0003418_2015_10_305_25.75781373645987_-80.25895705092262_8CBliO0XoMBZgkGQun9JUg.jpg,Miami:3418,fused,random,0,73,-1,True,,6062,5,5267898687906403286,38,7448,0.1484375,0.29778414964675903,0.2967989146709442,0.496824711561203,0.4839595854282379,0.19904054701328278,0.1871606707572937,1,1,0.0009852349758148193,0.08574140071868896,0.012865126132965088,0,0,1,1,1,7448
0,Miami/Miami_0003418_2015_10_305_25.75781373645987_-80.25895705092262_8CBliO0XoMBZgkGQun9JUg.jpg,Miami:3418,fused,random,1,-13,-11,True,,6062,5,5267898687906403286,38,7448,0.1484375,0.29778414964675903,0.23578891158103943,0.496824711561203,0.42870232462882996,0.19904054701328278,0.19291341304779053,1,1,0.061995238065719604,0.2156711220741272,0.06812238693237305,0,0,1,1,1,7448
0,Miami/Miami_0003418_2015_10_305_25.75781373645987_-80.25895705092262_8CBliO0XoMBZgkGQun9JUg.jpg,Miami:3418,fused,random,2,26,12,True,,6062,5,5267898687906403286,38,7448,0.1484375,0.29778414964675903,0.2312575876712799,0.496824711561203,0.43948155641555786,0.19904054701328278,0.20822396874427795,1,1,0.06652656197547913,0.18277627229690552,0.05734315514564514,0,0,1,1,1,7448
0,Miami/Miami_0003418_2015_10_305_25.75781373645987_-80.25895705092262_8CBliO0XoMBZgkGQun9JUg.jpg,Miami:3418,fused,random,3,53,1,True,,6062,5,5267898687906403286,38,7448,0.1484375,0.29778414964675903,0.2922656536102295,0.496824711561203,0.4960242509841919,0.19904054701328278,0.2037585973739624,1,1,0.005518496036529541,0.14563453197479248,0.0008004605770111084,0,0,1,1,1,7448
0,Miami/Miami_0003418_2015_10_305_25.75781373645987_-80.25895705092262_8CBliO0XoMBZgkGQun9JUg.jpg,Miami:3418,fused,random,4,4,-19,True,,6062,5,5267898687906403286,38,7448,0.1484375,0.29778414964675903,0.2254803627729416,0.496824711561203,0.427565336227417,0.19904054701328278,0.2020849734544754,1,1,0.07230378687381744,0.2667689323425293,0.06925937533378601,0,0,1,1,1,7448
0,Miami/Miami_0006062_2007_12_310_25.77859697555733_-80.2419719939299_1QEWQpGyD5wT6Z2uUWbJNQ.jpg,Miami:6062,attention,clean,-1,0,0,True,,154,5,1043758602200557746,38,7448,0.1484375,0.007124662399291992,0.007124662399291992,0.44024527072906494,0.44024527072906494,0.43312060832977295,0.43312060832977295,1,1,0.0,0.0,0.0,0,0,1,1,1,0
0,Miami/Miami_0006062_2007_12_310_25.77859697555733_-80.2419719939299_1QEWQpGyD5wT6Z2uUWbJNQ.jpg,Miami:6062,fused,clean,-1,0,0,True,,8414,5,8462294034360609936,38,7448,0.1484375,0.007124662399291992,0.007124662399291992,0.44024527072906494,0.44024527072906494,0.43312060832977295,0.43312060832977295,1,1,0.0,0.0,0.0,0,0,1,1,1,0
0,Miami/Miami_0006062_2007_12_310_25.77859697555733_-80.2419719939299_1QEWQpGyD5wT6Z2uUWbJNQ.jpg,Miami:6062,attention,targeted,-1,0,0,True,,154,5,1043758602200557746,38,7448,0.1484375,0.007124662399291992,0.013748645782470703,0.44024527072906494,0.3848065137863159,0.43312060832977295,0.3710578680038452,1,1,-0.006623983383178711,0.1683797836303711,0.05543875694274902,0,0,1,1,1,7448
0,Miami/Miami_0006062_2007_12_310_25.77859697555733_-80.2419719939299_1QEWQpGyD5wT6Z2uUWbJNQ.jpg,Miami:6062,attention,random,0,-113,0,True,,154,5,1043758602200557746,38,7448,0.1484375,0.007124662399291992,0.0039481520652771,0.44024527072906494,0.3862679898738861,0.43312060832977295,0.382319837808609,1,1,0.0031765103340148926,0.19371533393859863,0.05397728085517883,0,0,1,1,1,7448
0,Miami/Miami_0006062_2007_12_310_25.77859697555733_-80.2419719939299_1QEWQpGyD5wT6Z2uUWbJNQ.jpg,Miami:6062,attention,random,1,-125,0,True,,154,5,1043758602200557746,38,7448,0.1484375,0.007124662399291992,0.0211484432220459,0.44024527072906494,0.4290899634361267,0.43312060832977295,0.4079415202140808,1,1,-0.014023780822753906,0.10027486085891724,0.011155307292938232,0,0,1,1,1,7448
0,Miami/Miami_0006062_2007_12_310_25.77859697555733_-80.2419719939299_1QEWQpGyD5wT6Z2uUWbJNQ.jpg,Miami:6062,attention,random,2,-59,0,True,,154,5,1043758602200557746,38,7448,0.1484375,0.007124662399291992,-0.015654683113098145,0.44024527072906494,0.39761772751808167,0.43312060832977295,0.4132724106311798,1,2,0.022779345512390137,0.17280197143554688,0.042627543210983276,1,1,0,1,1,7448
0,Miami/Miami_0006062_2007_12_310_25.77859697555733_-80.2419719939299_1QEWQpGyD5wT6Z2uUWbJNQ.jpg,Miami:6062,attention,random,3,-93,0,True,,154,5,1043758602200557746,38,7448,0.1484375,0.007124662399291992,0.01095321774482727,0.44024527072906494,0.41592392325401306,0.43312060832977295,0.4049707055091858,1,1,-0.0038285553455352783,0.175919771194458,0.02432134747505188,0,0,1,1,1,7448
0,Miami/Miami_0006062_2007_12_310_25.77859697555733_-80.2419719939299_1QEWQpGyD5wT6Z2uUWbJNQ.jpg,Miami:6062,attention,random,4,-78,0,True,,154,5,1043758602200557746,38,7448,0.1484375,0.007124662399291992,0.014352560043334961,0.44024527072906494,0.41306015849113464,0.43312060832977295,0.3987075984477997,1,1,-0.007227897644042969,0.17199265956878662,0.027185112237930298,0,0,1,1,1,7448
0,Miami/Miami_0006062_2007_12_310_25.77859697555733_-80.2419719939299_1QEWQpGyD5wT6Z2uUWbJNQ.jpg,Miami:6062,fused,targeted,-1,0,0,True,,8414,5,8462294034360609936,38,7448,0.1484375,0.007124662399291992,-0.01554042100906372,0.44024527072906494,0.4026746153831482,0.43312060832977295,0.4182150363922119,1,2,0.022665083408355713,0.1535801887512207,0.03757065534591675,1,1,0,1,1,7448
0,Miami/Miami_0006062_2007_12_310_25.77859697555733_-80.2419719939299_1QEWQpGyD5wT6Z2uUWbJNQ.jpg,Miami:6062,fused,random,0,-56,57,True,,8414,5,8462294034360609936,38,7448,0.1484375,0.007124662399291992,0.006748825311660767,0.44024527072906494,0.4219604730606079,0.43312060832977295,0.41521164774894714,1,1,0.0003758370876312256,0.07187360525131226,0.01828479766845703,0,0,1,1,1,7448
0,Miami/Miami_0006062_2007_12_310_25.77859697555733_-80.2419719939299_1QEWQpGyD5wT6Z2uUWbJNQ.jpg,Miami:6062,fused,random,1,-32,23,True,,8414,5,8462294034360609936,38,7448,0.1484375,0.007124662399291992,-0.003504037857055664,0.44024527072906494,0.3956567645072937,0.43312060832977295,0.39916080236434937,1,2,0.010628700256347656,0.11388945579528809,0.04458850622177124,1,1,0,1,1,7448
0,Miami/Miami_0006062_2007_12_310_25.77859697555733_-80.2419719939299_1QEWQpGyD5wT6Z2uUWbJNQ.jpg,Miami:6062,fused,random,2,-53,-4,True,,8414,5,8462294034360609936,38,7448,0.1484375,0.007124662399291992,-0.020339012145996094,0.44024527072906494,0.39645957946777344,0.43312060832977295,0.41679859161376953,1,2,0.027463674545288086,0.11142468452453613,0.043785691261291504,1,1,0,1,1,7448
0,Miami/Miami_0006062_2007_12_310_25.77859697555733_-80.2419719939299_1QEWQpGyD5wT6Z2uUWbJNQ.jpg,Miami:6062,fused,random,3,-69,41,True,,8414,5,8462294034360609936,38,7448,0.1484375,0.007124662399291992,0.021352708339691162,0.44024527072906494,0.4362618923187256,0.43312060832977295,0.4149091839790344,1,1,-0.01422804594039917,0.06148362159729004,0.0039833784103393555,0,0,1,1,1,7448
0,Miami/Miami_0006062_2007_12_310_25.77859697555733_-80.2419719939299_1QEWQpGyD5wT6Z2uUWbJNQ.jpg,Miami:6062,fused,random,4,15,4,True,,8414,5,8462294034360609936,38,7448,0.1484375,0.007124662399291992,-0.02180078625679016,0.44024527072906494,0.40622228384017944,0.43312060832977295,0.4280230700969696,1,2,0.028925448656082153,0.16471636295318604,0.0340229868888855,1,1,0,1,1,7448
0,Phoenix/Phoenix_0003753_2019_03_009_33.46150049290962_-112.1151121833792_LRU3HnLRpdJ087TMMObd8A.jpg,Phoenix:3753,attention,clean,-1,0,0,True,,2324,5,3819507934021997493,38,7448,0.1484375,0.2666056752204895,0.2666056752204895,0.6909698247909546,0.6909698247909546,0.4243641495704651,0.4243641495704651,1,1,0.0,0.0,0.0,0,0,1,1,1,0
0,Phoenix/Phoenix_0003753_2019_03_009_33.46150049290962_-112.1151121833792_LRU3HnLRpdJ087TMMObd8A.jpg,Phoenix:3753,fused,clean,-1,0,0,True,,2324,5,5861285326656893334,38,7448,0.1484375,0.2666056752204895,0.2666056752204895,0.6909698247909546,0.6909698247909546,0.4243641495704651,0.4243641495704651,1,1,0.0,0.0,0.0,0,0,1,1,1,0
0,Phoenix/Phoenix_0003753_2019_03_009_33.46150049290962_-112.1151121833792_LRU3HnLRpdJ087TMMObd8A.jpg,Phoenix:3753,attention,targeted,-1,0,0,True,,2324,5,3819507934021997493,38,7448,0.1484375,0.2666056752204895,0.1250816285610199,0.6909698247909546,0.45437905192375183,0.4243641495704651,0.32929742336273193,1,1,0.1415240466594696,0.43007147312164307,0.23659077286720276,0,0,1,1,1,7448
0,Phoenix/Phoenix_0003753_2019_03_009_33.46150049290962_-112.1151121833792_LRU3HnLRpdJ087TMMObd8A.jpg,Phoenix:3753,attention,random,0,-71,6,True,,2324,5,3819507934021997493,38,7448,0.1484375,0.2666056752204895,0.27051839232444763,0.6909698247909546,0.6683026552200317,0.4243641495704651,0.3977842628955841,1,1,-0.00391271710395813,0.0524066686630249,0.02266716957092285,0,0,1,1,1,7448
0,Phoenix/Phoenix_0003753_2019_03_009_33.46150049290962_-112.1151121833792_LRU3HnLRpdJ087TMMObd8A.jpg,Phoenix:3753,attention,random,1,-73,0,True,,2324,5,3819507934021997493,38,7448,0.1484375,0.2666056752204895,0.2714477777481079,0.6909698247909546,0.6752091646194458,0.4243641495704651,0.4037613868713379,1,1,-0.004842102527618408,0.045335233211517334,0.01576066017150879,0,0,1,1,1,7448
0,Phoenix/Phoenix_0003753_2019_03_009_33.46150049290962_-112.1151121833792_LRU3HnLRpdJ087TMMObd8A.jpg,Phoenix:3753,attention,random,2,-22,3,True,,2324,5,3819507934021997493,38,7448,0.1484375,0.2666056752204895,0.18124407529830933,0.6909698247909546,0.5460990071296692,0.4243641495704651,0.36485493183135986,1,1,0.08536159992218018,0.24731242656707764,0.1448708176612854,0,0,1,1,1,7448
0,Phoenix/Phoenix_0003753_2019_03_009_33.46150049290962_-112.1151121833792_LRU3HnLRpdJ087TMMObd8A.jpg,Phoenix:3753,attention,random,3,-1,1,True,,2324,5,3819507934021997493,38,7448,0.1484375,0.2666056752204895,0.14068818092346191,0.6909698247909546,0.44360408186912537,0.4243641495704651,0.30291590094566345,1,1,0.1259174942970276,0.47484278678894043,0.24736574292182922,0,0,1,1,1,7448
0,Phoenix/Phoenix_0003753_2019_03_009_33.46150049290962_-112.1151121833792_LRU3HnLRpdJ087TMMObd8A.jpg,Phoenix:3753,attention,random,4,-44,6,True,,2324,5,3819507934021997493,38,7448,0.1484375,0.2666056752204895,0.26146605610847473,0.6909698247909546,0.6246107220649719,0.4243641495704651,0.3631446659564972,1,1,0.0051396191120147705,0.09278714656829834,0.06635910272598267,0,0,1,1,1,7448
0,Phoenix/Phoenix_0003753_2019_03_009_33.46150049290962_-112.1151121833792_LRU3HnLRpdJ087TMMObd8A.jpg,Phoenix:3753,fused,targeted,-1,0,0,True,,2324,5,5861285326656893334,38,7448,0.1484375,0.2666056752204895,0.13791266083717346,0.6909698247909546,0.45900511741638184,0.4243641495704651,0.3210924565792084,1,1,0.12869301438331604,0.4294838309288025,0.23196470737457275,0,0,1,1,1,7448
0,Phoenix/Phoenix_0003753_2019_03_009_33.46150049290962_-112.1151121833792_LRU3HnLRpdJ087TMMObd8A.jpg,Phoenix:3753,fused,random,0,-16,9,True,,2324,5,5861285326656893334,38,7448,0.1484375,0.2666056752204895,0.18906912207603455,0.6909698247909546,0.49952736496925354,0.4243641495704651,0.310458242893219,1,1,0.07753655314445496,0.3287010192871094,0.19144245982170105,0,0,1,1,1,7448
0,Phoenix/Phoenix_0003753_2019_03_009_33.46150049290962_-112.1151121833792_LRU3HnLRpdJ087TMMObd8A.jpg,Phoenix:3753,fused,random,1,-3,13,True,,2324,5,5861285326656893334,38,7448,0.1484375,0.2666056752204895,0.15727317333221436,0.6909698247909546,0.4741964638233185,0.4243641495704651,0.3169232904911041,1,1,0.10933250188827515,0.44092702865600586,0.2167733609676361,0,0,1,1,1,7448
0,Phoenix/Phoenix_0003753_2019_03_009_33.46150049290962_-112.1151121833792_LRU3HnLRpdJ087TMMObd8A.jpg,Phoenix:3753,fused,random,2,-92,2,True,,2324,5,5861285326656893334,38,7448,0.1484375,0.2666056752204895,0.2652389407157898,0.6909698247909546,0.6836684346199036,0.4243641495704651,0.41842949390411377,1,1,0.001366734504699707,0.010956346988677979,0.007301390171051025,0,0,1,1,1,7448
0,Phoenix/Phoenix_0003753_2019_03_009_33.46150049290962_-112.1151121833792_LRU3HnLRpdJ087TMMObd8A.jpg,Phoenix:3753,fused,random,3,-32,0,True,,2324,5,5861285326656893334,38,7448,0.1484375,0.2666056752204895,0.24937587976455688,0.6909698247909546,0.6293121576309204,0.4243641495704651,0.3799362778663635,1,1,0.017229795455932617,0.07917523384094238,0.06165766716003418,0,0,1,1,1,7448
0,Phoenix/Phoenix_0003753_2019_03_009_33.46150049290962_-112.1151121833792_LRU3HnLRpdJ087TMMObd8A.jpg,Phoenix:3753,fused,random,4,-75,9,True,,2324,5,5861285326656893334,38,7448,0.1484375,0.2666056752204895,0.2691427767276764,0.6909698247909546,0.6723944544792175,0.4243641495704651,0.40325167775154114,1,1,-0.0025371015071868896,0.05233418941497803,0.01857537031173706,0,0,1,1,1,7448
0,Phoenix/Phoenix_0004643_2011_03_048_33.47030520799914_-112.0870178971757_lrCgbcYXIkc9o_dB51V7Mg.jpg,Phoenix:4643,attention,clean,-1,0,0,True,,3682,5,7069478577916085285,38,7448,0.1484375,0.08968803286552429,0.08968803286552429,0.403430700302124,0.403430700302124,0.31374266743659973,0.31374266743659973,1,1,0.0,0.0,0.0,0,0,1,1,1,0
0,Phoenix/Phoenix_0004643_2011_03_048_33.47030520799914_-112.0870178971757_lrCgbcYXIkc9o_dB51V7Mg.jpg,Phoenix:4643,fused,clean,-1,0,0,True,,9016,5,3556207364335101016,38,7448,0.1484375,0.08968803286552429,0.08968803286552429,0.403430700302124,0.403430700302124,0.31374266743659973,0.31374266743659973,1,1,0.0,0.0,0.0,0,0,1,1,1,0
0,Phoenix/Phoenix_0004643_2011_03_048_33.47030520799914_-112.0870178971757_lrCgbcYXIkc9o_dB51V7Mg.jpg,Phoenix:4643,attention,targeted,-1,0,0,True,,3682,5,7069478577916085285,38,7448,0.1484375,0.08968803286552429,0.09242784976959229,0.403430700302124,0.3296210765838623,0.31374266743659973,0.23719322681427002,1,1,-0.002739816904067993,0.3601232171058655,0.07380962371826172,0,0,1,1,1,7448
0,Phoenix/Phoenix_0004643_2011_03_048_33.47030520799914_-112.0870178971757_lrCgbcYXIkc9o_dB51V7Mg.jpg,Phoenix:4643,attention,random,0,-36,-20,True,,3682,5,7069478577916085285,38,7448,0.1484375,0.08968803286552429,0.06222650408744812,0.403430700302124,0.3877643644809723,0.31374266743659973,0.32553786039352417,1,1,0.027461528778076172,0.1285947561264038,0.015666335821151733,0,0,1,1,1,7448
0,Phoenix/Phoenix_0004643_2011_03_048_33.47030520799914_-112.0870178971757_lrCgbcYXIkc9o_dB51V7Mg.jpg,Phoenix:4643,attention,random,1,30,0,True,,3682,5,7069478577916085285,38,7448,0.1484375,0.08968803286552429,0.09660744667053223,0.403430700302124,0.3573606014251709,0.31374266743659973,0.26075315475463867,1,1,-0.006919413805007935,0.2548389434814453,0.046070098876953125,0,0,1,1,1,7448
0,Phoenix/Phoenix_0004643_2011_03_048_33.47030520799914_-112.0870178971757_lrCgbcYXIkc9o_dB51V7Mg.jpg,Phoenix:4643,attention,random,2,75,-14,True,,3682,5,7069478577916085285,38,7448,0.1484375,0.08968803286552429,0.0725136399269104,0.403430700302124,0.35559117794036865,0.31374266743659973,0.28307753801345825,1,1,0.01717439293861389,0.08780401945114136,0.04783952236175537,0,0,1,1,1,7448
0,Phoenix/Phoenix_0004643_2011_03_048_33.47030520799914_-112.0870178971757_lrCgbcYXIkc9o_dB51V7Mg.jpg,Phoenix:4643,attention,random,3,54,-27,True,,3682,5,7069478577916085285,38,7448,0.1484375,0.08968803286552429,0.07478353381156921,0.403430700302124,0.34809067845344543,0.31374266743659973,0.2733071446418762,1,1,0.014904499053955078,0.14275634288787842,0.05534002184867859,0,0,1,1,1,7448
0,Phoenix/Phoenix_0004643_2011_03_048_33.47030520799914_-112.0870178971757_lrCgbcYXIkc9o_dB51V7Mg.jpg,Phoenix:4643,attention,random,4,81,-10,True,,3682,5,7069478577916085285,38,7448,0.1484375,0.08968803286552429,0.07605576515197754,0.403430700302124,0.37061285972595215,0.31374266743659973,0.2945570945739746,1,1,0.013632267713546753,0.07554709911346436,0.032817840576171875,0,0,1,1,1,7448
0,Phoenix/Phoenix_0004643_2011_03_048_33.47030520799914_-112.0870178971757_lrCgbcYXIkc9o_dB51V7Mg.jpg,Phoenix:4643,fused,targeted,-1,0,0,True,,9016,5,3556207364335101016,38,7448,0.1484375,0.08968803286552429,0.06631514430046082,0.403430700302124,0.30414891242980957,0.31374266743659973,0.23783376812934875,1,1,0.023372888565063477,0.35607123374938965,0.09928178787231445,0,0,1,1,1,7448
0,Phoenix/Phoenix_0004643_2011_03_048_33.47030520799914_-112.0870178971757_lrCgbcYXIkc9o_dB51V7Mg.jpg,Phoenix:4643,fused,random,0,78,-22,True,,9016,5,3556207364335101016,38,7448,0.1484375,0.08968803286552429,0.08677271008491516,0.403430700302124,0.3822507858276367,0.31374266743659973,0.29547807574272156,1,1,0.002915322780609131,0.06678259372711182,0.021179914474487305,0,0,1,1,1,7448
0,Phoenix/Phoenix_0004643_2011_03_048_33.47030520799914_-112.0870178971757_lrCgbcYXIkc9o_dB51V7Mg.jpg,Phoenix:4643,fused,random,1,21,-38,True,,9016,5,3556207364335101016,38,7448,0.1484375,0.08968803286552429,0.10519787669181824,0.403430700302124,0.3712117671966553,0.31374266743659973,0.26601389050483704,1,1,-0.015509843826293945,0.225327730178833,0.03221893310546875,0,0,1,1,1,7448
0,Phoenix/Phoenix_0004643_2011_03_048_33.47030520799914_-112.0870178971757_lrCgbcYXIkc9o_dB51V7Mg.jpg,Phoenix:4643,fused,random,2,45,-46,True,,9016,5,3556207364335101016,38,7448,0.1484375,0.08968803286552429,0.08833438158035278,0.403430700302124,0.3676374554634094,0.31374266743659973,0.27930307388305664,1,1,0.0013536512851715088,0.1351783275604248,0.0357932448387146,0,0,1,1,1,7448
0,Phoenix/Phoenix_0004643_2011_03_048_33.47030520799914_-112.0870178971757_lrCgbcYXIkc9o_dB51V7Mg.jpg,Phoenix:4643,fused,random,3,-29,-62,True,,9016,5,3556207364335101016,38,7448,0.1484375,0.08968803286552429,0.05966287851333618,0.403430700302124,0.372613787651062,0.31374266743659973,0.31295090913772583,1,1,0.03002515435218811,0.17311936616897583,0.03081691265106201,0,0,1,1,1,7448
0,Phoenix/Phoenix_0004643_2011_03_048_33.47030520799914_-112.0870178971757_lrCgbcYXIkc9o_dB51V7Mg.jpg,Phoenix:4643,fused,random,4,44,-37,True,,9016,5,3556207364335101016,38,7448,0.1484375,0.08968803286552429,0.08002912998199463,0.403430700302124,0.35775917768478394,0.31374266743659973,0.2777300477027893,1,1,0.009658902883529663,0.1396399736404419,0.04567152261734009,0,0,1,1,1,7448
0,London/London_0000335_2016_05_067_51.48789482684779_-0.1461782484006166_BO76LUht10YEKsdQV820Dw.jpg,London:335,attention,clean,-1,0,0,True,,98,5,4942226508556350585,38,7448,0.1484375,0.2539859116077423,0.2539859116077423,0.5022932291030884,0.5022932291030884,0.24830731749534607,0.24830731749534607,1,1,0.0,0.0,0.0,0,0,1,1,1,0
0,London/London_0000335_2016_05_067_51.48789482684779_-0.1461782484006166_BO76LUht10YEKsdQV820Dw.jpg,London:335,fused,clean,-1,0,0,True,,112,5,5406562015456908981,38,7448,0.1484375,0.2539859116077423,0.2539859116077423,0.5022932291030884,0.5022932291030884,0.24830731749534607,0.24830731749534607,1,1,0.0,0.0,0.0,0,0,1,1,1,0
0,London/London_0000335_2016_05_067_51.48789482684779_-0.1461782484006166_BO76LUht10YEKsdQV820Dw.jpg,London:335,attention,targeted,-1,0,0,True,,98,5,4942226508556350585,38,7448,0.1484375,0.2539859116077423,0.25174421072006226,0.5022932291030884,0.5251807570457458,0.24830731749534607,0.2734365463256836,1,1,0.0022417008876800537,0.1604858636856079,-0.02288752794265747,0,0,1,1,1,7448
0,London/London_0000335_2016_05_067_51.48789482684779_-0.1461782484006166_BO76LUht10YEKsdQV820Dw.jpg,London:335,attention,random,0,0,55,True,,98,5,4942226508556350585,38,7448,0.1484375,0.2539859116077423,0.2394084930419922,0.5022932291030884,0.4986191987991333,0.24830731749534607,0.2592107057571411,1,1,0.014577418565750122,0.10853332281112671,0.003674030303955078,0,0,1,1,1,7448
0,London/London_0000335_2016_05_067_51.48789482684779_-0.1461782484006166_BO76LUht10YEKsdQV820Dw.jpg,London:335,attention,random,1,0,24,True,,98,5,4942226508556350585,38,7448,0.1484375,0.2539859116077423,0.23842144012451172,0.5022932291030884,0.5066298842430115,0.24830731749534607,0.26820844411849976,1,1,0.01556447148323059,0.12217289209365845,-0.004336655139923096,0,0,1,1,1,7448
0,London/London_0000335_2016_05_067_51.48789482684779_-0.1461782484006166_BO76LUht10YEKsdQV820Dw.jpg,London:335,attention,random,2,0,45,True,,98,5,4942226508556350585,38,7448,0.1484375,0.2539859116077423,0.2381206452846527,0.5022932291030884,0.4846513271331787,0.24830731749534607,0.246530681848526,1,1,0.0158652663230896,0.11118775606155396,0.017641901969909668,0,0,1,1,1,7448
0,London/London_0000335_2016_05_067_51.48789482684779_-0.1461782484006166_BO76LUht10YEKsdQV820Dw.jpg,London:335,attention,random,3,0,18,True,,98,5,4942226508556350585,38,7448,0.1484375,0.2539859116077423,0.2431541383266449,0.5022932291030884,0.514941394329071,0.24830731749534607,0.27178725600242615,1,1,0.010831773281097412,0.13177871704101562,-0.012648165225982666,0,0,1,1,1,7448
0,London/London_0000335_2016_05_067_51.48789482684779_-0.1461782484006166_BO76LUht10YEKsdQV820Dw.jpg,London:335,attention,random,4,0,19,True,,98,5,4942226508556350585,38,7448,0.1484375,0.2539859116077423,0.2470512092113495,0.5022932291030884,0.5184403657913208,0.24830731749534607,0.2713891565799713,1,1,0.006934702396392822,0.12843918800354004,-0.016147136688232422,0,0,1,1,1,7448
0,London/London_0000335_2016_05_067_51.48789482684779_-0.1461782484006166_BO76LUht10YEKsdQV820Dw.jpg,London:335,fused,targeted,-1,0,0,True,,112,5,5406562015456908981,38,7448,0.1484375,0.2539859116077423,0.24008303880691528,0.5022932291030884,0.5143026113510132,0.24830731749534607,0.2742195725440979,1,1,0.013902872800827026,0.15087026357650757,-0.012009382247924805,0,0,1,1,1,7448
0,London/London_0000335_2016_05_067_51.48789482684779_-0.1461782484006166_BO76LUht10YEKsdQV820Dw.jpg,London:335,fused,random,0,0,105,True,,112,5,5406562015456908981,38,7448,0.1484375,0.2539859116077423,0.2558366358280182,0.5022932291030884,0.5308589339256287,0.24830731749534607,0.2750222980976105,1,1,-0.001850724220275879,0.06738090515136719,-0.028565704822540283,0,0,1,1,1,7448
0,London/London_0000335_2016_05_067_51.48789482684779_-0.1461782484006166_BO76LUht10YEKsdQV820Dw.jpg,London:335,fused,random,1,0,77,True,,112,5,5406562015456908981,38,7448,0.1484375,0.2539859116077423,0.23546800017356873,0.5022932291030884,0.5035465955734253,0.24830731749534607,0.26807859539985657,1,1,0.018517911434173584,0.07216012477874756,-0.001253366470336914,0,0,1,1,1,7448
0,London/London_0000335_2016_05_067_51.48789482684779_-0.1461782484006166_BO76LUht10YEKsdQV820Dw.jpg,London:335,fused,random,2,0,71,True,,112,5,5406562015456908981,38,7448,0.1484375,0.2539859116077423,0.2442905306816101,0.5022932291030884,0.5150319337844849,0.24830731749534607,0.27074140310287476,1,1,0.009695380926132202,0.07946527004241943,-0.012738704681396484,0,0,1,1,1,7448
0,London/London_0000335_2016_05_067_51.48789482684779_-0.1461782484006166_BO76LUht10YEKsdQV820Dw.jpg,London:335,fused,random,3,0,43,True,,112,5,5406562015456908981,38,7448,0.1484375,0.2539859116077423,0.24125975370407104,0.5022932291030884,0.49834808707237244,0.24830731749534607,0.2570883333683014,1,1,0.012726157903671265,0.08658796548843384,0.003945142030715942,0,0,1,1,1,7448
0,London/London_0000335_2016_05_067_51.48789482684779_-0.1461782484006166_BO76LUht10YEKsdQV820Dw.jpg,London:335,fused,random,4,0,3,True,,112,5,5406562015456908981,38,7448,0.1484375,0.2539859116077423,0.2190934419631958,0.5022932291030884,0.5053564310073853,0.24830731749534607,0.28626298904418945,1,1,0.03489246964454651,0.15877622365951538,-0.003063201904296875,0,0,1,1,1,7448
0,Phoenix/Phoenix_0005083_2008_07_275_33.47396395855898_-112.0311795323781_S_DMrKvVR8Gh8zJrnr8i9g.jpg,Phoenix:5083,attention,clean,-1,0,0,True,,6062,5,4394595741941540288,38,7448,0.1484375,-0.030720233917236328,-0.030720233917236328,0.2919968366622925,0.2919968366622925,0.3227170705795288,0.3227170705795288,3,3,0.0,0.0,0.0,0,0,0,1,1,0
0,Phoenix/Phoenix_0005083_2008_07_275_33.47396395855898_-112.0311795323781_S_DMrKvVR8Gh8zJrnr8i9g.jpg,Phoenix:5083,fused,clean,-1,0,0,True,,8036,5,4868931854119215458,38,7448,0.1484375,-0.030720233917236328,-0.030720233917236328,0.2919968366622925,0.2919968366622925,0.3227170705795288,0.3227170705795288,3,3,0.0,0.0,0.0,0,0,0,1,1,0
0,Phoenix/Phoenix_0005083_2008_07_275_33.47396395855898_-112.0311795323781_S_DMrKvVR8Gh8zJrnr8i9g.jpg,Phoenix:5083,attention,targeted,-1,0,0,True,,6062,5,4394595741941540288,38,7448,0.1484375,-0.030720233917236328,-0.17363223433494568,0.2919968366622925,0.1536048948764801,0.3227170705795288,0.3272371292114258,3,114,0.14291200041770935,0.31306326389312744,0.13839194178581238,111,0,0,0,0,7448
0,Phoenix/Phoenix_0005083_2008_07_275_33.47396395855898_-112.0311795323781_S_DMrKvVR8Gh8zJrnr8i9g.jpg,Phoenix:5083,attention,random,0,-80,-32,True,,6062,5,4394595741941540288,38,7448,0.1484375,-0.030720233917236328,-0.03277307748794556,0.2919968366622925,0.2853623032569885,0.3227170705795288,0.3181353807449341,3,3,0.0020528435707092285,0.04788476228713989,0.006634533405303955,0,0,0,1,1,7448
0,Phoenix/Phoenix_0005083_2008_07_275_33.47396395855898_-112.0311795323781_S_DMrKvVR8Gh8zJrnr8i9g.jpg,Phoenix:5083,attention,random,1,17,-2,True,,6062,5,4394595741941540288,38,7448,0.1484375,-0.030720233917236328,-0.25432369112968445,0.2919968366622925,0.08935535699129105,0.3227170705795288,0.3436790406703949,3,901,0.22360345721244812,0.479813814163208,0.20264147967100143,898,0,0,0,0,7448
0,Phoenix/Phoenix_0005083_2008_07_275_33.47396395855898_-112.0311795323781_S_DMrKvVR8Gh8zJrnr8i9g.jpg,Phoenix:5083,attention,random,2,-23,-22,True,,6062,5,4394595741941540288,38,7448,0.1484375,-0.030720233917236328,-0.05533091723918915,0.2919968366622925,0.24046428501605988,0.3227170705795288,0.295795202255249,3,7,0.02461068332195282,0.17398756742477417,0.051532551646232605,4,0,0,0,1,7448
0,Phoenix/Phoenix_0005083_2008_07_275_33.47396395855898_-112.0311795323781_S_DMrKvVR8Gh8zJrnr8i9g.jpg,Phoenix:5083,attention,random,3,-11,-6,True,,6062,5,4394595741941540288,38,7448,0.1484375,-0.030720233917236328,-0.1776367723941803,0.2919968366622925,0.17038217186927795,0.3227170705795288,0.34801894426345825,3,77,0.14691653847694397,0.2526492476463318,0.12161466479301453,74,0,0,0,0,7448
0,Phoenix/Phoenix_0005083_2008_07_275_33.47396395855898_-112.0311795323781_S_DMrKvVR8Gh8zJrnr8i9g.jpg,Phoenix:5083,attention,random,4,-40,-5,True,,6062,5,4394595741941540288,38,7448,0.1484375,-0.030720233917236328,-0.014141276478767395,0.2919968366622925,0.23108845949172974,0.3227170705795288,0.24522973597049713,3,3,-0.016578957438468933,0.17435896396636963,0.060908377170562744,0,0,0,1,1,7448
0,Phoenix/Phoenix_0005083_2008_07_275_33.47396395855898_-112.0311795323781_S_DMrKvVR8Gh8zJrnr8i9g.jpg,Phoenix:5083,fused,targeted,-1,0,0,True,,8036,5,4868931854119215458,38,7448,0.1484375,-0.030720233917236328,-0.18399634957313538,0.2919968366622925,0.1567877233028412,0.3227170705795288,0.34078407287597656,3,111,0.15327611565589905,0.33397018909454346,0.1352091133594513,108,0,0,0,0,7448
0,Phoenix/Phoenix_0005083_2008_07_275_33.47396395855898_-112.0311795323781_S_DMrKvVR8Gh8zJrnr8i9g.jpg,Phoenix:5083,fused,random,0,26,-25,True,,8036,5,4868931854119215458,38,7448,0.1484375,-0.030720233917236328,-0.06316116452217102,0.2919968366622925,0.24109360575675964,0.3227170705795288,0.30425477027893066,3,9,0.03244093060493469,0.26503562927246094,0.05090323090553284,6,0,0,0,1,7448
0,Phoenix/Phoenix_0005083_2008_07_275_33.47396395855898_-112.0311795323781_S_DMrKvVR8Gh8zJrnr8i9g.jpg,Phoenix:5083,fused,random,1,-84,-31,True,,8036,5,4868931854119215458,38,7448,0.1484375,-0.030720233917236328,-0.009036213159561157,0.2919968366622925,0.29565316438674927,0.3227170705795288,0.3046893775463104,3,2,-0.02168402075767517,0.04272270202636719,-0.003656327724456787,-1,0,0,1,1,7448
0,Phoenix/Phoenix_0005083_2008_07_275_33.47396395855898_-112.0311795323781_S_DMrKvVR8Gh8zJrnr8i9g.jpg,Phoenix:5083,fused,random,2,-25,-52,True,,8036,5,4868931854119215458,38,7448,0.1484375,-0.030720233917236328,-0.0797981470823288,0.2919968366622925,0.21471039950847626,0.3227170705795288,0.29450854659080505,3,21,0.04907791316509247,0.17689919471740723,0.07728643715381622,18,0,0,0,0,7448
0,Phoenix/Phoenix_0005083_2008_07_275_33.47396395855898_-112.0311795323781_S_DMrKvVR8Gh8zJrnr8i9g.jpg,Phoenix:5083,fused,random,3,41,0,True,,8036,5,4868931854119215458,38,7448,0.1484375,-0.030720233917236328,-0.06325164437294006,0.2919968366622925,0.27367454767227173,0.3227170705795288,0.3369261920452118,3,4,0.032531410455703735,0.21236348152160645,0.018322288990020752,1,0,0,1,1,7448
0,Phoenix/Phoenix_0005083_2008_07_275_33.47396395855898_-112.0311795323781_S_DMrKvVR8Gh8zJrnr8i9g.jpg,Phoenix:5083,fused,random,4,-63,-24,True,,8036,5,4868931854119215458,38,7448,0.1484375,-0.030720233917236328,-0.006823033094406128,0.2919968366622925,0.29733073711395264,0.3227170705795288,0.30415377020835876,3,2,-0.0238972008228302,0.06661343574523926,-0.005333900451660156,-1,0,0,1,1,7448
0,Bangkok/Bangkok_0001913_2020_09_280_13.73731626897177_100.4846479105927_tMaJYnfZZhMWbB4Uh23oqg.jpg,Bangkok:1913,attention,clean,-1,0,0,True,,8036,5,6691408109086915144,38,7448,0.1484375,0.25867265462875366,0.25867265462875366,0.46240758895874023,0.46240758895874023,0.20373491942882538,0.20373491942882538,1,1,0.0,0.0,0.0,0,0,1,1,1,0
0,Bangkok/Bangkok_0001913_2020_09_280_13.73731626897177_100.4846479105927_tMaJYnfZZhMWbB4Uh23oqg.jpg,Bangkok:1913,fused,clean,-1,0,0,True,,8036,5,8808099533615867735,38,7448,0.1484375,0.25867265462875366,0.25867265462875366,0.46240758895874023,0.46240758895874023,0.20373491942882538,0.20373491942882538,1,1,0.0,0.0,0.0,0,0,1,1,1,0
0,Bangkok/Bangkok_0001913_2020_09_280_13.73731626897177_100.4846479105927_tMaJYnfZZhMWbB4Uh23oqg.jpg,Bangkok:1913,attention,targeted,-1,0,0,True,,8036,5,6691408109086915144,38,7448,0.1484375,0.25867265462875366,0.17011579871177673,0.46240758895874023,0.35974574089050293,0.20373491942882538,0.1896299421787262,1,1,0.08855685591697693,0.4604150056838989,0.1026618480682373,0,0,1,1,1,7448
0,Bangkok/Bangkok_0001913_2020_09_280_13.73731626897177_100.4846479105927_tMaJYnfZZhMWbB4Uh23oqg.jpg,Bangkok:1913,attention,random,0,4,-25,True,,8036,5,6691408109086915144,38,7448,0.1484375,0.25867265462875366,0.05723077058792114,0.46240758895874023,0.31330397725105286,0.20373491942882538,0.2560732066631317,1,1,0.20144188404083252,0.49445199966430664,0.14910361170768738,0,0,1,1,1,7448
0,Bangkok/Bangkok_0001913_2020_09_280_13.73731626897177_100.4846479105927_tMaJYnfZZhMWbB4Uh23oqg.jpg,Bangkok:1913,attention,random,1,58,-8,True,,8036,5,6691408109086915144,38,7448,0.1484375,0.25867265462875366,0.19268536567687988,0.46240758895874023,0.39824092388153076,0.20373491942882538,0.20555555820465088,1,1,0.06598728895187378,0.13271784782409668,0.06416666507720947,0,0,1,1,1,7448
0,Bangkok/Bangkok_0001913_2020_09_280_13.73731626897177_100.4846479105927_tMaJYnfZZhMWbB4Uh23oqg.jpg,Bangkok:1913,attention,random,2,31,-2,True,,8036,5,6691408109086915144,38,7448,0.1484375,0.25867265462875366,0.15700742602348328,0.46240758895874023,0.40285515785217285,0.20373491942882538,0.24584773182868958,1,1,0.10166522860527039,0.29803264141082764,0.05955243110656738,0,0,1,1,1,7448
0,Bangkok/Bangkok_0001913_2020_09_280_13.73731626897177_100.4846479105927_tMaJYnfZZhMWbB4Uh23oqg.jpg,Bangkok:1913,attention,random,3,1,-17,True,,8036,5,6691408109086915144,38,7448,0.1484375,0.25867265462875366,0.08933165669441223,0.46240758895874023,0.3395034074783325,0.20373491942882538,0.2501717507839203,1,1,0.16934099793434143,0.43759602308273315,0.12290418148040771,0,0,1,1,1,7448
0,Bangkok/Bangkok_0001913_2020_09_280_13.73731626897177_100.4846479105927_tMaJYnfZZhMWbB4Uh23oqg.jpg,Bangkok:1913,attention,random,4,60,-5,True,,8036,5,6691408109086915144,38,7448,0.1484375,0.25867265462875366,0.16177892684936523,0.46240758895874023,0.3547815680503845,0.20373491942882538,0.1930026412010193,1,1,0.09689372777938843,0.15656006336212158,0.10762602090835571,0,0,1,1,1,7448
0,Bangkok/Bangkok_0001913_2020_09_280_13.73731626897177_100.4846479105927_tMaJYnfZZhMWbB4Uh23oqg.jpg,Bangkok:1913,fused,targeted,-1,0,0,True,,8036,5,8808099533615867735,38,7448,0.1484375,0.25867265462875366,0.10581576824188232,0.46240758895874023,0.3273268938064575,0.20373491942882538,0.2215111255645752,1,1,0.15285688638687134,0.46283936500549316,0.13508069515228271,0,0,1,1,1,7448
0,Bangkok/Bangkok_0001913_2020_09_280_13.73731626897177_100.4846479105927_tMaJYnfZZhMWbB4Uh23oqg.jpg,Bangkok:1913,fused,random,0,-13,-14,True,,8036,5,8808099533615867735,38,7448,0.1484375,0.25867265462875366,0.12274760007858276,0.46240758895874023,0.3273119330406189,0.20373491942882538,0.20456433296203613,1,1,0.1359250545501709,0.4467112421989441,0.13509565591812134,0,0,1,1,1,7448
0,Bangkok/Bangkok_0001913_2020_09_280_13.73731626897177_100.4846479105927_tMaJYnfZZhMWbB4Uh23oqg.jpg,Bangkok:1913,fused,random,1,63,-11,True,,8036,5,8808099533615867735,38,7448,0.1484375,0.25867265462875366,0.1810826063156128,0.46240758895874023,0.4026865065097809,0.20373491942882538,0.2216039001941681,1,1,0.07759004831314087,0.11929750442504883,0.05972108244895935,0,0,1,1,1,7448
0,Bangkok/Bangkok_0001913_2020_09_280_13.73731626897177_100.4846479105927_tMaJYnfZZhMWbB4Uh23oqg.jpg,Bangkok:1913,fused,random,2,19,-9,True,,8036,5,8808099533615867735,38,7448,0.1484375,0.25867265462875366,0.13635188341140747,0.46240758895874023,0.3913649320602417,0.20373491942882538,0.25501304864883423,1,1,0.12232077121734619,0.43021899461746216,0.07104265689849854,0,0,1,1,1,7448
0,Bangkok/Bangkok_0001913_2020_09_280_13.73731626897177_100.4846479105927_tMaJYnfZZhMWbB4Uh23oqg.jpg,Bangkok:1913,fused,random,3,30,-34,True,,8036,5,8808099533615867735,38,7448,0.1484375,0.25867265462875366,0.15427333116531372,0.46240758895874023,0.38835906982421875,0.20373491942882538,0.23408573865890503,1,1,0.10439932346343994,0.28934013843536377,0.07404851913452148,0,0,1,1,1,7448
0,Bangkok/Bangkok_0001913_2020_09_280_13.73731626897177_100.4846479105927_tMaJYnfZZhMWbB4Uh23oqg.jpg,Bangkok:1913,fused,random,4,-23,-8,True,,8036,5,8808099533615867735,38,7448,0.1484375,0.25867265462875366,0.2215789407491684,0.46240758895874023,0.3930833339691162,0.20373491942882538,0.17150439321994781,1,1,0.037093713879585266,0.39381515979766846,0.06932425498962402,0,0,1,1,1,7448
0,London/London_0007829_2015_07_041_51.52399059065294_-0.1441573327157997_hFQVPMApSxhcZ_itBM8Tmw.jpg,London:7829,attention,clean,-1,0,0,True,,4858,5,7868812472245017702,38,7448,0.1484375,0.279319167137146,0.279319167137146,0.5317114591598511,0.5317114591598511,0.2523922920227051,0.2523922920227051,1,1,0.0,0.0,0.0,0,0,1,1,1,0
0,London/London_0007829_2015_07_041_51.52399059065294_-0.1441573327157997_hFQVPMApSxhcZ_itBM8Tmw.jpg,London:7829,fused,clean,-1,0,0,True,,8834,5,561401631389123793,38,7448,0.1484375,0.279319167137146,0.279319167137146,0.5317114591598511,0.5317114591598511,0.2523922920227051,0.2523922920227051,1,1,0.0,0.0,0.0,0,0,1,1,1,0
0,London/London_0007829_2015_07_041_51.52399059065294_-0.1441573327157997_hFQVPMApSxhcZ_itBM8Tmw.jpg,London:7829,attention,targeted,-1,0,0,True,,4858,5,7868812472245017702,38,7448,0.1484375,0.279319167137146,0.23892337083816528,0.5317114591598511,0.4458824694156647,0.2523922920227051,0.2069590985774994,1,1,0.04039579629898071,0.2345026135444641,0.0858289897441864,0,0,1,1,1,7448
0,London/London_0007829_2015_07_041_51.52399059065294_-0.1441573327157997_hFQVPMApSxhcZ_itBM8Tmw.jpg,London:7829,attention,random,0,71,-37,True,,4858,5,7868812472245017702,38,7448,0.1484375,0.279319167137146,0.26826757192611694,0.5317114591598511,0.5109037160873413,0.2523922920227051,0.24263614416122437,1,1,0.011051595211029053,0.06194031238555908,0.020807743072509766,0,0,1,1,1,7448
0,London/London_0007829_2015_07_041_51.52399059065294_-0.1441573327157997_hFQVPMApSxhcZ_itBM8Tmw.jpg,London:7829,attention,random,1,98,-17,True,,4858,5,7868812472245017702,38,7448,0.1484375,0.279319167137146,0.2583557069301605,0.5317114591598511,0.5131734013557434,0.2523922920227051,0.2548176944255829,1,1,0.020963460206985474,0.052090227603912354,0.018538057804107666,0,0,1,1,1,7448
0,London/London_0007829_2015_07_041_51.52399059065294_-0.1441573327157997_hFQVPMApSxhcZ_itBM8Tmw.jpg,London:7829,attention,random,2,87,-16,True,,4858,5,7868812472245017702,38,7448,0.1484375,0.279319167137146,0.27001577615737915,0.5317114591598511,0.5214416980743408,0.2523922920227051,0.25142592191696167,1,1,0.009303390979766846,0.06889569759368896,0.010269761085510254,0,0,1,1,1,7448
0,London/London_0007829_2015_07_041_51.52399059065294_-0.1441573327157997_hFQVPMApSxhcZ_itBM8Tmw.jpg,London:7829,attention,random,3,80,0,True,,4858,5,7868812472245017702,38,7448,0.1484375,0.279319167137146,0.2763083279132843,0.5317114591598511,0.5244995951652527,0.2523922920227051,0.24819126725196838,1,1,0.0030108392238616943,0.0603104829788208,0.007211863994598389,0,0,1,1,1,7448
0,London/London_0007829_2015_07_041_51.52399059065294_-0.1441573327157997_hFQVPMApSxhcZ_itBM8Tmw.jpg,London:7829,attention,random,4,45,-33,True,,4858,5,7868812472245017702,38,7448,0.1484375,0.279319167137146,0.27096623182296753,0.5317114591598511,0.4985635578632355,0.2523922920227051,0.22759731113910675,1,1,0.008352935314178467,0.0989999771118164,0.0331479012966156,0,0,1,1,1,7448
0,London/London_0007829_2015_07_041_51.52399059065294_-0.1441573327157997_hFQVPMApSxhcZ_itBM8Tmw.jpg,London:7829,fused,targeted,-1,0,0,True,,8834,5,561401631389123793,38,7448,0.1484375,0.279319167137146,0.21217946708202362,0.5317114591598511,0.4020216166973114,0.2523922920227051,0.18984214961528778,1,1,0.06713970005512238,0.3185250759124756,0.12968984246253967,0,0,1,1,1,7448
0,London/London_0007829_2015_07_041_51.52399059065294_-0.1441573327157997_hFQVPMApSxhcZ_itBM8Tmw.jpg,London:7829,fused,random,0,18,0,True,,8834,5,561401631389123793,38,7448,0.1484375,0.279319167137146,0.15466128289699554,0.5317114591598511,0.37946876883506775,0.2523922920227051,0.2248074859380722,1,1,0.12465788424015045,0.3765479326248169,0.15224269032478333,0,0,1,1,1,7448
0,London/London_0007829_2015_07_041_51.52399059065294_-0.1441573327157997_hFQVPMApSxhcZ_itBM8Tmw.jpg,London:7829,fused,random,1,111,-52,True,,8834,5,561401631389123793,38,7448,0.1484375,0.279319167137146,0.2575857639312744,0.5317114591598511,0.5079715847969055,0.2523922920227051,0.2503858208656311,1,1,0.021733403205871582,0.04689741134643555,0.023739874362945557,0,0,1,1,1,7448
0,London/London_0007829_2015_07_041_51.52399059065294_-0.1441573327157997_hFQVPMApSxhcZ_itBM8Tmw.jpg,London:7829,fused,random,2,-14,-40,True,,8834,5,561401631389123793,38,7448,0.1484375,0.279319167137146,0.19334515929222107,0.5317114591598511,0.39691439270973206,0.2523922920227051,0.203569233417511,1,1,0.08597400784492493,0.31238555908203125,0.13479706645011902,0,0,1,1,1,7448
0,London/London_0007829_2015_07_041_51.52399059065294_-0.1441573327157997_hFQVPMApSxhcZ_itBM8Tmw.jpg,London:7829,fused,random,3,109,-4,True,,8834,5,561401631389123793,38,7448,0.1484375,0.279319167137146,0.25656747817993164,0.5317114591598511,0.5178855061531067,0.2523922920227051,0.26131802797317505,1,1,0.022751688957214355,0.03401994705200195,0.013825953006744385,0,0,1,1,1,7448
0,London/London_0007829_2015_07_041_51.52399059065294_-0.1441573327157997_hFQVPMApSxhcZ_itBM8Tmw.jpg,London:7829,fused,random,4,4,-9,True,,8834,5,561401631389123793,38,7448,0.1484375,0.279319167137146,0.16949474811553955,0.5317114591598511,0.38395076990127563,0.2523922920227051,0.21445602178573608,1,1,0.10982441902160645,0.30144673585891724,0.14776068925857544,0,0,1,1,1,7448
0,PRG/PRG_0001726_2014_05_562_50.07604531735773_14.38727394964032_LplABiyKc4lq5cZpuMyNTQ.jpg,PRG:1726,attention,clean,-1,0,0,True,,4088,5,7763746547857353796,38,7448,0.1484375,0.12085774540901184,0.12085774540901184,0.35122692584991455,0.35122692584991455,0.2303691804409027,0.2303691804409027,1,1,0.0,0.0,0.0,0,0,1,1,1,0
0,PRG/PRG_0001726_2014_05_562_50.07604531735773_14.38727394964032_LplABiyKc4lq5cZpuMyNTQ.jpg,PRG:1726,fused,clean,-1,0,0,True,,4494,5,6814674575583551860,38,7448,0.1484375,0.12085774540901184,0.12085774540901184,0.35122692584991455,0.35122692584991455,0.2303691804409027,0.2303691804409027,1,1,0.0,0.0,0.0,0,0,1,1,1,0
0,PRG/PRG_0001726_2014_05_562_50.07604531735773_14.38727394964032_LplABiyKc4lq5cZpuMyNTQ.jpg,PRG:1726,attention,targeted,-1,0,0,True,,4088,5,7763746547857353796,38,7448,0.1484375,0.12085774540901184,0.015382736921310425,0.35122692584991455,0.26538676023483276,0.2303691804409027,0.25000402331352234,1,1,0.10547500848770142,0.37361544370651245,0.08584016561508179,0,0,1,1,1,7448
0,PRG/PRG_0001726_2014_05_562_50.07604531735773_14.38727394964032_LplABiyKc4lq5cZpuMyNTQ.jpg,PRG:1726,attention,random,0,-65,19,True,,4088,5,7763746547857353796,38,7448,0.1484375,0.12085774540901184,0.11709631979465485,0.35122692584991455,0.34388965368270874,0.2303691804409027,0.2267933338880539,1,1,0.0037614256143569946,0.14649474620819092,0.0073372721672058105,0,0,1,1,1,7448
0,PRG/PRG_0001726_2014_05_562_50.07604531735773_14.38727394964032_LplABiyKc4lq5cZpuMyNTQ.jpg,PRG:1726,attention,random,1,-11,23,True,,4088,5,7763746547857353796,38,7448,0.1484375,0.12085774540901184,-0.02239319682121277,0.35122692584991455,0.25935253500938416,0.2303691804409027,0.2817457318305969,1,2,0.1432509422302246,0.42330366373062134,0.0918743908405304,1,1,0,1,1,7448
0,PRG/PRG_0001726_2014_05_562_50.07604531735773_14.38727394964032_LplABiyKc4lq5cZpuMyNTQ.jpg,PRG:1726,attention,random,2,-91,0,True,,4088,5,7763746547857353796,38,7448,0.1484375,0.12085774540901184,0.10836240649223328,0.35122692584991455,0.34756624698638916,0.2303691804409027,0.23920384049415588,1,1,0.012495338916778564,0.03613412380218506,0.0036606788635253906,0,0,1,1,1,7448
0,PRG/PRG_0001726_2014_05_562_50.07604531735773_14.38727394964032_LplABiyKc4lq5cZpuMyNTQ.jpg,PRG:1726,attention,random,3,-42,26,True,,4088,5,7763746547857353796,38,7448,0.1484375,0.12085774540901184,0.0856071412563324,0.35122692584991455,0.3298172354698181,0.2303691804409027,0.24421009421348572,1,1,0.03525060415267944,0.18392634391784668,0.021409690380096436,0,0,1,1,1,7448
0,PRG/PRG_0001726_2014_05_562_50.07604531735773_14.38727394964032_LplABiyKc4lq5cZpuMyNTQ.jpg,PRG:1726,attention,random,4,-88,13,True,,4088,5,7763746547857353796,38,7448,0.1484375,0.12085774540901184,0.11422166228294373,0.35122692584991455,0.35804682970046997,0.2303691804409027,0.24382516741752625,1,1,0.006636083126068115,0.054568588733673096,-0.00681990385055542,0,0,1,1,1,7448
0,PRG/PRG_0001726_2014_05_562_50.07604531735773_14.38727394964032_LplABiyKc4lq5cZpuMyNTQ.jpg,PRG:1726,fused,targeted,-1,0,0,True,,4494,5,6814674575583551860,38,7448,0.1484375,0.12085774540901184,0.02028590440750122,0.35122692584991455,0.2615600824356079,0.2303691804409027,0.2412741780281067,1,1,0.10057184100151062,0.3780444860458374,0.08966684341430664,0,0,1,1,1,7448
0,PRG/PRG_0001726_2014_05_562_50.07604531735773_14.38727394964032_LplABiyKc4lq5cZpuMyNTQ.jpg,PRG:1726,fused,random,0,-51,4,True,,4494,5,6814674575583551860,38,7448,0.1484375,0.12085774540901184,0.11689317226409912,0.35122692584991455,0.3411690294742584,0.2303691804409027,0.2242758572101593,1,1,0.00396457314491272,0.17343974113464355,0.010057896375656128,0,0,1,1,1,7448
0,PRG/PRG_0001726_2014_05_562_50.07604531735773_14.38727394964032_LplABiyKc4lq5cZpuMyNTQ.jpg,PRG:1726,fused,random,1,8,18,True,,4494,5,6814674575583551860,38,7448,0.1484375,0.12085774540901184,0.049264878034591675,0.35122692584991455,0.30650368332862854,0.2303691804409027,0.25723880529403687,1,1,0.07159286737442017,0.31963616609573364,0.04472324252128601,0,0,1,1,1,7448
0,PRG/PRG_0001726_2014_05_562_50.07604531735773_14.38727394964032_LplABiyKc4lq5cZpuMyNTQ.jpg,PRG:1726,fused,random,2,-5,11,True,,4494,5,6814674575583551860,38,7448,0.1484375,0.12085774540901184,-0.02784639596939087,0.35122692584991455,0.2655825912952423,0.2303691804409027,0.2934289872646332,1,2,0.1487041413784027,0.42681407928466797,0.08564433455467224,1,1,0,1,1,7448
0,PRG/PRG_0001726_2014_05_562_50.07604531735773_14.38727394964032_LplABiyKc4lq5cZpuMyNTQ.jpg,PRG:1726,fused,random,3,-35,16,True,,4494,5,6814674575583551860,38,7448,0.1484375,0.12085774540901184,0.05589728057384491,0.35122692584991455,0.294206440448761,0.2303691804409027,0.23830915987491608,1,1,0.06496046483516693,0.2773631811141968,0.057020485401153564,0,0,1,1,1,7448
0,PRG/PRG_0001726_2014_05_562_50.07604531735773_14.38727394964032_LplABiyKc4lq5cZpuMyNTQ.jpg,PRG:1726,fused,random,4,-63,23,True,,4494,5,6814674575583551860,38,7448,0.1484375,0.12085774540901184,0.1290772259235382,0.35122692584991455,0.3508945107460022,0.2303691804409027,0.221817284822464,1,1,-0.008219480514526367,0.11292886734008789,0.0003324151039123535,0,0,1,1,1,7448
0,Miami/Miami_0002344_2015_05_343_25.74881715572547_-80.20603026970264_go2DNPFBrqj03ZbE_tIJiw.jpg,Miami:2344,attention,clean,-1,0,0,True,,6034,5,2892896014117458526,38,7448,0.1484375,0.2846279740333557,0.2846279740333557,0.5017409324645996,0.5017409324645996,0.2171129584312439,0.2171129584312439,1,1,0.0,0.0,0.0,0,0,1,1,1,0
0,Miami/Miami_0002344_2015_05_343_25.74881715572547_-80.20603026970264_go2DNPFBrqj03ZbE_tIJiw.jpg,Miami:2344,fused,clean,-1,0,0,True,,6034,5,1717800567902899759,38,7448,0.1484375,0.2846279740333557,0.2846279740333557,0.5017409324645996,0.5017409324645996,0.2171129584312439,0.2171129584312439,1,1,0.0,0.0,0.0,0,0,1,1,1,0
0,Miami/Miami_0002344_2015_05_343_25.74881715572547_-80.20603026970264_go2DNPFBrqj03ZbE_tIJiw.jpg,Miami:2344,attention,targeted,-1,0,0,True,,6034,5,2892896014117458526,38,7448,0.1484375,0.2846279740333557,0.22870244085788727,0.5017409324645996,0.45249998569488525,0.2171129584312439,0.22379754483699799,1,1,0.055925533175468445,0.27343177795410156,0.049240946769714355,0,0,1,1,1,7448
0,Miami/Miami_0002344_2015_05_343_25.74881715572547_-80.20603026970264_go2DNPFBrqj03ZbE_tIJiw.jpg,Miami:2344,attention,random,0,1,6,True,,6034,5,2892896014117458526,38,7448,0.1484375,0.2846279740333557,0.1952618956565857,0.5017409324645996,0.42643579840660095,0.2171129584312439,0.23117390275001526,1,1,0.08936607837677002,0.23558646440505981,0.07530513405799866,0,0,1,1,1,7448
0,Miami/Miami_0002344_2015_05_343_25.74881715572547_-80.20603026970264_go2DNPFBrqj03ZbE_tIJiw.jpg,Miami:2344,attention,random,1,-11,45,True,,6034,5,2892896014117458526,38,7448,0.1484375,0.2846279740333557,0.20109950006008148,0.5017409324645996,0.4141567349433899,0.2171129584312439,0.2130572348833084,1,1,0.08352847397327423,0.18197357654571533,0.08758419752120972,0,0,1,1,1,7448
0,Miami/Miami_0002344_2015_05_343_25.74881715572547_-80.20603026970264_go2DNPFBrqj03ZbE_tIJiw.jpg,Miami:2344,attention,random,2,38,24,True,,6034,5,2892896014117458526,38,7448,0.1484375,0.2846279740333557,0.22812789678573608,0.5017409324645996,0.45408895611763,0.2171129584312439,0.22596105933189392,1,1,0.05650007724761963,0.127446711063385,0.047651976346969604,0,0,1,1,1,7448
0,Miami/Miami_0002344_2015_05_343_25.74881715572547_-80.20603026970264_go2DNPFBrqj03ZbE_tIJiw.jpg,Miami:2344,attention,random,3,34,21,True,,6034,5,2892896014117458526,38,7448,0.1484375,0.2846279740333557,0.225018709897995,0.5017409324645996,0.44872233271598816,0.2171129584312439,0.22370362281799316,1,1,0.05960926413536072,0.1386837363243103,0.05301859974861145,0,0,1,1,1,7448
0,Miami/Miami_0002344_2015_05_343_25.74881715572547_-80.20603026970264_go2DNPFBrqj03ZbE_tIJiw.jpg,Miami:2344,attention,random,4,-26,26,True,,6034,5,2892896014117458526,38,7448,0.1484375,0.2846279740333557,0.2735233008861542,0.5017409324645996,0.4764646291732788,0.2171129584312439,0.20294132828712463,1,1,0.011104673147201538,0.18187767267227173,0.0252763032913208,0,0,1,1,1,7448
0,Miami/Miami_0002344_2015_05_343_25.74881715572547_-80.20603026970264_go2DNPFBrqj03ZbE_tIJiw.jpg,Miami:2344,fused,targeted,-1,0,0,True,,6034,5,1717800567902899759,38,7448,0.1484375,0.2846279740333557,0.2546653151512146,0.5017409324645996,0.4766206443309784,0.2171129584312439,0.221955344080925,1,1,0.029962658882141113,0.264178991317749,0.025120288133621216,0,0,1,1,1,7448
0,Miami/Miami_0002344_2015_05_343_25.74881715572547_-80.20603026970264_go2DNPFBrqj03ZbE_tIJiw.jpg,Miami:2344,fused,random,0,5,35,True,,6034,5,1717800567902899759,38,7448,0.1484375,0.2846279740333557,0.18210990726947784,0.5017409324645996,0.38032832741737366,0.2171129584312439,0.1982184201478958,1,1,0.10251806676387787,0.19194328784942627,0.12141260504722595,0,0,1,1,1,7448
0,Miami/Miami_0002344_2015_05_343_25.74881715572547_-80.20603026970264_go2DNPFBrqj03ZbE_tIJiw.jpg,Miami:2344,fused,random,1,31,36,True,,6034,5,1717800567902899759,38,7448,0.1484375,0.2846279740333557,0.2077368199825287,0.5017409324645996,0.4367687702178955,0.2171129584312439,0.22903195023536682,1,1,0.07689115405082703,0.12919968366622925,0.0649721622467041,0,0,1,1,1,7448
0,Miami/Miami_0002344_2015_05_343_25.74881715572547_-80.20603026970264_go2DNPFBrqj03ZbE_tIJiw.jpg,Miami:2344,fused,random,2,51,23,True,,6034,5,1717800567902899759,38,7448,0.1484375,0.2846279740333557,0.21718041598796844,0.5017409324645996,0.4459838271141052,0.2171129584312439,0.22880341112613678,1,1,0.06744755804538727,0.12424808740615845,0.055757105350494385,0,0,1,1,1,7448
0,Miami/Miami_0002344_2015_05_343_25.74881715572547_-80.20603026970264_go2DNPFBrqj03ZbE_tIJiw.jpg,Miami:2344,fused,random,3,15,53,True,,6034,5,1717800567902899759,38,7448,0.1484375,0.2846279740333557,0.2108534276485443,0.5017409324645996,0.4091340899467468,0.2171129584312439,0.19828066229820251,1,1,0.0737745463848114,0.22158682346343994,0.09260684251785278,0,0,1,1,1,7448
0,Miami/Miami_0002344_2015_05_343_25.74881715572547_-80.20603026970264_go2DNPFBrqj03ZbE_tIJiw.jpg,Miami:2344,fused,random,4,53,32,True,,6034,5,1717800567902899759,38,7448,0.1484375,0.2846279740333557,0.21939149498939514,0.5017409324645996,0.4499415457248688,0.2171129584312439,0.23055005073547363,1,1,0.06523647904396057,0.11079120635986328,0.051799386739730835,0,0,1,1,1,7448
0,PRG/PRG_0001607_2017_05_325_50.0729372608779_14.48156658650924_umGJIRhK4s67KlESaKxmyQ.jpg,PRG:1607,attention,clean,-1,0,0,True,,4088,5,1644370410678185444,38,7448,0.1484375,0.2997822165489197,0.2997822165489197,0.6080567836761475,0.6080567836761475,0.3082745671272278,0.3082745671272278,1,1,0.0,0.0,0.0,0,0,1,1,1,0
0,PRG/PRG_0001607_2017_05_325_50.0729372608779_14.48156658650924_umGJIRhK4s67KlESaKxmyQ.jpg,PRG:1607,fused,clean,-1,0,0,True,,5460,5,3186777139810232631,38,7448,0.1484375,0.2997822165489197,0.2997822165489197,0.6080567836761475,0.6080567836761475,0.3082745671272278,0.3082745671272278,1,1,0.0,0.0,0.0,0,0,1,1,1,0
0,PRG/PRG_0001607_2017_05_325_50.0729372608779_14.48156658650924_umGJIRhK4s67KlESaKxmyQ.jpg,PRG:1607,attention,targeted,-1,0,0,True,,4088,5,1644370410678185444,38,7448,0.1484375,0.2997822165489197,0.2526516616344452,0.6080567836761475,0.5622948408126831,0.3082745671272278,0.3096431791782379,1,1,0.04713055491447449,0.20102500915527344,0.045761942863464355,0,0,1,1,1,7448
0,PRG/PRG_0001607_2017_05_325_50.0729372608779_14.48156658650924_umGJIRhK4s67KlESaKxmyQ.jpg,PRG:1607,attention,random,0,9,20,True,,4088,5,1644370410678185444,38,7448,0.1484375,0.2997822165489197,0.2730080485343933,0.6080567836761475,0.5805481672286987,0.3082745671272278,0.3075401186943054,1,1,0.026774168014526367,0.1991192102432251,0.02750861644744873,0,0,1,1,1,7448
0,PRG/PRG_0001607_2017_05_325_50.0729372608779_14.48156658650924_umGJIRhK4s67KlESaKxmyQ.jpg,PRG:1607,attention,random,1,-40,4,True,,4088,5,1644370410678185444,38,7448,0.1484375,0.2997822165489197,0.2961498498916626,0.6080567836761475,0.5875633955001831,0.3082745671272278,0.2914135456085205,1,1,0.00363236665725708,0.1257198452949524,0.020493388175964355,0,0,1,1,1,7448
0,PRG/PRG_0001607_2017_05_325_50.0729372608779_14.48156658650924_umGJIRhK4s67KlESaKxmyQ.jpg,PRG:1607,attention,random,2,-14,8,True,,4088,5,1644370410678185444,38,7448,0.1484375,0.2997822165489197,0.3040062487125397,0.6080567836761475,0.5846712589263916,0.3082745671272278,0.28066501021385193,1,1,-0.004224032163619995,0.1835341453552246,0.02338552474975586,0,0,1,1,1,7448
0,PRG/PRG_0001607_2017_05_325_50.0729372608779_14.48156658650924_umGJIRhK4s67KlESaKxmyQ.jpg,PRG:1607,attention,random,3,-110,3,True,,4088,5,1644370410678185444,38,7448,0.1484375,0.2997822165489197,0.3082081377506256,0.6080567836761475,0.6089853048324585,0.3082745671272278,0.3007771670818329,1,1,-0.008425921201705933,0.0644369125366211,-0.0009285211563110352,0,0,1,1,1,7448
0,PRG/PRG_0001607_2017_05_325_50.0729372608779_14.48156658650924_umGJIRhK4s67KlESaKxmyQ.jpg,PRG:1607,attention,random,4,-87,16,True,,4088,5,1644370410678185444,38,7448,0.1484375,0.2997822165489197,0.29046177864074707,0.6080567836761475,0.5861072540283203,0.3082745671272278,0.29564547538757324,1,1,0.009320437908172607,0.07009828090667725,0.02194952964782715,0,0,1,1,1,7448
0,PRG/PRG_0001607_2017_05_325_50.0729372608779_14.48156658650924_umGJIRhK4s67KlESaKxmyQ.jpg,PRG:1607,fused,targeted,-1,0,0,True,,5460,5,3186777139810232631,38,7448,0.1484375,0.2997822165489197,0.238905131816864,0.6080567836761475,0.5300785303115845,0.3082745671272278,0.29117339849472046,1,1,0.060877084732055664,0.18014073371887207,0.07797825336456299,0,0,1,1,1,7448
0,PRG/PRG_0001607_2017_05_325_50.0729372608779_14.48156658650924_umGJIRhK4s67KlESaKxmyQ.jpg,PRG:1607,fused,random,0,-61,-6,True,,5460,5,3186777139810232631,38,7448,0.1484375,0.2997822165489197,0.282602995634079,0.6080567836761475,0.5516603589057922,0.3082745671272278,0.26905736327171326,1,1,0.017179220914840698,0.1039665937423706,0.056396424770355225,0,0,1,1,1,7448
0,PRG/PRG_0001607_2017_05_325_50.0729372608779_14.48156658650924_umGJIRhK4s67KlESaKxmyQ.jpg,PRG:1607,fused,random,1,-23,-26,True,,5460,5,3186777139810232631,38,7448,0.1484375,0.2997822165489197,0.2627982497215271,0.6080567836761475,0.5594931244850159,0.3082745671272278,0.29669487476348877,1,1,0.03698396682739258,0.1825658082962036,0.04856365919113159,0,0,1,1,1,7448
0,PRG/PRG_0001607_2017_05_325_50.0729372608779_14.48156658650924_umGJIRhK4s67KlESaKxmyQ.jpg,PRG:1607,fused,random,2,-98,-25,True,,5460,5,3186777139810232631,38,7448,0.1484375,0.2997822165489197,0.2954305410385132,0.6080567836761475,0.5853092670440674,0.3082745671272278,0.2898787260055542,1,1,0.004351675510406494,0.07303571701049805,0.022747516632080078,0,0,1,1,1,7448
0,PRG/PRG_0001607_2017_05_325_50.0729372608779_14.48156658650924_umGJIRhK4s67KlESaKxmyQ.jpg,PRG:1607,fused,random,3,-4,-36,True,,5460,5,3186777139810232631,38,7448,0.1484375,0.2997822165489197,0.25618791580200195,0.6080567836761475,0.5512032508850098,0.3082745671272278,0.2950153350830078,1,1,0.043594300746917725,0.19082176685333252,0.056853532791137695,0,0,1,1,1,7448
0,PRG/PRG_0001607_2017_05_325_50.0729372608779_14.48156658650924_umGJIRhK4s67KlESaKxmyQ.jpg,PRG:1607,fused,random,4,-51,-9,True,,5460,5,3186777139810232631,38,7448,0.1484375,0.2997822165489197,0.2859013080596924,0.6080567836761475,0.5627903938293457,0.3082745671272278,0.2768890857696533,1,1,0.013880908489227295,0.11465132236480713,0.04526638984680176,0,0,1,1,1,7448
0,Miami/Miami_0007944_2009_06_314_25.79370903554045_-80.23565676016223_ByRdj6uGAvuqmeCLJ33FEg.jpg,Miami:7944,attention,clean,-1,0,0,True,,8414,5,3018289699789569438,38,7448,0.1484375,0.2737915515899658,0.2737915515899658,0.5062613487243652,0.5062613487243652,0.23246978223323822,0.23246978223323822,1,1,0.0,0.0,0.0,0,0,1,1,1,0
0,Miami/Miami_0007944_2009_06_314_25.79370903554045_-80.23565676016223_ByRdj6uGAvuqmeCLJ33FEg.jpg,Miami:7944,fused,clean,-1,0,0,True,,3276,5,7548689235029488505,38,7448,0.1484375,0.2737915515899658,0.2737915515899658,0.5062613487243652,0.5062613487243652,0.23246978223323822,0.23246978223323822,1,1,0.0,0.0,0.0,0,0,1,1,1,0
0,Miami/Miami_0007944_2009_06_314_25.79370903554045_-80.23565676016223_ByRdj6uGAvuqmeCLJ33FEg.jpg,Miami:7944,attention,targeted,-1,0,0,True,,8414,5,3018289699789569438,38,7448,0.1484375,0.2737915515899658,0.2165590524673462,0.5062613487243652,0.46210089325904846,0.23246978223323822,0.24554184079170227,1,1,0.05723249912261963,0.216059148311615,0.04416045546531677,0,0,1,1,1,7448
0,Miami/Miami_0007944_2009_06_314_25.79370903554045_-80.23565676016223_ByRdj6uGAvuqmeCLJ33FEg.jpg,Miami:7944,attention,random,0,-15,-18,True,,8414,5,3018289699789569438,38,7448,0.1484375,0.2737915515899658,0.21777135133743286,0.5062613487243652,0.4318442940711975,0.23246978223323822,0.21407294273376465,1,1,0.05602020025253296,0.1444312334060669,0.07441705465316772,0,0,1,1,1,7448
0,Miami/Miami_0007944_2009_06_314_25.79370903554045_-80.23565676016223_ByRdj6uGAvuqmeCLJ33FEg.jpg,Miami:7944,attention,random,1,-18,-59,True,,8414,5,3018289699789569438,38,7448,0.1484375,0.2737915515899658,0.20973947644233704,0.5062613487243652,0.44375941157341003,0.23246978223323822,0.234019935131073,1,1,0.06405207514762878,0.13188350200653076,0.0625019371509552,0,0,1,1,1,7448
0,Miami/Miami_0007944_2009_06_314_25.79370903554045_-80.23565676016223_ByRdj6uGAvuqmeCLJ33FEg.jpg,Miami:7944,attention,random,2,-7,-57,True,,8414,5,3018289699789569438,38,7448,0.1484375,0.2737915515899658,0.1891160011291504,0.5062613487243652,0.4381054639816284,0.23246978223323822,0.24898946285247803,1,1,0.08467555046081543,0.1364923119544983,0.06815588474273682,0,0,1,1,1,7448
0,Miami/Miami_0007944_2009_06_314_25.79370903554045_-80.23565676016223_ByRdj6uGAvuqmeCLJ33FEg.jpg,Miami:7944,attention,random,3,36,-54,True,,8414,5,3018289699789569438,38,7448,0.1484375,0.2737915515899658,0.20299170911312103,0.5062613487243652,0.4305189847946167,0.23246978223323822,0.22752727568149567,1,1,0.07079984247684479,0.14695608615875244,0.07574236392974854,0,0,1,1,1,7448
0,Miami/Miami_0007944_2009_06_314_25.79370903554045_-80.23565676016223_ByRdj6uGAvuqmeCLJ33FEg.jpg,Miami:7944,attention,random,4,-9,-52,True,,8414,5,3018289699789569438,38,7448,0.1484375,0.2737915515899658,0.20849423110485077,0.5062613487243652,0.4494769871234894,0.23246978223323822,0.2409827560186386,1,1,0.06529732048511505,0.1286379098892212,0.056784361600875854,0,0,1,1,1,7448
0,Miami/Miami_0007944_2009_06_314_25.79370903554045_-80.23565676016223_ByRdj6uGAvuqmeCLJ33FEg.jpg,Miami:7944,fused,targeted,-1,0,0,True,,3276,5,7548689235029488505,38,7448,0.1484375,0.2737915515899658,0.20009371638298035,0.5062613487243652,0.4390282928943634,0.23246978223323822,0.23893457651138306,1,1,0.07369783520698547,0.2290858030319214,0.06723305583000183,0,0,1,1,1,7448
0,Miami/Miami_0007944_2009_06_314_25.79370903554045_-80.23565676016223_ByRdj6uGAvuqmeCLJ33FEg.jpg,Miami:7944,fused,random,0,0,-21,True,,3276,5,7548689235029488505,38,7448,0.1484375,0.2737915515899658,0.2064199298620224,0.5062613487243652,0.42832937836647034,0.23246978223323822,0.22190944850444794,1,1,0.06737162172794342,0.17588567733764648,0.0779319703578949,0,0,1,1,1,7448
0,Miami/Miami_0007944_2009_06_314_25.79370903554045_-80.23565676016223_ByRdj6uGAvuqmeCLJ33FEg.jpg,Miami:7944,fused,random,1,-66,-19,True,,3276,5,7548689235029488505,38,7448,0.1484375,0.2737915515899658,0.2957026958465576,0.5062613487243652,0.5146487951278687,0.23246978223323822,0.21894609928131104,1,1,-0.021911144256591797,0.0924534797668457,-0.008387446403503418,0,0,1,1,1,7448
0,Miami/Miami_0007944_2009_06_314_25.79370903554045_-80.23565676016223_ByRdj6uGAvuqmeCLJ33FEg.jpg,Miami:7944,fused,random,2,17,-14,True,,3276,5,7548689235029488505,38,7448,0.1484375,0.2737915515899658,0.1997028887271881,0.5062613487243652,0.45673924684524536,0.23246978223323822,0.25703635811805725,1,1,0.07408866286277771,0.21162402629852295,0.04952210187911987,0,0,1,1,1,7448
0,Miami/Miami_0007944_2009_06_314_25.79370903554045_-80.23565676016223_ByRdj6uGAvuqmeCLJ33FEg.jpg,Miami:7944,fused,random,3,10,0,True,,3276,5,7548689235029488505,38,7448,0.1484375,0.2737915515899658,0.20122236013412476,0.5062613487243652,0.46347445249557495,0.23246978223323822,0.2622520923614502,1,1,0.07256919145584106,0.2068464159965515,0.04278689622879028,0,0,1,1,1,7448
0,Miami/Miami_0007944_2009_06_314_25.79370903554045_-80.23565676016223_ByRdj6uGAvuqmeCLJ33FEg.jpg,Miami:7944,fused,random,4,-41,-17,True,,3276,5,7548689235029488505,38,7448,0.1484375,0.2737915515899658,0.26959264278411865,0.5062613487243652,0.49129518866539,0.23246978223323822,0.22170254588127136,1,1,0.004198908805847168,0.10195636749267578,0.01496616005897522,0,0,1,1,1,7448
0,Brussels/Brussels_0002724_2017_06_185_50.86295049549855_4.381024420969795_fDUHWny969o8POmoRxxfKQ.jpg,Brussels:2724,attention,clean,-1,0,0,True,,126,5,4592289032110624364,38,7448,0.1484375,0.42628416419029236,0.42628416419029236,0.570560097694397,0.570560097694397,0.14427593350410461,0.14427593350410461,1,1,0.0,0.0,0.0,0,0,1,1,1,0
0,Brussels/Brussels_0002724_2017_06_185_50.86295049549855_4.381024420969795_fDUHWny969o8POmoRxxfKQ.jpg,Brussels:2724,fused,clean,-1,0,0,True,,4088,5,4028863490594187965,38,7448,0.1484375,0.42628416419029236,0.42628416419029236,0.570560097694397,0.570560097694397,0.14427593350410461,0.14427593350410461,1,1,0.0,0.0,0.0,0,0,1,1,1,0
0,Brussels/Brussels_0002724_2017_06_185_50.86295049549855_4.381024420969795_fDUHWny969o8POmoRxxfKQ.jpg,Brussels:2724,attention,targeted,-1,0,0,True,,126,5,4592289032110624364,38,7448,0.1484375,0.42628416419029236,0.304299920797348,0.570560097694397,0.47894057631492615,0.14427593350410461,0.17464065551757812,1,1,0.12198424339294434,0.35254764556884766,0.09161952137947083,0,0,1,1,1,7448
0,Brussels/Brussels_0002724_2017_06_185_50.86295049549855_4.381024420969795_fDUHWny969o8POmoRxxfKQ.jpg,Brussels:2724,attention,random,0,-35,0,True,,126,5,4592289032110624364,38,7448,0.1484375,0.42628416419029236,0.3715740144252777,0.570560097694397,0.5194306969642639,0.14427593350410461,0.1478566825389862,1,1,0.05471014976501465,0.18577218055725098,0.05112940073013306,0,0,1,1,1,7448
0,Brussels/Brussels_0002724_2017_06_185_50.86295049549855_4.381024420969795_fDUHWny969o8POmoRxxfKQ.jpg,Brussels:2724,attention,random,1,54,0,True,,126,5,4592289032110624364,38,7448,0.1484375,0.42628416419029236,0.3415699005126953,0.570560097694397,0.48409998416900635,0.14427593350410461,0.14253008365631104,1,1,0.08471426367759705,0.11667108535766602,0.08646011352539062,0,0,1,1,1,7448
0,Brussels/Brussels_0002724_2017_06_185_50.86295049549855_4.381024420969795_fDUHWny969o8POmoRxxfKQ.jpg,Brussels:2724,attention,random,2,-26,0,True,,126,5,4592289032110624364,38,7448,0.1484375,0.42628416419029236,0.33235058188438416,0.570560097694397,0.4877350926399231,0.14427593350410461,0.15538451075553894,1,1,0.0939335823059082,0.25880444049835205,0.08282500505447388,0,0,1,1,1,7448
0,Brussels/Brussels_0002724_2017_06_185_50.86295049549855_4.381024420969795_fDUHWny969o8POmoRxxfKQ.jpg,Brussels:2724,attention,random,3,-13,0,True,,126,5,4592289032110624364,38,7448,0.1484375,0.42628416419029236,0.3520496189594269,0.570560097694397,0.5026072859764099,0.14427593350410461,0.15055766701698303,1,1,0.07423454523086548,0.2933849096298218,0.06795281171798706,0,0,1,1,1,7448
0,Brussels/Brussels_0002724_2017_06_185_50.86295049549855_4.381024420969795_fDUHWny969o8POmoRxxfKQ.jpg,Brussels:2724,attention,random,4,13,0,True,,126,5,4592289032110624364,38,7448,0.1484375,0.42628416419029236,0.34990936517715454,0.570560097694397,0.5043312311172485,0.14427593350410461,0.154421865940094,1,1,0.07637479901313782,0.30147022008895874,0.06622886657714844,0,0,1,1,1,7448
0,Brussels/Brussels_0002724_2017_06_185_50.86295049549855_4.381024420969795_fDUHWny969o8POmoRxxfKQ.jpg,Brussels:2724,fused,targeted,-1,0,0,True,,4088,5,4028863490594187965,38,7448,0.1484375,0.42628416419029236,0.35392796993255615,0.570560097694397,0.5173567533493042,0.14427593350410461,0.16342879831790924,1,1,0.0723561942577362,0.28923195600509644,0.05320334434509277,0,0,1,1,1,7448
0,Brussels/Brussels_0002724_2017_06_185_50.86295049549855_4.381024420969795_fDUHWny969o8POmoRxxfKQ.jpg,Brussels:2724,fused,random,0,-17,-14,True,,4088,5,4028863490594187965,38,7448,0.1484375,0.42628416419029236,0.31371405720710754,0.570560097694397,0.47783786058425903,0.14427593350410461,0.1641238033771515,1,1,0.11257010698318481,0.269886314868927,0.09272223711013794,0,0,1,1,1,7448
0,Brussels/Brussels_0002724_2017_06_185_50.86295049549855_4.381024420969795_fDUHWny969o8POmoRxxfKQ.jpg,Brussels:2724,fused,random,1,29,-16,True,,4088,5,4028863490594187965,38,7448,0.1484375,0.42628416419029236,0.3874039649963379,0.570560097694397,0.5352280139923096,0.14427593350410461,0.14782406389713287,1,1,0.03888019919395447,0.17587989568710327,0.0353320837020874,0,0,1,1,1,7448
0,Brussels/Brussels_0002724_2017_06_185_50.86295049549855_4.381024420969795_fDUHWny969o8POmoRxxfKQ.jpg,Brussels:2724,fused,random,2,12,-15,True,,4088,5,4028863490594187965,38,7448,0.1484375,0.42628416419029236,0.36456772685050964,0.570560097694397,0.5218847990036011,0.14427593350410461,0.15731707215309143,1,1,0.061716437339782715,0.2290440797805786,0.0486752986907959,0,0,1,1,1,7448
0,Brussels/Brussels_0002724_2017_06_185_50.86295049549855_4.381024420969795_fDUHWny969o8POmoRxxfKQ.jpg,Brussels:2724,fused,random,3,-19,-6,True,,4088,5,4028863490594187965,38,7448,0.1484375,0.42628416419029236,0.3270629048347473,0.570560097694397,0.4867071509361267,0.14427593350410461,0.1596442312002182,1,1,0.09922125935554504,0.28737354278564453,0.08385294675827026,0,0,1,1,1,7448
0,Brussels/Brussels_0002724_2017_06_185_50.86295049549855_4.381024420969795_fDUHWny969o8POmoRxxfKQ.jpg,Brussels:2724,fused,random,4,-44,-3,True,,4088,5,4028863490594187965,38,7448,0.1484375,0.42628416419029236,0.4040820598602295,0.570560097694397,0.5516597628593445,0.14427593350410461,0.147577702999115,1,1,0.022202104330062866,0.14048731327056885,0.01890033483505249,0,0,1,1,1,7448
0,MexicoCity/MexicoCity_0000439_2011_07_378_19.41700482193426_-99.13953347474336_TwJrfwIgXV4gdmu2v_RwPw.jpg,MexicoCity:439,attention,clean,-1,0,0,True,,4088,5,6473084759995809735,38,7448,0.1484375,0.08069154620170593,0.08069154620170593,0.2780299186706543,0.2780299186706543,0.19733837246894836,0.19733837246894836,1,1,0.0,0.0,0.0,0,0,1,1,1,0
0,MexicoCity/MexicoCity_0000439_2011_07_378_19.41700482193426_-99.13953347474336_TwJrfwIgXV4gdmu2v_RwPw.jpg,MexicoCity:439,fused,clean,-1,0,0,True,,4088,5,1737218915063235662,38,7448,0.1484375,0.08069154620170593,0.08069154620170593,0.2780299186706543,0.2780299186706543,0.19733837246894836,0.19733837246894836,1,1,0.0,0.0,0.0,0,0,1,1,1,0
0,MexicoCity/MexicoCity_0000439_2011_07_378_19.41700482193426_-99.13953347474336_TwJrfwIgXV4gdmu2v_RwPw.jpg,MexicoCity:439,attention,targeted,-1,0,0,True,,4088,5,6473084759995809735,38,7448,0.1484375,0.08069154620170593,0.02766093611717224,0.2780299186706543,0.2198101431131363,0.19733837246894836,0.19214920699596405,1,1,0.05303061008453369,0.41668111085891724,0.058219775557518005,0,0,1,1,1,7448
0,MexicoCity/MexicoCity_0000439_2011_07_378_19.41700482193426_-99.13953347474336_TwJrfwIgXV4gdmu2v_RwPw.jpg,MexicoCity:439,attention,random,0,62,-12,True,,4088,5,6473084759995809735,38,7448,0.1484375,0.08069154620170593,0.12402194738388062,0.2780299186706543,0.2899011969566345,0.19733837246894836,0.1658792495727539,1,1,-0.04333040118217468,0.1261940598487854,-0.011871278285980225,0,0,1,1,1,7448
0,MexicoCity/MexicoCity_0000439_2011_07_378_19.41700482193426_-99.13953347474336_TwJrfwIgXV4gdmu2v_RwPw.jpg,MexicoCity:439,attention,random,1,13,-1,True,,4088,5,6473084759995809735,38,7448,0.1484375,0.08069154620170593,0.03789028525352478,0.2780299186706543,0.2215137481689453,0.19733837246894836,0.18362346291542053,1,1,0.04280126094818115,0.4585007429122925,0.056516170501708984,0,0,1,1,1,7448
0,MexicoCity/MexicoCity_0000439_2011_07_378_19.41700482193426_-99.13953347474336_TwJrfwIgXV4gdmu2v_RwPw.jpg,MexicoCity:439,attention,random,2,-53,-3,True,,4088,5,6473084759995809735,38,7448,0.1484375,0.08069154620170593,0.0793209969997406,0.2780299186706543,0.2684386968612671,0.19733837246894836,0.1891176998615265,1,1,0.001370549201965332,0.09130030870437622,0.009591221809387207,0,0,1,1,1,7448
0,MexicoCity/MexicoCity_0000439_2011_07_378_19.41700482193426_-99.13953347474336_TwJrfwIgXV4gdmu2v_RwPw.jpg,MexicoCity:439,attention,random,3,-34,4,True,,4088,5,6473084759995809735,38,7448,0.1484375,0.08069154620170593,0.04026816785335541,0.2780299186706543,0.25822746753692627,0.19733837246894836,0.21795929968357086,1,1,0.040423378348350525,0.23023629188537598,0.019802451133728027,0,0,1,1,1,7448
0,MexicoCity/MexicoCity_0000439_2011_07_378_19.41700482193426_-99.13953347474336_TwJrfwIgXV4gdmu2v_RwPw.jpg,MexicoCity:439,attention,random,4,-45,6,True,,4088,5,6473084759995809735,38,7448,0.1484375,0.08069154620170593,0.047510743141174316,0.2780299186706543,0.2603182792663574,0.19733837246894836,0.2128075361251831,1,1,0.033180803060531616,0.12383496761322021,0.017711639404296875,0,0,1,1,1,7448
0,MexicoCity/MexicoCity_0000439_2011_07_378_19.41700482193426_-99.13953347474336_TwJrfwIgXV4gdmu2v_RwPw.jpg,MexicoCity:439,fused,targeted,-1,0,0,True,,4088,5,1737218915063235662,38,7448,0.1484375,0.08069154620170593,0.06723929941654205,0.2780299186706543,0.2595950961112976,0.19733837246894836,0.19235579669475555,1,1,0.01345224678516388,0.4066131114959717,0.01843482255935669,0,0,1,1,1,7448
0,MexicoCity/MexicoCity_0000439_2011_07_378_19.41700482193426_-99.13953347474336_TwJrfwIgXV4gdmu2v_RwPw.jpg,MexicoCity:439,fused,random,0,0,5,True,,4088,5,1737218915063235662,38,7448,0.1484375,0.08069154620170593,0.06308464705944061,0.2780299186706543,0.24628789722919464,0.19733837246894836,0.18320325016975403,1,1,0.01760689914226532,0.38205671310424805,0.031742021441459656,0,0,1,1,1,7448
0,MexicoCity/MexicoCity_0000439_2011_07_378_19.41700482193426_-99.13953347474336_TwJrfwIgXV4gdmu2v_RwPw.jpg,MexicoCity:439,fused,random,1,-44,8,True,,4088,5,1737218915063235662,38,7448,0.1484375,0.08069154620170593,0.057887911796569824,0.2780299186706543,0.2795674800872803,0.19733837246894836,0.22167956829071045,1,1,0.02280363440513611,0.15771746635437012,-0.0015375614166259766,0,0,1,1,1,7448
0,MexicoCity/MexicoCity_0000439_2011_07_378_19.41700482193426_-99.13953347474336_TwJrfwIgXV4gdmu2v_RwPw.jpg,MexicoCity:439,fused,random,2,-1,5,True,,4088,5,1737218915063235662,38,7448,0.1484375,0.08069154620170593,0.07714584469795227,0.2780299186706543,0.2569929361343384,0.19733837246894836,0.1798470914363861,1,1,0.003545701503753662,0.3861628770828247,0.021036982536315918,0,0,1,1,1,7448
0,MexicoCity/MexicoCity_0000439_2011_07_378_19.41700482193426_-99.13953347474336_TwJrfwIgXV4gdmu2v_RwPw.jpg,MexicoCity:439,fused,random,3,22,11,True,,4088,5,1737218915063235662,38,7448,0.1484375,0.08069154620170593,0.02745574712753296,0.2780299186706543,0.20132917165756226,0.19733837246894836,0.1738734245300293,1,1,0.053235799074172974,0.3271767497062683,0.07670074701309204,0,0,1,1,1,7448
0,MexicoCity/MexicoCity_0000439_2011_07_378_19.41700482193426_-99.13953347474336_TwJrfwIgXV4gdmu2v_RwPw.jpg,MexicoCity:439,fused,random,4,64,9,True,,4088,5,1737218915063235662,38,7448,0.1484375,0.08069154620170593,0.1345440149307251,0.2780299186706543,0.31307798624038696,0.19733837246894836,0.17853397130966187,1,1,-0.053852468729019165,0.13584387302398682,-0.035048067569732666,0,0,1,1,1,7448
0,London/London_0004974_2008_07_110_51.5100068580884_-0.1237108994429334_gMH1zaD6dwjZ7yNcwi_kqQ.jpg,London:4974,attention,clean,-1,0,0,True,,7028,5,273894779133828325,38,7448,0.1484375,0.3748319745063782,0.3748319745063782,0.5588836669921875,0.5588836669921875,0.18405169248580933,0.18405169248580933,1,1,0.0,0.0,0.0,0,0,1,1,1,0
0,London/London_0004974_2008_07_110_51.5100068580884_-0.1237108994429334_gMH1zaD6dwjZ7yNcwi_kqQ.jpg,London:4974,fused,clean,-1,0,0,True,,12572,5,8339031884491227799,38,7448,0.1484375,0.3748319745063782,0.3748319745063782,0.5588836669921875,0.5588836669921875,0.18405169248580933,0.18405169248580933,1,1,0.0,0.0,0.0,0,0,1,1,1,0
0,London/London_0004974_2008_07_110_51.5100068580884_-0.1237108994429334_gMH1zaD6dwjZ7yNcwi_kqQ.jpg,London:4974,attention,targeted,-1,0,0,True,,7028,5,273894779133828325,38,7448,0.1484375,0.3748319745063782,0.31700050830841064,0.5588836669921875,0.514675498008728,0.18405169248580933,0.19767500460147858,1,1,0.05783146619796753,0.19912195205688477,0.04420816898345947,0,0,1,1,1,7448
0,London/London_0004974_2008_07_110_51.5100068580884_-0.1237108994429334_gMH1zaD6dwjZ7yNcwi_kqQ.jpg,London:4974,attention,random,0,25,5,True,,7028,5,273894779133828325,38,7448,0.1484375,0.3748319745063782,0.3452347218990326,0.5588836669921875,0.5242317318916321,0.18405169248580933,0.1789970099925995,1,1,0.02959725260734558,0.2025439739227295,0.03465193510055542,0,0,1,1,1,7448
0,London/London_0004974_2008_07_110_51.5100068580884_-0.1237108994429334_gMH1zaD6dwjZ7yNcwi_kqQ.jpg,London:4974,attention,random,1,6,23,True,,7028,5,273894779133828325,38,7448,0.1484375,0.3748319745063782,0.3414733409881592,0.5588836669921875,0.5298581123352051,0.18405169248580933,0.1883847713470459,1,1,0.033358633518218994,0.10822397470474243,0.029025554656982422,0,0,1,1,1,7448
0,London/London_0004974_2008_07_110_51.5100068580884_-0.1237108994429334_gMH1zaD6dwjZ7yNcwi_kqQ.jpg,London:4974,attention,random,2,14,70,True,,7028,5,273894779133828325,38,7448,0.1484375,0.3748319745063782,0.31508588790893555,0.5588836669921875,0.5057592391967773,0.18405169248580933,0.1906733512878418,1,1,0.05974608659744263,0.11058312654495239,0.053124427795410156,0,0,1,1,1,7448
0,London/London_0004974_2008_07_110_51.5100068580884_-0.1237108994429334_gMH1zaD6dwjZ7yNcwi_kqQ.jpg,London:4974,attention,random,3,-4,47,True,,7028,5,273894779133828325,38,7448,0.1484375,0.3748319745063782,0.3212524652481079,0.5588836669921875,0.5082787275314331,0.18405169248580933,0.1870262622833252,1,1,0.053579509258270264,0.10745292901992798,0.050604939460754395,0,0,1,1,1,7448
0,London/London_0004974_2008_07_110_51.5100068580884_-0.1237108994429334_gMH1zaD6dwjZ7yNcwi_kqQ.jpg,London:4974,attention,random,4,9,72,True,,7028,5,273894779133828325,38,7448,0.1484375,0.3748319745063782,0.28500235080718994,0.5588836669921875,0.48733705282211304,0.18405169248580933,0.2023346871137619,1,1,0.08982962369918823,0.1267012357711792,0.07154661417007446,0,0,1,1,1,7448
0,London/London_0004974_2008_07_110_51.5100068580884_-0.1237108994429334_gMH1zaD6dwjZ7yNcwi_kqQ.jpg,London:4974,fused,targeted,-1,0,0,True,,12572,5,8339031884491227799,38,7448,0.1484375,0.3748319745063782,0.2576686143875122,0.5588836669921875,0.46163666248321533,0.18405169248580933,0.20396806299686432,1,1,0.11716336011886597,0.19170784950256348,0.09724700450897217,0,0,1,1,1,7448
0,London/London_0004974_2008_07_110_51.5100068580884_-0.1237108994429334_gMH1zaD6dwjZ7yNcwi_kqQ.jpg,London:4974,fused,random,0,-20,-43,True,,12572,5,8339031884491227799,38,7448,0.1484375,0.3748319745063782,0.3050649166107178,0.5588836669921875,0.5072618722915649,0.18405169248580933,0.20219697058200836,1,1,0.0697670578956604,0.09003973007202148,0.05162179470062256,0,0,1,1,1,7448
0,London/London_0004974_2008_07_110_51.5100068580884_-0.1237108994429334_gMH1zaD6dwjZ7yNcwi_kqQ.jpg,London:4974,fused,random,1,-42,-1,True,,12572,5,8339031884491227799,38,7448,0.1484375,0.3748319745063782,0.31495916843414307,0.5588836669921875,0.5001355409622192,0.18405169248580933,0.18517635762691498,1,1,0.05987280607223511,0.15013760328292847,0.05874812602996826,0,0,1,1,1,7448
0,London/London_0004974_2008_07_110_51.5100068580884_-0.1237108994429334_gMH1zaD6dwjZ7yNcwi_kqQ.jpg,London:4974,fused,random,2,-34,-95,True,,12572,5,8339031884491227799,38,7448,0.1484375,0.3748319745063782,0.35513240098953247,0.5588836669921875,0.5415550470352173,0.18405169248580933,0.18642264604568481,1,1,0.019699573516845703,0.10795706510543823,0.017328619956970215,0,0,1,1,1,7448
0,London/London_0004974_2008_07_110_51.5100068580884_-0.1237108994429334_gMH1zaD6dwjZ7yNcwi_kqQ.jpg,London:4974,fused,random,3,41,-26,True,,12572,5,8339031884491227799,38,7448,0.1484375,0.3748319745063782,0.2929416596889496,0.5588836669921875,0.4790835976600647,0.18405169248580933,0.1861419379711151,1,1,0.08189031481742859,0.15028947591781616,0.0798000693321228,0,0,1,1,1,7448
0,London/London_0004974_2008_07_110_51.5100068580884_-0.1237108994429334_gMH1zaD6dwjZ7yNcwi_kqQ.jpg,London:4974,fused,random,4,51,-95,True,,12572,5,8339031884491227799,38,7448,0.1484375,0.3748319745063782,0.2938959300518036,0.5588836669921875,0.47785377502441406,0.18405169248580933,0.18395784497261047,1,1,0.08093604445457458,0.1250096559524536,0.08102989196777344,0,0,1,1,1,7448
0,Lisbon/Lisbon_0006805_2019_11_322_38.75718737248513_-9.165952628228716_nEJpwdYZ5tOiSVrF5b9QZw.jpg,Lisbon:6805,attention,clean,-1,0,0,True,,126,5,8457881632286975186,38,7448,0.1484375,0.2372843623161316,0.2372843623161316,0.5831595063209534,0.5831595063209534,0.3458751440048218,0.3458751440048218,1,1,0.0,0.0,0.0,0,0,1,1,1,0
0,Lisbon/Lisbon_0006805_2019_11_322_38.75718737248513_-9.165952628228716_nEJpwdYZ5tOiSVrF5b9QZw.jpg,Lisbon:6805,fused,clean,-1,0,0,True,,4494,5,6898779443407842459,38,7448,0.1484375,0.2372843623161316,0.2372843623161316,0.5831595063209534,0.5831595063209534,0.3458751440048218,0.3458751440048218,1,1,0.0,0.0,0.0,0,0,1,1,1,0
0,Lisbon/Lisbon_0006805_2019_11_322_38.75718737248513_-9.165952628228716_nEJpwdYZ5tOiSVrF5b9QZw.jpg,Lisbon:6805,attention,targeted,-1,0,0,True,,126,5,8457881632286975186,38,7448,0.1484375,0.2372843623161316,0.1953907012939453,0.5831595063209534,0.5063881874084473,0.3458751440048218,0.31099748611450195,1,1,0.04189366102218628,0.28774505853652954,0.0767713189125061,0,0,1,1,1,7448
0,Lisbon/Lisbon_0006805_2019_11_322_38.75718737248513_-9.165952628228716_nEJpwdYZ5tOiSVrF5b9QZw.jpg,Lisbon:6805,attention,random,0,38,0,True,,126,5,8457881632286975186,38,7448,0.1484375,0.2372843623161316,0.23886680603027344,0.5831595063209534,0.5379803776741028,0.3458751440048218,0.29911357164382935,1,1,-0.0015824437141418457,0.129807710647583,0.045179128646850586,0,0,1,1,1,7448
0,Lisbon/Lisbon_0006805_2019_11_322_38.75718737248513_-9.165952628228716_nEJpwdYZ5tOiSVrF5b9QZw.jpg,Lisbon:6805,attention,random,1,97,0,True,,126,5,8457881632286975186,38,7448,0.1484375,0.2372843623161316,0.23132681846618652,0.5831595063209534,0.5782726407051086,0.3458751440048218,0.3469458222389221,1,1,0.005957543849945068,0.03015047311782837,0.0048868656158447266,0,0,1,1,1,7448
0,Lisbon/Lisbon_0006805_2019_11_322_38.75718737248513_-9.165952628228716_nEJpwdYZ5tOiSVrF5b9QZw.jpg,Lisbon:6805,attention,random,2,-16,0,True,,126,5,8457881632286975186,38,7448,0.1484375,0.2372843623161316,0.1548624038696289,0.5831595063209534,0.4841168224811554,0.3458751440048218,0.3292544186115265,1,1,0.08242195844650269,0.23919963836669922,0.09904268383979797,0,0,1,1,1,7448
0,Lisbon/Lisbon_0006805_2019_11_322_38.75718737248513_-9.165952628228716_nEJpwdYZ5tOiSVrF5b9QZw.jpg,Lisbon:6805,attention,random,3,63,0,True,,126,5,8457881632286975186,38,7448,0.1484375,0.2372843623161316,0.23129600286483765,0.5831595063209534,0.5696685314178467,0.3458751440048218,0.33837252855300903,1,1,0.005988359451293945,0.05881679058074951,0.01349097490310669,0,0,1,1,1,7448
0,Lisbon/Lisbon_0006805_2019_11_322_38.75718737248513_-9.165952628228716_nEJpwdYZ5tOiSVrF5b9QZw.jpg,Lisbon:6805,attention,random,4,31,0,True,,126,5,8457881632286975186,38,7448,0.1484375,0.2372843623161316,0.21655356884002686,0.5831595063209534,0.5053406357765198,0.3458751440048218,0.2887870669364929,1,1,0.020730793476104736,0.22237378358840942,0.0778188705444336,0,0,1,1,1,7448
0,Lisbon/Lisbon_0006805_2019_11_322_38.75718737248513_-9.165952628228716_nEJpwdYZ5tOiSVrF5b9QZw.jpg,Lisbon:6805,fused,targeted,-1,0,0,True,,4494,5,6898779443407842459,38,7448,0.1484375,0.2372843623161316,0.20150792598724365,0.5831595063209534,0.5330636501312256,0.3458751440048218,0.33155572414398193,1,1,0.03577643632888794,0.2718149423599243,0.05009585618972778,0,0,1,1,1,7448
0,Lisbon/Lisbon_0006805_2019_11_322_38.75718737248513_-9.165952628228716_nEJpwdYZ5tOiSVrF5b9QZw.jpg,Lisbon:6805,fused,random,0,33,-12,True,,4494,5,6898779443407842459,38,7448,0.1484375,0.2372843623161316,0.17913851141929626,0.5831595063209534,0.44575124979019165,0.3458751440048218,0.2666127383708954,1,1,0.05814585089683533,0.20242905616760254,0.13740825653076172,0,0,1,1,1,7448
0,Lisbon/Lisbon_0006805_2019_11_322_38.75718737248513_-9.165952628228716_nEJpwdYZ5tOiSVrF5b9QZw.jpg,Lisbon:6805,fused,random,1,59,9,True,,4494,5,6898779443407842459,38,7448,0.1484375,0.2372843623161316,0.22508379817008972,0.5831595063209534,0.5780916213989258,0.3458751440048218,0.35300782322883606,1,1,0.01220056414604187,0.04294455051422119,0.005067884922027588,0,0,1,1,1,7448
0,Lisbon/Lisbon_0006805_2019_11_322_38.75718737248513_-9.165952628228716_nEJpwdYZ5tOiSVrF5b9QZw.jpg,Lisbon:6805,fused,random,2,66,-13,True,,4494,5,6898779443407842459,38,7448,0.1484375,0.2372843623161316,0.22440683841705322,0.5831595063209534,0.5721703767776489,0.3458751440048218,0.3477635383605957,1,1,0.01287752389907837,0.04059553146362305,0.010989129543304443,0,0,1,1,1,7448
0,Lisbon/Lisbon_0006805_2019_11_322_38.75718737248513_-9.165952628228716_nEJpwdYZ5tOiSVrF5b9QZw.jpg,Lisbon:6805,fused,random,3,77,3,True,,4494,5,6898779443407842459,38,7448,0.1484375,0.2372843623161316,0.22648674249649048,0.5831595063209534,0.5733498334884644,0.3458751440048218,0.3468630909919739,1,1,0.010797619819641113,0.028541386127471924,0.009809672832489014,0,0,1,1,1,7448
0,Lisbon/Lisbon_0006805_2019_11_322_38.75718737248513_-9.165952628228716_nEJpwdYZ5tOiSVrF5b9QZw.jpg,Lisbon:6805,fused,random,4,-3,13,True,,4494,5,6898779443407842459,38,7448,0.1484375,0.2372843623161316,0.16369575262069702,0.5831595063209534,0.49977219104766846,0.3458751440048218,0.33607643842697144,1,1,0.07358860969543457,0.2415764331817627,0.08338731527328491,0,0,1,1,1,7448
0,Melbourne/Melbourne_0003842_2019_06_043_-37.8159344197178_144.9527839466469_EsUMIh4sTLBGQ0qzNUEeyw.jpg,Melbourne:3842,attention,clean,-1,0,0,True,,126,5,7423925094341859500,38,7448,0.1484375,0.24424085021018982,0.24424085021018982,0.448442667722702,0.448442667722702,0.2042018175125122,0.2042018175125122,1,1,0.0,0.0,0.0,0,0,1,1,1,0
0,Melbourne/Melbourne_0003842_2019_06_043_-37.8159344197178_144.9527839466469_EsUMIh4sTLBGQ0qzNUEeyw.jpg,Melbourne:3842,fused,clean,-1,0,0,True,,7238,5,6568527294111732468,38,7448,0.1484375,0.24424085021018982,0.24424085021018982,0.448442667722702,0.448442667722702,0.2042018175125122,0.2042018175125122,1,1,0.0,0.0,0.0,0,0,1,1,1,0
0,Melbourne/Melbourne_0003842_2019_06_043_-37.8159344197178_144.9527839466469_EsUMIh4sTLBGQ0qzNUEeyw.jpg,Melbourne:3842,attention,targeted,-1,0,0,True,,126,5,7423925094341859500,38,7448,0.1484375,0.24424085021018982,0.15042568743228912,0.448442667722702,0.36059728264808655,0.2042018175125122,0.21017159521579742,1,1,0.0938151627779007,0.34977126121520996,0.08784538507461548,0,0,1,1,1,7448
0,Melbourne/Melbourne_0003842_2019_06_043_-37.8159344197178_144.9527839466469_EsUMIh4sTLBGQ0qzNUEeyw.jpg,Melbourne:3842,attention,random,0,-18,0,True,,126,5,7423925094341859500,38,7448,0.1484375,0.24424085021018982,0.19045108556747437,0.448442667722702,0.3811669945716858,0.2042018175125122,0.19071590900421143,1,1,0.053789764642715454,0.24347221851348877,0.06727567315101624,0,0,1,1,1,7448
0,Melbourne/Melbourne_0003842_2019_06_043_-37.8159344197178_144.9527839466469_EsUMIh4sTLBGQ0qzNUEeyw.jpg,Melbourne:3842,attention,random,1,69,0,True,,126,5,7423925094341859500,38,7448,0.1484375,0.24424085021018982,0.2475222796201706,0.448442667722702,0.44050198793411255,0.2042018175125122,0.19297970831394196,1,1,-0.003281429409980774,0.05990326404571533,0.007940679788589478,0,0,1,1,1,7448
0,Melbourne/Melbourne_0003842_2019_06_043_-37.8159344197178_144.9527839466469_EsUMIh4sTLBGQ0qzNUEeyw.jpg,Melbourne:3842,attention,random,2,66,0,True,,126,5,7423925094341859500,38,7448,0.1484375,0.24424085021018982,0.2379472553730011,0.448442667722702,0.4302993416786194,0.2042018175125122,0.1923520863056183,1,1,0.006293594837188721,0.0659148097038269,0.01814332604408264,0,0,1,1,1,7448
0,Melbourne/Melbourne_0003842_2019_06_043_-37.8159344197178_144.9527839466469_EsUMIh4sTLBGQ0qzNUEeyw.jpg,Melbourne:3842,attention,random,3,-10,0,True,,126,5,7423925094341859500,38,7448,0.1484375,0.24424085021018982,0.184688538312912,0.448442667722702,0.37982118129730225,0.2042018175125122,0.19513264298439026,1,1,0.05955231189727783,0.30360209941864014,0.06862148642539978,0,0,1,1,1,7448
0,Melbourne/Melbourne_0003842_2019_06_043_-37.8159344197178_144.9527839466469_EsUMIh4sTLBGQ0qzNUEeyw.jpg,Melbourne:3842,attention,random,4,50,0,True,,126,5,7423925094341859500,38,7448,0.1484375,0.24424085021018982,0.21809223294258118,0.448442667722702,0.40645915269851685,0.2042018175125122,0.18836691975593567,1,1,0.026148617267608643,0.09030556678771973,0.04198351502418518,0,0,1,1,1,7448
0,Melbourne/Melbourne_0003842_2019_06_043_-37.8159344197178_144.9527839466469_EsUMIh4sTLBGQ0qzNUEeyw.jpg,Melbourne:3842,fused,targeted,-1,0,0,True,,7238,5,6568527294111732468,38,7448,0.1484375,0.24424085021018982,0.17869487404823303,0.448442667722702,0.37646085023880005,0.2042018175125122,0.19776597619056702,1,1,0.06554597616195679,0.2889457941055298,0.07198181748390198,0,0,1,1,1,7448
0,Melbourne/Melbourne_0003842_2019_06_043_-37.8159344197178_144.9527839466469_EsUMIh4sTLBGQ0qzNUEeyw.jpg,Melbourne:3842,fused,random,0,-49,-2,True,,7238,5,6568527294111732468,38,7448,0.1484375,0.24424085021018982,0.22590315341949463,0.448442667722702,0.43448829650878906,0.2042018175125122,0.20858514308929443,1,1,0.01833769679069519,0.12536108493804932,0.013954371213912964,0,0,1,1,1,7448
0,Melbourne/Melbourne_0003842_2019_06_043_-37.8159344197178_144.9527839466469_EsUMIh4sTLBGQ0qzNUEeyw.jpg,Melbourne:3842,fused,random,1,18,-7,True,,7238,5,6568527294111732468,38,7448,0.1484375,0.24424085021018982,0.1693677008152008,0.448442667722702,0.35570093989372253,0.2042018175125122,0.18633323907852173,1,1,0.07487314939498901,0.33394312858581543,0.09274172782897949,0,0,1,1,1,7448
0,Melbourne/Melbourne_0003842_2019_06_043_-37.8159344197178_144.9527839466469_EsUMIh4sTLBGQ0qzNUEeyw.jpg,Melbourne:3842,fused,random,2,40,-1,True,,7238,5,6568527294111732468,38,7448,0.1484375,0.24424085021018982,0.2146422564983368,0.448442667722702,0.40260303020477295,0.2042018175125122,0.18796077370643616,1,1,0.029598593711853027,0.1629825234413147,0.04583963751792908,0,0,1,1,1,7448
0,Melbourne/Melbourne_0003842_2019_06_043_-37.8159344197178_144.9527839466469_EsUMIh4sTLBGQ0qzNUEeyw.jpg,Melbourne:3842,fused,random,3,-19,-29,True,,7238,5,6568527294111732468,38,7448,0.1484375,0.24424085021018982,0.18658456206321716,0.448442667722702,0.36271899938583374,0.2042018175125122,0.17613443732261658,1,1,0.057656288146972656,0.24196863174438477,0.08572366833686829,0,0,1,1,1,7448
0,Melbourne/Melbourne_0003842_2019_06_043_-37.8159344197178_144.9527839466469_EsUMIh4sTLBGQ0qzNUEeyw.jpg,Melbourne:3842,fused,random,4,69,-1,True,,7238,5,6568527294111732468,38,7448,0.1484375,0.24424085021018982,0.24934202432632446,0.448442667722702,0.43358364701271057,0.2042018175125122,0.1842416226863861,1,1,-0.0051011741161346436,0.06490415334701538,0.014859020709991455,0,0,1,1,1,7448
0,London/London_0000318_2020_11_358_51.48738834442319_-0.1592927192988385_K7CRRcqqX7sWWgEuLL8BqA.jpg,London:318,attention,clean,-1,0,0,True,,4088,5,8699053023415736410,38,7448,0.1484375,0.23511850833892822,0.23511850833892822,0.56453537940979,0.56453537940979,0.3294168710708618,0.3294168710708618,1,1,0.0,0.0,0.0,0,0,1,1,1,0
0,London/London_0000318_2020_11_358_51.48738834442319_-0.1592927192988385_K7CRRcqqX7sWWgEuLL8BqA.jpg,London:318,fused,clean,-1,0,0,True,,6664,5,265835605627514428,38,7448,0.1484375,0.23511850833892822,0.23511850833892822,0.56453537940979,0.56453537940979,0.3294168710708618,0.3294168710708618,1,1,0.0,0.0,0.0,0,0,1,1,1,0
0,London/London_0000318_2020_11_358_51.48738834442319_-0.1592927192988385_K7CRRcqqX7sWWgEuLL8BqA.jpg,London:318,attention,targeted,-1,0,0,True,,4088,5,8699053023415736410,38,7448,0.1484375,0.23511850833892822,0.04798950254917145,0.56453537940979,0.27572116255760193,0.3294168710708618,0.22773166000843048,1,1,0.18712900578975677,0.4369056224822998,0.2888142168521881,0,0,1,1,1,7448
0,London/London_0000318_2020_11_358_51.48738834442319_-0.1592927192988385_K7CRRcqqX7sWWgEuLL8BqA.jpg,London:318,attention,random,0,40,-19,True,,4088,5,8699053023415736410,38,7448,0.1484375,0.23511850833892822,0.20407962799072266,0.56453537940979,0.5090550184249878,0.3294168710708618,0.30497539043426514,1,1,0.031038880348205566,0.16410481929779053,0.055480360984802246,0,0,1,1,1,7448
0,London/London_0000318_2020_11_358_51.48738834442319_-0.1592927192988385_K7CRRcqqX7sWWgEuLL8BqA.jpg,London:318,attention,random,1,-41,-13,True,,4088,5,8699053023415736410,38,7448,0.1484375,0.23511850833892822,0.19247391819953918,0.56453537940979,0.46969640254974365,0.3294168710708618,0.27722248435020447,1,1,0.04264459013938904,0.22647571563720703,0.09483897686004639,0,0,1,1,1,7448
0,London/London_0000318_2020_11_358_51.48738834442319_-0.1592927192988385_K7CRRcqqX7sWWgEuLL8BqA.jpg,London:318,attention,random,2,46,-26,True,,4088,5,8699053023415736410,38,7448,0.1484375,0.23511850833892822,0.21207422018051147,0.56453537940979,0.528681755065918,0.3294168710708618,0.3166075348854065,1,1,0.023044288158416748,0.1283245086669922,0.03585362434387207,0,0,1,1,1,7448
0,London/London_0000318_2020_11_358_51.48738834442319_-0.1592927192988385_K7CRRcqqX7sWWgEuLL8BqA.jpg,London:318,attention,random,3,-69,-2,True,,4088,5,8699053023415736410,38,7448,0.1484375,0.23511850833892822,0.2526856064796448,0.56453537940979,0.5417084097862244,0.3294168710708618,0.2890228033065796,1,1,-0.017567098140716553,0.08196163177490234,0.022826969623565674,0,0,1,1,1,7448
0,London/London_0000318_2020_11_358_51.48738834442319_-0.1592927192988385_K7CRRcqqX7sWWgEuLL8BqA.jpg,London:318,attention,random,4,52,-17,True,,4088,5,8699053023415736410,38,7448,0.1484375,0.23511850833892822,0.20755073428153992,0.56453537940979,0.5220367908477783,0.3294168710708618,0.3144860565662384,1,1,0.027567774057388306,0.1202654242515564,0.04249858856201172,0,0,1,1,1,7448
0,London/London_0000318_2020_11_358_51.48738834442319_-0.1592927192988385_K7CRRcqqX7sWWgEuLL8BqA.jpg,London:318,fused,targeted,-1,0,0,True,,6664,5,265835605627514428,38,7448,0.1484375,0.23511850833892822,0.034555017948150635,0.56453537940979,0.2577422857284546,0.3294168710708618,0.22318726778030396,1,1,0.2005634903907776,0.44021332263946533,0.30679309368133545,0,0,1,1,1,7448
0,London/London_0000318_2020_11_358_51.48738834442319_-0.1592927192988385_K7CRRcqqX7sWWgEuLL8BqA.jpg,London:318,fused,random,0,16,-10,True,,6664,5,265835605627514428,38,7448,0.1484375,0.23511850833892822,0.0988011360168457,0.56453537940979,0.3686940371990204,0.3294168710708618,0.2698929011821747,1,1,0.13631737232208252,0.4018622040748596,0.19584134221076965,0,0,1,1,1,7448
0,London/London_0000318_2020_11_358_51.48738834442319_-0.1592927192988385_K7CRRcqqX7sWWgEuLL8BqA.jpg,London:318,fused,random,1,-65,-26,True,,6664,5,265835605627514428,38,7448,0.1484375,0.23511850833892822,0.24422532320022583,0.56453537940979,0.5452849268913269,0.3294168710708618,0.3010596036911011,1,1,-0.009106814861297607,0.07550930976867676,0.019250452518463135,0,0,1,1,1,7448
0,London/London_0000318_2020_11_358_51.48738834442319_-0.1592927192988385_K7CRRcqqX7sWWgEuLL8BqA.jpg,London:318,fused,random,2,0,-31,True,,6664,5,265835605627514428,38,7448,0.1484375,0.23511850833892822,0.09011739492416382,0.56453537940979,0.32750555872917175,0.3294168710708618,0.23738816380500793,1,1,0.1450011134147644,0.4193439483642578,0.2370298206806183,0,0,1,1,1,7448
0,London/London_0000318_2020_11_358_51.48738834442319_-0.1592927192988385_K7CRRcqqX7sWWgEuLL8BqA.jpg,London:318,fused,random,3,36,-19,True,,6664,5,265835605627514428,38,7448,0.1484375,0.23511850833892822,0.205562025308609,0.56453537940979,0.4999177157878876,0.3294168710708618,0.29435569047927856,1,1,0.029556483030319214,0.18556642532348633,0.06461766362190247,0,0,1,1,1,7448
0,London/London_0000318_2020_11_358_51.48738834442319_-0.1592927192988385_K7CRRcqqX7sWWgEuLL8BqA.jpg,London:318,fused,random,4,-9,-38,True,,6664,5,265835605627514428,38,7448,0.1484375,0.23511850833892822,0.05181717872619629,0.56453537940979,0.3645830750465393,0.3294168710708618,0.312765896320343,1,1,0.18330132961273193,0.3958839178085327,0.19995230436325073,0,0,1,1,1,7448
0,Miami/Miami_0003184_2009_05_207_25.75569119897607_-80.24595725212107_hgz_ew2LNpwK3ncWI4M7-Q.jpg,Miami:3184,attention,clean,-1,0,0,True,,10010,5,8583156807360751720,38,7448,0.1484375,0.18227601051330566,0.18227601051330566,0.5592798590660095,0.5592798590660095,0.37700384855270386,0.37700384855270386,1,1,0.0,0.0,0.0,0,0,1,1,1,0
0,Miami/Miami_0003184_2009_05_207_25.75569119897607_-80.24595725212107_hgz_ew2LNpwK3ncWI4M7-Q.jpg,Miami:3184,fused,clean,-1,0,0,True,,9016,5,5677542798867573672,38,7448,0.1484375,0.18227601051330566,0.18227601051330566,0.5592798590660095,0.5592798590660095,0.37700384855270386,0.37700384855270386,1,1,0.0,0.0,0.0,0,0,1,1,1,0
0,Miami/Miami_0003184_2009_05_207_25.75569119897607_-80.24595725212107_hgz_ew2LNpwK3ncWI4M7-Q.jpg,Miami:3184,attention,targeted,-1,0,0,True,,10010,5,8583156807360751720,38,7448,0.1484375,0.18227601051330566,0.004666924476623535,0.5592798590660095,0.37540754675865173,0.37700384855270386,0.3707406222820282,1,1,0.17760908603668213,0.4075058698654175,0.1838723123073578,0,0,1,1,1,7448
0,Miami/Miami_0003184_2009_05_207_25.75569119897607_-80.24595725212107_hgz_ew2LNpwK3ncWI4M7-Q.jpg,Miami:3184,attention,random,0,79,30,True,,10010,5,8583156807360751720,38,7448,0.1484375,0.18227601051330566,0.15287896990776062,0.5592798590660095,0.5191202759742737,0.37700384855270386,0.36624130606651306,1,1,0.029397040605545044,0.06289947032928467,0.04015958309173584,0,0,1,1,1,7448
0,Miami/Miami_0003184_2009_05_207_25.75569119897607_-80.24595725212107_hgz_ew2LNpwK3ncWI4M7-Q.jpg,Miami:3184,attention,random,1,5,5,True,,10010,5,8583156807360751720,38,7448,0.1484375,0.18227601051330566,0.05803424119949341,0.5592798590660095,0.4028922915458679,0.37700384855270386,0.3448580503463745,1,1,0.12424176931381226,0.3794785737991333,0.1563875675201416,0,0,1,1,1,7448
0,Miami/Miami_0003184_2009_05_207_25.75569119897607_-80.24595725212107_hgz_ew2LNpwK3ncWI4M7-Q.jpg,Miami:3184,attention,random,2,21,49,True,,10010,5,8583156807360751720,38,7448,0.1484375,0.18227601051330566,0.14202862977981567,0.5592798590660095,0.5354932546615601,0.37700384855270386,0.3934646248817444,1,1,0.04024738073348999,0.20012027025222778,0.023786604404449463,0,0,1,1,1,7448
0,Miami/Miami_0003184_2009_05_207_25.75569119897607_-80.24595725212107_hgz_ew2LNpwK3ncWI4M7-Q.jpg,Miami:3184,attention,random,3,-11,59,True,,10010,5,8583156807360751720,38,7448,0.1484375,0.18227601051330566,0.13771599531173706,0.5592798590660095,0.5251113176345825,0.37700384855270386,0.38739532232284546,1,1,0.044560015201568604,0.20958352088928223,0.034168541431427,0,0,1,1,1,7448
0,Miami/Miami_0003184_2009_05_207_25.75569119897607_-80.24595725212107_hgz_ew2LNpwK3ncWI4M7-Q.jpg,Miami:3184,attention,random,4,-26,13,True,,10010,5,8583156807360751720,38,7448,0.1484375,0.18227601051330566,0.1596219539642334,0.5592798590660095,0.516272783279419,0.37700384855270386,0.35665082931518555,1,1,0.022654056549072266,0.20318907499313354,0.043007075786590576,0,0,1,1,1,7448
0,Miami/Miami_0003184_2009_05_207_25.75569119897607_-80.24595725212107_hgz_ew2LNpwK3ncWI4M7-Q.jpg,Miami:3184,fused,targeted,-1,0,0,True,,9016,5,5677542798867573672,38,7448,0.1484375,0.18227601051330566,0.08647480607032776,0.5592798590660095,0.4259384274482727,0.37700384855270386,0.33946362137794495,1,1,0.0958012044429779,0.33843493461608887,0.13334143161773682,0,0,1,1,1,7448
0,Miami/Miami_0003184_2009_05_207_25.75569119897607_-80.24595725212107_hgz_ew2LNpwK3ncWI4M7-Q.jpg,Miami:3184,fused,random,0,70,6,True,,9016,5,5677542798867573672,38,7448,0.1484375,0.18227601051330566,0.16771554946899414,0.5592798590660095,0.5527342557907104,0.37700384855270386,0.3850187063217163,1,1,0.014560461044311523,0.048214495182037354,0.006545603275299072,0,0,1,1,1,7448
0,Miami/Miami_0003184_2009_05_207_25.75569119897607_-80.24595725212107_hgz_ew2LNpwK3ncWI4M7-Q.jpg,Miami:3184,fused,random,1,65,21,True,,9016,5,5677542798867573672,38,7448,0.1484375,0.18227601051330566,0.16523900628089905,0.5592798590660095,0.5378034114837646,0.37700384855270386,0.3725644052028656,1,1,0.017037004232406616,0.05411207675933838,0.021476447582244873,0,0,1,1,1,7448
0,Miami/Miami_0003184_2009_05_207_25.75569119897607_-80.24595725212107_hgz_ew2LNpwK3ncWI4M7-Q.jpg,Miami:3184,fused,random,2,68,11,True,,9016,5,5677542798867573672,38,7448,0.1484375,0.18227601051330566,0.16374188661575317,0.5592798590660095,0.5372536778450012,0.37700384855270386,0.37351179122924805,1,1,0.01853412389755249,0.05150032043457031,0.0220261812210083,0,0,1,1,1,7448
0,Miami/Miami_0003184_2009_05_207_25.75569119897607_-80.24595725212107_hgz_ew2LNpwK3ncWI4M7-Q.jpg,Miami:3184,fused,random,3,69,54,True,,9016,5,5677542798867573672,38,7448,0.1484375,0.18227601051330566,0.1656266152858734,0.5592798590660095,0.5482709407806396,0.37700384855270386,0.38264432549476624,1,1,0.01664939522743225,0.060519397258758545,0.011008918285369873,0,0,1,1,1,7448
0,Miami/Miami_0003184_2009_05_207_25.75569119897607_-80.24595725212107_hgz_ew2LNpwK3ncWI4M7-Q.jpg,Miami:3184,fused,random,4,9,26,True,,9016,5,5677542798867573672,38,7448,0.1484375,0.18227601051330566,0.12685304880142212,0.5592798590660095,0.46539169549942017,0.37700384855270386,0.33853864669799805,1,1,0.055422961711883545,0.28831934928894043,0.09388816356658936,0,0,1,1,1,7448
0,Lisbon/Lisbon_0008315_2020_11_257_38.76920067293263_-9.176703960741298_y3MKFZ0HiAYXUi93YCYGxw.jpg,Lisbon:8315,attention,clean,-1,0,0,True,,140,5,4998506503449068771,38,7448,0.1484375,0.007955819368362427,0.007955819368362427,0.22200915217399597,0.22200915217399597,0.21405333280563354,0.21405333280563354,1,1,0.0,0.0,0.0,0,0,1,1,1,0
0,Lisbon/Lisbon_0008315_2020_11_257_38.76920067293263_-9.176703960741298_y3MKFZ0HiAYXUi93YCYGxw.jpg,Lisbon:8315,fused,clean,-1,0,0,True,,2114,5,8898599168516035048,38,7448,0.1484375,0.007955819368362427,0.007955819368362427,0.22200915217399597,0.22200915217399597,0.21405333280563354,0.21405333280563354,1,1,0.0,0.0,0.0,0,0,1,1,1,0
0,Lisbon/Lisbon_0008315_2020_11_257_38.76920067293263_-9.176703960741298_y3MKFZ0HiAYXUi93YCYGxw.jpg,Lisbon:8315,attention,targeted,-1,0,0,True,,140,5,4998506503449068771,38,7448,0.1484375,0.007955819368362427,0.009406372904777527,0.22200915217399597,0.2334764450788498,0.21405333280563354,0.22407007217407227,1,1,-0.0014505535364151,0.3362712860107422,-0.01146729290485382,0,0,1,1,1,7448
0,Lisbon/Lisbon_0008315_2020_11_257_38.76920067293263_-9.176703960741298_y3MKFZ0HiAYXUi93YCYGxw.jpg,Lisbon:8315,attention,random,0,1,0,True,,140,5,4998506503449068771,38,7448,0.1484375,0.007955819368362427,0.015566274523735046,0.22200915217399597,0.2366262823343277,0.21405333280563354,0.22106000781059265,1,1,-0.00761045515537262,0.3527475595474243,-0.014617130160331726,0,0,1,1,1,7448
0,Lisbon/Lisbon_0008315_2020_11_257_38.76920067293263_-9.176703960741298_y3MKFZ0HiAYXUi93YCYGxw.jpg,Lisbon:8315,attention,random,1,-30,0,True,,140,5,4998506503449068771,38,7448,0.1484375,0.007955819368362427,0.031129181385040283,0.22200915217399597,0.257038950920105,0.21405333280563354,0.2259097695350647,1,1,-0.023173362016677856,0.18231260776519775,-0.03502979874610901,0,0,1,1,1,7448
0,Lisbon/Lisbon_0008315_2020_11_257_38.76920067293263_-9.176703960741298_y3MKFZ0HiAYXUi93YCYGxw.jpg,Lisbon:8315,attention,random,2,47,0,True,,140,5,4998506503449068771,38,7448,0.1484375,0.007955819368362427,0.01980501413345337,0.22200915217399597,0.2080460786819458,0.21405333280563354,0.18824106454849243,1,1,-0.011849194765090942,0.17232072353363037,0.013963073492050171,0,0,1,1,1,7448
0,Lisbon/Lisbon_0008315_2020_11_257_38.76920067293263_-9.176703960741298_y3MKFZ0HiAYXUi93YCYGxw.jpg,Lisbon:8315,attention,random,3,11,0,True,,140,5,4998506503449068771,38,7448,0.1484375,0.007955819368362427,0.0023079365491867065,0.22200915217399597,0.2028765082359314,0.21405333280563354,0.2005685716867447,1,1,0.00564788281917572,0.3310732841491699,0.019132643938064575,0,0,1,1,1,7448
0,Lisbon/Lisbon_0008315_2020_11_257_38.76920067293263_-9.176703960741298_y3MKFZ0HiAYXUi93YCYGxw.jpg,Lisbon:8315,attention,random,4,19,0,True,,140,5,4998506503449068771,38,7448,0.1484375,0.007955819368362427,0.0036689937114715576,0.22200915217399597,0.20915308594703674,0.21405333280563354,0.20548409223556519,1,1,0.004286825656890869,0.30584466457366943,0.012856066226959229,0,0,1,1,1,7448
0,Lisbon/Lisbon_0008315_2020_11_257_38.76920067293263_-9.176703960741298_y3MKFZ0HiAYXUi93YCYGxw.jpg,Lisbon:8315,fused,targeted,-1,0,0,True,,2114,5,8898599168516035048,38,7448,0.1484375,0.007955819368362427,0.0019326955080032349,0.22200915217399597,0.21246421337127686,0.21405333280563354,0.21053151786327362,1,1,0.006023123860359192,0.36139416694641113,0.009544938802719116,0,0,1,1,1,7448
0,Lisbon/Lisbon_0008315_2020_11_257_38.76920067293263_-9.176703960741298_y3MKFZ0HiAYXUi93YCYGxw.jpg,Lisbon:8315,fused,random,0,26,1,True,,2114,5,8898599168516035048,38,7448,0.1484375,0.007955819368362427,0.010525926947593689,0.22200915217399597,0.20516429841518402,0.21405333280563354,0.19463837146759033,1,1,-0.002570107579231262,0.2459648847579956,0.01684485375881195,0,0,1,1,1,7448
0,Lisbon/Lisbon_0008315_2020_11_257_38.76920067293263_-9.176703960741298_y3MKFZ0HiAYXUi93YCYGxw.jpg,Lisbon:8315,fused,random,1,48,5,True,,2114,5,8898599168516035048,38,7448,0.1484375,0.007955819368362427,0.006150290369987488,0.22200915217399597,0.19717344641685486,0.21405333280563354,0.19102315604686737,1,1,0.001805528998374939,0.15796566009521484,0.024835705757141113,0,0,1,1,1,7448
0,Lisbon/Lisbon_0008315_2020_11_257_38.76920067293263_-9.176703960741298_y3MKFZ0HiAYXUi93YCYGxw.jpg,Lisbon:8315,fused,random,2,44,0,True,,2114,5,8898599168516035048,38,7448,0.1484375,0.007955819368362427,0.010011374950408936,0.22200915217399597,0.19140410423278809,0.21405333280563354,0.18139272928237915,1,1,-0.002055555582046509,0.1816692352294922,0.030605047941207886,0,0,1,1,1,7448
0,Lisbon/Lisbon_0008315_2020_11_257_38.76920067293263_-9.176703960741298_y3MKFZ0HiAYXUi93YCYGxw.jpg,Lisbon:8315,fused,random,3,71,1,True,,2114,5,8898599168516035048,38,7448,0.1484375,0.007955819368362427,0.032079294323921204,0.22200915217399597,0.22464896738529205,0.21405333280563354,0.19256967306137085,1,1,-0.024123474955558777,0.06269735097885132,-0.0026398152112960815,0,0,1,1,1,7448
0,Lisbon/Lisbon_0008315_2020_11_257_38.76920067293263_-9.176703960741298_y3MKFZ0HiAYXUi93YCYGxw.jpg,Lisbon:8315,fused,random,4,-9,0,True,,2114,5,8898599168516035048,38,7448,0.1484375,0.007955819368362427,0.007215514779090881,0.22200915217399597,0.19306184351444244,0.21405333280563354,0.18584632873535156,1,1,0.0007403045892715454,0.3611903190612793,0.028947308659553528,0,0,1,1,1,7448
0,Melbourne/Melbourne_0002721_2020_12_297_-37.8276097136056_145.005975146209_hFBqxmnfz8CyimAD48j58g.jpg,Melbourne:2721,attention,clean,-1,0,0,True,,8036,5,3032906388772136589,38,7448,0.1484375,0.3082621991634369,0.3082621991634369,0.5336152911186218,0.5336152911186218,0.22535309195518494,0.22535309195518494,1,1,0.0,0.0,0.0,0,0,1,1,1,0
0,Melbourne/Melbourne_0002721_2020_12_297_-37.8276097136056_145.005975146209_hFBqxmnfz8CyimAD48j58g.jpg,Melbourne:2721,fused,clean,-1,0,0,True,,8036,5,8897865308784258702,38,7448,0.1484375,0.3082621991634369,0.3082621991634369,0.5336152911186218,0.5336152911186218,0.22535309195518494,0.22535309195518494,1,1,0.0,0.0,0.0,0,0,1,1,1,0
0,Melbourne/Melbourne_0002721_2020_12_297_-37.8276097136056_145.005975146209_hFBqxmnfz8CyimAD48j58g.jpg,Melbourne:2721,attention,targeted,-1,0,0,True,,8036,5,3032906388772136589,38,7448,0.1484375,0.3082621991634369,0.28162503242492676,0.5336152911186218,0.5098162889480591,0.22535309195518494,0.22819125652313232,1,1,0.026637166738510132,0.2686516046524048,0.023799002170562744,0,0,1,1,1,7448
0,Melbourne/Melbourne_0002721_2020_12_297_-37.8276097136056_145.005975146209_hFBqxmnfz8CyimAD48j58g.jpg,Melbourne:2721,attention,random,0,-73,-51,True,,8036,5,3032906388772136589,38,7448,0.1484375,0.3082621991634369,0.28715020418167114,0.5336152911186218,0.5130269527435303,0.22535309195518494,0.22587674856185913,1,1,0.021111994981765747,0.04777759313583374,0.020588338375091553,0,0,1,1,1,7448
0,Melbourne/Melbourne_0002721_2020_12_297_-37.8276097136056_145.005975146209_hFBqxmnfz8CyimAD48j58g.jpg,Melbourne:2721,attention,random,1,-27,-25,True,,8036,5,3032906388772136589,38,7448,0.1484375,0.3082621991634369,0.28157562017440796,0.5336152911186218,0.5097997188568115,0.22535309195518494,0.22822409868240356,1,1,0.02668657898902893,0.10677891969680786,0.023815572261810303,0,0,1,1,1,7448
0,Melbourne/Melbourne_0002721_2020_12_297_-37.8276097136056_145.005975146209_hFBqxmnfz8CyimAD48j58g.jpg,Melbourne:2721,attention,random,2,-84,-36,True,,8036,5,3032906388772136589,38,7448,0.1484375,0.3082621991634369,0.3014969825744629,0.5336152911186218,0.5251542925834656,0.22535309195518494,0.22365731000900269,1,1,0.006765216588973999,0.036446571350097656,0.00846099853515625,0,0,1,1,1,7448
0,Melbourne/Melbourne_0002721_2020_12_297_-37.8276097136056_145.005975146209_hFBqxmnfz8CyimAD48j58g.jpg,Melbourne:2721,attention,random,3,-14,-55,True,,8036,5,3032906388772136589,38,7448,0.1484375,0.3082621991634369,0.3075994849205017,0.5336152911186218,0.5250949859619141,0.22535309195518494,0.21749550104141235,1,1,0.0006627142429351807,0.06425642967224121,0.008520305156707764,0,0,1,1,1,7448
0,Melbourne/Melbourne_0002721_2020_12_297_-37.8276097136056_145.005975146209_hFBqxmnfz8CyimAD48j58g.jpg,Melbourne:2721,attention,random,4,-45,-9,True,,8036,5,3032906388772136589,38,7448,0.1484375,0.3082621991634369,0.30513739585876465,0.5336152911186218,0.5294539928436279,0.22535309195518494,0.22431659698486328,1,1,0.003124803304672241,0.05099731683731079,0.0041612982749938965,0,0,1,1,1,7448
0,Melbourne/Melbourne_0002721_2020_12_297_-37.8276097136056_145.005975146209_hFBqxmnfz8CyimAD48j58g.jpg,Melbourne:2721,fused,targeted,-1,0,0,True,,8036,5,8897865308784258702,38,7448,0.1484375,0.3082621991634369,0.2931259870529175,0.5336152911186218,0.5130620002746582,0.22535309195518494,0.21993599832057953,1,1,0.01513621211051941,0.27330315113067627,0.020553290843963623,0,0,1,1,1,7448
0,Melbourne/Melbourne_0002721_2020_12_297_-37.8276097136056_145.005975146209_hFBqxmnfz8CyimAD48j58g.jpg,Melbourne:2721,fused,random,0,55,-34,True,,8036,5,8897865308784258702,38,7448,0.1484375,0.3082621991634369,0.28472620248794556,0.5336152911186218,0.5107897520065308,0.22535309195518494,0.2260635644197464,1,1,0.023535996675491333,0.09197771549224854,0.022825539112091064,0,0,1,1,1,7448
0,Melbourne/Melbourne_0002721_2020_12_297_-37.8276097136056_145.005975146209_hFBqxmnfz8CyimAD48j58g.jpg,Melbourne:2721,fused,random,1,11,-33,True,,8036,5,8897865308784258702,38,7448,0.1484375,0.3082621991634369,0.30138516426086426,0.5336152911186218,0.5160121917724609,0.22535309195518494,0.21462701261043549,1,1,0.006877034902572632,0.13622534275054932,0.01760309934616089,0,0,1,1,1,7448
0,Melbourne/Melbourne_0002721_2020_12_297_-37.8276097136056_145.005975146209_hFBqxmnfz8CyimAD48j58g.jpg,Melbourne:2721,fused,random,2,-18,-53,True,,8036,5,8897865308784258702,38,7448,0.1484375,0.3082621991634369,0.3198167681694031,0.5336152911186218,0.522873044013977,0.22535309195518494,0.20305629074573517,1,1,-0.011554569005966187,0.07204055786132812,0.010742247104644775,0,0,1,1,1,7448
0,Melbourne/Melbourne_0002721_2020_12_297_-37.8276097136056_145.005975146209_hFBqxmnfz8CyimAD48j58g.jpg,Melbourne:2721,fused,random,3,30,-29,True,,8036,5,8897865308784258702,38,7448,0.1484375,0.3082621991634369,0.29362601041793823,0.5336152911186218,0.5082765817642212,0.22535309195518494,0.21465057134628296,1,1,0.014636188745498657,0.12986361980438232,0.025338709354400635,0,0,1,1,1,7448
0,Melbourne/Melbourne_0002721_2020_12_297_-37.8276097136056_145.005975146209_hFBqxmnfz8CyimAD48j58g.jpg,Melbourne:2721,fused,random,4,-72,-20,True,,8036,5,8897865308784258702,38,7448,0.1484375,0.3082621991634369,0.30794236063957214,0.5336152911186218,0.5276199579238892,0.22535309195518494,0.21967759728431702,1,1,0.0003198385238647461,0.04015880823135376,0.005995333194732666,0,0,1,1,1,7448
0,LosAngeles/LosAngeles_0000754_2014_05_380_34.05245173458859_-118.2349858907372_SDujteMlaTtthehk5PzeHw.jpg,LosAngeles:754,attention,clean,-1,0,0,True,,12768,5,23764841394968883,38,7448,0.1484375,0.1708267480134964,0.1708267480134964,0.40520304441452026,0.40520304441452026,0.23437629640102386,0.23437629640102386,1,1,0.0,0.0,0.0,0,0,1,1,1,0
0,LosAngeles/LosAngeles_0000754_2014_05_380_34.05245173458859_-118.2349858907372_SDujteMlaTtthehk5PzeHw.jpg,LosAngeles:754,fused,clean,-1,0,0,True,,12768,5,1851334846699200174,38,7448,0.1484375,0.1708267480134964,0.1708267480134964,0.40520304441452026,0.40520304441452026,0.23437629640102386,0.23437629640102386,1,1,0.0,0.0,0.0,0,0,1,1,1,0
0,LosAngeles/LosAngeles_0000754_2014_05_380_34.05245173458859_-118.2349858907372_SDujteMlaTtthehk5PzeHw.jpg,LosAngeles:754,attention,targeted,-1,0,0,True,,12768,5,23764841394968883,38,7448,0.1484375,0.1708267480134964,0.014530658721923828,0.40520304441452026,0.22734223306179047,0.23437629640102386,0.21281157433986664,1,1,0.15629608929157257,0.3303576707839966,0.1778608113527298,0,0,1,1,1,7448
0,LosAngeles/LosAngeles_0000754_2014_05_380_34.05245173458859_-118.2349858907372_SDujteMlaTtthehk5PzeHw.jpg,LosAngeles:754,attention,random,0,17,-13,True,,12768,5,23764841394968883,38,7448,0.1484375,0.1708267480134964,0.08683077991008759,0.40520304441452026,0.29376041889190674,0.23437629640102386,0.20692963898181915,1,1,0.08399596810340881,0.27751487493515015,0.11144262552261353,0,0,1,1,1,7448
0,LosAngeles/LosAngeles_0000754_2014_05_380_34.05245173458859_-118.2349858907372_SDujteMlaTtthehk5PzeHw.jpg,LosAngeles:754,attention,random,1,72,13,True,,12768,5,23764841394968883,38,7448,0.1484375,0.1708267480134964,0.16128654778003693,0.40520304441452026,0.3736303448677063,0.23437629640102386,0.21234379708766937,1,1,0.009540200233459473,0.15056967735290527,0.031572699546813965,0,0,1,1,1,7448
0,LosAngeles/LosAngeles_0000754_2014_05_380_34.05245173458859_-118.2349858907372_SDujteMlaTtthehk5PzeHw.jpg,LosAngeles:754,attention,random,2,102,-1,True,,12768,5,23764841394968883,38,7448,0.1484375,0.1708267480134964,0.16932596266269684,0.40520304441452026,0.40255942940711975,0.23437629640102386,0.2332334667444229,1,1,0.0015007853507995605,0.049869537353515625,0.0026436150074005127,0,0,1,1,1,7448
0,LosAngeles/LosAngeles_0000754_2014_05_380_34.05245173458859_-118.2349858907372_SDujteMlaTtthehk5PzeHw.jpg,LosAngeles:754,attention,random,3,96,24,True,,12768,5,23764841394968883,38,7448,0.1484375,0.1708267480134964,0.16102012991905212,0.40520304441452026,0.392721951007843,0.23437629640102386,0.2317018210887909,1,1,0.009806618094444275,0.07302790880203247,0.012481093406677246,0,0,1,1,1,7448
0,LosAngeles/LosAngeles_0000754_2014_05_380_34.05245173458859_-118.2349858907372_SDujteMlaTtthehk5PzeHw.jpg,LosAngeles:754,attention,random,4,49,-17,True,,12768,5,23764841394968883,38,7448,0.1484375,0.1708267480134964,0.14225515723228455,0.40520304441452026,0.36821067333221436,0.23437629640102386,0.2259555160999298,1,1,0.028571590781211853,0.1857832670211792,0.03699237108230591,0,0,1,1,1,7448
0,LosAngeles/LosAngeles_0000754_2014_05_380_34.05245173458859_-118.2349858907372_SDujteMlaTtthehk5PzeHw.jpg,LosAngeles:754,fused,targeted,-1,0,0,True,,12768,5,1851334846699200174,38,7448,0.1484375,0.1708267480134964,0.01417405903339386,0.40520304441452026,0.2278103232383728,0.23437629640102386,0.21363626420497894,1,1,0.15665268898010254,0.32211869955062866,0.17739272117614746,0,0,1,1,1,7448
0,LosAngeles/LosAngeles_0000754_2014_05_380_34.05245173458859_-118.2349858907372_SDujteMlaTtthehk5PzeHw.jpg,LosAngeles:754,fused,random,0,6,30,True,,12768,5,1851334846699200174,38,7448,0.1484375,0.1708267480134964,0.0881936252117157,0.40520304441452026,0.285006046295166,0.23437629640102386,0.19681242108345032,1,1,0.0826331228017807,0.3220612406730652,0.12019699811935425,0,0,1,1,1,7448
0,LosAngeles/LosAngeles_0000754_2014_05_380_34.05245173458859_-118.2349858907372_SDujteMlaTtthehk5PzeHw.jpg,LosAngeles:754,fused,random,1,68,68,True,,12768,5,1851334846699200174,38,7448,0.1484375,0.1708267480134964,0.14747069776058197,0.40520304441452026,0.3754018247127533,0.23437629640102386,0.22793112695217133,1,1,0.02335605025291443,0.11494112014770508,0.029801219701766968,0,0,1,1,1,7448
0,LosAngeles/LosAngeles_0000754_2014_05_380_34.05245173458859_-118.2349858907372_SDujteMlaTtthehk5PzeHw.jpg,LosAngeles:754,fused,random,2,86,6,True,,12768,5,1851334846699200174,38,7448,0.1484375,0.1708267480134964,0.1750411093235016,0.40520304441452026,0.378245085477829,0.23437629640102386,0.2032039761543274,1,1,-0.004214361310005188,0.12838613986968994,0.026957958936691284,0,0,1,1,1,7448
0,LosAngeles/LosAngeles_0000754_2014_05_380_34.05245173458859_-118.2349858907372_SDujteMlaTtthehk5PzeHw.jpg,LosAngeles:754,fused,random,3,92,-3,True,,12768,5,1851334846699200174,38,7448,0.1484375,0.1708267480134964,0.16471149027347565,0.40520304441452026,0.3865373730659485,0.23437629640102386,0.22182588279247284,1,1,0.006115257740020752,0.09092825651168823,0.018665671348571777,0,0,1,1,1,7448
0,LosAngeles/LosAngeles_0000754_2014_05_380_34.05245173458859_-118.2349858907372_SDujteMlaTtthehk5PzeHw.jpg,LosAngeles:754,fused,random,4,31,55,True,,12768,5,1851334846699200174,38,7448,0.1484375,0.1708267480134964,0.15451093018054962,0.40520304441452026,0.36034783720970154,0.23437629640102386,0.20583690702915192,1,1,0.016315817832946777,0.22578155994415283,0.044855207204818726,0,0,1,1,1,7448
0,Phoenix/Phoenix_0003365_2020_12_333_33.45727603454981_-112.1172964940904_f89e0183Zih-5m5muYZMTQ.jpg,Phoenix:3365,attention,clean,-1,0,0,True,,4088,5,4100761551155854811,38,7448,0.1484375,0.1490117311477661,0.1490117311477661,0.5388992428779602,0.5388992428779602,0.3898875117301941,0.3898875117301941,1,1,0.0,0.0,0.0,0,0,1,1,1,0
0,Phoenix/Phoenix_0003365_2020_12_333_33.45727603454981_-112.1172964940904_f89e0183Zih-5m5muYZMTQ.jpg,Phoenix:3365,fused,clean,-1,0,0,True,,7238,5,1950663659154542658,38,7448,0.1484375,0.1490117311477661,0.1490117311477661,0.5388992428779602,0.5388992428779602,0.3898875117301941,0.3898875117301941,1,1,0.0,0.0,0.0,0,0,1,1,1,0
0,Phoenix/Phoenix_0003365_2020_12_333_33.45727603454981_-112.1172964940904_f89e0183Zih-5m5muYZMTQ.jpg,Phoenix:3365,attention,targeted,-1,0,0,True,,4088,5,4100761551155854811,38,7448,0.1484375,0.1490117311477661,0.13398957252502441,0.5388992428779602,0.4482492208480835,0.3898875117301941,0.3142596483230591,1,1,0.0150221586227417,0.28526151180267334,0.09065002202987671,0,0,1,1,1,7448
0,Phoenix/Phoenix_0003365_2020_12_333_33.45727603454981_-112.1172964940904_f89e0183Zih-5m5muYZMTQ.jpg,Phoenix:3365,attention,random,0,-10,-11,True,,4088,5,4100761551155854811,38,7448,0.1484375,0.1490117311477661,0.14570194482803345,0.5388992428779602,0.42710065841674805,0.3898875117301941,0.2813987135887146,1,1,0.003309786319732666,0.32676106691360474,0.11179858446121216,0,0,1,1,1,7448
0,Phoenix/Phoenix_0003365_2020_12_333_33.45727603454981_-112.1172964940904_f89e0183Zih-5m5muYZMTQ.jpg,Phoenix:3365,attention,random,1,0,4,True,,4088,5,4100761551155854811,38,7448,0.1484375,0.1490117311477661,0.11225539445877075,0.5388992428779602,0.4265519380569458,0.3898875117301941,0.31429654359817505,1,1,0.03675633668899536,0.3081654906272888,0.1123473048210144,0,0,1,1,1,7448
0,Phoenix/Phoenix_0003365_2020_12_333_33.45727603454981_-112.1172964940904_f89e0183Zih-5m5muYZMTQ.jpg,Phoenix:3365,attention,random,2,39,-6,True,,4088,5,4100761551155854811,38,7448,0.1484375,0.1490117311477661,0.18200311064720154,0.5388992428779602,0.519585132598877,0.3898875117301941,0.3375820219516754,1,1,-0.032991379499435425,0.19067585468292236,0.019314110279083252,0,0,1,1,1,7448
0,Phoenix/Phoenix_0003365_2020_12_333_33.45727603454981_-112.1172964940904_f89e0183Zih-5m5muYZMTQ.jpg,Phoenix:3365,attention,random,3,67,6,True,,4088,5,4100761551155854811,38,7448,0.1484375,0.1490117311477661,0.18535834550857544,0.5388992428779602,0.5347089767456055,0.3898875117301941,0.34935063123703003,1,1,-0.036346614360809326,0.07517766952514648,0.004190266132354736,0,0,1,1,1,7448
0,Phoenix/Phoenix_0003365_2020_12_333_33.45727603454981_-112.1172964940904_f89e0183Zih-5m5muYZMTQ.jpg,Phoenix:3365,attention,random,4,-1,-3,True,,4088,5,4100761551155854811,38,7448,0.1484375,0.1490117311477661,0.09154626727104187,0.5388992428779602,0.39336687326431274,0.3898875117301941,0.3018206059932709,1,1,0.05746546387672424,0.30995792150497437,0.14553236961364746,0,0,1,1,1,7448
0,Phoenix/Phoenix_0003365_2020_12_333_33.45727603454981_-112.1172964940904_f89e0183Zih-5m5muYZMTQ.jpg,Phoenix:3365,fused,targeted,-1,0,0,True,,7238,5,1950663659154542658,38,7448,0.1484375,0.1490117311477661,0.08367738127708435,0.5388992428779602,0.3974727392196655,0.3898875117301941,0.3137953579425812,1,1,0.06533434987068176,0.28953832387924194,0.14142650365829468,0,0,1,1,1,7448
0,Phoenix/Phoenix_0003365_2020_12_333_33.45727603454981_-112.1172964940904_f89e0183Zih-5m5muYZMTQ.jpg,Phoenix:3365,fused,random,0,49,-17,True,,7238,5,1950663659154542658,38,7448,0.1484375,0.1490117311477661,0.17727643251419067,0.5388992428779602,0.5266113877296448,0.3898875117301941,0.3493349552154541,1,1,-0.02826470136642456,0.12923341989517212,0.01228785514831543,0,0,1,1,1,7448
0,Phoenix/Phoenix_0003365_2020_12_333_33.45727603454981_-112.1172964940904_f89e0183Zih-5m5muYZMTQ.jpg,Phoenix:3365,fused,random,1,37,3,True,,7238,5,1950663659154542658,38,7448,0.1484375,0.1490117311477661,0.15336766839027405,0.5388992428779602,0.5141547322273254,0.3898875117301941,0.3607870638370514,1,1,-0.004355937242507935,0.16490304470062256,0.024744510650634766,0,0,1,1,1,7448
0,Phoenix/Phoenix_0003365_2020_12_333_33.45727603454981_-112.1172964940904_f89e0183Zih-5m5muYZMTQ.jpg,Phoenix:3365,fused,random,2,1,-20,True,,7238,5,1950663659154542658,38,7448,0.1484375,0.1490117311477661,0.1545252799987793,0.5388992428779602,0.44178926944732666,0.3898875117301941,0.28726398944854736,1,1,-0.005513548851013184,0.28711915016174316,0.09710997343063354,0,0,1,1,1,7448
0,Phoenix/Phoenix_0003365_2020_12_333_33.45727603454981_-112.1172964940904_f89e0183Zih-5m5muYZMTQ.jpg,Phoenix:3365,fused,random,3,17,-15,True,,7238,5,1950663659154542658,38,7448,0.1484375,0.1490117311477661,0.17840725183486938,0.5388992428779602,0.4792877435684204,0.3898875117301941,0.300880491733551,1,1,-0.02939552068710327,0.2447366714477539,0.059611499309539795,0,0,1,1,1,7448
0,Phoenix/Phoenix_0003365_2020_12_333_33.45727603454981_-112.1172964940904_f89e0183Zih-5m5muYZMTQ.jpg,Phoenix:3365,fused,random,4,-19,-27,True,,7238,5,1950663659154542658,38,7448,0.1484375,0.1490117311477661,0.14410626888275146,0.5388992428779602,0.4252028465270996,0.3898875117301941,0.28109657764434814,1,1,0.0049054622650146484,0.27237266302108765,0.1136963963508606,0,0,1,1,1,7448
0,BuenosAires/BuenosAires_0000445_2015_04_247_-34.61242474079832_-58.37104089216279_u8kNxyh6_Oqo08onZ_feQQ.jpg,BuenosAires:445,attention,clean,-1,0,0,True,,8036,5,456714580289940979,38,7448,0.1484375,0.36053499579429626,0.36053499579429626,0.5876723527908325,0.5876723527908325,0.22713735699653625,0.22713735699653625,1,1,0.0,0.0,0.0,0,0,1,1,1,0
0,BuenosAires/BuenosAires_0000445_2015_04_247_-34.61242474079832_-58.37104089216279_u8kNxyh6_Oqo08onZ_feQQ.jpg,BuenosAires:445,fused,clean,-1,0,0,True,,10010,5,2984689592661711416,38,7448,0.1484375,0.36053499579429626,0.36053499579429626,0.5876723527908325,0.5876723527908325,0.22713735699653625,0.22713735699653625,1,1,0.0,0.0,0.0,0,0,1,1,1,0
0,BuenosAires/BuenosAires_0000445_2015_04_247_-34.61242474079832_-58.37104089216279_u8kNxyh6_Oqo08onZ_feQQ.jpg,BuenosAires:445,attention,targeted,-1,0,0,True,,8036,5,456714580289940979,38,7448,0.1484375,0.36053499579429626,0.2745557725429535,0.5876723527908325,0.48265236616134644,0.22713735699653625,0.20809659361839294,1,1,0.08597922325134277,0.364471435546875,0.10501998662948608,0,0,1,1,1,7448
0,BuenosAires/BuenosAires_0000445_2015_04_247_-34.61242474079832_-58.37104089216279_u8kNxyh6_Oqo08onZ_feQQ.jpg,BuenosAires:445,attention,random,0,-91,11,True,,8036,5,456714580289940979,38,7448,0.1484375,0.36053499579429626,0.35318848490715027,0.5876723527908325,0.5797803401947021,0.22713735699653625,0.22659185528755188,1,1,0.007346510887145996,0.05228531360626221,0.007892012596130371,0,0,1,1,1,7448
0,BuenosAires/BuenosAires_0000445_2015_04_247_-34.61242474079832_-58.37104089216279_u8kNxyh6_Oqo08onZ_feQQ.jpg,BuenosAires:445,attention,random,1,3,56,True,,8036,5,456714580289940979,38,7448,0.1484375,0.36053499579429626,0.3029438853263855,0.5876723527908325,0.5114691853523254,0.22713735699653625,0.20852530002593994,1,1,0.05759111046791077,0.2938544750213623,0.07620316743850708,0,0,1,1,1,7448
0,BuenosAires/BuenosAires_0000445_2015_04_247_-34.61242474079832_-58.37104089216279_u8kNxyh6_Oqo08onZ_feQQ.jpg,BuenosAires:445,attention,random,2,-29,36,True,,8036,5,456714580289940979,38,7448,0.1484375,0.36053499579429626,0.2851221561431885,0.5876723527908325,0.5070793628692627,0.22713735699653625,0.2219572216272354,1,1,0.07541283965110779,0.18230915069580078,0.08059298992156982,0,0,1,1,1,7448
0,BuenosAires/BuenosAires_0000445_2015_04_247_-34.61242474079832_-58.37104089216279_u8kNxyh6_Oqo08onZ_feQQ.jpg,BuenosAires:445,attention,random,3,-78,13,True,,8036,5,456714580289940979,38,7448,0.1484375,0.36053499579429626,0.3520652949810028,0.5876723527908325,0.5776411294937134,0.22713735699653625,0.22557583451271057,1,1,0.008469700813293457,0.058120012283325195,0.01003122329711914,0,0,1,1,1,7448
0,BuenosAires/BuenosAires_0000445_2015_04_247_-34.61242474079832_-58.37104089216279_u8kNxyh6_Oqo08onZ_feQQ.jpg,BuenosAires:445,attention,random,4,-60,19,True,,8036,5,456714580289940979,38,7448,0.1484375,0.36053499579429626,0.33455246686935425,0.5876723527908325,0.5681414604187012,0.22713735699653625,0.23358899354934692,1,1,0.025982528924942017,0.08807837963104248,0.019530892372131348,0,0,1,1,1,7448
0,BuenosAires/BuenosAires_0000445_2015_04_247_-34.61242474079832_-58.37104089216279_u8kNxyh6_Oqo08onZ_feQQ.jpg,BuenosAires:445,fused,targeted,-1,0,0,True,,10010,5,2984689592661711416,38,7448,0.1484375,0.36053499579429626,0.25560900568962097,0.5876723527908325,0.49036842584609985,0.22713735699653625,0.23475942015647888,1,1,0.10492599010467529,0.3527013659477234,0.09730392694473267,0,0,1,1,1,7448
0,BuenosAires/BuenosAires_0000445_2015_04_247_-34.61242474079832_-58.37104089216279_u8kNxyh6_Oqo08onZ_feQQ.jpg,BuenosAires:445,fused,random,0,20,65,True,,10010,5,2984689592661711416,38,7448,0.1484375,0.36053499579429626,0.33236193656921387,0.5876723527908325,0.5393033027648926,0.22713735699653625,0.2069413661956787,1,1,0.028173059225082397,0.2728065252304077,0.04836905002593994,0,0,1,1,1,7448
0,BuenosAires/BuenosAires_0000445_2015_04_247_-34.61242474079832_-58.37104089216279_u8kNxyh6_Oqo08onZ_feQQ.jpg,BuenosAires:445,fused,random,1,26,12,True,,10010,5,2984689592661711416,38,7448,0.1484375,0.36053499579429626,0.341386616230011,0.5876723527908325,0.561149001121521,0.22713735699653625,0.21976238489151,1,1,0.01914837956428528,0.2843623161315918,0.026523351669311523,0,0,1,1,1,7448
0,BuenosAires/BuenosAires_0000445_2015_04_247_-34.61242474079832_-58.37104089216279_u8kNxyh6_Oqo08onZ_feQQ.jpg,BuenosAires:445,fused,random,2,17,47,True,,10010,5,2984689592661711416,38,7448,0.1484375,0.36053499579429626,0.3196841776371002,0.5876723527908325,0.5415778160095215,0.22713735699653625,0.22189363837242126,1,1,0.040850818157196045,0.27686619758605957,0.046094536781311035,0,0,1,1,1,7448
0,BuenosAires/BuenosAires_0000445_2015_04_247_-34.61242474079832_-58.37104089216279_u8kNxyh6_Oqo08onZ_feQQ.jpg,BuenosAires:445,fused,random,3,-62,48,True,,10010,5,2984689592661711416,38,7448,0.1484375,0.36053499579429626,0.33521831035614014,0.5876723527908325,0.5628038644790649,0.22713735699653625,0.2275855541229248,1,1,0.025316685438156128,0.07582724094390869,0.024868488311767578,0,0,1,1,1,7448
0,BuenosAires/BuenosAires_0000445_2015_04_247_-34.61242474079832_-58.37104089216279_u8kNxyh6_Oqo08onZ_feQQ.jpg,BuenosAires:445,fused,random,4,35,14,True,,10010,5,2984689592661711416,38,7448,0.1484375,0.36053499579429626,0.32568448781967163,0.5876723527908325,0.5236657857894897,0.22713735699653625,0.19798128306865692,1,1,0.034850507974624634,0.29365599155426025,0.06400656700134277,0,0,1,1,1,7448
0,Bangkok/Bangkok_0001023_2017_11_374_13.72635845259701_100.5497549817964_BH4eo1LncXcJKFdN_r9mQA.jpg,Bangkok:1023,attention,clean,-1,0,0,True,,9016,5,3350719176581641169,38,7448,0.1484375,0.29226741194725037,0.29226741194725037,0.4806024730205536,0.4806024730205536,0.18833506107330322,0.18833506107330322,1,1,0.0,0.0,0.0,0,0,1,1,1,0
0,Bangkok/Bangkok_0001023_2017_11_374_13.72635845259701_100.5497549817964_BH4eo1LncXcJKFdN_r9mQA.jpg,Bangkok:1023,fused,clean,-1,0,0,True,,11984,5,6478574393847848886,38,7448,0.1484375,0.29226741194725037,0.29226741194725037,0.4806024730205536,0.4806024730205536,0.18833506107330322,0.18833506107330322,1,1,0.0,0.0,0.0,0,0,1,1,1,0
0,Bangkok/Bangkok_0001023_2017_11_374_13.72635845259701_100.5497549817964_BH4eo1LncXcJKFdN_r9mQA.jpg,Bangkok:1023,attention,targeted,-1,0,0,True,,9016,5,3350719176581641169,38,7448,0.1484375,0.29226741194725037,0.14613378047943115,0.4806024730205536,0.30905500054359436,0.18833506107330322,0.1629212200641632,1,1,0.1461336314678192,0.3642212152481079,0.17154747247695923,0,0,1,1,1,7448
0,Bangkok/Bangkok_0001023_2017_11_374_13.72635845259701_100.5497549817964_BH4eo1LncXcJKFdN_r9mQA.jpg,Bangkok:1023,attention,random,0,33,-14,True,,9016,5,3350719176581641169,38,7448,0.1484375,0.29226741194725037,0.22445818781852722,0.4806024730205536,0.3919665515422821,0.18833506107330322,0.16750836372375488,1,1,0.06780922412872314,0.3051002025604248,0.08863592147827148,0,0,1,1,1,7448
0,Bangkok/Bangkok_0001023_2017_11_374_13.72635845259701_100.5497549817964_BH4eo1LncXcJKFdN_r9mQA.jpg,Bangkok:1023,attention,random,1,60,-14,True,,9016,5,3350719176581641169,38,7448,0.1484375,0.29226741194725037,0.314836710691452,0.4806024730205536,0.4772031605243683,0.18833506107330322,0.16236644983291626,1,1,-0.02256929874420166,0.1317613124847412,0.0033993124961853027,0,0,1,1,1,7448
0,Bangkok/Bangkok_0001023_2017_11_374_13.72635845259701_100.5497549817964_BH4eo1LncXcJKFdN_r9mQA.jpg,Bangkok:1023,attention,random,2,70,12,True,,9016,5,3350719176581641169,38,7448,0.1484375,0.29226741194725037,0.27821075916290283,0.4806024730205536,0.46670499444007874,0.18833506107330322,0.1884942501783371,1,1,0.014056652784347534,0.11140954494476318,0.013897478580474854,0,0,1,1,1,7448
0,Bangkok/Bangkok_0001023_2017_11_374_13.72635845259701_100.5497549817964_BH4eo1LncXcJKFdN_r9mQA.jpg,Bangkok:1023,attention,random,3,-26,8,True,,9016,5,3350719176581641169,38,7448,0.1484375,0.29226741194725037,0.1801428198814392,0.4806024730205536,0.3509621322154999,0.18833506107330322,0.17081931233406067,1,1,0.11212459206581116,0.27487993240356445,0.1296403408050537,0,0,1,1,1,7448
0,Bangkok/Bangkok_0001023_2017_11_374_13.72635845259701_100.5497549817964_BH4eo1LncXcJKFdN_r9mQA.jpg,Bangkok:1023,attention,random,4,72,1,True,,9016,5,3350719176581641169,38,7448,0.1484375,0.29226741194725037,0.27676141262054443,0.4806024730205536,0.4664779305458069,0.18833506107330322,0.18971651792526245,1,1,0.015505999326705933,0.09771525859832764,0.014124542474746704,0,0,1,1,1,7448
0,Bangkok/Bangkok_0001023_2017_11_374_13.72635845259701_100.5497549817964_BH4eo1LncXcJKFdN_r9mQA.jpg,Bangkok:1023,fused,targeted,-1,0,0,True,,11984,5,6478574393847848886,38,7448,0.1484375,0.29226741194725037,0.12744663655757904,0.4806024730205536,0.28099772334098816,0.18833506107330322,0.15355108678340912,1,1,0.16482077538967133,0.41833293437957764,0.19960474967956543,0,0,1,1,1,7448
0,Bangkok/Bangkok_0001023_2017_11_374_13.72635845259701_100.5497549817964_BH4eo1LncXcJKFdN_r9mQA.jpg,Bangkok:1023,fused,random,0,12,40,True,,11984,5,6478574393847848886,38,7448,0.1484375,0.29226741194725037,0.17249542474746704,0.4806024730205536,0.33263498544692993,0.18833506107330322,0.1601395606994629,1,1,0.11977198719978333,0.3768730163574219,0.14796748757362366,0,0,1,1,1,7448
0,Bangkok/Bangkok_0001023_2017_11_374_13.72635845259701_100.5497549817964_BH4eo1LncXcJKFdN_r9mQA.jpg,Bangkok:1023,fused,random,1,-8,10,True,,11984,5,6478574393847848886,38,7448,0.1484375,0.29226741194725037,0.13418446481227875,0.4806024730205536,0.300033837556839,0.18833506107330322,0.16584937274456024,1,1,0.15808294713497162,0.3916357159614563,0.1805686354637146,0,0,1,1,1,7448
0,Bangkok/Bangkok_0001023_2017_11_374_13.72635845259701_100.5497549817964_BH4eo1LncXcJKFdN_r9mQA.jpg,Bangkok:1023,fused,random,2,2,50,True,,11984,5,6478574393847848886,38,7448,0.1484375,0.29226741194725037,0.13748964667320251,0.4806024730205536,0.30010920763015747,0.18833506107330322,0.16261956095695496,1,1,0.15477776527404785,0.39357566833496094,0.18049326539039612,0,0,1,1,1,7448
0,Bangkok/Bangkok_0001023_2017_11_374_13.72635845259701_100.5497549817964_BH4eo1LncXcJKFdN_r9mQA.jpg,Bangkok:1023,fused,random,3,44,29,True,,11984,5,6478574393847848886,38,7448,0.1484375,0.29226741194725037,0.2791501581668854,0.4806024730205536,0.45189350843429565,0.18833506107330322,0.17274335026741028,1,1,0.01311725378036499,0.20916026830673218,0.028708964586257935,0,0,1,1,1,7448
0,Bangkok/Bangkok_0001023_2017_11_374_13.72635845259701_100.5497549817964_BH4eo1LncXcJKFdN_r9mQA.jpg,Bangkok:1023,fused,random,4,-52,-9,True,,11984,5,6478574393847848886,38,7448,0.1484375,0.29226741194725037,0.25494641065597534,0.4806024730205536,0.4286629557609558,0.18833506107330322,0.17371654510498047,1,1,0.037321001291275024,0.11445951461791992,0.05193951725959778,0,0,1,1,1,7448
0,Bangkok/Bangkok_0003924_2020_08_123_13.76052968481102_100.4979012510033_RkW8Ap4kPVy5-JQsESJFHw.jpg,Bangkok:3924,attention,clean,-1,0,0,True,,7238,5,3592664721308436523,38,7448,0.1484375,0.2356768250465393,0.2356768250465393,0.45860782265663147,0.45860782265663147,0.22293099761009216,0.22293099761009216,1,1,0.0,0.0,0.0,0,0,1,1,1,0
0,Bangkok/Bangkok_0003924_2020_08_123_13.76052968481102_100.4979012510033_RkW8Ap4kPVy5-JQsESJFHw.jpg,Bangkok:3924,fused,clean,-1,0,0,True,,8834,5,9119113276539423066,38,7448,0.1484375,0.2356768250465393,0.2356768250465393,0.45860782265663147,0.45860782265663147,0.22293099761009216,0.22293099761009216,1,1,0.0,0.0,0.0,0,0,1,1,1,0
0,Bangkok/Bangkok_0003924_2020_08_123_13.76052968481102_100.4979012510033_RkW8Ap4kPVy5-JQsESJFHw.jpg,Bangkok:3924,attention,targeted,-1,0,0,True,,7238,5,3592664721308436523,38,7448,0.1484375,0.2356768250465393,0.16114753484725952,0.45860782265663147,0.35812461376190186,0.22293099761009216,0.19697707891464233,1,1,0.07452929019927979,0.28426259756088257,0.10048320889472961,0,0,1,1,1,7448
0,Bangkok/Bangkok_0003924_2020_08_123_13.76052968481102_100.4979012510033_RkW8Ap4kPVy5-JQsESJFHw.jpg,Bangkok:3924,attention,random,0,-11,-32,True,,7238,5,3592664721308436523,38,7448,0.1484375,0.2356768250465393,0.18927839398384094,0.45860782265663147,0.37946081161499023,0.22293099761009216,0.1901824176311493,1,1,0.046398431062698364,0.24918228387832642,0.07914701104164124,0,0,1,1,1,7448
0,Bangkok/Bangkok_0003924_2020_08_123_13.76052968481102_100.4979012510033_RkW8Ap4kPVy5-JQsESJFHw.jpg,Bangkok:3924,attention,random,1,-8,-50,True,,7238,5,3592664721308436523,38,7448,0.1484375,0.2356768250465393,0.14086580276489258,0.45860782265663147,0.340933233499527,0.22293099761009216,0.2000674307346344,1,1,0.09481102228164673,0.27554482221603394,0.11767458915710449,0,0,1,1,1,7448
0,Bangkok/Bangkok_0003924_2020_08_123_13.76052968481102_100.4979012510033_RkW8Ap4kPVy5-JQsESJFHw.jpg,Bangkok:3924,attention,random,2,1,-15,True,,7238,5,3592664721308436523,38,7448,0.1484375,0.2356768250465393,0.19713956117630005,0.45860782265663147,0.3942502737045288,0.22293099761009216,0.19711071252822876,1,1,0.03853726387023926,0.2653276324272156,0.06435754895210266,0,0,1,1,1,7448
0,Bangkok/Bangkok_0003924_2020_08_123_13.76052968481102_100.4979012510033_RkW8Ap4kPVy5-JQsESJFHw.jpg,Bangkok:3924,attention,random,3,57,-23,True,,7238,5,3592664721308436523,38,7448,0.1484375,0.2356768250465393,0.26005783677101135,0.45860782265663147,0.47735700011253357,0.22293099761009216,0.21729916334152222,1,1,-0.024381011724472046,0.07278650999069214,-0.0187491774559021,0,0,1,1,1,7448
0,Bangkok/Bangkok_0003924_2020_08_123_13.76052968481102_100.4979012510033_RkW8Ap4kPVy5-JQsESJFHw.jpg,Bangkok:3924,attention,random,4,-30,-51,True,,7238,5,3592664721308436523,38,7448,0.1484375,0.2356768250465393,0.20983658730983734,0.45860782265663147,0.4158831834793091,0.22293099761009216,0.20604659616947174,1,1,0.025840237736701965,0.16475117206573486,0.04272463917732239,0,0,1,1,1,7448
0,Bangkok/Bangkok_0003924_2020_08_123_13.76052968481102_100.4979012510033_RkW8Ap4kPVy5-JQsESJFHw.jpg,Bangkok:3924,fused,targeted,-1,0,0,True,,8834,5,9119113276539423066,38,7448,0.1484375,0.2356768250465393,0.18301460146903992,0.45860782265663147,0.3558894991874695,0.22293099761009216,0.17287489771842957,1,1,0.05266222357749939,0.2787969708442688,0.10271832346916199,0,0,1,1,1,7448
0,Bangkok/Bangkok_0003924_2020_08_123_13.76052968481102_100.4979012510033_RkW8Ap4kPVy5-JQsESJFHw.jpg,Bangkok:3924,fused,random,0,-18,-38,True,,8834,5,9119113276539423066,38,7448,0.1484375,0.2356768250465393,0.16159924864768982,0.45860782265663147,0.35829514265060425,0.22293099761009216,0.19669589400291443,1,1,0.07407757639884949,0.2417203187942505,0.10031268000602722,0,0,1,1,1,7448
0,Bangkok/Bangkok_0003924_2020_08_123_13.76052968481102_100.4979012510033_RkW8Ap4kPVy5-JQsESJFHw.jpg,Bangkok:3924,fused,random,1,20,-3,True,,8834,5,9119113276539423066,38,7448,0.1484375,0.2356768250465393,0.1798919290304184,0.45860782265663147,0.3878576457500458,0.22293099761009216,0.20796571671962738,1,1,0.05578489601612091,0.2568734288215637,0.0707501769065857,0,0,1,1,1,7448
0,Bangkok/Bangkok_0003924_2020_08_123_13.76052968481102_100.4979012510033_RkW8Ap4kPVy5-JQsESJFHw.jpg,Bangkok:3924,fused,random,2,58,-39,True,,8834,5,9119113276539423066,38,7448,0.1484375,0.2356768250465393,0.2528078556060791,0.45860782265663147,0.4683527946472168,0.22293099761009216,0.2155449539422989,1,1,-0.017131030559539795,0.07815992832183838,-0.009744971990585327,0,0,1,1,1,7448
0,Bangkok/Bangkok_0003924_2020_08_123_13.76052968481102_100.4979012510033_RkW8Ap4kPVy5-JQsESJFHw.jpg,Bangkok:3924,fused,random,3,94,-20,True,,8834,5,9119113276539423066,38,7448,0.1484375,0.2356768250465393,0.237309530377388,0.45860782265663147,0.4719395339488983,0.22293099761009216,0.23463000357151031,1,1,-0.0016327053308486938,0.05639183521270752,-0.013331711292266846,0,0,1,1,1,7448
0,Bangkok/Bangkok_0003924_2020_08_123_13.76052968481102_100.4979012510033_RkW8Ap4kPVy5-JQsESJFHw.jpg,Bangkok:3924,fused,random,4,15,-51,True,,8834,5,9119113276539423066,38,7448,0.1484375,0.2356768250465393,0.1273353397846222,0.45860782265663147,0.34595608711242676,0.22293099761009216,0.21862074732780457,1,1,0.10834148526191711,0.27448976039886475,0.11265173554420471,0,0,1,1,1,7448
0,PRG/PRG_0001254_2017_06_212_50.06679447507942_14.49619812702815_Nxa-wtOOkuxC25VNs-GAoQ.jpg,PRG:1254,attention,clean,-1,0,0,True,,9016,5,4716511280715837214,38,7448,0.1484375,0.27776119112968445,0.27776119112968445,0.4957874119281769,0.4957874119281769,0.21802622079849243,0.21802622079849243,1,1,0.0,0.0,0.0,0,0,1,1,1,0
0,PRG/PRG_0001254_2017_06_212_50.06679447507942_14.49619812702815_Nxa-wtOOkuxC25VNs-GAoQ.jpg,PRG:1254,fused,clean,-1,0,0,True,,11004,5,1960395044846113422,38,7448,0.1484375,0.27776119112968445,0.27776119112968445,0.4957874119281769,0.4957874119281769,0.21802622079849243,0.21802622079849243,1,1,0.0,0.0,0.0,0,0,1,1,1,0
0,PRG/PRG_0001254_2017_06_212_50.06679447507942_14.49619812702815_Nxa-wtOOkuxC25VNs-GAoQ.jpg,PRG:1254,attention,targeted,-1,0,0,True,,9016,5,4716511280715837214,38,7448,0.1484375,0.27776119112968445,0.19929717481136322,0.4957874119281769,0.41603726148605347,0.21802622079849243,0.21674008667469025,1,1,0.07846401631832123,0.37248384952545166,0.07975015044212341,0,0,1,1,1,7448
0,PRG/PRG_0001254_2017_06_212_50.06679447507942_14.49619812702815_Nxa-wtOOkuxC25VNs-GAoQ.jpg,PRG:1254,attention,random,0,40,12,True,,9016,5,4716511280715837214,38,7448,0.1484375,0.27776119112968445,0.21928644180297852,0.4957874119281769,0.4379897117614746,0.21802622079849243,0.2187032699584961,1,1,0.05847474932670593,0.16842436790466309,0.05779770016670227,0,0,1,1,1,7448
0,PRG/PRG_0001254_2017_06_212_50.06679447507942_14.49619812702815_Nxa-wtOOkuxC25VNs-GAoQ.jpg,PRG:1254,attention,random,1,53,27,True,,9016,5,4716511280715837214,38,7448,0.1484375,0.27776119112968445,0.24172675609588623,0.4957874119281769,0.44368064403533936,0.21802622079849243,0.20195388793945312,1,1,0.03603443503379822,0.14501285552978516,0.052106767892837524,0,0,1,1,1,7448
0,PRG/PRG_0001254_2017_06_212_50.06679447507942_14.49619812702815_Nxa-wtOOkuxC25VNs-GAoQ.jpg,PRG:1254,attention,random,2,42,4,True,,9016,5,4716511280715837214,38,7448,0.1484375,0.27776119112968445,0.22973650693893433,0.4957874119281769,0.4429413080215454,0.21802622079849243,0.21320480108261108,1,1,0.04802468419075012,0.18744760751724243,0.05284610390663147,0,0,1,1,1,7448
0,PRG/PRG_0001254_2017_06_212_50.06679447507942_14.49619812702815_Nxa-wtOOkuxC25VNs-GAoQ.jpg,PRG:1254,attention,random,3,-36,19,True,,9016,5,4716511280715837214,38,7448,0.1484375,0.27776119112968445,0.2640913128852844,0.4957874119281769,0.46180829405784607,0.21802622079849243,0.19771698117256165,1,1,0.013669878244400024,0.2211354374885559,0.03397911787033081,0,0,1,1,1,7448
0,PRG/PRG_0001254_2017_06_212_50.06679447507942_14.49619812702815_Nxa-wtOOkuxC25VNs-GAoQ.jpg,PRG:1254,attention,random,4,-49,15,True,,9016,5,4716511280715837214,38,7448,0.1484375,0.27776119112968445,0.2677297592163086,0.4957874119281769,0.4771890938282013,0.21802622079849243,0.2094593346118927,1,1,0.010031431913375854,0.12349998950958252,0.018598318099975586,0,0,1,1,1,7448
0,PRG/PRG_0001254_2017_06_212_50.06679447507942_14.49619812702815_Nxa-wtOOkuxC25VNs-GAoQ.jpg,PRG:1254,fused,targeted,-1,0,0,True,,11004,5,1960395044846113422,38,7448,0.1484375,0.27776119112968445,0.13563770055770874,0.4957874119281769,0.39413875341415405,0.21802622079849243,0.2585010528564453,1,1,0.1421234905719757,0.3521212339401245,0.10164865851402283,0,0,1,1,1,7448
0,PRG/PRG_0001254_2017_06_212_50.06679447507942_14.49619812702815_Nxa-wtOOkuxC25VNs-GAoQ.jpg,PRG:1254,fused,random,0,-51,27,True,,11004,5,1960395044846113422,38,7448,0.1484375,0.27776119112968445,0.2541891038417816,0.4957874119281769,0.47756344079971313,0.21802622079849243,0.22337433695793152,1,1,0.023572087287902832,0.12341529130935669,0.018223971128463745,0,0,1,1,1,7448
0,PRG/PRG_0001254_2017_06_212_50.06679447507942_14.49619812702815_Nxa-wtOOkuxC25VNs-GAoQ.jpg,PRG:1254,fused,random,1,69,51,True,,11004,5,1960395044846113422,38,7448,0.1484375,0.27776119112968445,0.2683430314064026,0.4957874119281769,0.4570392370223999,0.21802622079849243,0.18869619071483612,1,1,0.00941815972328186,0.10087919235229492,0.03874817490577698,0,0,1,1,1,7448
0,PRG/PRG_0001254_2017_06_212_50.06679447507942_14.49619812702815_Nxa-wtOOkuxC25VNs-GAoQ.jpg,PRG:1254,fused,random,2,26,39,True,,11004,5,1960395044846113422,38,7448,0.1484375,0.27776119112968445,0.19502103328704834,0.4957874119281769,0.3810918927192688,0.21802622079849243,0.18607085943222046,1,1,0.08274015784263611,0.2381420135498047,0.11469551920890808,0,0,1,1,1,7448
0,PRG/PRG_0001254_2017_06_212_50.06679447507942_14.49619812702815_Nxa-wtOOkuxC25VNs-GAoQ.jpg,PRG:1254,fused,random,3,-32,32,True,,11004,5,1960395044846113422,38,7448,0.1484375,0.27776119112968445,0.177415132522583,0.4957874119281769,0.4075624346733093,0.21802622079849243,0.23014730215072632,1,1,0.10034605860710144,0.2566061019897461,0.08822497725486755,0,0,1,1,1,7448
0,PRG/PRG_0001254_2017_06_212_50.06679447507942_14.49619812702815_Nxa-wtOOkuxC25VNs-GAoQ.jpg,PRG:1254,fused,random,4,24,27,True,,11004,5,1960395044846113422,38,7448,0.1484375,0.27776119112968445,0.1948452740907669,0.4957874119281769,0.3794008791446686,0.21802622079849243,0.18455560505390167,1,1,0.08291591703891754,0.24155008792877197,0.1163865327835083,0,0,1,1,1,7448
0,PRS/PRS_0004928_2014_08_515_48.90335183491303_2.439435637449179_P4KTKDxyo2u0VrYa_HAlYg.jpg,PRS:4928,attention,clean,-1,0,0,True,,6062,5,3355622864147421985,38,7448,0.1484375,0.2538236379623413,0.2538236379623413,0.42992883920669556,0.42992883920669556,0.17610521614551544,0.17610521614551544,1,1,0.0,0.0,0.0,0,0,1,1,1,0
0,PRS/PRS_0004928_2014_08_515_48.90335183491303_2.439435637449179_P4KTKDxyo2u0VrYa_HAlYg.jpg,PRS:4928,fused,clean,-1,0,0,True,,7238,5,772724241119435669,38,7448,0.1484375,0.2538236379623413,0.2538236379623413,0.42992883920669556,0.42992883920669556,0.17610521614551544,0.17610521614551544,1,1,0.0,0.0,0.0,0,0,1,1,1,0
0,PRS/PRS_0004928_2014_08_515_48.90335183491303_2.439435637449179_P4KTKDxyo2u0VrYa_HAlYg.jpg,PRS:4928,attention,targeted,-1,0,0,True,,6062,5,3355622864147421985,38,7448,0.1484375,0.2538236379623413,0.16692876815795898,0.42992883920669556,0.3380662798881531,0.17610521614551544,0.1711375117301941,1,1,0.08689486980438232,0.360331654548645,0.09186255931854248,0,0,1,1,1,7448
0,PRS/PRS_0004928_2014_08_515_48.90335183491303_2.439435637449179_P4KTKDxyo2u0VrYa_HAlYg.jpg,PRS:4928,attention,random,0,2,19,True,,6062,5,3355622864147421985,38,7448,0.1484375,0.2538236379623413,0.1537567377090454,0.42992883920669556,0.3325592279434204,0.17610521614551544,0.178802490234375,1,1,0.1000669002532959,0.3769862651824951,0.09736961126327515,0,0,1,1,1,7448
0,PRS/PRS_0004928_2014_08_515_48.90335183491303_2.439435637449179_P4KTKDxyo2u0VrYa_HAlYg.jpg,PRS:4928,attention,random,1,-65,7,True,,6062,5,3355622864147421985,38,7448,0.1484375,0.2538236379623413,0.23703718185424805,0.42992883920669556,0.41037940979003906,0.17610521614551544,0.17334222793579102,1,1,0.01678645610809326,0.05491667985916138,0.019549429416656494,0,0,1,1,1,7448
0,PRS/PRS_0004928_2014_08_515_48.90335183491303_2.439435637449179_P4KTKDxyo2u0VrYa_HAlYg.jpg,PRS:4928,attention,random,2,-40,11,True,,6062,5,3355622864147421985,38,7448,0.1484375,0.2538236379623413,0.21394255757331848,0.42992883920669556,0.3881072998046875,0.17610521614551544,0.17416474223136902,1,1,0.03988108038902283,0.1929687261581421,0.04182153940200806,0,0,1,1,1,7448
0,PRS/PRS_0004928_2014_08_515_48.90335183491303_2.439435637449179_P4KTKDxyo2u0VrYa_HAlYg.jpg,PRS:4928,attention,random,3,-74,-5,True,,6062,5,3355622864147421985,38,7448,0.1484375,0.2538236379623413,0.24400421977043152,0.42992883920669556,0.426521360874176,0.17610521614551544,0.1825171411037445,1,1,0.00981941819190979,0.03928720951080322,0.0034074783325195312,0,0,1,1,1,7448
0,PRS/PRS_0004928_2014_08_515_48.90335183491303_2.439435637449179_P4KTKDxyo2u0VrYa_HAlYg.jpg,PRS:4928,attention,random,4,-28,28,True,,6062,5,3355622864147421985,38,7448,0.1484375,0.2538236379623413,0.16845032572746277,0.42992883920669556,0.3519754409790039,0.17610521614551544,0.18352511525154114,1,1,0.08537331223487854,0.2337247133255005,0.07795339822769165,0,0,1,1,1,7448
0,PRS/PRS_0004928_2014_08_515_48.90335183491303_2.439435637449179_P4KTKDxyo2u0VrYa_HAlYg.jpg,PRS:4928,fused,targeted,-1,0,0,True,,7238,5,772724241119435669,38,7448,0.1484375,0.2538236379623413,0.15396744012832642,0.42992883920669556,0.3369653820991516,0.17610521614551544,0.1829979419708252,1,1,0.09985619783401489,0.3610907793045044,0.09296345710754395,0,0,1,1,1,7448
0,PRS/PRS_0004928_2014_08_515_48.90335183491303_2.439435637449179_P4KTKDxyo2u0VrYa_HAlYg.jpg,PRS:4928,fused,random,0,22,12,True,,7238,5,772724241119435669,38,7448,0.1484375,0.2538236379623413,0.18647685647010803,0.42992883920669556,0.3543667197227478,0.17610521614551544,0.16788986325263977,1,1,0.06734678149223328,0.24556118249893188,0.07556211948394775,0,0,1,1,1,7448
0,PRS/PRS_0004928_2014_08_515_48.90335183491303_2.439435637449179_P4KTKDxyo2u0VrYa_HAlYg.jpg,PRS:4928,fused,random,1,-3,-6,True,,7238,5,772724241119435669,38,7448,0.1484375,0.2538236379623413,0.18515238165855408,0.42992883920669556,0.3588365912437439,0.17610521614551544,0.17368420958518982,1,1,0.06867125630378723,0.3599975109100342,0.07109224796295166,0,0,1,1,1,7448
0,PRS/PRS_0004928_2014_08_515_48.90335183491303_2.439435637449179_P4KTKDxyo2u0VrYa_HAlYg.jpg,PRS:4928,fused,random,2,42,-13,True,,7238,5,772724241119435669,38,7448,0.1484375,0.2538236379623413,0.17141200602054596,0.42992883920669556,0.3279724419116974,0.17610521614551544,0.15656043589115143,1,1,0.08241163194179535,0.2223631739616394,0.10195639729499817,0,0,1,1,1,7448
0,PRS/PRS_0004928_2014_08_515_48.90335183491303_2.439435637449179_P4KTKDxyo2u0VrYa_HAlYg.jpg,PRS:4928,fused,random,3,-7,-14,True,,7238,5,772724241119435669,38,7448,0.1484375,0.2538236379623413,0.18935108184814453,0.42992883920669556,0.349743515253067,0.17610521614551544,0.16039243340492249,1,1,0.06447255611419678,0.3501133918762207,0.08018532395362854,0,0,1,1,1,7448
0,PRS/PRS_0004928_2014_08_515_48.90335183491303_2.439435637449179_P4KTKDxyo2u0VrYa_HAlYg.jpg,PRS:4928,fused,random,4,-39,5,True,,7238,5,772724241119435669,38,7448,0.1484375,0.2538236379623413,0.23792879283428192,0.42992883920669556,0.3961300849914551,0.17610521614551544,0.15820129215717316,1,1,0.015894845128059387,0.13870275020599365,0.03379875421524048,0,0,1,1,1,7448
0,PRS/PRS_0000012_2019_07_140_48.79734863971899_2.273391669131452_CnDd1MtvDCJuEiGcZ9SVWw.jpg,PRS:12,attention,clean,-1,0,0,True,,4858,5,472080834247321236,38,7448,0.1484375,0.36188554763793945,0.36188554763793945,0.5626348257064819,0.5626348257064819,0.2007492631673813,0.2007492631673813,1,1,0.0,0.0,0.0,0,0,1,1,1,0
0,PRS/PRS_0000012_2019_07_140_48.79734863971899_2.273391669131452_CnDd1MtvDCJuEiGcZ9SVWw.jpg,PRS:12,fused,clean,-1,0,0,True,,3276,5,6591955082765920387,38,7448,0.1484375,0.36188554763793945,0.36188554763793945,0.5626348257064819,0.5626348257064819,0.2007492631673813,0.2007492631673813,1,1,0.0,0.0,0.0,0,0,1,1,1,0
0,PRS/PRS_0000012_2019_07_140_48.79734863971899_2.273391669131452_CnDd1MtvDCJuEiGcZ9SVWw.jpg,PRS:12,attention,targeted,-1,0,0,True,,4858,5,472080834247321236,38,7448,0.1484375,0.36188554763793945,0.3532150983810425,0.5626348257064819,0.5052787065505981,0.2007492631673813,0.15206359326839447,1,1,0.008670449256896973,0.2637820839881897,0.05735611915588379,0,0,1,1,1,7448
0,PRS/PRS_0000012_2019_07_140_48.79734863971899_2.273391669131452_CnDd1MtvDCJuEiGcZ9SVWw.jpg,PRS:12,attention,random,0,7,-37,True,,4858,5,472080834247321236,38,7448,0.1484375,0.36188554763793945,0.2885090708732605,0.5626348257064819,0.47662830352783203,0.2007492631673813,0.18811923265457153,1,1,0.07337647676467896,0.24418842792510986,0.0860065221786499,0,0,1,1,1,7448
0,PRS/PRS_0000012_2019_07_140_48.79734863971899_2.273391669131452_CnDd1MtvDCJuEiGcZ9SVWw.jpg,PRS:12,attention,random,1,-14,-40,True,,4858,5,472080834247321236,38,7448,0.1484375,0.36188554763793945,0.3420162498950958,0.5626348257064819,0.5451968908309937,0.2007492631673813,0.20318064093589783,1,1,0.019869297742843628,0.1349065899848938,0.01743793487548828,0,0,1,1,1,7448
0,PRS/PRS_0000012_2019_07_140_48.79734863971899_2.273391669131452_CnDd1MtvDCJuEiGcZ9SVWw.jpg,PRS:12,attention,random,2,8,-20,True,,4858,5,472080834247321236,38,7448,0.1484375,0.36188554763793945,0.31677210330963135,0.5626348257064819,0.4925256073474884,0.2007492631673813,0.17575350403785706,1,1,0.045113444328308105,0.24026572704315186,0.07010921835899353,0,0,1,1,1,7448
0,PRS/PRS_0000012_2019_07_140_48.79734863971899_2.273391669131452_CnDd1MtvDCJuEiGcZ9SVWw.jpg,PRS:12,attention,random,3,41,-32,True,,4858,5,472080834247321236,38,7448,0.1484375,0.36188554763793945,0.3532341718673706,0.5626348257064819,0.5256481766700745,0.2007492631673813,0.17241398990154266,1,1,0.008651375770568848,0.1382887363433838,0.03698664903640747,0,0,1,1,1,7448
0,PRS/PRS_0000012_2019_07_140_48.79734863971899_2.273391669131452_CnDd1MtvDCJuEiGcZ9SVWw.jpg,PRS:12,attention,random,4,70,-28,True,,4858,5,472080834247321236,38,7448,0.1484375,0.36188554763793945,0.3741884231567383,0.5626348257064819,0.5677403807640076,0.2007492631673813,0.1935519576072693,1,1,-0.012302875518798828,0.08312702178955078,-0.005105555057525635,0,0,1,1,1,7448
0,PRS/PRS_0000012_2019_07_140_48.79734863971899_2.273391669131452_CnDd1MtvDCJuEiGcZ9SVWw.jpg,PRS:12,fused,targeted,-1,0,0,True,,3276,5,6591955082765920387,38,7448,0.1484375,0.36188554763793945,0.35420742630958557,0.5626348257064819,0.5200386047363281,0.2007492631673813,0.16583117842674255,1,1,0.007678121328353882,0.24693447351455688,0.04259622097015381,0,0,1,1,1,7448
0,PRS/PRS_0000012_2019_07_140_48.79734863971899_2.273391669131452_CnDd1MtvDCJuEiGcZ9SVWw.jpg,PRS:12,fused,random,0,66,-3,True,,3276,5,6591955082765920387,38,7448,0.1484375,0.36188554763793945,0.36742016673088074,0.5626348257064819,0.5425723195075989,0.2007492631673813,0.17515215277671814,1,1,-0.005534619092941284,0.11698019504547119,0.020062506198883057,0,0,1,1,1,7448
0,PRS/PRS_0000012_2019_07_140_48.79734863971899_2.273391669131452_CnDd1MtvDCJuEiGcZ9SVWw.jpg,PRS:12,fused,random,1,50,-11,True,,3276,5,6591955082765920387,38,7448,0.1484375,0.36188554763793945,0.36139392852783203,0.5626348257064819,0.5414048433303833,0.2007492631673813,0.18001091480255127,1,1,0.0004916191101074219,0.10368311405181885,0.021229982376098633,0,0,1,1,1,7448
0,PRS/PRS_0000012_2019_07_140_48.79734863971899_2.273391669131452_CnDd1MtvDCJuEiGcZ9SVWw.jpg,PRS:12,fused,random,2,17,-21,True,,3276,5,6591955082765920387,38,7448,0.1484375,0.36188554763793945,0.3135937452316284,0.5626348257064819,0.4813218414783478,0.2007492631673813,0.16772809624671936,1,1,0.048291802406311035,0.24286234378814697,0.08131298422813416,0,0,1,1,1,7448
0,PRS/PRS_0000012_2019_07_140_48.79734863971899_2.273391669131452_CnDd1MtvDCJuEiGcZ9SVWw.jpg,PRS:12,fused,random,3,43,-4,True,,3276,5,6591955082765920387,38,7448,0.1484375,0.36188554763793945,0.36240503191947937,0.5626348257064819,0.5476412773132324,0.2007492631673813,0.18523624539375305,1,1,-0.000519484281539917,0.12408435344696045,0.014993548393249512,0,0,1,1,1,7448
0,PRS/PRS_0000012_2019_07_140_48.79734863971899_2.273391669131452_CnDd1MtvDCJuEiGcZ9SVWw.jpg,PRS:12,fused,random,4,-35,-16,True,,3276,5,6591955082765920387,38,7448,0.1484375,0.36188554763793945,0.34755945205688477,0.5626348257064819,0.5147804021835327,0.2007492631673813,0.16722096502780914,1,1,0.014326095581054688,0.156743586063385,0.04785442352294922,0,0,1,1,1,7448
0,Miami/Miami_0003076_2015_10_107_25.75448966185336_-80.22504255688351_-sAOdkAfUrF2Y2R-8Boujg.jpg,Miami:3076,attention,clean,-1,0,0,True,,6062,5,6764438668942872594,38,7448,0.1484375,0.21485882997512817,0.21485882997512817,0.6123597621917725,0.6123597621917725,0.3975009322166443,0.3975009322166443,1,1,0.0,0.0,0.0,0,0,1,1,1,0
0,Miami/Miami_0003076_2015_10_107_25.75448966185336_-80.22504255688351_-sAOdkAfUrF2Y2R-8Boujg.jpg,Miami:3076,fused,clean,-1,0,0,True,,6062,5,3437539625992000833,38,7448,0.1484375,0.21485882997512817,0.21485882997512817,0.6123597621917725,0.6123597621917725,0.3975009322166443,0.3975009322166443,1,1,0.0,0.0,0.0,0,0,1,1,1,0
0,Miami/Miami_0003076_2015_10_107_25.75448966185336_-80.22504255688351_-sAOdkAfUrF2Y2R-8Boujg.jpg,Miami:3076,attention,targeted,-1,0,0,True,,6062,5,6764438668942872594,38,7448,0.1484375,0.21485882997512817,0.06457316875457764,0.6123597621917725,0.4690481424331665,0.3975009322166443,0.40447497367858887,1,1,0.15028566122055054,0.2995239496231079,0.14331161975860596,0,0,1,1,1,7448
0,Miami/Miami_0003076_2015_10_107_25.75448966185336_-80.22504255688351_-sAOdkAfUrF2Y2R-8Boujg.jpg,Miami:3076,attention,random,0,3,-13,True,,6062,5,6764438668942872594,38,7448,0.1484375,0.21485882997512817,0.07990336418151855,0.6123597621917725,0.49655434489250183,0.3975009322166443,0.4166509807109833,1,1,0.13495546579360962,0.251004695892334,0.11580541729927063,0,0,1,1,1,7448
0,Miami/Miami_0003076_2015_10_107_25.75448966185336_-80.22504255688351_-sAOdkAfUrF2Y2R-8Boujg.jpg,Miami:3076,attention,random,1,-22,-33,True,,6062,5,6764438668942872594,38,7448,0.1484375,0.21485882997512817,0.17017081379890442,0.6123597621917725,0.5794727802276611,0.3975009322166443,0.4093019664287567,1,1,0.044688016176223755,0.15863746404647827,0.03288698196411133,0,0,1,1,1,7448
0,Miami/Miami_0003076_2015_10_107_25.75448966185336_-80.22504255688351_-sAOdkAfUrF2Y2R-8Boujg.jpg,Miami:3076,attention,random,2,65,-23,True,,6062,5,6764438668942872594,38,7448,0.1484375,0.21485882997512817,0.15862342715263367,0.6123597621917725,0.536729097366333,0.3975009322166443,0.37810567021369934,1,1,0.05623540282249451,0.1357477903366089,0.07563066482543945,0,0,1,1,1,7448
0,Miami/Miami_0003076_2015_10_107_25.75448966185336_-80.22504255688351_-sAOdkAfUrF2Y2R-8Boujg.jpg,Miami:3076,attention,random,3,30,-26,True,,6062,5,6764438668942872594,38,7448,0.1484375,0.21485882997512817,0.19605717062950134,0.6123597621917725,0.5620436668395996,0.3975009322166443,0.36598649621009827,1,1,0.01880165934562683,0.16937768459320068,0.05031609535217285,0,0,1,1,1,7448
0,Miami/Miami_0003076_2015_10_107_25.75448966185336_-80.22504255688351_-sAOdkAfUrF2Y2R-8Boujg.jpg,Miami:3076,attention,random,4,-20,-15,True,,6062,5,6764438668942872594,38,7448,0.1484375,0.21485882997512817,0.14725109934806824,0.6123597621917725,0.5210850238800049,0.3975009322166443,0.37383392453193665,1,1,0.06760773062705994,0.2070288062095642,0.09127473831176758,0,0,1,1,1,7448
0,Miami/Miami_0003076_2015_10_107_25.75448966185336_-80.22504255688351_-sAOdkAfUrF2Y2R-8Boujg.jpg,Miami:3076,fused,targeted,-1,0,0,True,,6062,5,3437539625992000833,38,7448,0.1484375,0.21485882997512817,0.03554251790046692,0.6123597621917725,0.43848171830177307,0.3975009322166443,0.40293920040130615,1,1,0.17931631207466125,0.3392843008041382,0.1738780438899994,0,0,1,1,1,7448
0,Miami/Miami_0003076_2015_10_107_25.75448966185336_-80.22504255688351_-sAOdkAfUrF2Y2R-8Boujg.jpg,Miami:3076,fused,random,0,24,-30,True,,6062,5,3437539625992000833,38,7448,0.1484375,0.21485882997512817,0.10606896877288818,0.6123597621917725,0.47925639152526855,0.3975009322166443,0.37318742275238037,1,1,0.10878986120223999,0.2567284107208252,0.1331033706665039,0,0,1,1,1,7448
0,Miami/Miami_0003076_2015_10_107_25.75448966185336_-80.22504255688351_-sAOdkAfUrF2Y2R-8Boujg.jpg,Miami:3076,fused,random,1,47,-24,True,,6062,5,3437539625992000833,38,7448,0.1484375,0.21485882997512817,0.16723814606666565,0.6123597621917725,0.531683087348938,0.3975009322166443,0.36444494128227234,1,1,0.047620683908462524,0.1460704803466797,0.08067667484283447,0,0,1,1,1,7448
0,Miami/Miami_0003076_2015_10_107_25.75448966185336_-80.22504255688351_-sAOdkAfUrF2Y2R-8Boujg.jpg,Miami:3076,fused,random,2,29,-22,True,,6062,5,3437539625992000833,38,7448,0.1484375,0.21485882997512817,0.1835469901561737,0.6123597621917725,0.5656255483627319,0.3975009322166443,0.3820785582065582,1,1,0.03131183981895447,0.17504793405532837,0.04673421382904053,0,0,1,1,1,7448
0,Miami/Miami_0003076_2015_10_107_25.75448966185336_-80.22504255688351_-sAOdkAfUrF2Y2R-8Boujg.jpg,Miami:3076,fused,random,3,-54,-39,True,,6062,5,3437539625992000833,38,7448,0.1484375,0.21485882997512817,0.2140507698059082,0.6123597621917725,0.593979001045227,0.3975009322166443,0.37992823123931885,1,1,0.0008080601692199707,0.06862908601760864,0.01838076114654541,0,0,1,1,1,7448
0,Miami/Miami_0003076_2015_10_107_25.75448966185336_-80.22504255688351_-sAOdkAfUrF2Y2R-8Boujg.jpg,Miami:3076,fused,random,4,-9,-36,True,,6062,5,3437539625992000833,38,7448,0.1484375,0.21485882997512817,0.09331154823303223,0.6123597621917725,0.5091437101364136,0.3975009322166443,0.41583216190338135,1,1,0.12154728174209595,0.23357462882995605,0.10321605205535889,0,0,1,1,1,7448
0,BuenosAires/BuenosAires_0000579_2017_07_429_-34.60614875499967_-58.41611187509191_0lI430Zj2UJo2tDtu0coQA.jpg,BuenosAires:579,attention,clean,-1,0,0,True,,12768,5,5383102679971194741,38,7448,0.1484375,0.23884987831115723,0.23884987831115723,0.41067391633987427,0.41067391633987427,0.17182403802871704,0.17182403802871704,1,1,0.0,0.0,0.0,0,0,1,1,1,0
0,BuenosAires/BuenosAires_0000579_2017_07_429_-34.60614875499967_-58.41611187509191_0lI430Zj2UJo2tDtu0coQA.jpg,BuenosAires:579,fused,clean,-1,0,0,True,,14350,5,6750408240813617067,38,7448,0.1484375,0.23884987831115723,0.23884987831115723,0.41067391633987427,0.41067391633987427,0.17182403802871704,0.17182403802871704,1,1,0.0,0.0,0.0,0,0,1,1,1,0
0,BuenosAires/BuenosAires_0000579_2017_07_429_-34.60614875499967_-58.41611187509191_0lI430Zj2UJo2tDtu0coQA.jpg,BuenosAires:579,attention,targeted,-1,0,0,True,,12768,5,5383102679971194741,38,7448,0.1484375,0.23884987831115723,0.15953926742076874,0.41067391633987427,0.3734627366065979,0.17182403802871704,0.21392346918582916,1,1,0.07931061089038849,0.3006131649017334,0.03721117973327637,0,0,1,1,1,7448
0,BuenosAires/BuenosAires_0000579_2017_07_429_-34.60614875499967_-58.41611187509191_0lI430Zj2UJo2tDtu0coQA.jpg,BuenosAires:579,attention,random,0,-13,2,True,,12768,5,5383102679971194741,38,7448,0.1484375,0.23884987831115723,0.15217122435569763,0.41067391633987427,0.3833003640174866,0.17182403802871704,0.23112913966178894,1,1,0.0866786539554596,0.3128250241279602,0.027373552322387695,0,0,1,1,1,7448
0,BuenosAires/BuenosAires_0000579_2017_07_429_-34.60614875499967_-58.41611187509191_0lI430Zj2UJo2tDtu0coQA.jpg,BuenosAires:579,attention,random,1,16,39,True,,12768,5,5383102679971194741,38,7448,0.1484375,0.23884987831115723,0.1972293257713318,0.41067391633987427,0.3986896872520447,0.17182403802871704,0.2014603614807129,1,1,0.04162055253982544,0.21102434396743774,0.01198422908782959,0,0,1,1,1,7448
0,BuenosAires/BuenosAires_0000579_2017_07_429_-34.60614875499967_-58.41611187509191_0lI430Zj2UJo2tDtu0coQA.jpg,BuenosAires:579,attention,random,2,35,58,True,,12768,5,5383102679971194741,38,7448,0.1484375,0.23884987831115723,0.22584089636802673,0.41067391633987427,0.4096493721008301,0.17182403802871704,0.18380847573280334,1,1,0.013008981943130493,0.16963350772857666,0.0010245442390441895,0,0,1,1,1,7448
0,BuenosAires/BuenosAires_0000579_2017_07_429_-34.60614875499967_-58.41611187509191_0lI430Zj2UJo2tDtu0coQA.jpg,BuenosAires:579,attention,random,3,-15,52,True,,12768,5,5383102679971194741,38,7448,0.1484375,0.23884987831115723,0.21666015684604645,0.41067391633987427,0.4075913429260254,0.17182403802871704,0.19093118607997894,1,1,0.02218972146511078,0.16606158018112183,0.003082573413848877,0,0,1,1,1,7448
0,BuenosAires/BuenosAires_0000579_2017_07_429_-34.60614875499967_-58.41611187509191_0lI430Zj2UJo2tDtu0coQA.jpg,BuenosAires:579,attention,random,4,-2,30,True,,12768,5,5383102679971194741,38,7448,0.1484375,0.23884987831115723,0.21943870186805725,0.41067391633987427,0.4023635685443878,0.17182403802871704,0.18292486667633057,1,1,0.019411176443099976,0.24943560361862183,0.00831034779548645,0,0,1,1,1,7448
0,BuenosAires/BuenosAires_0000579_2017_07_429_-34.60614875499967_-58.41611187509191_0lI430Zj2UJo2tDtu0coQA.jpg,BuenosAires:579,fused,targeted,-1,0,0,True,,14350,5,6750408240813617067,38,7448,0.1484375,0.23884987831115723,0.1628078818321228,0.41067391633987427,0.3895820379257202,0.17182403802871704,0.2267741560935974,1,1,0.07604199647903442,0.27981919050216675,0.021091878414154053,0,0,1,1,1,7448
0,BuenosAires/BuenosAires_0000579_2017_07_429_-34.60614875499967_-58.41611187509191_0lI430Zj2UJo2tDtu0coQA.jpg,BuenosAires:579,fused,random,0,35,107,True,,14350,5,6750408240813617067,38,7448,0.1484375,0.23884987831115723,0.19521886110305786,0.41067391633987427,0.375625342130661,0.17182403802871704,0.18040648102760315,1,1,0.043631017208099365,0.1331413984298706,0.03504857420921326,0,0,1,1,1,7448
0,BuenosAires/BuenosAires_0000579_2017_07_429_-34.60614875499967_-58.41611187509191_0lI430Zj2UJo2tDtu0coQA.jpg,BuenosAires:579,fused,random,1,14,39,True,,14350,5,6750408240813617067,38,7448,0.1484375,0.23884987831115723,0.19282743334770203,0.41067391633987427,0.3856704831123352,0.17182403802871704,0.19284304976463318,1,1,0.0460224449634552,0.2262362837791443,0.025003433227539062,0,0,1,1,1,7448
0,BuenosAires/BuenosAires_0000579_2017_07_429_-34.60614875499967_-58.41611187509191_0lI430Zj2UJo2tDtu0coQA.jpg,BuenosAires:579,fused,random,2,76,28,True,,14350,5,6750408240813617067,38,7448,0.1484375,0.23884987831115723,0.22835175693035126,0.41067391633987427,0.40631842613220215,0.17182403802871704,0.1779666692018509,1,1,0.01049812138080597,0.13279306888580322,0.004355490207672119,0,0,1,1,1,7448
0,BuenosAires/BuenosAires_0000579_2017_07_429_-34.60614875499967_-58.41611187509191_0lI430Zj2UJo2tDtu0coQA.jpg,BuenosAires:579,fused,random,3,51,14,True,,14350,5,6750408240813617067,38,7448,0.1484375,0.23884987831115723,0.20474877953529358,0.41067391633987427,0.40049660205841064,0.17182403802871704,0.19574782252311707,1,1,0.03410109877586365,0.21145617961883545,0.010177314281463623,0,0,1,1,1,7448
0,BuenosAires/BuenosAires_0000579_2017_07_429_-34.60614875499967_-58.41611187509191_0lI430Zj2UJo2tDtu0coQA.jpg,BuenosAires:579,fused,random,4,29,25,True,,14350,5,6750408240813617067,38,7448,0.1484375,0.23884987831115723,0.1821005642414093,0.41067391633987427,0.38496965169906616,0.17182403802871704,0.20286908745765686,1,1,0.056749314069747925,0.2602366805076599,0.025704264640808105,0,0,1,1,1,7448
0,London/London_0001193_2012_08_101_51.49181398965143_-0.1518708460602027_I8f4h_8ZMt-gPEMeW4qHig.jpg,London:1193,attention,clean,-1,0,0,True,,168,5,8940863182909662500,38,7448,0.1484375,0.3337690830230713,0.3337690830230713,0.6206324100494385,0.6206324100494385,0.2868633270263672,0.2868633270263672,1,1,0.0,0.0,0.0,0,0,1,1,1,0
0,London/London_0001193_2012_08_101_51.49181398965143_-0.1518708460602027_I8f4h_8ZMt-gPEMeW4qHig.jpg,London:1193,fused,clean,-1,0,0,True,,4494,5,792505840246544831,38,7448,0.1484375,0.3337690830230713,0.3337690830230713,0.6206324100494385,0.6206324100494385,0.2868633270263672,0.2868633270263672,1,1,0.0,0.0,0.0,0,0,1,1,1,0
0,London/London_0001193_2012_08_101_51.49181398965143_-0.1518708460602027_I8f4h_8ZMt-gPEMeW4qHig.jpg,London:1193,attention,targeted,-1,0,0,True,,168,5,8940863182909662500,38,7448,0.1484375,0.3337690830230713,0.2417948842048645,0.6206324100494385,0.5152736902236938,0.2868633270263672,0.27347880601882935,1,1,0.09197419881820679,0.2506988048553467,0.10535871982574463,0,0,1,1,1,7448
0,London/London_0001193_2012_08_101_51.49181398965143_-0.1518708460602027_I8f4h_8ZMt-gPEMeW4qHig.jpg,London:1193,attention,random,0,-62,0,True,,168,5,8940863182909662500,38,7448,0.1484375,0.3337690830230713,0.3074660003185272,0.6206324100494385,0.611738920211792,0.2868633270263672,0.30427291989326477,1,1,0.026303082704544067,0.07906854152679443,0.008893489837646484,0,0,1,1,1,7448
0,London/London_0001193_2012_08_101_51.49181398965143_-0.1518708460602027_I8f4h_8ZMt-gPEMeW4qHig.jpg,London:1193,attention,random,1,-9,0,True,,168,5,8940863182909662500,38,7448,0.1484375,0.3337690830230713,0.23825615644454956,0.6206324100494385,0.5450241565704346,0.2868633270263672,0.306768000125885,1,1,0.09551292657852173,0.22197580337524414,0.0756082534790039,0,0,1,1,1,7448
0,London/London_0001193_2012_08_101_51.49181398965143_-0.1518708460602027_I8f4h_8ZMt-gPEMeW4qHig.jpg,London:1193,attention,random,2,42,0,True,,168,5,8940863182909662500,38,7448,0.1484375,0.3337690830230713,0.28797468543052673,0.6206324100494385,0.5795095562934875,0.2868633270263672,0.2915348708629608,1,1,0.045794397592544556,0.1398215889930725,0.04112285375595093,0,0,1,1,1,7448
0,London/London_0001193_2012_08_101_51.49181398965143_-0.1518708460602027_I8f4h_8ZMt-gPEMeW4qHig.jpg,London:1193,attention,random,3,47,0,True,,168,5,8940863182909662500,38,7448,0.1484375,0.3337690830230713,0.2614898085594177,0.6206324100494385,0.5451512932777405,0.2868633270263672,0.28366148471832275,1,1,0.07227927446365356,0.17788684368133545,0.075481116771698,0,0,1,1,1,7448
0,London/London_0001193_2012_08_101_51.49181398965143_-0.1518708460602027_I8f4h_8ZMt-gPEMeW4qHig.jpg,London:1193,attention,random,4,52,0,True,,168,5,8940863182909662500,38,7448,0.1484375,0.3337690830230713,0.27592796087265015,0.6206324100494385,0.5542788505554199,0.2868633270263672,0.2783508896827698,1,1,0.05784112215042114,0.1735290288925171,0.06635355949401855,0,0,1,1,1,7448
0,London/London_0001193_2012_08_101_51.49181398965143_-0.1518708460602027_I8f4h_8ZMt-gPEMeW4qHig.jpg,London:1193,fused,targeted,-1,0,0,True,,4494,5,792505840246544831,38,7448,0.1484375,0.3337690830230713,0.2770203948020935,0.6206324100494385,0.5459927320480347,0.2868633270263672,0.26897233724594116,1,1,0.05674868822097778,0.20351481437683105,0.07463967800140381,0,0,1,1,1,7448
0,London/London_0001193_2012_08_101_51.49181398965143_-0.1518708460602027_I8f4h_8ZMt-gPEMeW4qHig.jpg,London:1193,fused,random,0,-40,-8,True,,4494,5,792505840246544831,38,7448,0.1484375,0.3337690830230713,0.2923769950866699,0.6206324100494385,0.5884113311767578,0.2868633270263672,0.2960343360900879,1,1,0.04139208793640137,0.0990915298461914,0.032221078872680664,0,0,1,1,1,7448
0,London/London_0001193_2012_08_101_51.49181398965143_-0.1518708460602027_I8f4h_8ZMt-gPEMeW4qHig.jpg,London:1193,fused,random,1,-17,-18,True,,4494,5,792505840246544831,38,7448,0.1484375,0.3337690830230713,0.2750324010848999,0.6206324100494385,0.582111656665802,0.2868633270263672,0.3070792555809021,1,1,0.05873668193817139,0.14393752813339233,0.038520753383636475,0,0,1,1,1,7448
0,London/London_0001193_2012_08_101_51.49181398965143_-0.1518708460602027_I8f4h_8ZMt-gPEMeW4qHig.jpg,London:1193,fused,random,2,-21,-2,True,,4494,5,792505840246544831,38,7448,0.1484375,0.3337690830230713,0.26760536432266235,0.6206324100494385,0.5853866338729858,0.2868633270263672,0.3177812695503235,1,1,0.06616371870040894,0.1405273675918579,0.03524577617645264,0,0,1,1,1,7448
0,London/London_0001193_2012_08_101_51.49181398965143_-0.1518708460602027_I8f4h_8ZMt-gPEMeW4qHig.jpg,London:1193,fused,random,3,-14,-3,True,,4494,5,792505840246544831,38,7448,0.1484375,0.3337690830230713,0.2861610949039459,0.6206324100494385,0.5810295343399048,0.2868633270263672,0.29486843943595886,1,1,0.047607988119125366,0.16187423467636108,0.03960287570953369,0,0,1,1,1,7448
0,London/London_0001193_2012_08_101_51.49181398965143_-0.1518708460602027_I8f4h_8ZMt-gPEMeW4qHig.jpg,London:1193,fused,random,4,-3,0,True,,4494,5,792505840246544831,38,7448,0.1484375,0.3337690830230713,0.2665995955467224,0.6206324100494385,0.5628913640975952,0.2868633270263672,0.2962917685508728,1,1,0.06716948747634888,0.18709993362426758,0.05774104595184326,0,0,1,1,1,7448
0,PRS/PRS_0002578_2019_05_425_48.85569899238281_2.293861802212219_nJdpRxcFEfHXP9ndwtuJIw.jpg,PRS:2578,attention,clean,-1,0,0,True,,4858,5,3229197205901681917,38,7448,0.1484375,0.15967079997062683,0.15967079997062683,0.3672015070915222,0.3672015070915222,0.20753070712089539,0.20753070712089539,1,1,0.0,0.0,0.0,0,0,1,1,1,0
0,PRS/PRS_0002578_2019_05_425_48.85569899238281_2.293861802212219_nJdpRxcFEfHXP9ndwtuJIw.jpg,PRS:2578,fused,clean,-1,0,0,True,,4858,5,7785278112355288588,38,7448,0.1484375,0.15967079997062683,0.15967079997062683,0.3672015070915222,0.3672015070915222,0.20753070712089539,0.20753070712089539,1,1,0.0,0.0,0.0,0,0,1,1,1,0
0,PRS/PRS_0002578_2019_05_425_48.85569899238281_2.293861802212219_nJdpRxcFEfHXP9ndwtuJIw.jpg,PRS:2578,attention,targeted,-1,0,0,True,,4858,5,3229197205901681917,38,7448,0.1484375,0.15967079997062683,0.18627217411994934,0.3672015070915222,0.3606235980987549,0.20753070712089539,0.17435142397880554,1,1,-0.02660137414932251,0.42075467109680176,0.006577908992767334,0,0,1,1,1,7448
0,PRS/PRS_0002578_2019_05_425_48.85569899238281_2.293861802212219_nJdpRxcFEfHXP9ndwtuJIw.jpg,PRS:2578,attention,random,0,23,37,True,,4858,5,3229197205901681917,38,7448,0.1484375,0.15967079997062683,0.08561265468597412,0.3672015070915222,0.2860104739665985,0.20753070712089539,0.2003978192806244,1,1,0.07405814528465271,0.17623817920684814,0.0811910331249237,0,0,1,1,1,7448
0,PRS/PRS_0002578_2019_05_425_48.85569899238281_2.293861802212219_nJdpRxcFEfHXP9ndwtuJIw.jpg,PRS:2578,attention,random,1,-32,29,True,,4858,5,3229197205901681917,38,7448,0.1484375,0.15967079997062683,0.1549840271472931,0.3672015070915222,0.35737884044647217,0.20753070712089539,0.20239481329917908,1,1,0.00468677282333374,0.2041785717010498,0.009822666645050049,0,0,1,1,1,7448
0,PRS/PRS_0002578_2019_05_425_48.85569899238281_2.293861802212219_nJdpRxcFEfHXP9ndwtuJIw.jpg,PRS:2578,attention,random,2,45,21,True,,4858,5,3229197205901681917,38,7448,0.1484375,0.15967079997062683,0.09657564759254456,0.3672015070915222,0.3080359995365143,0.20753070712089539,0.21146035194396973,1,1,0.06309515237808228,0.218075692653656,0.059165507555007935,0,0,1,1,1,7448
0,PRS/PRS_0002578_2019_05_425_48.85569899238281_2.293861802212219_nJdpRxcFEfHXP9ndwtuJIw.jpg,PRS:2578,attention,random,3,25,8,True,,4858,5,3229197205901681917,38,7448,0.1484375,0.15967079997062683,0.15624092519283295,0.3672015070915222,0.3569709360599518,0.20753070712089539,0.20073001086711884,1,1,0.0034298747777938843,0.28928589820861816,0.010230571031570435,0,0,1,1,1,7448
0,PRS/PRS_0002578_2019_05_425_48.85569899238281_2.293861802212219_nJdpRxcFEfHXP9ndwtuJIw.jpg,PRS:2578,attention,random,4,-33,14,True,,4858,5,3229197205901681917,38,7448,0.1484375,0.15967079997062683,0.18129155039787292,0.3672015070915222,0.35722750425338745,0.20753070712089539,0.17593595385551453,1,1,-0.021620750427246094,0.31196320056915283,0.009974002838134766,0,0,1,1,1,7448
0,PRS/PRS_0002578_2019_05_425_48.85569899238281_2.293861802212219_nJdpRxcFEfHXP9ndwtuJIw.jpg,PRS:2578,fused,targeted,-1,0,0,True,,4858,5,7785278112355288588,38,7448,0.1484375,0.15967079997062683,0.1733478307723999,0.3672015070915222,0.3460022509098053,0.20753070712089539,0.1726544201374054,1,1,-0.013677030801773071,0.4130423069000244,0.02119925618171692,0,0,1,1,1,7448
0,PRS/PRS_0002578_2019_05_425_48.85569899238281_2.293861802212219_nJdpRxcFEfHXP9ndwtuJIw.jpg,PRS:2578,fused,random,0,51,6,True,,4858,5,7785278112355288588,38,7448,0.1484375,0.15967079997062683,0.08916743099689484,0.3672015070915222,0.2755163311958313,0.20753070712089539,0.18634890019893646,1,1,0.070503368973732,0.2607309818267822,0.09168517589569092,0,0,1,1,1,7448
0,PRS/PRS_0002578_2019_05_425_48.85569899238281_2.293861802212219_nJdpRxcFEfHXP9ndwtuJIw.jpg,PRS:2578,fused,random,1,18,7,True,,4858,5,7785278112355288588,38,7448,0.1484375,0.15967079997062683,0.1357204020023346,0.3672015070915222,0.36169421672821045,0.20753070712089539,0.22597381472587585,1,1,0.023950397968292236,0.3023204803466797,0.005507290363311768,0,0,1,1,1,7448
0,PRS/PRS_0002578_2019_05_425_48.85569899238281_2.293861802212219_nJdpRxcFEfHXP9ndwtuJIw.jpg,PRS:2578,fused,random,2,-30,33,True,,4858,5,7785278112355288588,38,7448,0.1484375,0.15967079997062683,0.14796707034111023,0.3672015070915222,0.32863396406173706,0.20753070712089539,0.18066689372062683,1,1,0.011703729629516602,0.23332679271697998,0.038567543029785156,0,0,1,1,1,7448
0,PRS/PRS_0002578_2019_05_425_48.85569899238281_2.293861802212219_nJdpRxcFEfHXP9ndwtuJIw.jpg,PRS:2578,fused,random,3,10,32,True,,4858,5,7785278112355288588,38,7448,0.1484375,0.15967079997062683,0.09283101558685303,0.3672015070915222,0.284487247467041,0.20753070712089539,0.191656231880188,1,1,0.0668397843837738,0.252571702003479,0.0827142596244812,0,0,1,1,1,7448
0,PRS/PRS_0002578_2019_05_425_48.85569899238281_2.293861802212219_nJdpRxcFEfHXP9ndwtuJIw.jpg,PRS:2578,fused,random,4,26,38,True,,4858,5,7785278112355288588,38,7448,0.1484375,0.15967079997062683,0.07960008084774017,0.3672015070915222,0.2830798327922821,0.20753070712089539,0.20347975194454193,1,1,0.08007071912288666,0.18799948692321777,0.08412167429924011,0,0,1,1,1,7448
0,Miami/Miami_0005316_2014_03_189_25.77282574108492_-80.23811393127853_pismP-H4QBntFBYVoV5CtA.jpg,Miami:5316,attention,clean,-1,0,0,True,,8036,5,856044158686519519,38,7448,0.1484375,0.1475752890110016,0.1475752890110016,0.5106801986694336,0.5106801986694336,0.363104909658432,0.363104909658432,1,1,0.0,0.0,0.0,0,0,1,1,1,0
0,Miami/Miami_0005316_2014_03_189_25.77282574108492_-80.23811393127853_pismP-H4QBntFBYVoV5CtA.jpg,Miami:5316,fused,clean,-1,0,0,True,,11984,5,2537828636690294645,38,7448,0.1484375,0.1475752890110016,0.1475752890110016,0.5106801986694336,0.5106801986694336,0.363104909658432,0.363104909658432,1,1,0.0,0.0,0.0,0,0,1,1,1,0
0,Miami/Miami_0005316_2014_03_189_25.77282574108492_-80.23811393127853_pismP-H4QBntFBYVoV5CtA.jpg,Miami:5316,attention,targeted,-1,0,0,True,,8036,5,856044158686519519,38,7448,0.1484375,0.1475752890110016,-0.0440879762172699,0.5106801986694336,0.3606589138507843,0.363104909658432,0.4047468900680542,1,3,0.19166326522827148,0.38331329822540283,0.1500212848186493,2,1,0,1,1,7448
0,Miami/Miami_0005316_2014_03_189_25.77282574108492_-80.23811393127853_pismP-H4QBntFBYVoV5CtA.jpg,Miami:5316,attention,random,0,-41,10,True,,8036,5,856044158686519519,38,7448,0.1484375,0.1475752890110016,0.09823888540267944,0.5106801986694336,0.4567744731903076,0.363104909658432,0.3585355877876282,1,1,0.049336403608322144,0.18008959293365479,0.05390572547912598,0,0,1,1,1,7448
0,Miami/Miami_0005316_2014_03_189_25.77282574108492_-80.23811393127853_pismP-H4QBntFBYVoV5CtA.jpg,Miami:5316,attention,random,1,52,-13,True,,8036,5,856044158686519519,38,7448,0.1484375,0.1475752890110016,0.08124241232872009,0.5106801986694336,0.4316421151161194,0.363104909658432,0.3503997027873993,1,1,0.0663328766822815,0.16716253757476807,0.07903808355331421,0,0,1,1,1,7448
0,Miami/Miami_0005316_2014_03_189_25.77282574108492_-80.23811393127853_pismP-H4QBntFBYVoV5CtA.jpg,Miami:5316,attention,random,2,-31,-13,True,,8036,5,856044158686519519,38,7448,0.1484375,0.1475752890110016,0.0022997260093688965,0.5106801986694336,0.34237921237945557,0.363104909658432,0.34007948637008667,1,1,0.1452755630016327,0.3335370421409607,0.16830098628997803,0,0,1,1,1,7448
0,Miami/Miami_0005316_2014_03_189_25.77282574108492_-80.23811393127853_pismP-H4QBntFBYVoV5CtA.jpg,Miami:5316,attention,random,3,51,-15,True,,8036,5,856044158686519519,38,7448,0.1484375,0.1475752890110016,0.07647952437400818,0.5106801986694336,0.44238945841789246,0.363104909658432,0.3659099340438843,1,1,0.07109576463699341,0.16897112131118774,0.06829074025154114,0,0,1,1,1,7448
0,Miami/Miami_0005316_2014_03_189_25.77282574108492_-80.23811393127853_pismP-H4QBntFBYVoV5CtA.jpg,Miami:5316,attention,random,4,-16,-30,True,,8036,5,856044158686519519,38,7448,0.1484375,0.1475752890110016,-0.006605774164199829,0.5106801986694336,0.36118894815444946,0.363104909658432,0.3677947223186493,1,2,0.15418106317520142,0.34049534797668457,0.14949125051498413,1,1,0,1,1,7448
0,Miami/Miami_0005316_2014_03_189_25.77282574108492_-80.23811393127853_pismP-H4QBntFBYVoV5CtA.jpg,Miami:5316,fused,targeted,-1,0,0,True,,11984,5,2537828636690294645,38,7448,0.1484375,0.1475752890110016,-0.050919413566589355,0.5106801986694336,0.3286176323890686,0.363104909658432,0.37953704595565796,1,2,0.19849470257759094,0.3945810794830322,0.182062566280365,1,1,0,1,1,7448
0,Miami/Miami_0005316_2014_03_189_25.77282574108492_-80.23811393127853_pismP-H4QBntFBYVoV5CtA.jpg,Miami:5316,fused,random,0,-32,-39,True,,11984,5,2537828636690294645,38,7448,0.1484375,0.1475752890110016,0.08817115426063538,0.5106801986694336,0.4077899158000946,0.363104909658432,0.31961876153945923,1,1,0.05940413475036621,0.22693508863449097,0.10289028286933899,0,0,1,1,1,7448
0,Miami/Miami_0005316_2014_03_189_25.77282574108492_-80.23811393127853_pismP-H4QBntFBYVoV5CtA.jpg,Miami:5316,fused,random,1,96,-2,True,,11984,5,2537828636690294645,38,7448,0.1484375,0.1475752890110016,0.12508973479270935,0.5106801986694336,0.4959982931613922,0.363104909658432,0.37090855836868286,1,1,0.022485554218292236,0.02529388666152954,0.014681905508041382,0,0,1,1,1,7448
0,Miami/Miami_0005316_2014_03_189_25.77282574108492_-80.23811393127853_pismP-H4QBntFBYVoV5CtA.jpg,Miami:5316,fused,random,2,48,-21,True,,11984,5,2537828636690294645,38,7448,0.1484375,0.1475752890110016,0.05413925647735596,0.5106801986694336,0.4503800868988037,0.363104909658432,0.39624083042144775,1,1,0.09343603253364563,0.19193542003631592,0.06030011177062988,0,0,1,1,1,7448
0,Miami/Miami_0005316_2014_03_189_25.77282574108492_-80.23811393127853_pismP-H4QBntFBYVoV5CtA.jpg,Miami:5316,fused,random,3,66,-5,True,,11984,5,2537828636690294645,38,7448,0.1484375,0.1475752890110016,0.06412461400032043,0.5106801986694336,0.44668760895729065,0.363104909658432,0.3825629949569702,1,1,0.08345067501068115,0.10769844055175781,0.06399258971214294,0,0,1,1,1,7448
0,Miami/Miami_0005316_2014_03_189_25.77282574108492_-80.23811393127853_pismP-H4QBntFBYVoV5CtA.jpg,Miami:5316,fused,random,4,37,-8,True,,11984,5,2537828636690294645,38,7448,0.1484375,0.1475752890110016,-0.008480429649353027,0.5106801986694336,0.39695656299591064,0.363104909658432,0.40543699264526367,1,2,0.15605571866035461,0.2812466621398926,0.11372363567352295,1,1,0,1,1,7448
0,Lisbon/Lisbon_0000269_2019_09_149_38.70630249232123_-9.225974567673903_9rnWWozSFwnlWtMi0tjN6A.jpg,Lisbon:269,attention,clean,-1,0,0,True,,7238,5,4152314121094644007,38,7448,0.1484375,0.48416781425476074,0.48416781425476074,0.625925600528717,0.625925600528717,0.1417577862739563,0.1417577862739563,1,1,0.0,0.0,0.0,0,0,1,1,1,0
0,Lisbon/Lisbon_0000269_2019_09_149_38.70630249232123_-9.225974567673903_9rnWWozSFwnlWtMi0tjN6A.jpg,Lisbon:269,fused,clean,-1,0,0,True,,15344,5,5084815922625700429,38,7448,0.1484375,0.48416781425476074,0.48416781425476074,0.625925600528717,0.625925600528717,0.1417577862739563,0.1417577862739563,1,1,0.0,0.0,0.0,0,0,1,1,1,0
0,Lisbon/Lisbon_0000269_2019_09_149_38.70630249232123_-9.225974567673903_9rnWWozSFwnlWtMi0tjN6A.jpg,Lisbon:269,attention,targeted,-1,0,0,True,,7238,5,4152314121094644007,38,7448,0.1484375,0.48416781425476074,0.27095723152160645,0.625925600528717,0.4254468083381653,0.1417577862739563,0.15448957681655884,1,1,0.2132105827331543,0.30351030826568604,0.20047879219055176,0,0,1,1,1,7448
0,Lisbon/Lisbon_0000269_2019_09_149_38.70630249232123_-9.225974567673903_9rnWWozSFwnlWtMi0tjN6A.jpg,Lisbon:269,attention,random,0,-37,21,True,,7238,5,4152314121094644007,38,7448,0.1484375,0.48416781425476074,0.3464537262916565,0.625925600528717,0.49815070629119873,0.1417577862739563,0.15169697999954224,1,1,0.13771408796310425,0.2124769687652588,0.1277748942375183,0,0,1,1,1,7448
0,Lisbon/Lisbon_0000269_2019_09_149_38.70630249232123_-9.225974567673903_9rnWWozSFwnlWtMi0tjN6A.jpg,Lisbon:269,attention,random,1,47,15,True,,7238,5,4152314121094644007,38,7448,0.1484375,0.48416781425476074,0.36838221549987793,0.625925600528717,0.5256452560424805,0.1417577862739563,0.15726304054260254,1,1,0.11578559875488281,0.18196076154708862,0.10028034448623657,0,0,1,1,1,7448
0,Lisbon/Lisbon_0000269_2019_09_149_38.70630249232123_-9.225974567673903_9rnWWozSFwnlWtMi0tjN6A.jpg,Lisbon:269,attention,random,2,33,28,True,,7238,5,4152314121094644007,38,7448,0.1484375,0.48416781425476074,0.35819029808044434,0.625925600528717,0.5138788223266602,0.1417577862739563,0.15568852424621582,1,1,0.1259775161743164,0.2053910493850708,0.11204677820205688,0,0,1,1,1,7448
0,Lisbon/Lisbon_0000269_2019_09_149_38.70630249232123_-9.225974567673903_9rnWWozSFwnlWtMi0tjN6A.jpg,Lisbon:269,attention,random,3,38,36,True,,7238,5,4152314121094644007,38,7448,0.1484375,0.48416781425476074,0.4405478835105896,0.625925600528717,0.5797984600067139,0.1417577862739563,0.13925057649612427,1,1,0.04361993074417114,0.1487596035003662,0.046127140522003174,0,0,1,1,1,7448
0,Lisbon/Lisbon_0000269_2019_09_149_38.70630249232123_-9.225974567673903_9rnWWozSFwnlWtMi0tjN6A.jpg,Lisbon:269,attention,random,4,-38,8,True,,7238,5,4152314121094644007,38,7448,0.1484375,0.48416781425476074,0.3445052206516266,0.625925600528717,0.5108338594436646,0.1417577862739563,0.16632863879203796,1,1,0.13966259360313416,0.2271619439125061,0.11509174108505249,0,0,1,1,1,7448
0,Lisbon/Lisbon_0000269_2019_09_149_38.70630249232123_-9.225974567673903_9rnWWozSFwnlWtMi0tjN6A.jpg,Lisbon:269,fused,targeted,-1,0,0,True,,15344,5,5084815922625700429,38,7448,0.1484375,0.48416781425476074,0.25992801785469055,0.625925600528717,0.41043567657470703,0.1417577862739563,0.15050765872001648,1,1,0.2242397964000702,0.3086444139480591,0.21548992395401,0,0,1,1,1,7448
0,Lisbon/Lisbon_0000269_2019_09_149_38.70630249232123_-9.225974567673903_9rnWWozSFwnlWtMi0tjN6A.jpg,Lisbon:269,fused,random,0,-62,-41,True,,15344,5,5084815922625700429,38,7448,0.1484375,0.48416781425476074,0.4372926354408264,0.625925600528717,0.5827605724334717,0.1417577862739563,0.14546793699264526,1,1,0.046875178813934326,0.1180567741394043,0.04316502809524536,0,0,1,1,1,7448
0,Lisbon/Lisbon_0000269_2019_09_149_38.70630249232123_-9.225974567673903_9rnWWozSFwnlWtMi0tjN6A.jpg,Lisbon:269,fused,random,1,36,-38,True,,15344,5,5084815922625700429,38,7448,0.1484375,0.48416781425476074,0.3773585557937622,0.625925600528717,0.5210810899734497,0.1417577862739563,0.1437225341796875,1,1,0.10680925846099854,0.20197033882141113,0.10484451055526733,0,0,1,1,1,7448
0,Lisbon/Lisbon_0000269_2019_09_149_38.70630249232123_-9.225974567673903_9rnWWozSFwnlWtMi0tjN6A.jpg,Lisbon:269,fused,random,2,40,-13,True,,15344,5,5084815922625700429,38,7448,0.1484375,0.48416781425476074,0.34686917066574097,0.625925600528717,0.49251800775527954,0.1417577862739563,0.14564883708953857,1,1,0.13729864358901978,0.20706385374069214,0.1334075927734375,0,0,1,1,1,7448
0,Lisbon/Lisbon_0000269_2019_09_149_38.70630249232123_-9.225974567673903_9rnWWozSFwnlWtMi0tjN6A.jpg,Lisbon:269,fused,random,3,71,34,True,,15344,5,5084815922625700429,38,7448,0.1484375,0.48416781425476074,0.47047123312950134,0.625925600528717,0.606099009513855,0.1417577862739563,0.13562777638435364,1,1,0.0136965811252594,0.06720906496047974,0.01982659101486206,0,0,1,1,1,7448
0,Lisbon/Lisbon_0000269_2019_09_149_38.70630249232123_-9.225974567673903_9rnWWozSFwnlWtMi0tjN6A.jpg,Lisbon:269,fused,random,4,18,24,True,,15344,5,5084815922625700429,38,7448,0.1484375,0.48416781425476074,0.35436421632766724,0.625925600528717,0.49203789234161377,0.1417577862739563,0.13767366111278534,1,1,0.1298035979270935,0.24768531322479248,0.13388770818710327,0,0,1,1,1,7448
0,Medellin/Medellin_0001270_2015_10_547_6.253760765175159_-75.55764043849227_nJ-4-BMThAfyj9RFO3asLA.jpg,Medellin:1270,attention,clean,-1,0,0,True,,4088,5,5311216478478300262,38,7448,0.1484375,0.36394280195236206,0.36394280195236206,0.5465295910835266,0.5465295910835266,0.18258680403232574,0.18258680403232574,1,1,0.0,0.0,0.0,0,0,1,1,1,0
0,Medellin/Medellin_0001270_2015_10_547_6.253760765175159_-75.55764043849227_nJ-4-BMThAfyj9RFO3asLA.jpg,Medellin:1270,fused,clean,-1,0,0,True,,4494,5,1120351428192429162,38,7448,0.1484375,0.36394280195236206,0.36394280195236206,0.5465295910835266,0.5465295910835266,0.18258680403232574,0.18258680403232574,1,1,0.0,0.0,0.0,0,0,1,1,1,0
0,Medellin/Medellin_0001270_2015_10_547_6.253760765175159_-75.55764043849227_nJ-4-BMThAfyj9RFO3asLA.jpg,Medellin:1270,attention,targeted,-1,0,0,True,,4088,5,5311216478478300262,38,7448,0.1484375,0.36394280195236206,0.2111785113811493,0.5465295910835266,0.37209951877593994,0.18258680403232574,0.16092100739479065,1,1,0.15276429057121277,0.3448042869567871,0.17443007230758667,0,0,1,1,1,7448
0,Medellin/Medellin_0001270_2015_10_547_6.253760765175159_-75.55764043849227_nJ-4-BMThAfyj9RFO3asLA.jpg,Medellin:1270,attention,random,0,-13,-1,True,,4088,5,5311216478478300262,38,7448,0.1484375,0.36394280195236206,0.23161816596984863,0.5465295910835266,0.4066506028175354,0.18258680403232574,0.17503243684768677,1,1,0.13232463598251343,0.3229387402534485,0.1398789882659912,0,0,1,1,1,7448
0,Medellin/Medellin_0001270_2015_10_547_6.253760765175159_-75.55764043849227_nJ-4-BMThAfyj9RFO3asLA.jpg,Medellin:1270,attention,random,1,60,-11,True,,4088,5,5311216478478300262,38,7448,0.1484375,0.36394280195236206,0.3320838212966919,0.5465295910835266,0.5119531154632568,0.18258680403232574,0.17986929416656494,1,1,0.031858980655670166,0.06982845067977905,0.034576475620269775,0,0,1,1,1,7448
0,Medellin/Medellin_0001270_2015_10_547_6.253760765175159_-75.55764043849227_nJ-4-BMThAfyj9RFO3asLA.jpg,Medellin:1270,attention,random,2,-36,-4,True,,4088,5,5311216478478300262,38,7448,0.1484375,0.36394280195236206,0.3064495325088501,0.5465295910835266,0.4793839156627655,0.18258680403232574,0.1729343831539154,1,1,0.05749326944351196,0.2040419578552246,0.06714567542076111,0,0,1,1,1,7448
0,Medellin/Medellin_0001270_2015_10_547_6.253760765175159_-75.55764043849227_nJ-4-BMThAfyj9RFO3asLA.jpg,Medellin:1270,attention,random,3,2,-13,True,,4088,5,5311216478478300262,38,7448,0.1484375,0.36394280195236206,0.25357121229171753,0.5465295910835266,0.4198700189590454,0.18258680403232574,0.1662987917661667,1,1,0.11037158966064453,0.2830485701560974,0.1266595721244812,0,0,1,1,1,7448
0,Medellin/Medellin_0001270_2015_10_547_6.253760765175159_-75.55764043849227_nJ-4-BMThAfyj9RFO3asLA.jpg,Medellin:1270,attention,random,4,28,-10,True,,4088,5,5311216478478300262,38,7448,0.1484375,0.36394280195236206,0.2613769769668579,0.5465295910835266,0.42422956228256226,0.18258680403232574,0.16285257041454315,1,1,0.10256582498550415,0.2085578441619873,0.12230002880096436,0,0,1,1,1,7448
0,Medellin/Medellin_0001270_2015_10_547_6.253760765175159_-75.55764043849227_nJ-4-BMThAfyj9RFO3asLA.jpg,Medellin:1270,fused,targeted,-1,0,0,True,,4494,5,1120351428192429162,38,7448,0.1484375,0.36394280195236206,0.20693917572498322,0.5465295910835266,0.39041370153427124,0.18258680403232574,0.18347452580928802,1,1,0.15700362622737885,0.34132659435272217,0.15611588954925537,0,0,1,1,1,7448
0,Medellin/Medellin_0001270_2015_10_547_6.253760765175159_-75.55764043849227_nJ-4-BMThAfyj9RFO3asLA.jpg,Medellin:1270,fused,random,0,30,-11,True,,4494,5,1120351428192429162,38,7448,0.1484375,0.36394280195236206,0.2692565321922302,0.5465295910835266,0.4516746997833252,0.18258680403232574,0.18241816759109497,1,1,0.09468626976013184,0.23185324668884277,0.09485489130020142,0,0,1,1,1,7448
0,Medellin/Medellin_0001270_2015_10_547_6.253760765175159_-75.55764043849227_nJ-4-BMThAfyj9RFO3asLA.jpg,Medellin:1270,fused,random,1,93,-7,True,,4494,5,1120351428192429162,38,7448,0.1484375,0.36394280195236206,0.35524463653564453,0.5465295910835266,0.5370526313781738,0.18258680403232574,0.1818079948425293,1,1,0.00869816541671753,0.03553807735443115,0.009476959705352783,0,0,1,1,1,7448
0,Medellin/Medellin_0001270_2015_10_547_6.253760765175159_-75.55764043849227_nJ-4-BMThAfyj9RFO3asLA.jpg,Medellin:1270,fused,random,2,37,-2,True,,4494,5,1120351428192429162,38,7448,0.1484375,0.36394280195236206,0.3020630478858948,0.5465295910835266,0.4851435124874115,0.18258680403232574,0.18308044970035553,1,1,0.061879754066467285,0.20916271209716797,0.06138607859611511,0,0,1,1,1,7448
0,Medellin/Medellin_0001270_2015_10_547_6.253760765175159_-75.55764043849227_nJ-4-BMThAfyj9RFO3asLA.jpg,Medellin:1270,fused,random,3,60,-9,True,,4494,5,1120351428192429162,38,7448,0.1484375,0.36394280195236206,0.3249783515930176,0.5465295910835266,0.505476713180542,0.18258680403232574,0.1804983764886856,1,1,0.03896445035934448,0.08381283283233643,0.04105287790298462,0,0,1,1,1,7448
0,Medellin/Medellin_0001270_2015_10_547_6.253760765175159_-75.55764043849227_nJ-4-BMThAfyj9RFO3asLA.jpg,Medellin:1270,fused,random,4,-5,-19,True,,4494,5,1120351428192429162,38,7448,0.1484375,0.36394280195236206,0.2434072643518448,0.5465295910835266,0.42821866273880005,0.18258680403232574,0.18481139838695526,1,1,0.12053553760051727,0.2704787254333496,0.11831092834472656,0,0,1,1,1,7448
0,PRS/PRS_0001491_2016_06_389_48.83143768368858_2.265066531510018_waN70onGjB4_TBCwY47LuQ.jpg,PRS:1491,attention,clean,-1,0,0,True,,11186,5,7722365213246367932,38,7448,0.1484375,0.386979877948761,0.386979877948761,0.525597333908081,0.525597333908081,0.13861745595932007,0.13861745595932007,1,1,0.0,0.0,0.0,0,0,1,1,1,0
0,PRS/PRS_0001491_2016_06_389_48.83143768368858_2.265066531510018_waN70onGjB4_TBCwY47LuQ.jpg,PRS:1491,fused,clean,-1,0,0,True,,12768,5,7488938727520546091,38,7448,0.1484375,0.386979877948761,0.386979877948761,0.525597333908081,0.525597333908081,0.13861745595932007,0.13861745595932007,1,1,0.0,0.0,0.0,0,0,1,1,1,0
0,PRS/PRS_0001491_2016_06_389_48.83143768368858_2.265066531510018_waN70onGjB4_TBCwY47LuQ.jpg,PRS:1491,attention,targeted,-1,0,0,True,,11186,5,7722365213246367932,38,7448,0.1484375,0.386979877948761,0.2918936312198639,0.525597333908081,0.4496738910675049,0.13861745595932007,0.157780259847641,1,1,0.0950862467288971,0.2529791593551636,0.07592344284057617,0,0,1,1,1,7448
0,PRS/PRS_0001491_2016_06_389_48.83143768368858_2.265066531510018_waN70onGjB4_TBCwY47LuQ.jpg,PRS:1491,attention,random,0,27,43,True,,11186,5,7722365213246367932,38,7448,0.1484375,0.386979877948761,0.36966556310653687,0.525597333908081,0.5186581015586853,0.13861745595932007,0.14899253845214844,1,1,0.01731431484222412,0.19761312007904053,0.006939232349395752,0,0,1,1,1,7448
0,PRS/PRS_0001491_2016_06_389_48.83143768368858_2.265066531510018_waN70onGjB4_TBCwY47LuQ.jpg,PRS:1491,attention,random,1,54,34,True,,11186,5,7722365213246367932,38,7448,0.1484375,0.386979877948761,0.37331193685531616,0.525597333908081,0.5178574323654175,0.13861745595932007,0.14454548060894012,1,1,0.013667941093444824,0.12419480085372925,0.007739901542663574,0,0,1,1,1,7448
0,PRS/PRS_0001491_2016_06_389_48.83143768368858_2.265066531510018_waN70onGjB4_TBCwY47LuQ.jpg,PRS:1491,attention,random,2,42,-10,True,,11186,5,7722365213246367932,38,7448,0.1484375,0.386979877948761,0.34715285897254944,0.525597333908081,0.5027336478233337,0.13861745595932007,0.1555807888507843,1,1,0.03982701897621155,0.1739574670791626,0.022863686084747314,0,0,1,1,1,7448
0,PRS/PRS_0001491_2016_06_389_48.83143768368858_2.265066531510018_waN70onGjB4_TBCwY47LuQ.jpg,PRS:1491,attention,random,3,58,53,True,,11186,5,7722365213246367932,38,7448,0.1484375,0.386979877948761,0.3862365484237671,0.525597333908081,0.523760974407196,0.13861745595932007,0.13752444088459015,1,1,0.0007433295249938965,0.09603512287139893,0.0018363595008850098,0,0,1,1,1,7448
0,PRS/PRS_0001491_2016_06_389_48.83143768368858_2.265066531510018_waN70onGjB4_TBCwY47LuQ.jpg,PRS:1491,attention,random,4,-2,-11,True,,11186,5,7722365213246367932,38,7448,0.1484375,0.386979877948761,0.3095567226409912,0.525597333908081,0.45627129077911377,0.13861745595932007,0.14671455323696136,1,1,0.07742315530776978,0.2584521770477295,0.06932604312896729,0,0,1,1,1,7448
0,PRS/PRS_0001491_2016_06_389_48.83143768368858_2.265066531510018_waN70onGjB4_TBCwY47LuQ.jpg,PRS:1491,fused,targeted,-1,0,0,True,,12768,5,7488938727520546091,38,7448,0.1484375,0.386979877948761,0.26227134466171265,0.525597333908081,0.42992520332336426,0.13861745595932007,0.1676538586616516,1,1,0.12470853328704834,0.2464768886566162,0.0956721305847168,0,0,1,1,1,7448
0,PRS/PRS_0001491_2016_06_389_48.83143768368858_2.265066531510018_waN70onGjB4_TBCwY47LuQ.jpg,PRS:1491,fused,random,0,-17,26,True,,12768,5,7488938727520546091,38,7448,0.1484375,0.386979877948761,0.3384937345981598,0.525597333908081,0.48576846718788147,0.13861745595932007,0.14727473258972168,1,1,0.048486143350601196,0.20787692070007324,0.039828866720199585,0,0,1,1,1,7448
0,PRS/PRS_0001491_2016_06_389_48.83143768368858_2.265066531510018_waN70onGjB4_TBCwY47LuQ.jpg,PRS:1491,fused,random,1,16,12,True,,12768,5,7488938727520546091,38,7448,0.1484375,0.386979877948761,0.31919729709625244,0.525597333908081,0.4550555348396301,0.13861745595932007,0.1358582228422165,1,1,0.06778258085250854,0.24281656742095947,0.07054179906845093,0,0,1,1,1,7448
0,PRS/PRS_0001491_2016_06_389_48.83143768368858_2.265066531510018_waN70onGjB4_TBCwY47LuQ.jpg,PRS:1491,fused,random,2,11,16,True,,12768,5,7488938727520546091,38,7448,0.1484375,0.386979877948761,0.3415241241455078,0.525597333908081,0.4738714098930359,0.13861745595932007,0.13234728574752808,1,1,0.045455753803253174,0.23431134223937988,0.051725924015045166,0,0,1,1,1,7448
0,PRS/PRS_0001491_2016_06_389_48.83143768368858_2.265066531510018_waN70onGjB4_TBCwY47LuQ.jpg,PRS:1491,fused,random,3,-17,3,True,,12768,5,7488938727520546091,38,7448,0.1484375,0.386979877948761,0.2587974965572357,0.525597333908081,0.4260290861129761,0.13861745595932007,0.16723158955574036,1,1,0.12818238139152527,0.2516704201698303,0.09956824779510498,0,0,1,1,1,7448
0,PRS/PRS_0001491_2016_06_389_48.83143768368858_2.265066531510018_waN70onGjB4_TBCwY47LuQ.jpg,PRS:1491,fused,random,4,-34,8,True,,12768,5,7488938727520546091,38,7448,0.1484375,0.386979877948761,0.3143002390861511,0.525597333908081,0.4597938060760498,0.13861745595932007,0.14549356698989868,1,1,0.07267963886260986,0.2508277893066406,0.06580352783203125,0,0,1,1,1,7448
0,Lisbon/Lisbon_0003286_2018_08_204_38.72961100799655_-9.134018485510492_w7lLlHb_kydcCSyjiq3YJA.jpg,Lisbon:3286,attention,clean,-1,0,0,True,,12768,5,4737374463612639709,38,7448,0.1484375,0.2391379475593567,0.2391379475593567,0.45592737197875977,0.45592737197875977,0.21678942441940308,0.21678942441940308,1,1,0.0,0.0,0.0,0,0,1,1,1,0
0,Lisbon/Lisbon_0003286_2018_08_204_38.72961100799655_-9.134018485510492_w7lLlHb_kydcCSyjiq3YJA.jpg,Lisbon:3286,fused,clean,-1,0,0,True,,14350,5,8893348359796974209,38,7448,0.1484375,0.2391379475593567,0.2391379475593567,0.45592737197875977,0.45592737197875977,0.21678942441940308,0.21678942441940308,1,1,0.0,0.0,0.0,0,0,1,1,1,0
0,Lisbon/Lisbon_0003286_2018_08_204_38.72961100799655_-9.134018485510492_w7lLlHb_kydcCSyjiq3YJA.jpg,Lisbon:3286,attention,targeted,-1,0,0,True,,12768,5,4737374463612639709,38,7448,0.1484375,0.2391379475593567,0.0677192360162735,0.45592737197875977,0.3041304349899292,0.21678942441940308,0.2364111989736557,1,1,0.1714187115430832,0.3432474136352539,0.15179693698883057,0,0,1,1,1,7448
0,Lisbon/Lisbon_0003286_2018_08_204_38.72961100799655_-9.134018485510492_w7lLlHb_kydcCSyjiq3YJA.jpg,Lisbon:3286,attention,random,0,75,15,True,,12768,5,4737374463612639709,38,7448,0.1484375,0.2391379475593567,0.21822184324264526,0.45592737197875977,0.4322376847267151,0.21678942441940308,0.21401584148406982,1,1,0.020916104316711426,0.17257988452911377,0.023689687252044678,0,0,1,1,1,7448
0,Lisbon/Lisbon_0003286_2018_08_204_38.72961100799655_-9.134018485510492_w7lLlHb_kydcCSyjiq3YJA.jpg,Lisbon:3286,attention,random,1,18,8,True,,12768,5,4737374463612639709,38,7448,0.1484375,0.2391379475593567,0.10059604048728943,0.45592737197875977,0.32543155550956726,0.21678942441940308,0.22483551502227783,1,1,0.13854190707206726,0.31776970624923706,0.1304958164691925,0,0,1,1,1,7448
0,Lisbon/Lisbon_0003286_2018_08_204_38.72961100799655_-9.134018485510492_w7lLlHb_kydcCSyjiq3YJA.jpg,Lisbon:3286,attention,random,2,83,9,True,,12768,5,4737374463612639709,38,7448,0.1484375,0.2391379475593567,0.19001394510269165,0.45592737197875977,0.4114261567592621,0.21678942441940308,0.22141221165657043,1,1,0.04912400245666504,0.15185099840164185,0.04450121521949768,0,0,1,1,1,7448
0,Lisbon/Lisbon_0003286_2018_08_204_38.72961100799655_-9.134018485510492_w7lLlHb_kydcCSyjiq3YJA.jpg,Lisbon:3286,attention,random,3,-25,55,True,,12768,5,4737374463612639709,38,7448,0.1484375,0.2391379475593567,0.20731684565544128,0.45592737197875977,0.4378703236579895,0.21678942441940308,0.23055347800254822,1,1,0.031821101903915405,0.1736907958984375,0.018057048320770264,0,0,1,1,1,7448
0,Lisbon/Lisbon_0003286_2018_08_204_38.72961100799655_-9.134018485510492_w7lLlHb_kydcCSyjiq3YJA.jpg,Lisbon:3286,attention,random,4,39,17,True,,12768,5,4737374463612639709,38,7448,0.1484375,0.2391379475593567,0.18245011568069458,0.45592737197875977,0.3994661867618561,0.21678942441940308,0.2170160710811615,1,1,0.05668783187866211,0.22526633739471436,0.056461185216903687,0,0,1,1,1,7448
0,Lisbon/Lisbon_0003286_2018_08_204_38.72961100799655_-9.134018485510492_w7lLlHb_kydcCSyjiq3YJA.jpg,Lisbon:3286,fused,targeted,-1,0,0,True,,14350,5,8893348359796974209,38,7448,0.1484375,0.2391379475593567,0.0921272486448288,0.45592737197875977,0.3286425471305847,0.21678942441940308,0.23651529848575592,1,1,0.1470106989145279,0.3346218466758728,0.12728482484817505,0,0,1,1,1,7448
0,Lisbon/Lisbon_0003286_2018_08_204_38.72961100799655_-9.134018485510492_w7lLlHb_kydcCSyjiq3YJA.jpg,Lisbon:3286,fused,random,0,-21,5,True,,14350,5,8893348359796974209,38,7448,0.1484375,0.2391379475593567,0.10747793316841125,0.45592737197875977,0.36453959345817566,0.21678942441940308,0.2570616602897644,1,1,0.13166001439094543,0.2803143262863159,0.0913877785205841,0,0,1,1,1,7448
0,Lisbon/Lisbon_0003286_2018_08_204_38.72961100799655_-9.134018485510492_w7lLlHb_kydcCSyjiq3YJA.jpg,Lisbon:3286,fused,random,1,-16,57,True,,14350,5,8893348359796974209,38,7448,0.1484375,0.2391379475593567,0.20754459500312805,0.45592737197875977,0.4201928675174713,0.21678942441940308,0.21264827251434326,1,1,0.03159335255622864,0.16885453462600708,0.03573450446128845,0,0,1,1,1,7448
0,Lisbon/Lisbon_0003286_2018_08_204_38.72961100799655_-9.134018485510492_w7lLlHb_kydcCSyjiq3YJA.jpg,Lisbon:3286,fused,random,2,81,29,True,,14350,5,8893348359796974209,38,7448,0.1484375,0.2391379475593567,0.22861473262310028,0.45592737197875977,0.43113547563552856,0.21678942441940308,0.20252074301242828,1,1,0.010523214936256409,0.11192739009857178,0.0247918963432312,0,0,1,1,1,7448
0,Lisbon/Lisbon_0003286_2018_08_204_38.72961100799655_-9.134018485510492_w7lLlHb_kydcCSyjiq3YJA.jpg,Lisbon:3286,fused,random,3,83,30,True,,14350,5,8893348359796974209,38,7448,0.1484375,0.2391379475593567,0.21885496377944946,0.45592737197875977,0.42316949367523193,0.21678942441940308,0.20431452989578247,1,1,0.020282983779907227,0.11522924900054932,0.03275787830352783,0,0,1,1,1,7448
0,Lisbon/Lisbon_0003286_2018_08_204_38.72961100799655_-9.134018485510492_w7lLlHb_kydcCSyjiq3YJA.jpg,Lisbon:3286,fused,random,4,22,75,True,,14350,5,8893348359796974209,38,7448,0.1484375,0.2391379475593567,0.21202868223190308,0.45592737197875977,0.42579302191734314,0.21678942441940308,0.21376433968544006,1,1,0.027109265327453613,0.16397786140441895,0.030134350061416626,0,0,1,1,1,7448
0,Chicago/Chicago_0004848_2019_08_083_41.89985642907265_-87.65951792444012_DYtOaCRxdKh2fTNj0AkWVA.jpg,Chicago:4848,attention,clean,-1,0,0,True,,84,5,8023999334109712321,38,7448,0.1484375,0.07907158136367798,0.07907158136367798,0.3849727511405945,0.3849727511405945,0.3059011697769165,0.3059011697769165,1,1,0.0,0.0,0.0,0,0,1,1,1,0
0,Chicago/Chicago_0004848_2019_08_083_41.89985642907265_-87.65951792444012_DYtOaCRxdKh2fTNj0AkWVA.jpg,Chicago:4848,fused,clean,-1,0,0,True,,98,5,2761389276052519658,38,7448,0.1484375,0.07907158136367798,0.07907158136367798,0.3849727511405945,0.3849727511405945,0.3059011697769165,0.3059011697769165,1,1,0.0,0.0,0.0,0,0,1,1,1,0
0,Chicago/Chicago_0004848_2019_08_083_41.89985642907265_-87.65951792444012_DYtOaCRxdKh2fTNj0AkWVA.jpg,Chicago:4848,attention,targeted,-1,0,0,True,,84,5,8023999334109712321,38,7448,0.1484375,0.07907158136367798,0.03979384899139404,0.3849727511405945,0.36353403329849243,0.3059011697769165,0.3237401843070984,1,1,0.039277732372283936,0.19248604774475098,0.02143871784210205,0,0,1,1,1,7448
0,Chicago/Chicago_0004848_2019_08_083_41.89985642907265_-87.65951792444012_DYtOaCRxdKh2fTNj0AkWVA.jpg,Chicago:4848,attention,random,0,-54,0,True,,84,5,8023999334109712321,38,7448,0.1484375,0.07907158136367798,0.0450901985168457,0.3849727511405945,0.3658013343811035,0.3059011697769165,0.3207111358642578,1,1,0.033981382846832275,0.2069380283355713,0.019171416759490967,0,0,1,1,1,7448
0,Chicago/Chicago_0004848_2019_08_083_41.89985642907265_-87.65951792444012_DYtOaCRxdKh2fTNj0AkWVA.jpg,Chicago:4848,attention,random,1,-18,0,True,,84,5,8023999334109712321,38,7448,0.1484375,0.07907158136367798,0.02940887212753296,0.3849727511405945,0.3399156332015991,0.3059011697769165,0.31050676107406616,1,1,0.04966270923614502,0.13951271772384644,0.04505711793899536,0,0,1,1,1,7448
0,Chicago/Chicago_0004848_2019_08_083_41.89985642907265_-87.65951792444012_DYtOaCRxdKh2fTNj0AkWVA.jpg,Chicago:4848,attention,random,2,-20,0,True,,84,5,8023999334109712321,38,7448,0.1484375,0.07907158136367798,0.02016448974609375,0.3849727511405945,0.34186851978302,0.3059011697769165,0.32170403003692627,1,1,0.05890709161758423,0.16358458995819092,0.04310423135757446,0,0,1,1,1,7448
0,Chicago/Chicago_0004848_2019_08_083_41.89985642907265_-87.65951792444012_DYtOaCRxdKh2fTNj0AkWVA.jpg,Chicago:4848,attention,random,3,-19,0,True,,84,5,8023999334109712321,38,7448,0.1484375,0.07907158136367798,0.02161547541618347,0.3849727511405945,0.33926326036453247,0.3059011697769165,0.317647784948349,1,1,0.05745610594749451,0.1450290083885193,0.04570949077606201,0,0,1,1,1,7448
0,Chicago/Chicago_0004848_2019_08_083_41.89985642907265_-87.65951792444012_DYtOaCRxdKh2fTNj0AkWVA.jpg,Chicago:4848,attention,random,4,-65,0,True,,84,5,8023999334109712321,38,7448,0.1484375,0.07907158136367798,0.051422059535980225,0.3849727511405945,0.39086243510246277,0.3059011697769165,0.33944037556648254,1,1,0.027649521827697754,0.15489649772644043,-0.005889683961868286,0,0,1,1,1,7448
0,Chicago/Chicago_0004848_2019_08_083_41.89985642907265_-87.65951792444012_DYtOaCRxdKh2fTNj0AkWVA.jpg,Chicago:4848,fused,targeted,-1,0,0,True,,98,5,2761389276052519658,38,7448,0.1484375,0.07907158136367798,-0.006489396095275879,0.3849727511405945,0.3389785885810852,0.3059011697769165,0.3454679846763611,1,2,0.08556097745895386,0.21833276748657227,0.04599416255950928,1,1,0,1,1,7448
0,Chicago/Chicago_0004848_2019_08_083_41.89985642907265_-87.65951792444012_DYtOaCRxdKh2fTNj0AkWVA.jpg,Chicago:4848,fused,random,0,-19,0,True,,98,5,2761389276052519658,38,7448,0.1484375,0.07907158136367798,0.03164035081863403,0.3849727511405945,0.34977424144744873,0.3059011697769165,0.3181338906288147,1,1,0.047431230545043945,0.1456412672996521,0.03519850969314575,0,0,1,1,1,7448
0,Chicago/Chicago_0004848_2019_08_083_41.89985642907265_-87.65951792444012_DYtOaCRxdKh2fTNj0AkWVA.jpg,Chicago:4848,fused,random,1,-55,0,True,,98,5,2761389276052519658,38,7448,0.1484375,0.07907158136367798,0.051209479570388794,0.3849727511405945,0.35469046235084534,0.3059011697769165,0.30348098278045654,1,1,0.027862101793289185,0.24093151092529297,0.030282288789749146,0,0,1,1,1,7448
0,Chicago/Chicago_0004848_2019_08_083_41.89985642907265_-87.65951792444012_DYtOaCRxdKh2fTNj0AkWVA.jpg,Chicago:4848,fused,random,2,-70,0,True,,98,5,2761389276052519658,38,7448,0.1484375,0.07907158136367798,0.08302709460258484,0.3849727511405945,0.3908287584781647,0.3059011697769165,0.30780166387557983,1,1,-0.00395551323890686,0.22084647417068481,-0.00585600733757019,0,0,1,1,1,7448
0,Chicago/Chicago_0004848_2019_08_083_41.89985642907265_-87.65951792444012_DYtOaCRxdKh2fTNj0AkWVA.jpg,Chicago:4848,fused,random,3,-69,0,True,,98,5,2761389276052519658,38,7448,0.1484375,0.07907158136367798,0.078216552734375,0.3849727511405945,0.40545767545700073,0.3059011697769165,0.32724112272262573,1,1,0.0008550286293029785,0.20558547973632812,-0.02048492431640625,0,0,1,1,1,7448
0,Chicago/Chicago_0004848_2019_08_083_41.89985642907265_-87.65951792444012_DYtOaCRxdKh2fTNj0AkWVA.jpg,Chicago:4848,fused,random,4,-61,0,True,,98,5,2761389276052519658,38,7448,0.1484375,0.07907158136367798,0.03406745195388794,0.3849727511405945,0.37688571214675903,0.3059011697769165,0.3428182601928711,1,1,0.04500412940979004,0.18960857391357422,0.00808703899383545,0,0,1,1,1,7448
0,Lisbon/Lisbon_0002136_2009_06_347_38.72023594193512_-9.136975166079443_Kt5zNFxYdzLWsa_FonpyZA.jpg,Lisbon:2136,attention,clean,-1,0,0,True,,6062,5,4257540496629630469,38,7448,0.1484375,0.29698070883750916,0.29698070883750916,0.5556554794311523,0.5556554794311523,0.2586747705936432,0.2586747705936432,1,1,0.0,0.0,0.0,0,0,1,1,1,0
0,Lisbon/Lisbon_0002136_2009_06_347_38.72023594193512_-9.136975166079443_Kt5zNFxYdzLWsa_FonpyZA.jpg,Lisbon:2136,fused,clean,-1,0,0,True,,4494,5,3908344607802603470,38,7448,0.1484375,0.29698070883750916,0.29698070883750916,0.5556554794311523,0.5556554794311523,0.2586747705936432,0.2586747705936432,1,1,0.0,0.0,0.0,0,0,1,1,1,0
0,Lisbon/Lisbon_0002136_2009_06_347_38.72023594193512_-9.136975166079443_Kt5zNFxYdzLWsa_FonpyZA.jpg,Lisbon:2136,attention,targeted,-1,0,0,True,,6062,5,4257540496629630469,38,7448,0.1484375,0.29698070883750916,0.21602188050746918,0.5556554794311523,0.4599382281303406,0.2586747705936432,0.2439163476228714,1,1,0.08095882833003998,0.30243241786956787,0.09571725130081177,0,0,1,1,1,7448
0,Lisbon/Lisbon_0002136_2009_06_347_38.72023594193512_-9.136975166079443_Kt5zNFxYdzLWsa_FonpyZA.jpg,Lisbon:2136,attention,random,0,79,-23,True,,6062,5,4257540496629630469,38,7448,0.1484375,0.29698070883750916,0.2644367814064026,0.5556554794311523,0.509649395942688,0.2586747705936432,0.2452125996351242,1,1,0.03254392743110657,0.05328166484832764,0.046006083488464355,0,0,1,1,1,7448
0,Lisbon/Lisbon_0002136_2009_06_347_38.72023594193512_-9.136975166079443_Kt5zNFxYdzLWsa_FonpyZA.jpg,Lisbon:2136,attention,random,1,-38,-17,True,,6062,5,4257540496629630469,38,7448,0.1484375,0.29698070883750916,0.23611149191856384,0.5556554794311523,0.5170996785163879,0.2586747705936432,0.2809881865978241,1,1,0.06086921691894531,0.14445346593856812,0.038555800914764404,0,0,1,1,1,7448
0,Lisbon/Lisbon_0002136_2009_06_347_38.72023594193512_-9.136975166079443_Kt5zNFxYdzLWsa_FonpyZA.jpg,Lisbon:2136,attention,random,2,49,-16,True,,6062,5,4257540496629630469,38,7448,0.1484375,0.29698070883750916,0.2146468162536621,0.5556554794311523,0.4654928147792816,0.2586747705936432,0.2508459985256195,1,1,0.08233389258384705,0.15522843599319458,0.09016266465187073,0,0,1,1,1,7448
0,Lisbon/Lisbon_0002136_2009_06_347_38.72023594193512_-9.136975166079443_Kt5zNFxYdzLWsa_FonpyZA.jpg,Lisbon:2136,attention,random,3,-45,-15,True,,6062,5,4257540496629630469,38,7448,0.1484375,0.29698070883750916,0.2668657898902893,0.5556554794311523,0.5314171314239502,0.2586747705936432,0.2645513415336609,1,1,0.03011491894721985,0.08468550443649292,0.02423834800720215,0,0,1,1,1,7448
0,Lisbon/Lisbon_0002136_2009_06_347_38.72023594193512_-9.136975166079443_Kt5zNFxYdzLWsa_FonpyZA.jpg,Lisbon:2136,attention,random,4,-46,-19,True,,6062,5,4257540496629630469,38,7448,0.1484375,0.29698070883750916,0.25807449221611023,0.5556554794311523,0.5357913374900818,0.2586747705936432,0.27771684527397156,1,1,0.038906216621398926,0.0848657488822937,0.019864141941070557,0,0,1,1,1,7448
0,Lisbon/Lisbon_0002136_2009_06_347_38.72023594193512_-9.136975166079443_Kt5zNFxYdzLWsa_FonpyZA.jpg,Lisbon:2136,fused,targeted,-1,0,0,True,,4494,5,3908344607802603470,38,7448,0.1484375,0.29698070883750916,0.191606342792511,0.5556554794311523,0.4565123915672302,0.2586747705936432,0.26490604877471924,1,1,0.10537436604499817,0.284390926361084,0.09914308786392212,0,0,1,1,1,7448
0,Lisbon/Lisbon_0002136_2009_06_347_38.72023594193512_-9.136975166079443_Kt5zNFxYdzLWsa_FonpyZA.jpg,Lisbon:2136,fused,random,0,-8,-24,True,,4494,5,3908344607802603470,38,7448,0.1484375,0.29698070883750916,0.22096210718154907,0.5556554794311523,0.4722105860710144,0.2586747705936432,0.25124847888946533,1,1,0.07601860165596008,0.21424049139022827,0.08344489336013794,0,0,1,1,1,7448
0,Lisbon/Lisbon_0002136_2009_06_347_38.72023594193512_-9.136975166079443_Kt5zNFxYdzLWsa_FonpyZA.jpg,Lisbon:2136,fused,random,1,80,-3,True,,4494,5,3908344607802603470,38,7448,0.1484375,0.29698070883750916,0.27286556363105774,0.5556554794311523,0.510917067527771,0.2586747705936432,0.23805150389671326,1,1,0.024115145206451416,0.06116241216659546,0.04473841190338135,0,0,1,1,1,7448
0,Lisbon/Lisbon_0002136_2009_06_347_38.72023594193512_-9.136975166079443_Kt5zNFxYdzLWsa_FonpyZA.jpg,Lisbon:2136,fused,random,2,-45,-8,True,,4494,5,3908344607802603470,38,7448,0.1484375,0.29698070883750916,0.2366771697998047,0.5556554794311523,0.5130460858345032,0.2586747705936432,0.2763689160346985,1,1,0.06030353903770447,0.08413302898406982,0.04260939359664917,0,0,1,1,1,7448
0,Lisbon/Lisbon_0002136_2009_06_347_38.72023594193512_-9.136975166079443_Kt5zNFxYdzLWsa_FonpyZA.jpg,Lisbon:2136,fused,random,3,-7,-2,True,,4494,5,3908344607802603470,38,7448,0.1484375,0.29698070883750916,0.17984116077423096,0.5556554794311523,0.4511430263519287,0.2586747705936432,0.27130186557769775,1,1,0.1171395480632782,0.27968859672546387,0.10451245307922363,0,0,1,1,1,7448
0,Lisbon/Lisbon_0002136_2009_06_347_38.72023594193512_-9.136975166079443_Kt5zNFxYdzLWsa_FonpyZA.jpg,Lisbon:2136,fused,random,4,72,-6,True,,4494,5,3908344607802603470,38,7448,0.1484375,0.29698070883750916,0.25961509346961975,0.5556554794311523,0.5127308368682861,0.2586747705936432,0.2531157433986664,1,1,0.037365615367889404,0.07168376445770264,0.04292464256286621,0,0,1,1,1,7448
0,Minneapolis/Minneapolis_0004228_2011_06_313_44.98418817920988_-93.2569366469068_iLO5p2MOvd3P3ihiwVswww.jpg,Minneapolis:4228,attention,clean,-1,0,0,True,,112,5,3387409526783715641,38,7448,0.1484375,0.22593045234680176,0.22593045234680176,0.6751285791397095,0.6751285791397095,0.4491981267929077,0.4491981267929077,1,1,0.0,0.0,0.0,0,0,1,1,1,0
0,Minneapolis/Minneapolis_0004228_2011_06_313_44.98418817920988_-93.2569366469068_iLO5p2MOvd3P3ihiwVswww.jpg,Minneapolis:4228,fused,clean,-1,0,0,True,,112,5,6673001042053139618,38,7448,0.1484375,0.22593045234680176,0.22593045234680176,0.6751285791397095,0.6751285791397095,0.4491981267929077,0.4491981267929077,1,1,0.0,0.0,0.0,0,0,1,1,1,0
0,Minneapolis/Minneapolis_0004228_2011_06_313_44.98418817920988_-93.2569366469068_iLO5p2MOvd3P3ihiwVswww.jpg,Minneapolis:4228,attention,targeted,-1,0,0,True,,112,5,3387409526783715641,38,7448,0.1484375,0.22593045234680176,0.1404818892478943,0.6751285791397095,0.5410321950912476,0.4491981267929077,0.40055030584335327,1,1,0.08544856309890747,0.30807530879974365,0.13409638404846191,0,0,1,1,1,7448
0,Minneapolis/Minneapolis_0004228_2011_06_313_44.98418817920988_-93.2569366469068_iLO5p2MOvd3P3ihiwVswww.jpg,Minneapolis:4228,attention,random,0,-41,0,True,,112,5,3387409526783715641,38,7448,0.1484375,0.22593045234680176,0.19791215658187866,0.6751285791397095,0.6195640563964844,0.4491981267929077,0.4216518998146057,1,1,0.028018295764923096,0.13978952169418335,0.0555645227432251,0,0,1,1,1,7448
0,Minneapolis/Minneapolis_0004228_2011_06_313_44.98418817920988_-93.2569366469068_iLO5p2MOvd3P3ihiwVswww.jpg,Minneapolis:4228,attention,random,1,-13,0,True,,112,5,3387409526783715641,38,7448,0.1484375,0.22593045234680176,0.1521332859992981,0.6751285791397095,0.5334975719451904,0.4491981267929077,0.38136428594589233,1,1,0.07379716634750366,0.33032357692718506,0.14163100719451904,0,0,1,1,1,7448
0,Minneapolis/Minneapolis_0004228_2011_06_313_44.98418817920988_-93.2569366469068_iLO5p2MOvd3P3ihiwVswww.jpg,Minneapolis:4228,attention,random,2,18,0,True,,112,5,3387409526783715641,38,7448,0.1484375,0.22593045234680176,0.1505642533302307,0.6751285791397095,0.6158018112182617,0.4491981267929077,0.465237557888031,1,1,0.07536619901657104,0.197365403175354,0.059326767921447754,0,0,1,1,1,7448
0,Minneapolis/Minneapolis_0004228_2011_06_313_44.98418817920988_-93.2569366469068_iLO5p2MOvd3P3ihiwVswww.jpg,Minneapolis:4228,attention,random,3,15,0,True,,112,5,3387409526783715641,38,7448,0.1484375,0.22593045234680176,0.14675414562225342,0.6751285791397095,0.5987724661827087,0.4491981267929077,0.4520183205604553,1,1,0.07917630672454834,0.21130722761154175,0.07635611295700073,0,0,1,1,1,7448
0,Minneapolis/Minneapolis_0004228_2011_06_313_44.98418817920988_-93.2569366469068_iLO5p2MOvd3P3ihiwVswww.jpg,Minneapolis:4228,attention,random,4,-51,0,True,,112,5,3387409526783715641,38,7448,0.1484375,0.22593045234680176,0.20546534657478333,0.6751285791397095,0.6265639662742615,0.4491981267929077,0.42109861969947815,1,1,0.020465105772018433,0.12876272201538086,0.048564612865448,0,0,1,1,1,7448
0,Minneapolis/Minneapolis_0004228_2011_06_313_44.98418817920988_-93.2569366469068_iLO5p2MOvd3P3ihiwVswww.jpg,Minneapolis:4228,fused,targeted,-1,0,0,True,,112,5,6673001042053139618,38,7448,0.1484375,0.22593045234680176,0.10282328724861145,0.6751285791397095,0.5378499627113342,0.4491981267929077,0.4350266754627228,1,1,0.12310716509819031,0.336755633354187,0.13727861642837524,0,0,1,1,1,7448
0,Minneapolis/Minneapolis_0004228_2011_06_313_44.98418817920988_-93.2569366469068_iLO5p2MOvd3P3ihiwVswww.jpg,Minneapolis:4228,fused,random,0,50,0,True,,112,5,6673001042053139618,38,7448,0.1484375,0.22593045234680176,0.21303808689117432,0.6751285791397095,0.6462429165840149,0.4491981267929077,0.4332048296928406,1,1,0.012892365455627441,0.09701645374298096,0.02888566255569458,0,0,1,1,1,7448
0,Minneapolis/Minneapolis_0004228_2011_06_313_44.98418817920988_-93.2569366469068_iLO5p2MOvd3P3ihiwVswww.jpg,Minneapolis:4228,fused,random,1,-8,0,True,,112,5,6673001042053139618,38,7448,0.1484375,0.22593045234680176,0.14671263098716736,0.6751285791397095,0.5331670045852661,0.4491981267929077,0.38645437359809875,1,1,0.0792178213596344,0.3629257082939148,0.14196157455444336,0,0,1,1,1,7448
0,Minneapolis/Minneapolis_0004228_2011_06_313_44.98418817920988_-93.2569366469068_iLO5p2MOvd3P3ihiwVswww.jpg,Minneapolis:4228,fused,random,2,26,0,True,,112,5,6673001042053139618,38,7448,0.1484375,0.22593045234680176,0.18875572085380554,0.6751285791397095,0.6290602684020996,0.4491981267929077,0.44030454754829407,1,1,0.037174731492996216,0.1547919511795044,0.04606831073760986,0,0,1,1,1,7448
0,Minneapolis/Minneapolis_0004228_2011_06_313_44.98418817920988_-93.2569366469068_iLO5p2MOvd3P3ihiwVswww.jpg,Minneapolis:4228,fused,random,3,19,0,True,,112,5,6673001042053139618,38,7448,0.1484375,0.22593045234680176,0.16714873909950256,0.6751285791397095,0.6244789361953735,0.4491981267929077,0.45733019709587097,1,1,0.058781713247299194,0.18629932403564453,0.05064964294433594,0,0,1,1,1,7448
0,Minneapolis/Minneapolis_0004228_2011_06_313_44.98418817920988_-93.2569366469068_iLO5p2MOvd3P3ihiwVswww.jpg,Minneapolis:4228,fused,random,4,9,0,True,,112,5,6673001042053139618,38,7448,0.1484375,0.22593045234680176,0.116679847240448,0.6751285791397095,0.595288872718811,0.4491981267929077,0.47860902547836304,1,1,0.10925060510635376,0.2029637098312378,0.07983970642089844,0,0,1,1,1,7448
0,Chicago/Chicago_0002267_2012_10_314_41.86723397280636_-87.63348817325631_hPPoQ3mRPnHOfBHE_v1AHQ.jpg,Chicago:2267,attention,clean,-1,0,0,True,,140,5,4936731149829213779,38,7448,0.1484375,0.27799496054649353,0.27799496054649353,0.5248151421546936,0.5248151421546936,0.24682018160820007,0.24682018160820007,1,1,0.0,0.0,0.0,0,0,1,1,1,0
0,Chicago/Chicago_0002267_2012_10_314_41.86723397280636_-87.63348817325631_hPPoQ3mRPnHOfBHE_v1AHQ.jpg,Chicago:2267,fused,clean,-1,0,0,True,,4088,5,1547093842549355608,38,7448,0.1484375,0.27799496054649353,0.27799496054649353,0.5248151421546936,0.5248151421546936,0.24682018160820007,0.24682018160820007,1,1,0.0,0.0,0.0,0,0,1,1,1,0
0,Chicago/Chicago_0002267_2012_10_314_41.86723397280636_-87.63348817325631_hPPoQ3mRPnHOfBHE_v1AHQ.jpg,Chicago:2267,attention,targeted,-1,0,0,True,,140,5,4936731149829213779,38,7448,0.1484375,0.27799496054649353,0.13952697813510895,0.5248151421546936,0.36257752776145935,0.24682018160820007,0.2230505496263504,1,1,0.13846798241138458,0.4182429313659668,0.16223761439323425,0,0,1,1,1,7448
0,Chicago/Chicago_0002267_2012_10_314_41.86723397280636_-87.63348817325631_hPPoQ3mRPnHOfBHE_v1AHQ.jpg,Chicago:2267,attention,random,0,-12,0,True,,140,5,4936731149829213779,38,7448,0.1484375,0.27799496054649353,0.13460378348827362,0.5248151421546936,0.3494841158390045,0.24682018160820007,0.2148803323507309,1,1,0.1433911770582199,0.3935253620147705,0.1753310263156891,0,0,1,1,1,7448
0,Chicago/Chicago_0002267_2012_10_314_41.86723397280636_-87.63348817325631_hPPoQ3mRPnHOfBHE_v1AHQ.jpg,Chicago:2267,attention,random,1,31,0,True,,140,5,4936731149829213779,38,7448,0.1484375,0.27799496054649353,0.24259737133979797,0.5248151421546936,0.4269675016403198,0.24682018160820007,0.18437013030052185,1,1,0.03539758920669556,0.22211182117462158,0.09784764051437378,0,0,1,1,1,7448
0,Chicago/Chicago_0002267_2012_10_314_41.86723397280636_-87.63348817325631_hPPoQ3mRPnHOfBHE_v1AHQ.jpg,Chicago:2267,attention,random,2,-55,0,True,,140,5,4936731149829213779,38,7448,0.1484375,0.27799496054649353,0.2779698073863983,0.5248151421546936,0.5039211511611938,0.24682018160820007,0.22595134377479553,1,1,2.5153160095214844e-05,0.10726618766784668,0.020893990993499756,0,0,1,1,1,7448
0,Chicago/Chicago_0002267_2012_10_314_41.86723397280636_-87.63348817325631_hPPoQ3mRPnHOfBHE_v1AHQ.jpg,Chicago:2267,attention,random,3,-36,0,True,,140,5,4936731149829213779,38,7448,0.1484375,0.27799496054649353,0.24930691719055176,0.5248151421546936,0.4715953767299652,0.24682018160820007,0.22228845953941345,1,1,0.028688043355941772,0.16144990921020508,0.053219765424728394,0,0,1,1,1,7448
0,Chicago/Chicago_0002267_2012_10_314_41.86723397280636_-87.63348817325631_hPPoQ3mRPnHOfBHE_v1AHQ.jpg,Chicago:2267,attention,random,4,32,0,True,,140,5,4936731149829213779,38,7448,0.1484375,0.27799496054649353,0.24781394004821777,0.5248151421546936,0.43167775869369507,0.24682018160820007,0.1838638186454773,1,1,0.030181020498275757,0.21773511171340942,0.09313738346099854,0,0,1,1,1,7448
0,Chicago/Chicago_0002267_2012_10_314_41.86723397280636_-87.63348817325631_hPPoQ3mRPnHOfBHE_v1AHQ.jpg,Chicago:2267,fused,targeted,-1,0,0,True,,4088,5,1547093842549355608,38,7448,0.1484375,0.27799496054649353,0.13906890153884888,0.5248151421546936,0.35979148745536804,0.24682018160820007,0.22072258591651917,1,1,0.13892605900764465,0.31776362657546997,0.16502365469932556,0,0,1,1,1,7448
0,Chicago/Chicago_0002267_2012_10_314_41.86723397280636_-87.63348817325631_hPPoQ3mRPnHOfBHE_v1AHQ.jpg,Chicago:2267,fused,random,0,18,-24,True,,4088,5,1547093842549355608,38,7448,0.1484375,0.27799496054649353,0.2681049704551697,0.5248151421546936,0.46000242233276367,0.24682018160820007,0.191897451877594,1,1,0.009889990091323853,0.23333722352981567,0.06481271982192993,0,0,1,1,1,7448
0,Chicago/Chicago_0002267_2012_10_314_41.86723397280636_-87.63348817325631_hPPoQ3mRPnHOfBHE_v1AHQ.jpg,Chicago:2267,fused,random,1,44,-26,True,,4088,5,1547093842549355608,38,7448,0.1484375,0.27799496054649353,0.24855735898017883,0.5248151421546936,0.48338592052459717,0.24682018160820007,0.23482856154441833,1,1,0.029437601566314697,0.13396978378295898,0.041429221630096436,0,0,1,1,1,7448
0,Chicago/Chicago_0002267_2012_10_314_41.86723397280636_-87.63348817325631_hPPoQ3mRPnHOfBHE_v1AHQ.jpg,Chicago:2267,fused,random,2,-56,-17,True,,4088,5,1547093842549355608,38,7448,0.1484375,0.27799496054649353,0.2666417062282562,0.5248151421546936,0.503279447555542,0.24682018160820007,0.23663774132728577,1,1,0.011353254318237305,0.10955101251602173,0.02153569459915161,0,0,1,1,1,7448
0,Chicago/Chicago_0002267_2012_10_314_41.86723397280636_-87.63348817325631_hPPoQ3mRPnHOfBHE_v1AHQ.jpg,Chicago:2267,fused,random,3,-54,-25,True,,4088,5,1547093842549355608,38,7448,0.1484375,0.27799496054649353,0.2614437937736511,0.5248151421546936,0.4941178262233734,0.24682018160820007,0.2326740175485611,1,1,0.016551166772842407,0.10894560813903809,0.03069731593132019,0,0,1,1,1,7448
0,Chicago/Chicago_0002267_2012_10_314_41.86723397280636_-87.63348817325631_hPPoQ3mRPnHOfBHE_v1AHQ.jpg,Chicago:2267,fused,random,4,-55,-11,True,,4088,5,1547093842549355608,38,7448,0.1484375,0.27799496054649353,0.25951579213142395,0.5248151421546936,0.4883474111557007,0.24682018160820007,0.22883161902427673,1,1,0.01847916841506958,0.12062180042266846,0.03646773099899292,0,0,1,1,1,7448
0,Boston/Boston_0005052_2018_06_314_42.36505539308296_-71.11298665919537_SVYFa5d_BvTs3me9F5MdaQ.jpg,Boston:5052,attention,clean,-1,0,0,True,,4088,5,15943058895007039,38,7448,0.1484375,0.26061898469924927,0.26061898469924927,0.39889225363731384,0.39889225363731384,0.13827326893806458,0.13827326893806458,1,1,0.0,0.0,0.0,0,0,1,1,1,0
0,Boston/Boston_0005052_2018_06_314_42.36505539308296_-71.11298665919537_SVYFa5d_BvTs3me9F5MdaQ.jpg,Boston:5052,fused,clean,-1,0,0,True,,13958,5,2827848937358962940,38,7448,0.1484375,0.26061898469924927,0.26061898469924927,0.39889225363731384,0.39889225363731384,0.13827326893806458,0.13827326893806458,1,1,0.0,0.0,0.0,0,0,1,1,1,0
0,Boston/Boston_0005052_2018_06_314_42.36505539308296_-71.11298665919537_SVYFa5d_BvTs3me9F5MdaQ.jpg,Boston:5052,attention,targeted,-1,0,0,True,,4088,5,15943058895007039,38,7448,0.1484375,0.26061898469924927,0.14567361772060394,0.39889225363731384,0.2887253761291504,0.13827326893806458,0.14305175840854645,1,1,0.11494536697864532,0.4670844078063965,0.11016687750816345,0,0,1,1,1,7448
0,Boston/Boston_0005052_2018_06_314_42.36505539308296_-71.11298665919537_SVYFa5d_BvTs3me9F5MdaQ.jpg,Boston:5052,attention,random,0,24,-16,True,,4088,5,15943058895007039,38,7448,0.1484375,0.26061898469924927,0.17281058430671692,0.39889225363731384,0.3199063539505005,0.13827326893806458,0.14709576964378357,1,1,0.08780840039253235,0.38646912574768066,0.07898589968681335,0,0,1,1,1,7448
0,Boston/Boston_0005052_2018_06_314_42.36505539308296_-71.11298665919537_SVYFa5d_BvTs3me9F5MdaQ.jpg,Boston:5052,attention,random,1,-70,-21,True,,4088,5,15943058895007039,38,7448,0.1484375,0.26061898469924927,0.2545998692512512,0.39889225363731384,0.39906156063079834,0.13827326893806458,0.14446169137954712,1,1,0.006019115447998047,0.08396553993225098,-0.00016930699348449707,0,0,1,1,1,7448
0,Boston/Boston_0005052_2018_06_314_42.36505539308296_-71.11298665919537_SVYFa5d_BvTs3me9F5MdaQ.jpg,Boston:5052,attention,random,2,-19,-2,True,,4088,5,15943058895007039,38,7448,0.1484375,0.26061898469924927,0.15614426136016846,0.39889225363731384,0.31578898429870605,0.13827326893806458,0.1596447229385376,1,1,0.10447472333908081,0.3426946997642517,0.08310326933860779,0,0,1,1,1,7448
0,Boston/Boston_0005052_2018_06_314_42.36505539308296_-71.11298665919537_SVYFa5d_BvTs3me9F5MdaQ.jpg,Boston:5052,attention,random,3,31,-26,True,,4088,5,15943058895007039,38,7448,0.1484375,0.26061898469924927,0.20299802720546722,0.39889225363731384,0.3588253855705261,0.13827326893806458,0.1558273583650589,1,1,0.05762095749378204,0.2544456124305725,0.04006686806678772,0,0,1,1,1,7448
0,Boston/Boston_0005052_2018_06_314_42.36505539308296_-71.11298665919537_SVYFa5d_BvTs3me9F5MdaQ.jpg,Boston:5052,attention,random,4,31,-23,True,,4088,5,15943058895007039,38,7448,0.1484375,0.26061898469924927,0.20477235317230225,0.39889225363731384,0.36278051137924194,0.13827326893806458,0.1580081582069397,1,1,0.05584663152694702,0.26692110300064087,0.0361117422580719,0,0,1,1,1,7448
0,Boston/Boston_0005052_2018_06_314_42.36505539308296_-71.11298665919537_SVYFa5d_BvTs3me9F5MdaQ.jpg,Boston:5052,fused,targeted,-1,0,0,True,,13958,5,2827848937358962940,38,7448,0.1484375,0.26061898469924927,0.1430443525314331,0.39889225363731384,0.281177282333374,0.13827326893806458,0.13813292980194092,1,1,0.11757463216781616,0.4590073227882385,0.11771497130393982,0,0,1,1,1,7448
0,Boston/Boston_0005052_2018_06_314_42.36505539308296_-71.11298665919537_SVYFa5d_BvTs3me9F5MdaQ.jpg,Boston:5052,fused,random,0,9,-27,True,,13958,5,2827848937358962940,38,7448,0.1484375,0.26061898469924927,0.21179158985614777,0.39889225363731384,0.3447653353214264,0.13827326893806458,0.13297374546527863,1,1,0.0488273948431015,0.4370497465133667,0.05412691831588745,0,0,1,1,1,7448
0,Boston/Boston_0005052_2018_06_314_42.36505539308296_-71.11298665919537_SVYFa5d_BvTs3me9F5MdaQ.jpg,Boston:5052,fused,random,1,-56,-35,True,,13958,5,2827848937358962940,38,7448,0.1484375,0.26061898469924927,0.24548330903053284,0.39889225363731384,0.390062153339386,0.13827326893806458,0.14457884430885315,1,1,0.01513567566871643,0.17017823457717896,0.008830100297927856,0,0,1,1,1,7448
0,Boston/Boston_0005052_2018_06_314_42.36505539308296_-71.11298665919537_SVYFa5d_BvTs3me9F5MdaQ.jpg,Boston:5052,fused,random,2,4,-81,True,,13958,5,2827848937358962940,38,7448,0.1484375,0.26061898469924927,0.2181103229522705,0.39889225363731384,0.3610329031944275,0.13827326893806458,0.14292258024215698,1,1,0.04250866174697876,0.24610918760299683,0.03785935044288635,0,0,1,1,1,7448
0,Boston/Boston_0005052_2018_06_314_42.36505539308296_-71.11298665919537_SVYFa5d_BvTs3me9F5MdaQ.jpg,Boston:5052,fused,random,3,-24,-29,True,,13958,5,2827848937358962940,38,7448,0.1484375,0.26061898469924927,0.22395315766334534,0.39889225363731384,0.3701033294200897,0.13827326893806458,0.14615017175674438,1,1,0.03666582703590393,0.2594614028930664,0.02878892421722412,0,0,1,1,1,7448
0,Boston/Boston_0005052_2018_06_314_42.36505539308296_-71.11298665919537_SVYFa5d_BvTs3me9F5MdaQ.jpg,Boston:5052,fused,random,4,32,-6,True,,13958,5,2827848937358962940,38,7448,0.1484375,0.26061898469924927,0.19426533579826355,0.39889225363731384,0.32541370391845703,0.13827326893806458,0.13114836812019348,1,1,0.06635364890098572,0.2993701100349426,0.07347854971885681,0,0,1,1,1,7448
0,PRS/PRS_0001142_2016_06_280_48.82129016906214_2.375444667349463_wVEZq-0rZXxJ06zrGVmqgg.jpg,PRS:1142,attention,clean,-1,0,0,True,,3682,5,5792698044633487736,38,7448,0.1484375,0.25045859813690186,0.25045859813690186,0.44041430950164795,0.44041430950164795,0.1899556964635849,0.1899556964635849,1,1,0.0,0.0,0.0,0,0,1,1,1,0
0,PRS/PRS_0001142_2016_06_280_48.82129016906214_2.375444667349463_wVEZq-0rZXxJ06zrGVmqgg.jpg,PRS:1142,fused,clean,-1,0,0,True,,1904,5,6746933923228866111,38,7448,0.1484375,0.25045859813690186,0.25045859813690186,0.44041430950164795,0.44041430950164795,0.1899556964635849,0.1899556964635849,1,1,0.0,0.0,0.0,0,0,1,1,1,0
0,PRS/PRS_0001142_2016_06_280_48.82129016906214_2.375444667349463_wVEZq-0rZXxJ06zrGVmqgg.jpg,PRS:1142,attention,targeted,-1,0,0,True,,3682,5,5792698044633487736,38,7448,0.1484375,0.25045859813690186,0.12844699621200562,0.44041430950164795,0.28989464044570923,0.1899556964635849,0.1614476442337036,1,1,0.12201160192489624,0.38224244117736816,0.15051966905593872,0,0,1,1,1,7448
0,PRS/PRS_0001142_2016_06_280_48.82129016906214_2.375444667349463_wVEZq-0rZXxJ06zrGVmqgg.jpg,PRS:1142,attention,random,0,24,-15,True,,3682,5,5792698044633487736,38,7448,0.1484375,0.25045859813690186,0.08069711923599243,0.44041430950164795,0.26557981967926025,0.1899556964635849,0.18488270044326782,1,1,0.16976147890090942,0.3498290777206421,0.1748344898223877,0,0,1,1,1,7448
0,PRS/PRS_0001142_2016_06_280_48.82129016906214_2.375444667349463_wVEZq-0rZXxJ06zrGVmqgg.jpg,PRS:1142,attention,random,1,24,-14,True,,3682,5,5792698044633487736,38,7448,0.1484375,0.25045859813690186,0.09246304631233215,0.44041430950164795,0.27873581647872925,0.1899556964635849,0.1862727701663971,1,1,0.1579955518245697,0.30285215377807617,0.1616784930229187,0,0,1,1,1,7448
0,PRS/PRS_0001142_2016_06_280_48.82129016906214_2.375444667349463_wVEZq-0rZXxJ06zrGVmqgg.jpg,PRS:1142,attention,random,2,66,-23,True,,3682,5,5792698044633487736,38,7448,0.1484375,0.25045859813690186,0.22169139981269836,0.44041430950164795,0.3993667662143707,0.1899556964635849,0.17767536640167236,1,1,0.02876719832420349,0.16152727603912354,0.04104754328727722,0,0,1,1,1,7448
0,PRS/PRS_0001142_2016_06_280_48.82129016906214_2.375444667349463_wVEZq-0rZXxJ06zrGVmqgg.jpg,PRS:1142,attention,random,3,47,0,True,,3682,5,5792698044633487736,38,7448,0.1484375,0.25045859813690186,0.18066038191318512,0.44041430950164795,0.33619508147239685,0.1899556964635849,0.15553469955921173,1,1,0.06979821622371674,0.24456965923309326,0.1042192280292511,0,0,1,1,1,7448
0,PRS/PRS_0001142_2016_06_280_48.82129016906214_2.375444667349463_wVEZq-0rZXxJ06zrGVmqgg.jpg,PRS:1142,attention,random,4,84,-16,True,,3682,5,5792698044633487736,38,7448,0.1484375,0.25045859813690186,0.24305418133735657,0.44041430950164795,0.42727869749069214,0.1899556964635849,0.18422451615333557,1,1,0.007404416799545288,0.05317401885986328,0.01313561201095581,0,0,1,1,1,7448
0,PRS/PRS_0001142_2016_06_280_48.82129016906214_2.375444667349463_wVEZq-0rZXxJ06zrGVmqgg.jpg,PRS:1142,fused,targeted,-1,0,0,True,,1904,5,6746933923228866111,38,7448,0.1484375,0.25045859813690186,0.10396836698055267,0.44041430950164795,0.2666299343109131,0.1899556964635849,0.1626615673303604,1,1,0.14649023115634918,0.3468003273010254,0.17378437519073486,0,0,1,1,1,7448
0,PRS/PRS_0001142_2016_06_280_48.82129016906214_2.375444667349463_wVEZq-0rZXxJ06zrGVmqgg.jpg,PRS:1142,fused,random,0,-11,-2,True,,1904,5,6746933923228866111,38,7448,0.1484375,0.25045859813690186,0.14772607386112213,0.44041430950164795,0.3202240467071533,0.1899556964635849,0.1724979728460312,1,1,0.10273252427577972,0.29462695121765137,0.12019026279449463,0,0,1,1,1,7448
0,PRS/PRS_0001142_2016_06_280_48.82129016906214_2.375444667349463_wVEZq-0rZXxJ06zrGVmqgg.jpg,PRS:1142,fused,random,1,55,-11,True,,1904,5,6746933923228866111,38,7448,0.1484375,0.25045859813690186,0.22851742804050446,0.44041430950164795,0.4069375991821289,0.1899556964635849,0.17842017114162445,1,1,0.0219411700963974,0.1343235969543457,0.03347671031951904,0,0,1,1,1,7448
0,PRS/PRS_0001142_2016_06_280_48.82129016906214_2.375444667349463_wVEZq-0rZXxJ06zrGVmqgg.jpg,PRS:1142,fused,random,2,-41,-1,True,,1904,5,6746933923228866111,38,7448,0.1484375,0.25045859813690186,0.16392198204994202,0.44041430950164795,0.3641154170036316,0.1899556964635849,0.20019343495368958,1,1,0.08653661608695984,0.24442952871322632,0.07629889249801636,0,0,1,1,1,7448
0,PRS/PRS_0001142_2016_06_280_48.82129016906214_2.375444667349463_wVEZq-0rZXxJ06zrGVmqgg.jpg,PRS:1142,fused,random,3,-26,-12,True,,1904,5,6746933923228866111,38,7448,0.1484375,0.25045859813690186,0.17754915356636047,0.44041430950164795,0.38642996549606323,0.1899556964635849,0.20888081192970276,1,1,0.07290944457054138,0.2200838327407837,0.05398434400558472,0,0,1,1,1,7448
0,PRS/PRS_0001142_2016_06_280_48.82129016906214_2.375444667349463_wVEZq-0rZXxJ06zrGVmqgg.jpg,PRS:1142,fused,random,4,62,-4,True,,1904,5,6746933923228866111,38,7448,0.1484375,0.25045859813690186,0.2211659848690033,0.44041430950164795,0.42665714025497437,0.1899556964635849,0.20549115538597107,1,1,0.02929261326789856,0.12328243255615234,0.013757169246673584,0,0,1,1,1,7448
0,Minneapolis/Minneapolis_0004527_2014_09_082_44.98729080284852_-93.2346037611254_QGU_W0Fnn1mP_TZE5cOj8Q.jpg,Minneapolis:4527,attention,clean,-1,0,0,True,,112,5,6449739978284998074,38,7448,0.1484375,0.1401711404323578,0.1401711404323578,0.3795711100101471,0.3795711100101471,0.2393999695777893,0.2393999695777893,1,1,0.0,0.0,0.0,0,0,1,1,1,0
0,Minneapolis/Minneapolis_0004527_2014_09_082_44.98729080284852_-93.2346037611254_QGU_W0Fnn1mP_TZE5cOj8Q.jpg,Minneapolis:4527,fused,clean,-1,0,0,True,,112,5,4819208122778675017,38,7448,0.1484375,0.1401711404323578,0.1401711404323578,0.3795711100101471,0.3795711100101471,0.2393999695777893,0.2393999695777893,1,1,0.0,0.0,0.0,0,0,1,1,1,0
0,Minneapolis/Minneapolis_0004527_2014_09_082_44.98729080284852_-93.2346037611254_QGU_W0Fnn1mP_TZE5cOj8Q.jpg,Minneapolis:4527,attention,targeted,-1,0,0,True,,112,5,6449739978284998074,38,7448,0.1484375,0.1401711404323578,0.04599381983280182,0.3795711100101471,0.2608172297477722,0.2393999695777893,0.2148234099149704,1,1,0.09417732059955597,0.34239840507507324,0.11875388026237488,0,0,1,1,1,7448
0,Minneapolis/Minneapolis_0004527_2014_09_082_44.98729080284852_-93.2346037611254_QGU_W0Fnn1mP_TZE5cOj8Q.jpg,Minneapolis:4527,attention,random,0,26,0,True,,112,5,6449739978284998074,38,7448,0.1484375,0.1401711404323578,0.06679034233093262,0.3795711100101471,0.3138909935951233,0.2393999695777893,0.24710065126419067,1,1,0.07338079810142517,0.25017184019088745,0.0656801164150238,0,0,1,1,1,7448
0,Minneapolis/Minneapolis_0004527_2014_09_082_44.98729080284852_-93.2346037611254_QGU_W0Fnn1mP_TZE5cOj8Q.jpg,Minneapolis:4527,attention,random,1,14,0,True,,112,5,6449739978284998074,38,7448,0.1484375,0.1401711404323578,0.0526200532913208,0.3795711100101471,0.26389092206954956,0.2393999695777893,0.21127086877822876,1,1,0.08755108714103699,0.3291807174682617,0.11568018794059753,0,0,1,1,1,7448
0,Minneapolis/Minneapolis_0004527_2014_09_082_44.98729080284852_-93.2346037611254_QGU_W0Fnn1mP_TZE5cOj8Q.jpg,Minneapolis:4527,attention,random,2,-8,0,True,,112,5,6449739978284998074,38,7448,0.1484375,0.1401711404323578,0.08186975121498108,0.3795711100101471,0.2929784655570984,0.2393999695777893,0.2111087143421173,1,1,0.05830138921737671,0.26829206943511963,0.0865926444530487,0,0,1,1,1,7448
0,Minneapolis/Minneapolis_0004527_2014_09_082_44.98729080284852_-93.2346037611254_QGU_W0Fnn1mP_TZE5cOj8Q.jpg,Minneapolis:4527,attention,random,3,97,0,True,,112,5,6449739978284998074,38,7448,0.1484375,0.1401711404323578,0.17728984355926514,0.3795711100101471,0.37587159872055054,0.2393999695777893,0.1985817551612854,1,1,-0.03711870312690735,0.12395864725112915,0.0036995112895965576,0,0,1,1,1,7448
0,Minneapolis/Minneapolis_0004527_2014_09_082_44.98729080284852_-93.2346037611254_QGU_W0Fnn1mP_TZE5cOj8Q.jpg,Minneapolis:4527,attention,random,4,89,0,True,,112,5,6449739978284998074,38,7448,0.1484375,0.1401711404323578,0.19277459383010864,0.3795711100101471,0.3841446042060852,0.2393999695777893,0.19137001037597656,1,1,-0.052603453397750854,0.13237512111663818,-0.00457349419593811,0,0,1,1,1,7448
0,Minneapolis/Minneapolis_0004527_2014_09_082_44.98729080284852_-93.2346037611254_QGU_W0Fnn1mP_TZE5cOj8Q.jpg,Minneapolis:4527,fused,targeted,-1,0,0,True,,112,5,4819208122778675017,38,7448,0.1484375,0.1401711404323578,0.03838956356048584,0.3795711100101471,0.2623680830001831,0.2393999695777893,0.22397851943969727,1,1,0.10178157687187195,0.32435739040374756,0.11720302700996399,0,0,1,1,1,7448
0,Minneapolis/Minneapolis_0004527_2014_09_082_44.98729080284852_-93.2346037611254_QGU_W0Fnn1mP_TZE5cOj8Q.jpg,Minneapolis:4527,fused,random,0,44,0,True,,112,5,4819208122778675017,38,7448,0.1484375,0.1401711404323578,0.06720353662967682,0.3795711100101471,0.30542483925819397,0.2393999695777893,0.23822130262851715,1,1,0.07296760380268097,0.154352605342865,0.07414627075195312,0,0,1,1,1,7448
0,Minneapolis/Minneapolis_0004527_2014_09_082_44.98729080284852_-93.2346037611254_QGU_W0Fnn1mP_TZE5cOj8Q.jpg,Minneapolis:4527,fused,random,1,59,0,True,,112,5,4819208122778675017,38,7448,0.1484375,0.1401711404323578,0.11562146246433258,0.3795711100101471,0.34731525182724,0.2393999695777893,0.2316937893629074,1,1,0.024549677968025208,0.137623131275177,0.032255858182907104,0,0,1,1,1,7448
0,Minneapolis/Minneapolis_0004527_2014_09_082_44.98729080284852_-93.2346037611254_QGU_W0Fnn1mP_TZE5cOj8Q.jpg,Minneapolis:4527,fused,random,2,93,0,True,,112,5,4819208122778675017,38,7448,0.1484375,0.1401711404323578,0.17124450206756592,0.3795711100101471,0.3695206642150879,0.2393999695777893,0.19827616214752197,1,1,-0.03107336163520813,0.11374849081039429,0.010050445795059204,0,0,1,1,1,7448
0,Minneapolis/Minneapolis_0004527_2014_09_082_44.98729080284852_-93.2346037611254_QGU_W0Fnn1mP_TZE5cOj8Q.jpg,Minneapolis:4527,fused,random,3,96,0,True,,112,5,4819208122778675017,38,7448,0.1484375,0.1401711404323578,0.1684081256389618,0.3795711100101471,0.371681809425354,0.2393999695777893,0.2032736837863922,1,1,-0.028236985206604004,0.10623693466186523,0.00788930058479309,0,0,1,1,1,7448
0,Minneapolis/Minneapolis_0004527_2014_09_082_44.98729080284852_-93.2346037611254_QGU_W0Fnn1mP_TZE5cOj8Q.jpg,Minneapolis:4527,fused,random,4,2,0,True,,112,5,4819208122778675017,38,7448,0.1484375,0.1401711404323578,0.05362454056739807,0.3795711100101471,0.27290061116218567,0.2393999695777893,0.2192760705947876,1,1,0.08654659986495972,0.3232046365737915,0.10667049884796143,0,0,1,1,1,7448
0,Lisbon/Lisbon_0002254_2018_08_125_38.72122075825323_-9.145946623180366_XtKF4_9nKqoKwbRpyxyOug.jpg,Lisbon:2254,attention,clean,-1,0,0,True,,2324,5,7425990119301221198,38,7448,0.1484375,0.22844448685646057,0.22844448685646057,0.5142523646354675,0.5142523646354675,0.28580787777900696,0.28580787777900696,1,1,0.0,0.0,0.0,0,0,1,1,1,0
0,Lisbon/Lisbon_0002254_2018_08_125_38.72122075825323_-9.145946623180366_XtKF4_9nKqoKwbRpyxyOug.jpg,Lisbon:2254,fused,clean,-1,0,0,True,,2324,5,6841013634805346426,38,7448,0.1484375,0.22844448685646057,0.22844448685646057,0.5142523646354675,0.5142523646354675,0.28580787777900696,0.28580787777900696,1,1,0.0,0.0,0.0,0,0,1,1,1,0
0,Lisbon/Lisbon_0002254_2018_08_125_38.72122075825323_-9.145946623180366_XtKF4_9nKqoKwbRpyxyOug.jpg,Lisbon:2254,attention,targeted,-1,0,0,True,,2324,5,7425990119301221198,38,7448,0.1484375,0.22844448685646057,0.1867331862449646,0.5142523646354675,0.46458160877227783,0.28580787777900696,0.27784842252731323,1,1,0.04171130061149597,0.27001845836639404,0.0496707558631897,0,0,1,1,1,7448
0,Lisbon/Lisbon_0002254_2018_08_125_38.72122075825323_-9.145946623180366_XtKF4_9nKqoKwbRpyxyOug.jpg,Lisbon:2254,attention,random,0,-69,3,True,,2324,5,7425990119301221198,38,7448,0.1484375,0.22844448685646057,0.21200048923492432,0.5142523646354675,0.5143980383872986,0.28580787777900696,0.30239754915237427,1,1,0.016443997621536255,0.11826175451278687,-0.0001456737518310547,0,0,1,1,1,7448
0,Lisbon/Lisbon_0002254_2018_08_125_38.72122075825323_-9.145946623180366_XtKF4_9nKqoKwbRpyxyOug.jpg,Lisbon:2254,attention,random,1,-68,11,True,,2324,5,7425990119301221198,38,7448,0.1484375,0.22844448685646057,0.2308679223060608,0.5142523646354675,0.5202845335006714,0.28580787777900696,0.2894166111946106,1,1,-0.0024234354496002197,0.09669846296310425,-0.006032168865203857,0,0,1,1,1,7448
0,Lisbon/Lisbon_0002254_2018_08_125_38.72122075825323_-9.145946623180366_XtKF4_9nKqoKwbRpyxyOug.jpg,Lisbon:2254,attention,random,2,-55,2,True,,2324,5,7425990119301221198,38,7448,0.1484375,0.22844448685646057,0.19180786609649658,0.5142523646354675,0.4859793782234192,0.28580787777900696,0.2941715121269226,1,1,0.03663662075996399,0.12916117906570435,0.02827298641204834,0,0,1,1,1,7448
0,Lisbon/Lisbon_0002254_2018_08_125_38.72122075825323_-9.145946623180366_XtKF4_9nKqoKwbRpyxyOug.jpg,Lisbon:2254,attention,random,3,-83,9,True,,2324,5,7425990119301221198,38,7448,0.1484375,0.22844448685646057,0.22319447994232178,0.5142523646354675,0.5218843221664429,0.28580787777900696,0.2986898422241211,1,1,0.005250006914138794,0.10342085361480713,-0.007631957530975342,0,0,1,1,1,7448
0,Lisbon/Lisbon_0002254_2018_08_125_38.72122075825323_-9.145946623180366_XtKF4_9nKqoKwbRpyxyOug.jpg,Lisbon:2254,attention,random,4,-75,8,True,,2324,5,7425990119301221198,38,7448,0.1484375,0.22844448685646057,0.21521314978599548,0.5142523646354675,0.5206682682037354,0.28580787777900696,0.30545511841773987,1,1,0.013231337070465088,0.10868608951568604,-0.006415903568267822,0,0,1,1,1,7448
0,Lisbon/Lisbon_0002254_2018_08_125_38.72122075825323_-9.145946623180366_XtKF4_9nKqoKwbRpyxyOug.jpg,Lisbon:2254,fused,targeted,-1,0,0,True,,2324,5,6841013634805346426,38,7448,0.1484375,0.22844448685646057,0.18509861826896667,0.5142523646354675,0.4599307179450989,0.28580787777900696,0.2748320996761322,1,1,0.043345868587493896,0.2683449983596802,0.05432164669036865,0,0,1,1,1,7448
0,Lisbon/Lisbon_0002254_2018_08_125_38.72122075825323_-9.145946623180366_XtKF4_9nKqoKwbRpyxyOug.jpg,Lisbon:2254,fused,random,0,-66,6,True,,2324,5,6841013634805346426,38,7448,0.1484375,0.22844448685646057,0.2223372757434845,0.5142523646354675,0.5166090726852417,0.28580787777900696,0.2942717969417572,1,1,0.006107211112976074,0.10710406303405762,-0.00235670804977417,0,0,1,1,1,7448
0,Lisbon/Lisbon_0002254_2018_08_125_38.72122075825323_-9.145946623180366_XtKF4_9nKqoKwbRpyxyOug.jpg,Lisbon:2254,fused,random,1,22,14,True,,2324,5,6841013634805346426,38,7448,0.1484375,0.22844448685646057,0.20589745044708252,0.5142523646354675,0.48039543628692627,0.28580787777900696,0.27449798583984375,1,1,0.022547036409378052,0.20688962936401367,0.03385692834854126,0,0,1,1,1,7448
0,Lisbon/Lisbon_0002254_2018_08_125_38.72122075825323_-9.145946623180366_XtKF4_9nKqoKwbRpyxyOug.jpg,Lisbon:2254,fused,random,2,-2,5,True,,2324,5,6841013634805346426,38,7448,0.1484375,0.22844448685646057,0.16720691323280334,0.5142523646354675,0.4412190020084381,0.28580787777900696,0.27401208877563477,1,1,0.06123757362365723,0.3275575041770935,0.07303336262702942,0,0,1,1,1,7448
0,Lisbon/Lisbon_0002254_2018_08_125_38.72122075825323_-9.145946623180366_XtKF4_9nKqoKwbRpyxyOug.jpg,Lisbon:2254,fused,random,3,-48,7,True,,2324,5,6841013634805346426,38,7448,0.1484375,0.22844448685646057,0.23091170191764832,0.5142523646354675,0.4969553053379059,0.28580787777900696,0.26604360342025757,1,1,-0.002467215061187744,0.131813645362854,0.017297059297561646,0,0,1,1,1,7448
0,Lisbon/Lisbon_0002254_2018_08_125_38.72122075825323_-9.145946623180366_XtKF4_9nKqoKwbRpyxyOug.jpg,Lisbon:2254,fused,random,4,-107,6,True,,2324,5,6841013634805346426,38,7448,0.1484375,0.22844448685646057,0.19612443447113037,0.5142523646354675,0.484258770942688,0.28580787777900696,0.2881343364715576,1,1,0.0323200523853302,0.08747243881225586,0.02999359369277954,0,0,1,1,1,7448
0,Brussels/Brussels_0001498_2014_09_230_50.84745950555936_4.325975181358101_CE61ndURNXaCmtsrU8srKw.jpg,Brussels:1498,attention,clean,-1,0,0,True,,2870,5,1577438915470870975,38,7448,0.1484375,0.3062282204627991,0.3062282204627991,0.5343564748764038,0.5343564748764038,0.22812825441360474,0.22812825441360474,1,1,0.0,0.0,0.0,0,0,1,1,1,0
0,Brussels/Brussels_0001498_2014_09_230_50.84745950555936_4.325975181358101_CE61ndURNXaCmtsrU8srKw.jpg,Brussels:1498,fused,clean,-1,0,0,True,,9800,5,8506495610985372119,38,7448,0.1484375,0.3062282204627991,0.3062282204627991,0.5343564748764038,0.5343564748764038,0.22812825441360474,0.22812825441360474,1,1,0.0,0.0,0.0,0,0,1,1,1,0
0,Brussels/Brussels_0001498_2014_09_230_50.84745950555936_4.325975181358101_CE61ndURNXaCmtsrU8srKw.jpg,Brussels:1498,attention,targeted,-1,0,0,True,,2870,5,1577438915470870975,38,7448,0.1484375,0.3062282204627991,0.2422722429037094,0.5343564748764038,0.4892026484012604,0.22812825441360474,0.24693040549755096,1,1,0.06395597755908966,0.18398243188858032,0.04515382647514343,0,0,1,1,1,7448
0,Brussels/Brussels_0001498_2014_09_230_50.84745950555936_4.325975181358101_CE61ndURNXaCmtsrU8srKw.jpg,Brussels:1498,attention,random,0,1,3,True,,2870,5,1577438915470870975,38,7448,0.1484375,0.3062282204627991,0.23857787251472473,0.5343564748764038,0.4625256061553955,0.22812825441360474,0.22394773364067078,1,1,0.06765034794807434,0.20815086364746094,0.0718308687210083,0,0,1,1,1,7448
0,Brussels/Brussels_0001498_2014_09_230_50.84745950555936_4.325975181358101_CE61ndURNXaCmtsrU8srKw.jpg,Brussels:1498,attention,random,1,-2,55,True,,2870,5,1577438915470870975,38,7448,0.1484375,0.3062282204627991,0.26137059926986694,0.5343564748764038,0.4864950180053711,0.22812825441360474,0.22512441873550415,1,1,0.04485762119293213,0.0919121503829956,0.047861456871032715,0,0,1,1,1,7448
0,Brussels/Brussels_0001498_2014_09_230_50.84745950555936_4.325975181358101_CE61ndURNXaCmtsrU8srKw.jpg,Brussels:1498,attention,random,2,6,82,True,,2870,5,1577438915470870975,38,7448,0.1484375,0.3062282204627991,0.2723102569580078,0.5343564748764038,0.49393948912620544,0.22812825441360474,0.22162921726703644,1,1,0.03391796350479126,0.09010505676269531,0.040416985750198364,0,0,1,1,1,7448
0,Brussels/Brussels_0001498_2014_09_230_50.84745950555936_4.325975181358101_CE61ndURNXaCmtsrU8srKw.jpg,Brussels:1498,attention,random,3,-1,63,True,,2870,5,1577438915470870975,38,7448,0.1484375,0.3062282204627991,0.26365479826927185,0.5343564748764038,0.48920896649360657,0.22812825441360474,0.22555416822433472,1,1,0.04257342219352722,0.09107065200805664,0.04514750838279724,0,0,1,1,1,7448
0,Brussels/Brussels_0001498_2014_09_230_50.84745950555936_4.325975181358101_CE61ndURNXaCmtsrU8srKw.jpg,Brussels:1498,attention,random,4,-3,91,True,,2870,5,1577438915470870975,38,7448,0.1484375,0.3062282204627991,0.31615227460861206,0.5343564748764038,0.5273849964141846,0.22812825441360474,0.21123270690441132,1,1,-0.009924054145812988,0.08181107044219971,0.006971478462219238,0,0,1,1,1,7448
0,Brussels/Brussels_0001498_2014_09_230_50.84745950555936_4.325975181358101_CE61ndURNXaCmtsrU8srKw.jpg,Brussels:1498,fused,targeted,-1,0,0,True,,9800,5,8506495610985372119,38,7448,0.1484375,0.3062282204627991,0.16257300972938538,0.5343564748764038,0.42259812355041504,0.22812825441360474,0.26002511382102966,1,1,0.1436552107334137,0.20345771312713623,0.11175835132598877,0,0,1,1,1,7448
0,Brussels/Brussels_0001498_2014_09_230_50.84745950555936_4.325975181358101_CE61ndURNXaCmtsrU8srKw.jpg,Brussels:1498,fused,random,0,5,73,True,,9800,5,8506495610985372119,38,7448,0.1484375,0.3062282204627991,0.2586170434951782,0.5343564748764038,0.48888006806373596,0.22812825441360474,0.23026300966739655,1,1,0.04761117696762085,0.11698943376541138,0.04547640681266785,0,0,1,1,1,7448
0,Brussels/Brussels_0001498_2014_09_230_50.84745950555936_4.325975181358101_CE61ndURNXaCmtsrU8srKw.jpg,Brussels:1498,fused,random,1,6,84,True,,9800,5,8506495610985372119,38,7448,0.1484375,0.3062282204627991,0.27020716667175293,0.5343564748764038,0.5062933564186096,0.22812825441360474,0.23608620464801788,1,1,0.03602105379104614,0.08998477458953857,0.02806311845779419,0,0,1,1,1,7448
0,Brussels/Brussels_0001498_2014_09_230_50.84745950555936_4.325975181358101_CE61ndURNXaCmtsrU8srKw.jpg,Brussels:1498,fused,random,2,-11,55,True,,9800,5,8506495610985372119,38,7448,0.1484375,0.3062282204627991,0.2535744607448578,0.5343564748764038,0.48545244336128235,0.22812825441360474,0.23187798261642456,1,1,0.052653759717941284,0.10721272230148315,0.04890403151512146,0,0,1,1,1,7448
0,Brussels/Brussels_0001498_2014_09_230_50.84745950555936_4.325975181358101_CE61ndURNXaCmtsrU8srKw.jpg,Brussels:1498,fused,random,3,-67,27,True,,9800,5,8506495610985372119,38,7448,0.1484375,0.3062282204627991,0.26194310188293457,0.5343564748764038,0.456962913274765,0.22812825441360474,0.19501982629299164,1,1,0.0442851185798645,0.12008190155029297,0.0773935616016388,0,0,1,1,1,7448
0,Brussels/Brussels_0001498_2014_09_230_50.84745950555936_4.325975181358101_CE61ndURNXaCmtsrU8srKw.jpg,Brussels:1498,fused,random,4,-49,8,True,,9800,5,8506495610985372119,38,7448,0.1484375,0.3062282204627991,0.25021427869796753,0.5343564748764038,0.45577332377433777,0.22812825441360474,0.20555905997753143,1,1,0.05601394176483154,0.17501413822174072,0.07858315110206604,0,0,1,1,1,7448
0,TRT/TRT_0000659_2015_07_197_43.6575598958716_-79.36216612772633_9nwfmGZpmJNXXbwkVMwWfQ.jpg,TRT:659,attention,clean,-1,0,0,True,,4494,5,4388766352382794069,38,7448,0.1484375,0.303885281085968,0.303885281085968,0.4777457118034363,0.4777457118034363,0.17386044561862946,0.17386044561862946,1,1,0.0,0.0,0.0,0,0,1,1,1,0
0,TRT/TRT_0000659_2015_07_197_43.6575598958716_-79.36216612772633_9nwfmGZpmJNXXbwkVMwWfQ.jpg,TRT:659,fused,clean,-1,0,0,True,,13958,5,5918817203906419676,38,7448,0.1484375,0.303885281085968,0.303885281085968,0.4777457118034363,0.4777457118034363,0.17386044561862946,0.17386044561862946,1,1,0.0,0.0,0.0,0,0,1,1,1,0
0,TRT/TRT_0000659_2015_07_197_43.6575598958716_-79.36216612772633_9nwfmGZpmJNXXbwkVMwWfQ.jpg,TRT:659,attention,targeted,-1,0,0,True,,4494,5,4388766352382794069,38,7448,0.1484375,0.303885281085968,0.0582369863986969,0.4777457118034363,0.27416038513183594,0.17386044561862946,0.21592339873313904,1,1,0.24564829468727112,0.5345156192779541,0.20358532667160034,0,0,1,1,1,7448
0,TRT/TRT_0000659_2015_07_197_43.6575598958716_-79.36216612772633_9nwfmGZpmJNXXbwkVMwWfQ.jpg,TRT:659,attention,random,0,16,19,True,,4494,5,4388766352382794069,38,7448,0.1484375,0.303885281085968,0.06411869823932648,0.4777457118034363,0.2513204514980316,0.17386044561862946,0.18720175325870514,1,1,0.23976658284664154,0.499042272567749,0.22642526030540466,0,0,1,1,1,7448
0,TRT/TRT_0000659_2015_07_197_43.6575598958716_-79.36216612772633_9nwfmGZpmJNXXbwkVMwWfQ.jpg,TRT:659,attention,random,1,24,18,True,,4494,5,4388766352382794069,38,7448,0.1484375,0.303885281085968,0.06788995862007141,0.4777457118034363,0.24693027138710022,0.17386044561862946,0.1790403127670288,1,1,0.2359953224658966,0.5128195881843567,0.23081544041633606,0,0,1,1,1,7448
0,TRT/TRT_0000659_2015_07_197_43.6575598958716_-79.36216612772633_9nwfmGZpmJNXXbwkVMwWfQ.jpg,TRT:659,attention,random,2,-10,1,True,,4494,5,4388766352382794069,38,7448,0.1484375,0.303885281085968,0.10486800968647003,0.4777457118034363,0.27815020084381104,0.17386044561862946,0.173282191157341,1,1,0.19901727139949799,0.5356876850128174,0.19959551095962524,0,0,1,1,1,7448
0,TRT/TRT_0000659_2015_07_197_43.6575598958716_-79.36216612772633_9nwfmGZpmJNXXbwkVMwWfQ.jpg,TRT:659,attention,random,3,23,14,True,,4494,5,4388766352382794069,38,7448,0.1484375,0.303885281085968,0.07991956174373627,0.4777457118034363,0.24958497285842896,0.17386044561862946,0.1696654111146927,1,1,0.22396571934223175,0.5315842032432556,0.22816073894500732,0,0,1,1,1,7448
0,TRT/TRT_0000659_2015_07_197_43.6575598958716_-79.36216612772633_9nwfmGZpmJNXXbwkVMwWfQ.jpg,TRT:659,attention,random,4,33,23,True,,4494,5,4388766352382794069,38,7448,0.1484375,0.303885281085968,0.22743451595306396,0.4777457118034363,0.3969067931175232,0.17386044561862946,0.16947227716445923,1,1,0.07645076513290405,0.22830456495285034,0.08083891868591309,0,0,1,1,1,7448
0,TRT/TRT_0000659_2015_07_197_43.6575598958716_-79.36216612772633_9nwfmGZpmJNXXbwkVMwWfQ.jpg,TRT:659,fused,targeted,-1,0,0,True,,13958,5,5918817203906419676,38,7448,0.1484375,0.303885281085968,0.07068699598312378,0.4777457118034363,0.24907994270324707,0.17386044561862946,0.1783929467201233,1,1,0.23319828510284424,0.5272158980369568,0.2286657691001892,0,0,1,1,1,7448
0,TRT/TRT_0000659_2015_07_197_43.6575598958716_-79.36216612772633_9nwfmGZpmJNXXbwkVMwWfQ.jpg,TRT:659,fused,random,0,-16,-24,True,,13958,5,5918817203906419676,38,7448,0.1484375,0.303885281085968,0.0743790864944458,0.4777457118034363,0.26670926809310913,0.17386044561862946,0.19233018159866333,1,1,0.22950619459152222,0.5508981943130493,0.21103644371032715,0,0,1,1,1,7448
0,TRT/TRT_0000659_2015_07_197_43.6575598958716_-79.36216612772633_9nwfmGZpmJNXXbwkVMwWfQ.jpg,TRT:659,fused,random,1,2,-11,True,,13958,5,5918817203906419676,38,7448,0.1484375,0.303885281085968,0.08616888523101807,0.4777457118034363,0.2691324055194855,0.17386044561862946,0.1829635202884674,1,1,0.21771639585494995,0.5343525409698486,0.2086133062839508,0,0,1,1,1,7448
0,TRT/TRT_0000659_2015_07_197_43.6575598958716_-79.36216612772633_9nwfmGZpmJNXXbwkVMwWfQ.jpg,TRT:659,fused,random,2,11,-2,True,,13958,5,5918817203906419676,38,7448,0.1484375,0.303885281085968,0.0688827782869339,0.4777457118034363,0.26068878173828125,0.17386044561862946,0.19180600345134735,1,1,0.23500250279903412,0.5348505973815918,0.21705693006515503,0,0,1,1,1,7448
0,TRT/TRT_0000659_2015_07_197_43.6575598958716_-79.36216612772633_9nwfmGZpmJNXXbwkVMwWfQ.jpg,TRT:659,fused,random,3,4,55,True,,13958,5,5918817203906419676,38,7448,0.1484375,0.303885281085968,0.08588133752346039,0.4777457118034363,0.2503620982170105,0.17386044561862946,0.1644807606935501,1,1,0.21800394356250763,0.4515776038169861,0.22738361358642578,0,0,1,1,1,7448
0,TRT/TRT_0000659_2015_07_197_43.6575598958716_-79.36216612772633_9nwfmGZpmJNXXbwkVMwWfQ.jpg,TRT:659,fused,random,4,42,37,True,,13958,5,5918817203906419676,38,7448,0.1484375,0.303885281085968,0.25132429599761963,0.4777457118034363,0.41312408447265625,0.17386044561862946,0.16179978847503662,1,1,0.05256098508834839,0.15191048383712769,0.06462162733078003,0,0,1,1,1,7448
0,Madrid/Madrid_0001058_2015_06_303_40.4122259812777_-3.700246130636049_4_GepaP2fz-eLGbr6VkoVQ.jpg,Madrid:1058,attention,clean,-1,0,0,True,,112,3,6664996993299472428,38,7448,0.1484375,0.3451663553714752,0.3451663553714752,0.6098572015762329,0.6098572015762329,0.2646908462047577,0.2646908462047577,1,1,0.0,0.0,0.0,0,0,1,1,1,0
0,Madrid/Madrid_0001058_2015_06_303_40.4122259812777_-3.700246130636049_4_GepaP2fz-eLGbr6VkoVQ.jpg,Madrid:1058,fused,clean,-1,0,0,True,,11186,5,8091013555268485879,38,7448,0.1484375,0.3451663553714752,0.3451663553714752,0.6098572015762329,0.6098572015762329,0.2646908462047577,0.2646908462047577,1,1,0.0,0.0,0.0,0,0,1,1,1,0
0,Madrid/Madrid_0001058_2015_06_303_40.4122259812777_-3.700246130636049_4_GepaP2fz-eLGbr6VkoVQ.jpg,Madrid:1058,attention,targeted,-1,0,0,True,,112,3,6664996993299472428,38,7448,0.1484375,0.3451663553714752,0.31682127714157104,0.6098572015762329,0.5719423294067383,0.2646908462047577,0.25512105226516724,1,1,0.028345078229904175,0.2995869517326355,0.03791487216949463,0,0,1,1,1,7448
0,Madrid/Madrid_0001058_2015_06_303_40.4122259812777_-3.700246130636049_4_GepaP2fz-eLGbr6VkoVQ.jpg,Madrid:1058,attention,random,0,0,-57,True,,112,3,6664996993299472428,38,7448,0.1484375,0.3451663553714752,0.269931823015213,0.6098572015762329,0.5503889322280884,0.2646908462047577,0.28045710921287537,1,1,0.07523453235626221,0.1251700520515442,0.05946826934814453,0,0,1,1,1,7448
0,Madrid/Madrid_0001058_2015_06_303_40.4122259812777_-3.700246130636049_4_GepaP2fz-eLGbr6VkoVQ.jpg,Madrid:1058,attention,random,1,0,-7,True,,112,3,6664996993299472428,38,7448,0.1484375,0.3451663553714752,0.3092053532600403,0.6098572015762329,0.5611451268196106,0.2646908462047577,0.2519397735595703,1,1,0.035961002111434937,0.24781185388565063,0.048712074756622314,0,0,1,1,1,7448
0,Madrid/Madrid_0001058_2015_06_303_40.4122259812777_-3.700246130636049_4_GepaP2fz-eLGbr6VkoVQ.jpg,Madrid:1058,attention,random,2,0,-86,True,,112,3,6664996993299472428,38,7448,0.1484375,0.3451663553714752,0.28793033957481384,0.6098572015762329,0.5767070055007935,0.2646908462047577,0.2887766659259796,1,1,0.05723601579666138,0.07504087686538696,0.03315019607543945,0,0,1,1,1,7448
0,Madrid/Madrid_0001058_2015_06_303_40.4122259812777_-3.700246130636049_4_GepaP2fz-eLGbr6VkoVQ.jpg,Madrid:1058,attention,random,3,0,-7,True,,112,3,6664996993299472428,38,7448,0.1484375,0.3451663553714752,0.3092053532600403,0.6098572015762329,0.5611451268196106,0.2646908462047577,0.2519397735595703,1,1,0.035961002111434937,0.24781185388565063,0.048712074756622314,0,0,1,1,1,7448
0,Madrid/Madrid_0001058_2015_06_303_40.4122259812777_-3.700246130636049_4_GepaP2fz-eLGbr6VkoVQ.jpg,Madrid:1058,attention,random,4,0,-57,True,,112,3,6664996993299472428,38,7448,0.1484375,0.3451663553714752,0.269931823015213,0.6098572015762329,0.5503889322280884,0.2646908462047577,0.28045710921287537,1,1,0.07523453235626221,0.1251700520515442,0.05946826934814453,0,0,1,1,1,7448
0,Madrid/Madrid_0001058_2015_06_303_40.4122259812777_-3.700246130636049_4_GepaP2fz-eLGbr6VkoVQ.jpg,Madrid:1058,fused,targeted,-1,0,0,True,,11186,5,8091013555268485879,38,7448,0.1484375,0.3451663553714752,0.26949596405029297,0.6098572015762329,0.5315340757369995,0.2646908462047577,0.26203811168670654,1,1,0.07567039132118225,0.2358332872390747,0.0783231258392334,0,0,1,1,1,7448
0,Madrid/Madrid_0001058_2015_06_303_40.4122259812777_-3.700246130636049_4_GepaP2fz-eLGbr6VkoVQ.jpg,Madrid:1058,fused,random,0,74,-60,True,,11186,5,8091013555268485879,38,7448,0.1484375,0.3451663553714752,0.3078535795211792,0.6098572015762329,0.5693764686584473,0.2646908462047577,0.26152288913726807,1,1,0.03731277585029602,0.07052654027938843,0.040480732917785645,0,0,1,1,1,7448
0,Madrid/Madrid_0001058_2015_06_303_40.4122259812777_-3.700246130636049_4_GepaP2fz-eLGbr6VkoVQ.jpg,Madrid:1058,fused,random,1,58,-66,True,,11186,5,8091013555268485879,38,7448,0.1484375,0.3451663553714752,0.3072062134742737,0.6098572015762329,0.5739642977714539,0.2646908462047577,0.2667580842971802,1,1,0.03796014189720154,0.04549896717071533,0.03589290380477905,0,0,1,1,1,7448
0,Madrid/Madrid_0001058_2015_06_303_40.4122259812777_-3.700246130636049_4_GepaP2fz-eLGbr6VkoVQ.jpg,Madrid:1058,fused,random,2,63,-39,True,,11186,5,8091013555268485879,38,7448,0.1484375,0.3451663553714752,0.29690662026405334,0.6098572015762329,0.5807647109031677,0.2646908462047577,0.2838580906391144,1,1,0.048259735107421875,0.0546797513961792,0.029092490673065186,0,0,1,1,1,7448
0,Madrid/Madrid_0001058_2015_06_303_40.4122259812777_-3.700246130636049_4_GepaP2fz-eLGbr6VkoVQ.jpg,Madrid:1058,fused,random,3,3,-98,True,,11186,5,8091013555268485879,38,7448,0.1484375,0.3451663553714752,0.3012165427207947,0.6098572015762329,0.5821630358695984,0.2646908462047577,0.2809464931488037,1,1,0.04394981265068054,0.040191829204559326,0.02769416570663452,0,0,1,1,1,7448
0,Madrid/Madrid_0001058_2015_06_303_40.4122259812777_-3.700246130636049_4_GepaP2fz-eLGbr6VkoVQ.jpg,Madrid:1058,fused,random,4,48,-79,True,,11186,5,8091013555268485879,38,7448,0.1484375,0.3451663553714752,0.3005884289741516,0.6098572015762329,0.5788634419441223,0.2646908462047577,0.2782750129699707,1,1,0.04457792639732361,0.04380297660827637,0.030993759632110596,0,0,1,1,1,7448
0,Phoenix/Phoenix_0000325_2015_06_021_33.42581825948063_-112.0850365007273_45x-7DRlWxNEN6e5y5VxUA.jpg,Phoenix:325,attention,clean,-1,0,0,True,,5460,5,1558526400367535345,38,7448,0.1484375,0.1658397614955902,0.1658397614955902,0.5259691476821899,0.5259691476821899,0.36012938618659973,0.36012938618659973,1,1,0.0,0.0,0.0,0,0,1,1,1,0
0,Phoenix/Phoenix_0000325_2015_06_021_33.42581825948063_-112.0850365007273_45x-7DRlWxNEN6e5y5VxUA.jpg,Phoenix:325,fused,clean,-1,0,0,True,,9016,5,1831550947608713899,38,7448,0.1484375,0.1658397614955902,0.1658397614955902,0.5259691476821899,0.5259691476821899,0.36012938618659973,0.36012938618659973,1,1,0.0,0.0,0.0,0,0,1,1,1,0
0,Phoenix/Phoenix_0000325_2015_06_021_33.42581825948063_-112.0850365007273_45x-7DRlWxNEN6e5y5VxUA.jpg,Phoenix:325,attention,targeted,-1,0,0,True,,5460,5,1558526400367535345,38,7448,0.1484375,0.1658397614955902,0.030182600021362305,0.5259691476821899,0.4132910966873169,0.36012938618659973,0.3831084966659546,1,1,0.1356571614742279,0.41456395387649536,0.11267805099487305,0,0,1,1,1,7448
0,Phoenix/Phoenix_0000325_2015_06_021_33.42581825948063_-112.0850365007273_45x-7DRlWxNEN6e5y5VxUA.jpg,Phoenix:325,attention,random,0,63,3,True,,5460,5,1558526400367535345,38,7448,0.1484375,0.1658397614955902,0.1554357409477234,0.5259691476821899,0.514301598072052,0.36012938618659973,0.3588658571243286,1,1,0.010404020547866821,0.0721285343170166,0.01166754961013794,0,0,1,1,1,7448
0,Phoenix/Phoenix_0000325_2015_06_021_33.42581825948063_-112.0850365007273_45x-7DRlWxNEN6e5y5VxUA.jpg,Phoenix:325,attention,random,1,-19,42,True,,5460,5,1558526400367535345,38,7448,0.1484375,0.1658397614955902,0.09978336095809937,0.5259691476821899,0.4023229479789734,0.36012938618659973,0.302539587020874,1,1,0.06605640053749084,0.263982892036438,0.12364619970321655,0,0,1,1,1,7448
0,Phoenix/Phoenix_0000325_2015_06_021_33.42581825948063_-112.0850365007273_45x-7DRlWxNEN6e5y5VxUA.jpg,Phoenix:325,attention,random,2,62,35,True,,5460,5,1558526400367535345,38,7448,0.1484375,0.1658397614955902,0.15943175554275513,0.5259691476821899,0.5087617635726929,0.36012938618659973,0.34933000802993774,1,1,0.006408005952835083,0.09287595748901367,0.01720738410949707,0,0,1,1,1,7448
0,Phoenix/Phoenix_0000325_2015_06_021_33.42581825948063_-112.0850365007273_45x-7DRlWxNEN6e5y5VxUA.jpg,Phoenix:325,attention,random,3,-16,21,True,,5460,5,1558526400367535345,38,7448,0.1484375,0.1658397614955902,0.024258136749267578,0.5259691476821899,0.3574761748313904,0.36012938618659973,0.3332180380821228,1,1,0.14158162474632263,0.3772916793823242,0.16849297285079956,0,0,1,1,1,7448
0,Phoenix/Phoenix_0000325_2015_06_021_33.42581825948063_-112.0850365007273_45x-7DRlWxNEN6e5y5VxUA.jpg,Phoenix:325,attention,random,4,-7,26,True,,5460,5,1558526400367535345,38,7448,0.1484375,0.1658397614955902,0.06999647617340088,0.5259691476821899,0.3941917419433594,0.36012938618659973,0.3241952657699585,1,1,0.09584328532218933,0.3970188498497009,0.13177740573883057,0,0,1,1,1,7448
0,Phoenix/Phoenix_0000325_2015_06_021_33.42581825948063_-112.0850365007273_45x-7DRlWxNEN6e5y5VxUA.jpg,Phoenix:325,fused,targeted,-1,0,0,True,,9016,5,1831550947608713899,38,7448,0.1484375,0.1658397614955902,0.043034642934799194,0.5259691476821899,0.38912057876586914,0.36012938618659973,0.34608593583106995,1,1,0.12280511856079102,0.4093947410583496,0.1368485689163208,0,0,1,1,1,7448
0,Phoenix/Phoenix_0000325_2015_06_021_33.42581825948063_-112.0850365007273_45x-7DRlWxNEN6e5y5VxUA.jpg,Phoenix:325,fused,random,0,46,25,True,,9016,5,1831550947608713899,38,7448,0.1484375,0.1658397614955902,0.15608367323875427,0.5259691476821899,0.4705416262149811,0.36012938618659973,0.3144579529762268,1,1,0.009756088256835938,0.19145774841308594,0.05542752146720886,0,0,1,1,1,7448
0,Phoenix/Phoenix_0000325_2015_06_021_33.42581825948063_-112.0850365007273_45x-7DRlWxNEN6e5y5VxUA.jpg,Phoenix:325,fused,random,1,75,67,True,,9016,5,1831550947608713899,38,7448,0.1484375,0.1658397614955902,0.17346733808517456,0.5259691476821899,0.5133208632469177,0.36012938618659973,0.33985352516174316,1,1,-0.007627576589584351,0.06869888305664062,0.012648284435272217,0,0,1,1,1,7448
0,Phoenix/Phoenix_0000325_2015_06_021_33.42581825948063_-112.0850365007273_45x-7DRlWxNEN6e5y5VxUA.jpg,Phoenix:325,fused,random,2,-35,56,True,,9016,5,1831550947608713899,38,7448,0.1484375,0.1658397614955902,0.11331376433372498,0.5259691476821899,0.42771175503730774,0.36012938618659973,0.31439799070358276,1,1,0.052525997161865234,0.19862127304077148,0.0982573926448822,0,0,1,1,1,7448
0,Phoenix/Phoenix_0000325_2015_06_021_33.42581825948063_-112.0850365007273_45x-7DRlWxNEN6e5y5VxUA.jpg,Phoenix:325,fused,random,3,8,52,True,,9016,5,1831550947608713899,38,7448,0.1484375,0.1658397614955902,0.11809974908828735,0.5259691476821899,0.41412055492401123,0.36012938618659973,0.2960208058357239,1,1,0.047740012407302856,0.30728358030319214,0.11184859275817871,0,0,1,1,1,7448
0,Phoenix/Phoenix_0000325_2015_06_021_33.42581825948063_-112.0850365007273_45x-7DRlWxNEN6e5y5VxUA.jpg,Phoenix:325,fused,random,4,-2,42,True,,9016,5,1831550947608713899,38,7448,0.1484375,0.1658397614955902,0.05751493573188782,0.5259691476821899,0.4036705791950226,0.36012938618659973,0.34615564346313477,1,1,0.10832482576370239,0.33974432945251465,0.12229856848716736,0,0,1,1,1,7448
1,Phoenix/Phoenix_0005556_2009_04_271_33.47930167292864_-112.0379044065707_5vpTbxl6c_TjHL9dqfoekQ.jpg,Phoenix:5556,attention,clean,-1,0,0,True,,3248,5,1009142091850815525,38,7448,0.1484375,0.3509809970855713,0.3509809970855713,0.7563347816467285,0.7563347816467285,0.4053537845611572,0.4053537845611572,1,1,0.0,0.0,0.0,0,0,1,1,1,0
1,Phoenix/Phoenix_0005556_2009_04_271_33.47930167292864_-112.0379044065707_5vpTbxl6c_TjHL9dqfoekQ.jpg,Phoenix:5556,fused,clean,-1,0,0,True,,5642,5,3366360286495844360,38,7448,0.1484375,0.3509809970855713,0.3509809970855713,0.7563347816467285,0.7563347816467285,0.4053537845611572,0.4053537845611572,1,1,0.0,0.0,0.0,0,0,1,1,1,0
1,Phoenix/Phoenix_0005556_2009_04_271_33.47930167292864_-112.0379044065707_5vpTbxl6c_TjHL9dqfoekQ.jpg,Phoenix:5556,attention,targeted,-1,0,0,True,,3248,5,1009142091850815525,38,7448,0.1484375,0.3509809970855713,0.33712729811668396,0.7563347816467285,0.7049817442893982,0.4053537845611572,0.36785444617271423,1,1,0.013853698968887329,0.14934509992599487,0.05135303735733032,0,0,1,1,1,7448
1,Phoenix/Phoenix_0005556_2009_04_271_33.47930167292864_-112.0379044065707_5vpTbxl6c_TjHL9dqfoekQ.jpg,Phoenix:5556,attention,random,0,26,6,True,,3248,5,1009142091850815525,38,7448,0.1484375,0.3509809970855713,0.32232946157455444,0.7563347816467285,0.7197359204292297,0.4053537845611572,0.3974064588546753,1,1,0.028651535511016846,0.13289451599121094,0.03659886121749878,0,0,1,1,1,7448
1,Phoenix/Phoenix_0005556_2009_04_271_33.47930167292864_-112.0379044065707_5vpTbxl6c_TjHL9dqfoekQ.jpg,Phoenix:5556,attention,random,1,5,30,True,,3248,5,1009142091850815525,38,7448,0.1484375,0.3509809970855713,0.329316645860672,0.7563347816467285,0.6940926313400269,0.4053537845611572,0.36477598547935486,1,1,0.021664351224899292,0.153184711933136,0.06224215030670166,0,0,1,1,1,7448
1,Phoenix/Phoenix_0005556_2009_04_271_33.47930167292864_-112.0379044065707_5vpTbxl6c_TjHL9dqfoekQ.jpg,Phoenix:5556,attention,random,2,4,11,True,,3248,5,1009142091850815525,38,7448,0.1484375,0.3509809970855713,0.33609747886657715,0.7563347816467285,0.6773895025253296,0.4053537845611572,0.34129202365875244,1,1,0.01488351821899414,0.19791418313980103,0.07894527912139893,0,0,1,1,1,7448
1,Phoenix/Phoenix_0005556_2009_04_271_33.47930167292864_-112.0379044065707_5vpTbxl6c_TjHL9dqfoekQ.jpg,Phoenix:5556,attention,random,3,55,30,True,,3248,5,1009142091850815525,38,7448,0.1484375,0.3509809970855713,0.3226364254951477,0.7563347816467285,0.7276512384414673,0.4053537845611572,0.4050148129463196,1,1,0.028344571590423584,0.10115480422973633,0.02868354320526123,0,0,1,1,1,7448
1,Phoenix/Phoenix_0005556_2009_04_271_33.47930167292864_-112.0379044065707_5vpTbxl6c_TjHL9dqfoekQ.jpg,Phoenix:5556,attention,random,4,10,49,True,,3248,5,1009142091850815525,38,7448,0.1484375,0.3509809970855713,0.3448081314563751,0.7563347816467285,0.6981827616691589,0.4053537845611572,0.3533746302127838,1,1,0.006172865629196167,0.13023412227630615,0.05815201997756958,0,0,1,1,1,7448
1,Phoenix/Phoenix_0005556_2009_04_271_33.47930167292864_-112.0379044065707_5vpTbxl6c_TjHL9dqfoekQ.jpg,Phoenix:5556,fused,targeted,-1,0,0,True,,5642,5,3366360286495844360,38,7448,0.1484375,0.3509809970855713,0.3356500267982483,0.7563347816467285,0.6893542408943176,0.4053537845611572,0.35370421409606934,1,1,0.015330970287322998,0.13496583700180054,0.06698054075241089,0,0,1,1,1,7448
1,Phoenix/Phoenix_0005556_2009_04_271_33.47930167292864_-112.0379044065707_5vpTbxl6c_TjHL9dqfoekQ.jpg,Phoenix:5556,fused,random,0,7,-29,True,,5642,5,3366360286495844360,38,7448,0.1484375,0.3509809970855713,0.36899805068969727,0.7563347816467285,0.7222788333892822,0.4053537845611572,0.35328078269958496,1,1,-0.018017053604125977,0.11788046360015869,0.03405594825744629,0,0,1,1,1,7448
1,Phoenix/Phoenix_0005556_2009_04_271_33.47930167292864_-112.0379044065707_5vpTbxl6c_TjHL9dqfoekQ.jpg,Phoenix:5556,fused,random,1,41,-11,True,,5642,5,3366360286495844360,38,7448,0.1484375,0.3509809970855713,0.33894088864326477,0.7563347816467285,0.7208967208862305,0.4053537845611572,0.3819558322429657,1,1,0.012040108442306519,0.0688212513923645,0.03543806076049805,0,0,1,1,1,7448
1,Phoenix/Phoenix_0005556_2009_04_271_33.47930167292864_-112.0379044065707_5vpTbxl6c_TjHL9dqfoekQ.jpg,Phoenix:5556,fused,random,2,22,0,True,,5642,5,3366360286495844360,38,7448,0.1484375,0.3509809970855713,0.3177955448627472,0.7563347816467285,0.7164469957351685,0.4053537845611572,0.39865145087242126,1,1,0.0331854522228241,0.1063539981842041,0.03988778591156006,0,0,1,1,1,7448
1,Phoenix/Phoenix_0005556_2009_04_271_33.47930167292864_-112.0379044065707_5vpTbxl6c_TjHL9dqfoekQ.jpg,Phoenix:5556,fused,random,3,23,-14,True,,5642,5,3366360286495844360,38,7448,0.1484375,0.3509809970855713,0.3440333306789398,0.7563347816467285,0.7226490378379822,0.4053537845611572,0.37861570715904236,1,1,0.00694766640663147,0.11786854267120361,0.03368574380874634,0,0,1,1,1,7448
1,Phoenix/Phoenix_0005556_2009_04_271_33.47930167292864_-112.0379044065707_5vpTbxl6c_TjHL9dqfoekQ.jpg,Phoenix:5556,fused,random,4,14,-33,True,,5642,5,3366360286495844360,38,7448,0.1484375,0.3509809970855713,0.38216134905815125,0.7563347816467285,0.7585618495941162,0.4053537845611572,0.37640050053596497,1,1,-0.031180351972579956,0.08585250377655029,-0.0022270679473876953,0,0,1,1,1,7448
1,Rome/Rome_0002322_2020_09_206_41.90414397804343_12.50668424079407_30YSM08CpegQ-aKwG6pKjg.jpg,Rome:2322,attention,clean,-1,0,0,True,,2870,5,2522220574792232814,38,7448,0.1484375,0.2624127268791199,0.2624127268791199,0.4871445894241333,0.4871445894241333,0.22473184764385223,0.22473184764385223,1,1,0.0,0.0,0.0,0,0,1,1,1,0
1,Rome/Rome_0002322_2020_09_206_41.90414397804343_12.50668424079407_30YSM08CpegQ-aKwG6pKjg.jpg,Rome:2322,fused,clean,-1,0,0,True,,2870,5,1439580900423909698,38,7448,0.1484375,0.2624127268791199,0.2624127268791199,0.4871445894241333,0.4871445894241333,0.22473184764385223,0.22473184764385223,1,1,0.0,0.0,0.0,0,0,1,1,1,0
1,Rome/Rome_0002322_2020_09_206_41.90414397804343_12.50668424079407_30YSM08CpegQ-aKwG6pKjg.jpg,Rome:2322,attention,targeted,-1,0,0,True,,2870,5,2522220574792232814,38,7448,0.1484375,0.2624127268791199,0.2094917893409729,0.4871445894241333,0.3935161232948303,0.22473184764385223,0.18402433395385742,1,1,0.05292093753814697,0.33421021699905396,0.09362846612930298,0,0,1,1,1,7448
1,Rome/Rome_0002322_2020_09_206_41.90414397804343_12.50668424079407_30YSM08CpegQ-aKwG6pKjg.jpg,Rome:2322,attention,random,0,-20,-17,True,,2870,5,2522220574792232814,38,7448,0.1484375,0.2624127268791199,0.23674339056015015,0.4871445894241333,0.4032987356185913,0.22473184764385223,0.16655534505844116,1,1,0.025669336318969727,0.26178789138793945,0.08384585380554199,0,0,1,1,1,7448
1,Rome/Rome_0002322_2020_09_206_41.90414397804343_12.50668424079407_30YSM08CpegQ-aKwG6pKjg.jpg,Rome:2322,attention,random,1,-34,-11,True,,2870,5,2522220574792232814,38,7448,0.1484375,0.2624127268791199,0.20704606175422668,0.4871445894241333,0.41674143075942993,0.22473184764385223,0.20969536900520325,1,1,0.05536666512489319,0.23025107383728027,0.07040315866470337,0,0,1,1,1,7448
1,Rome/Rome_0002322_2020_09_206_41.90414397804343_12.50668424079407_30YSM08CpegQ-aKwG6pKjg.jpg,Rome:2322,attention,random,2,-29,-8,True,,2870,5,2522220574792232814,38,7448,0.1484375,0.2624127268791199,0.21759623289108276,0.4871445894241333,0.42461565136909485,0.22473184764385223,0.20701941847801208,1,1,0.04481649398803711,0.22652071714401245,0.06252893805503845,0,0,1,1,1,7448
1,Rome/Rome_0002322_2020_09_206_41.90414397804343_12.50668424079407_30YSM08CpegQ-aKwG6pKjg.jpg,Rome:2322,attention,random,3,47,-27,True,,2870,5,2522220574792232814,38,7448,0.1484375,0.2624127268791199,0.24419516324996948,0.4871445894241333,0.48332279920578003,0.22473184764385223,0.23912763595581055,1,1,0.01821756362915039,0.11639219522476196,0.0038217902183532715,0,0,1,1,1,7448
1,Rome/Rome_0002322_2020_09_206_41.90414397804343_12.50668424079407_30YSM08CpegQ-aKwG6pKjg.jpg,Rome:2322,attention,random,4,53,-21,True,,2870,5,2522220574792232814,38,7448,0.1484375,0.2624127268791199,0.22993025183677673,0.4871445894241333,0.45723578333854675,0.22473184764385223,0.22730553150177002,1,1,0.03248247504234314,0.1452350616455078,0.029908806085586548,0,0,1,1,1,7448
1,Rome/Rome_0002322_2020_09_206_41.90414397804343_12.50668424079407_30YSM08CpegQ-aKwG6pKjg.jpg,Rome:2322,fused,targeted,-1,0,0,True,,2870,5,1439580900423909698,38,7448,0.1484375,0.2624127268791199,0.18478232622146606,0.4871445894241333,0.3618807792663574,0.22473184764385223,0.17709845304489136,1,1,0.07763040065765381,0.3555409908294678,0.12526381015777588,0,0,1,1,1,7448
1,Rome/Rome_0002322_2020_09_206_41.90414397804343_12.50668424079407_30YSM08CpegQ-aKwG6pKjg.jpg,Rome:2322,fused,random,0,-18,-16,True,,2870,5,1439580900423909698,38,7448,0.1484375,0.2624127268791199,0.25634658336639404,0.4871445894241333,0.42652228474617004,0.22473184764385223,0.1701756864786148,1,1,0.00606614351272583,0.2611338496208191,0.06062230467796326,0,0,1,1,1,7448
1,Rome/Rome_0002322_2020_09_206_41.90414397804343_12.50668424079407_30YSM08CpegQ-aKwG6pKjg.jpg,Rome:2322,fused,random,1,26,-25,True,,2870,5,1439580900423909698,38,7448,0.1484375,0.2624127268791199,0.2912740707397461,0.4871445894241333,0.4674570560455322,0.22473184764385223,0.17618297040462494,1,1,-0.02886134386062622,0.17296993732452393,0.019687533378601074,0,0,1,1,1,7448
1,Rome/Rome_0002322_2020_09_206_41.90414397804343_12.50668424079407_30YSM08CpegQ-aKwG6pKjg.jpg,Rome:2322,fused,random,2,14,-15,True,,2870,5,1439580900423909698,38,7448,0.1484375,0.2624127268791199,0.2485995590686798,0.4871445894241333,0.43117257952690125,0.22473184764385223,0.18257302045822144,1,1,0.013813167810440063,0.27975308895111084,0.055972009897232056,0,0,1,1,1,7448
1,Rome/Rome_0002322_2020_09_206_41.90414397804343_12.50668424079407_30YSM08CpegQ-aKwG6pKjg.jpg,Rome:2322,fused,random,3,-2,-28,True,,2870,5,1439580900423909698,38,7448,0.1484375,0.2624127268791199,0.3135800361633301,0.4871445894241333,0.47976166009902954,0.22473184764385223,0.16618162393569946,1,1,-0.051167309284210205,0.20956385135650635,0.00738292932510376,0,0,1,1,1,7448
1,Rome/Rome_0002322_2020_09_206_41.90414397804343_12.50668424079407_30YSM08CpegQ-aKwG6pKjg.jpg,Rome:2322,fused,random,4,-24,-10,True,,2870,5,1439580900423909698,38,7448,0.1484375,0.2624127268791199,0.2021213173866272,0.4871445894241333,0.3902294635772705,0.22473184764385223,0.1881081461906433,1,1,0.060291409492492676,0.31928354501724243,0.09691512584686279,0,0,1,1,1,7448
1,Miami/Miami_0001396_2018_04_116_25.74180569451551_-80.28432920772919_0ByBlRPYNF4yHQ47sFy7nQ.jpg,Miami:1396,attention,clean,-1,0,0,True,,10010,5,3236916950231879219,38,7448,0.1484375,0.2905808687210083,0.2905808687210083,0.6161483526229858,0.6161483526229858,0.32556748390197754,0.32556748390197754,1,1,0.0,0.0,0.0,0,0,1,1,1,0
1,Miami/Miami_0001396_2018_04_116_25.74180569451551_-80.28432920772919_0ByBlRPYNF4yHQ47sFy7nQ.jpg,Miami:1396,fused,clean,-1,0,0,True,,13958,5,6147470899961672920,38,7448,0.1484375,0.2905808687210083,0.2905808687210083,0.6161483526229858,0.6161483526229858,0.32556748390197754,0.32556748390197754,1,1,0.0,0.0,0.0,0,0,1,1,1,0
1,Miami/Miami_0001396_2018_04_116_25.74180569451551_-80.28432920772919_0ByBlRPYNF4yHQ47sFy7nQ.jpg,Miami:1396,attention,targeted,-1,0,0,True,,10010,5,3236916950231879219,38,7448,0.1484375,0.2905808687210083,0.22549843788146973,0.6161483526229858,0.5121421813964844,0.32556748390197754,0.28664374351501465,1,1,0.06508243083953857,0.27701008319854736,0.10400617122650146,0,0,1,1,1,7448
1,Miami/Miami_0001396_2018_04_116_25.74180569451551_-80.28432920772919_0ByBlRPYNF4yHQ47sFy7nQ.jpg,Miami:1396,attention,random,0,33,-35,True,,10010,5,3236916950231879219,38,7448,0.1484375,0.2905808687210083,0.23931515216827393,0.6161483526229858,0.5271061658859253,0.32556748390197754,0.28779101371765137,1,1,0.051265716552734375,0.24094462394714355,0.08904218673706055,0,0,1,1,1,7448
1,Miami/Miami_0001396_2018_04_116_25.74180569451551_-80.28432920772919_0ByBlRPYNF4yHQ47sFy7nQ.jpg,Miami:1396,attention,random,1,-34,-23,True,,10010,5,3236916950231879219,38,7448,0.1484375,0.2905808687210083,0.17554426193237305,0.6161483526229858,0.5264115333557129,0.32556748390197754,0.35086727142333984,1,1,0.11503660678863525,0.2255784273147583,0.08973681926727295,0,0,1,1,1,7448
1,Miami/Miami_0001396_2018_04_116_25.74180569451551_-80.28432920772919_0ByBlRPYNF4yHQ47sFy7nQ.jpg,Miami:1396,attention,random,2,52,-37,True,,10010,5,3236916950231879219,38,7448,0.1484375,0.2905808687210083,0.2764328122138977,0.6161483526229858,0.596341073513031,0.32556748390197754,0.3199082612991333,1,1,0.014148056507110596,0.1193094253540039,0.019807279109954834,0,0,1,1,1,7448
1,Miami/Miami_0001396_2018_04_116_25.74180569451551_-80.28432920772919_0ByBlRPYNF4yHQ47sFy7nQ.jpg,Miami:1396,attention,random,3,17,-26,True,,10010,5,3236916950231879219,38,7448,0.1484375,0.2905808687210083,0.1952526569366455,0.6161483526229858,0.4950217306613922,0.32556748390197754,0.2997690737247467,1,1,0.09532821178436279,0.28244471549987793,0.12112662196159363,0,0,1,1,1,7448
1,Miami/Miami_0001396_2018_04_116_25.74180569451551_-80.28432920772919_0ByBlRPYNF4yHQ47sFy7nQ.jpg,Miami:1396,attention,random,4,10,4,True,,10010,5,3236916950231879219,38,7448,0.1484375,0.2905808687210083,0.1970960795879364,0.6161483526229858,0.48641353845596313,0.32556748390197754,0.28931745886802673,1,1,0.0934847891330719,0.31502705812454224,0.1297348141670227,0,0,1,1,1,7448
1,Miami/Miami_0001396_2018_04_116_25.74180569451551_-80.28432920772919_0ByBlRPYNF4yHQ47sFy7nQ.jpg,Miami:1396,fused,targeted,-1,0,0,True,,13958,5,6147470899961672920,38,7448,0.1484375,0.2905808687210083,0.2098086178302765,0.6161483526229858,0.496489554643631,0.32556748390197754,0.2866809368133545,1,1,0.08077225089073181,0.2922539710998535,0.11965879797935486,0,0,1,1,1,7448
1,Miami/Miami_0001396_2018_04_116_25.74180569451551_-80.28432920772919_0ByBlRPYNF4yHQ47sFy7nQ.jpg,Miami:1396,fused,random,0,-51,-56,True,,13958,5,6147470899961672920,38,7448,0.1484375,0.2905808687210083,0.24376142024993896,0.6161483526229858,0.5398581027984619,0.32556748390197754,0.29609668254852295,1,1,0.046819448471069336,0.15810441970825195,0.07629024982452393,0,0,1,1,1,7448
1,Miami/Miami_0001396_2018_04_116_25.74180569451551_-80.28432920772919_0ByBlRPYNF4yHQ47sFy7nQ.jpg,Miami:1396,fused,random,1,-31,41,True,,13958,5,6147470899961672920,38,7448,0.1484375,0.2905808687210083,0.24261394143104553,0.6161483526229858,0.545894980430603,0.32556748390197754,0.3032810389995575,1,1,0.04796692728996277,0.21906983852386475,0.07025337219238281,0,0,1,1,1,7448
1,Miami/Miami_0001396_2018_04_116_25.74180569451551_-80.28432920772919_0ByBlRPYNF4yHQ47sFy7nQ.jpg,Miami:1396,fused,random,2,-38,5,True,,13958,5,6147470899961672920,38,7448,0.1484375,0.2905808687210083,0.2213842272758484,0.6161483526229858,0.519595205783844,0.32556748390197754,0.2982109785079956,1,1,0.06919664144515991,0.2398754358291626,0.09655314683914185,0,0,1,1,1,7448
1,Miami/Miami_0001396_2018_04_116_25.74180569451551_-80.28432920772919_0ByBlRPYNF4yHQ47sFy7nQ.jpg,Miami:1396,fused,random,3,-73,24,True,,13958,5,6147470899961672920,38,7448,0.1484375,0.2905808687210083,0.28902459144592285,0.6161483526229858,0.5853561162948608,0.32556748390197754,0.296331524848938,1,1,0.0015562772750854492,0.0951542854309082,0.030792236328125,0,0,1,1,1,7448
1,Miami/Miami_0001396_2018_04_116_25.74180569451551_-80.28432920772919_0ByBlRPYNF4yHQ47sFy7nQ.jpg,Miami:1396,fused,random,4,40,41,True,,13958,5,6147470899961672920,38,7448,0.1484375,0.2905808687210083,0.26637887954711914,0.6161483526229858,0.5630017518997192,0.32556748390197754,0.2966228723526001,1,1,0.02420198917388916,0.13960278034210205,0.0531466007232666,0,0,1,1,1,7448
1,BuenosAires/BuenosAires_0000297_2016_10_428_-34.61652537485935_-58.40848909044821_ssL5FkI4IJVJvP9bnQUa8A.jpg,BuenosAires:297,attention,clean,-1,0,0,True,,11186,5,9046432827596880075,38,7448,0.1484375,0.1658242642879486,0.1658242642879486,0.43457522988319397,0.43457522988319397,0.26875096559524536,0.26875096559524536,1,1,0.0,0.0,0.0,0,0,1,1,1,0
1,BuenosAires/BuenosAires_0000297_2016_10_428_-34.61652537485935_-58.40848909044821_ssL5FkI4IJVJvP9bnQUa8A.jpg,BuenosAires:297,fused,clean,-1,0,0,True,,8022,5,8047537831187100537,38,7448,0.1484375,0.1658242642879486,0.1658242642879486,0.43457522988319397,0.43457522988319397,0.26875096559524536,0.26875096559524536,1,1,0.0,0.0,0.0,0,0,1,1,1,0
1,BuenosAires/BuenosAires_0000297_2016_10_428_-34.61652537485935_-58.40848909044821_ssL5FkI4IJVJvP9bnQUa8A.jpg,BuenosAires:297,attention,targeted,-1,0,0,True,,11186,5,9046432827596880075,38,7448,0.1484375,0.1658242642879486,0.13265752792358398,0.43457522988319397,0.38582319021224976,0.26875096559524536,0.25316566228866577,1,1,0.033166736364364624,0.21822643280029297,0.048752039670944214,0,0,1,1,1,7448
1,BuenosAires/BuenosAires_0000297_2016_10_428_-34.61652537485935_-58.40848909044821_ssL5FkI4IJVJvP9bnQUa8A.jpg,BuenosAires:297,attention,random,0,30,74,True,,11186,5,9046432827596880075,38,7448,0.1484375,0.1658242642879486,0.11667084693908691,0.43457522988319397,0.40250277519226074,0.26875096559524536,0.28583192825317383,1,1,0.049153417348861694,0.22073882818222046,0.03207245469093323,0,0,1,1,1,7448
1,BuenosAires/BuenosAires_0000297_2016_10_428_-34.61652537485935_-58.40848909044821_ssL5FkI4IJVJvP9bnQUa8A.jpg,BuenosAires:297,attention,random,1,-5,11,True,,11186,5,9046432827596880075,38,7448,0.1484375,0.1658242642879486,0.12872284650802612,0.43457522988319397,0.3927544355392456,0.26875096559524536,0.2640315890312195,1,1,0.037101417779922485,0.1948338747024536,0.041820794343948364,0,0,1,1,1,7448
1,BuenosAires/BuenosAires_0000297_2016_10_428_-34.61652537485935_-58.40848909044821_ssL5FkI4IJVJvP9bnQUa8A.jpg,BuenosAires:297,attention,random,2,19,4,True,,11186,5,9046432827596880075,38,7448,0.1484375,0.1658242642879486,0.07682192325592041,0.43457522988319397,0.3246702551841736,0.26875096559524536,0.24784833192825317,1,1,0.0890023410320282,0.27615034580230713,0.10990497469902039,0,0,1,1,1,7448
1,BuenosAires/BuenosAires_0000297_2016_10_428_-34.61652537485935_-58.40848909044821_ssL5FkI4IJVJvP9bnQUa8A.jpg,BuenosAires:297,attention,random,3,30,31,True,,11186,5,9046432827596880075,38,7448,0.1484375,0.1658242642879486,0.11651191115379333,0.43457522988319397,0.36949214339256287,0.26875096559524536,0.25298023223876953,1,1,0.04931235313415527,0.1883772611618042,0.0650830864906311,0,0,1,1,1,7448
1,BuenosAires/BuenosAires_0000297_2016_10_428_-34.61652537485935_-58.40848909044821_ssL5FkI4IJVJvP9bnQUa8A.jpg,BuenosAires:297,attention,random,4,-10,103,True,,11186,5,9046432827596880075,38,7448,0.1484375,0.1658242642879486,0.08139967918395996,0.43457522988319397,0.38283461332321167,0.26875096559524536,0.3014349341392517,1,1,0.08442458510398865,0.20074129104614258,0.0517406165599823,0,0,1,1,1,7448
1,BuenosAires/BuenosAires_0000297_2016_10_428_-34.61652537485935_-58.40848909044821_ssL5FkI4IJVJvP9bnQUa8A.jpg,BuenosAires:297,fused,targeted,-1,0,0,True,,8022,5,8047537831187100537,38,7448,0.1484375,0.1658242642879486,0.13831543922424316,0.43457522988319397,0.3464587330818176,0.26875096559524536,0.20814329385757446,1,1,0.027508825063705444,0.2730323076248169,0.08811649680137634,0,0,1,1,1,7448
1,BuenosAires/BuenosAires_0000297_2016_10_428_-34.61652537485935_-58.40848909044821_ssL5FkI4IJVJvP9bnQUa8A.jpg,BuenosAires:297,fused,random,0,21,13,True,,8022,5,8047537831187100537,38,7448,0.1484375,0.1658242642879486,0.13985484838485718,0.43457522988319397,0.36044108867645264,0.26875096559524536,0.22058624029159546,1,1,0.02596941590309143,0.25180673599243164,0.07413414120674133,0,0,1,1,1,7448
1,BuenosAires/BuenosAires_0000297_2016_10_428_-34.61652537485935_-58.40848909044821_ssL5FkI4IJVJvP9bnQUa8A.jpg,BuenosAires:297,fused,random,1,76,2,True,,8022,5,8047537831187100537,38,7448,0.1484375,0.1658242642879486,0.17447099089622498,0.43457522988319397,0.4132453203201294,0.26875096559524536,0.23877432942390442,1,1,-0.008646726608276367,0.10759502649307251,0.021329909563064575,0,0,1,1,1,7448
1,BuenosAires/BuenosAires_0000297_2016_10_428_-34.61652537485935_-58.40848909044821_ssL5FkI4IJVJvP9bnQUa8A.jpg,BuenosAires:297,fused,random,2,4,38,True,,8022,5,8047537831187100537,38,7448,0.1484375,0.1658242642879486,0.08066996932029724,0.43457522988319397,0.3727167546749115,0.26875096559524536,0.29204678535461426,1,1,0.08515429496765137,0.21189117431640625,0.06185847520828247,0,0,1,1,1,7448
1,BuenosAires/BuenosAires_0000297_2016_10_428_-34.61652537485935_-58.40848909044821_ssL5FkI4IJVJvP9bnQUa8A.jpg,BuenosAires:297,fused,random,3,27,52,True,,8022,5,8047537831187100537,38,7448,0.1484375,0.1658242642879486,0.1170300543308258,0.43457522988319397,0.39301201701164246,0.26875096559524536,0.27598196268081665,1,1,0.0487942099571228,0.20208537578582764,0.041563212871551514,0,0,1,1,1,7448
1,BuenosAires/BuenosAires_0000297_2016_10_428_-34.61652537485935_-58.40848909044821_ssL5FkI4IJVJvP9bnQUa8A.jpg,BuenosAires:297,fused,random,4,41,24,True,,8022,5,8047537831187100537,38,7448,0.1484375,0.1658242642879486,0.13554447889328003,0.43457522988319397,0.3929452896118164,0.26875096559524536,0.2574008107185364,1,1,0.03027978539466858,0.20197319984436035,0.041629940271377563,0,0,1,1,1,7448
1,BuenosAires/BuenosAires_0001247_2016_11_463_-34.58180590773821_-58.39880540419779_rttMoDn2b4n1aI8kmbpVLA.jpg,BuenosAires:1247,attention,clean,-1,0,0,True,,11186,5,2790534313019810560,38,7448,0.1484375,0.14888358116149902,0.14888358116149902,0.30960720777511597,0.30960720777511597,0.16072362661361694,0.16072362661361694,1,1,0.0,0.0,0.0,0,0,1,1,1,0
1,BuenosAires/BuenosAires_0001247_2016_11_463_-34.58180590773821_-58.39880540419779_rttMoDn2b4n1aI8kmbpVLA.jpg,BuenosAires:1247,fused,clean,-1,0,0,True,,11186,5,5258362728082832314,38,7448,0.1484375,0.14888358116149902,0.14888358116149902,0.30960720777511597,0.30960720777511597,0.16072362661361694,0.16072362661361694,1,1,0.0,0.0,0.0,0,0,1,1,1,0
1,BuenosAires/BuenosAires_0001247_2016_11_463_-34.58180590773821_-58.39880540419779_rttMoDn2b4n1aI8kmbpVLA.jpg,BuenosAires:1247,attention,targeted,-1,0,0,True,,11186,5,2790534313019810560,38,7448,0.1484375,0.14888358116149902,0.08565440773963928,0.30960720777511597,0.28263911604881287,0.16072362661361694,0.19698470830917358,1,1,0.06322917342185974,0.32542240619659424,0.0269680917263031,0,0,1,1,1,7448
1,BuenosAires/BuenosAires_0001247_2016_11_463_-34.58180590773821_-58.39880540419779_rttMoDn2b4n1aI8kmbpVLA.jpg,BuenosAires:1247,attention,random,0,97,24,True,,11186,5,2790534313019810560,38,7448,0.1484375,0.14888358116149902,0.15649309754371643,0.30960720777511597,0.31365764141082764,0.16072362661361694,0.1571645438671112,1,1,-0.007609516382217407,0.10683494806289673,-0.00405043363571167,0,0,1,1,1,7448
1,BuenosAires/BuenosAires_0001247_2016_11_463_-34.58180590773821_-58.39880540419779_rttMoDn2b4n1aI8kmbpVLA.jpg,BuenosAires:1247,attention,random,1,70,49,True,,11186,5,2790534313019810560,38,7448,0.1484375,0.14888358116149902,0.12812882661819458,0.30960720777511597,0.31144624948501587,0.16072362661361694,0.1833174228668213,1,1,0.020754754543304443,0.10942649841308594,-0.0018390417098999023,0,0,1,1,1,7448
1,BuenosAires/BuenosAires_0001247_2016_11_463_-34.58180590773821_-58.39880540419779_rttMoDn2b4n1aI8kmbpVLA.jpg,BuenosAires:1247,attention,random,2,95,68,True,,11186,5,2790534313019810560,38,7448,0.1484375,0.14888358116149902,0.1365911364555359,0.30960720777511597,0.31916001439094543,0.16072362661361694,0.18256887793540955,1,1,0.012292444705963135,0.08781224489212036,-0.009552806615829468,0,0,1,1,1,7448
1,BuenosAires/BuenosAires_0001247_2016_11_463_-34.58180590773821_-58.39880540419779_rttMoDn2b4n1aI8kmbpVLA.jpg,BuenosAires:1247,attention,random,3,36,43,True,,11186,5,2790534313019810560,38,7448,0.1484375,0.14888358116149902,0.09967958927154541,0.30960720777511597,0.2888025939464569,0.16072362661361694,0.1891230046749115,1,1,0.04920399188995361,0.18755602836608887,0.020804613828659058,0,0,1,1,1,7448
1,BuenosAires/BuenosAires_0001247_2016_11_463_-34.58180590773821_-58.39880540419779_rttMoDn2b4n1aI8kmbpVLA.jpg,BuenosAires:1247,attention,random,4,82,65,True,,11186,5,2790534313019810560,38,7448,0.1484375,0.14888358116149902,0.18836386501789093,0.30960720777511597,0.3601483106613159,0.16072362661361694,0.171784445643425,1,1,-0.03948028385639191,0.10288310050964355,-0.05054110288619995,0,0,1,1,1,7448
1,BuenosAires/BuenosAires_0001247_2016_11_463_-34.58180590773821_-58.39880540419779_rttMoDn2b4n1aI8kmbpVLA.jpg,BuenosAires:1247,fused,targeted,-1,0,0,True,,11186,5,5258362728082832314,38,7448,0.1484375,0.14888358116149902,0.12126520276069641,0.30960720777511597,0.30941495299339294,0.16072362661361694,0.18814975023269653,1,1,0.027618378400802612,0.2413802146911621,0.00019225478172302246,0,0,1,1,1,7448
1,BuenosAires/BuenosAires_0001247_2016_11_463_-34.58180590773821_-58.39880540419779_rttMoDn2b4n1aI8kmbpVLA.jpg,BuenosAires:1247,fused,random,0,75,20,True,,11186,5,5258362728082832314,38,7448,0.1484375,0.14888358116149902,0.1356801986694336,0.30960720777511597,0.3008490800857544,0.16072362661361694,0.1651688814163208,1,1,0.01320338249206543,0.1343584656715393,0.008758127689361572,0,0,1,1,1,7448
1,BuenosAires/BuenosAires_0001247_2016_11_463_-34.58180590773821_-58.39880540419779_rttMoDn2b4n1aI8kmbpVLA.jpg,BuenosAires:1247,fused,random,1,69,78,True,,11186,5,5258362728082832314,38,7448,0.1484375,0.14888358116149902,0.12742260098457336,0.30960720777511597,0.3168594241142273,0.16072362661361694,0.18943682312965393,1,1,0.02146098017692566,0.15428704023361206,-0.007252216339111328,0,0,1,1,1,7448
1,BuenosAires/BuenosAires_0001247_2016_11_463_-34.58180590773821_-58.39880540419779_rttMoDn2b4n1aI8kmbpVLA.jpg,BuenosAires:1247,fused,random,2,5,49,True,,11186,5,5258362728082832314,38,7448,0.1484375,0.14888358116149902,0.09118613600730896,0.30960720777511597,0.25416702032089233,0.16072362661361694,0.16298088431358337,1,1,0.057697445154190063,0.2222985029220581,0.05544018745422363,0,0,1,1,1,7448
1,BuenosAires/BuenosAires_0001247_2016_11_463_-34.58180590773821_-58.39880540419779_rttMoDn2b4n1aI8kmbpVLA.jpg,BuenosAires:1247,fused,random,3,98,97,True,,11186,5,5258362728082832314,38,7448,0.1484375,0.14888358116149902,0.14576032757759094,0.30960720777511597,0.32343238592147827,0.16072362661361694,0.17767205834388733,1,1,0.003123253583908081,0.07171988487243652,-0.013825178146362305,0,0,1,1,1,7448
1,BuenosAires/BuenosAires_0001247_2016_11_463_-34.58180590773821_-58.39880540419779_rttMoDn2b4n1aI8kmbpVLA.jpg,BuenosAires:1247,fused,random,4,53,7,True,,11186,5,5258362728082832314,38,7448,0.1484375,0.14888358116149902,0.06972071528434753,0.30960720777511597,0.253318727016449,0.16072362661361694,0.18359801173210144,1,1,0.07916286587715149,0.22037279605865479,0.05628848075866699,0,0,1,1,1,7448
1,MexicoCity/MexicoCity_0000547_2015_01_266_19.42405929995902_-99.18134064792606_DZZOowbIJ4MvNNNkeIhAsg.jpg,MexicoCity:547,attention,clean,-1,0,0,True,,9016,5,8264738841663025682,38,7448,0.1484375,0.17881694436073303,0.17881694436073303,0.5395630598068237,0.5395630598068237,0.3607461154460907,0.3607461154460907,1,1,0.0,0.0,0.0,0,0,1,1,1,0
1,MexicoCity/MexicoCity_0000547_2015_01_266_19.42405929995902_-99.18134064792606_DZZOowbIJ4MvNNNkeIhAsg.jpg,MexicoCity:547,fused,clean,-1,0,0,True,,9016,5,7426804295354750440,38,7448,0.1484375,0.17881694436073303,0.17881694436073303,0.5395630598068237,0.5395630598068237,0.3607461154460907,0.3607461154460907,1,1,0.0,0.0,0.0,0,0,1,1,1,0
1,MexicoCity/MexicoCity_0000547_2015_01_266_19.42405929995902_-99.18134064792606_DZZOowbIJ4MvNNNkeIhAsg.jpg,MexicoCity:547,attention,targeted,-1,0,0,True,,9016,5,8264738841663025682,38,7448,0.1484375,0.17881694436073303,0.14231762290000916,0.5395630598068237,0.5111353993415833,0.3607461154460907,0.3688177764415741,1,1,0.03649932146072388,0.1878591775894165,0.02842766046524048,0,0,1,1,1,7448
1,MexicoCity/MexicoCity_0000547_2015_01_266_19.42405929995902_-99.18134064792606_DZZOowbIJ4MvNNNkeIhAsg.jpg,MexicoCity:547,attention,random,0,9,53,True,,9016,5,8264738841663025682,38,7448,0.1484375,0.17881694436073303,0.1774131953716278,0.5395630598068237,0.545024573802948,0.3607461154460907,0.3676113784313202,1,1,0.0014037489891052246,0.21817052364349365,-0.005461513996124268,0,0,1,1,1,7448
1,MexicoCity/MexicoCity_0000547_2015_01_266_19.42405929995902_-99.18134064792606_DZZOowbIJ4MvNNNkeIhAsg.jpg,MexicoCity:547,attention,random,1,-13,57,True,,9016,5,8264738841663025682,38,7448,0.1484375,0.17881694436073303,0.12491968274116516,0.5395630598068237,0.47366058826446533,0.3607461154460907,0.34874090552330017,1,1,0.05389726161956787,0.18012487888336182,0.0659024715423584,0,0,1,1,1,7448
1,MexicoCity/MexicoCity_0000547_2015_01_266_19.42405929995902_-99.18134064792606_DZZOowbIJ4MvNNNkeIhAsg.jpg,MexicoCity:547,attention,random,2,8,9,True,,9016,5,8264738841663025682,38,7448,0.1484375,0.17881694436073303,0.15807247161865234,0.5395630598068237,0.5061405897140503,0.3607461154460907,0.34806811809539795,1,1,0.02074447274208069,0.2349792718887329,0.03342247009277344,0,0,1,1,1,7448
1,MexicoCity/MexicoCity_0000547_2015_01_266_19.42405929995902_-99.18134064792606_DZZOowbIJ4MvNNNkeIhAsg.jpg,MexicoCity:547,attention,random,3,-108,58,True,,9016,5,8264738841663025682,38,7448,0.1484375,0.17881694436073303,0.173044353723526,0.5395630598068237,0.5166051387786865,0.3607461154460907,0.3435607850551605,1,1,0.005772590637207031,0.07239210605621338,0.022957921028137207,0,0,1,1,1,7448
1,MexicoCity/MexicoCity_0000547_2015_01_266_19.42405929995902_-99.18134064792606_DZZOowbIJ4MvNNNkeIhAsg.jpg,MexicoCity:547,attention,random,4,-47,10,True,,9016,5,8264738841663025682,38,7448,0.1484375,0.17881694436073303,0.12991690635681152,0.5395630598068237,0.46774837374687195,0.3607461154460907,0.3378314673900604,1,1,0.04890003800392151,0.18123137950897217,0.07181468605995178,0,0,1,1,1,7448
1,MexicoCity/MexicoCity_0000547_2015_01_266_19.42405929995902_-99.18134064792606_DZZOowbIJ4MvNNNkeIhAsg.jpg,MexicoCity:547,fused,targeted,-1,0,0,True,,9016,5,7426804295354750440,38,7448,0.1484375,0.17881694436073303,0.16309034824371338,0.5395630598068237,0.5023713111877441,0.3607461154460907,0.33928096294403076,1,1,0.015726596117019653,0.20072102546691895,0.03719174861907959,0,0,1,1,1,7448
1,MexicoCity/MexicoCity_0000547_2015_01_266_19.42405929995902_-99.18134064792606_DZZOowbIJ4MvNNNkeIhAsg.jpg,MexicoCity:547,fused,random,0,-94,18,True,,9016,5,7426804295354750440,38,7448,0.1484375,0.17881694436073303,0.17784437537193298,0.5395630598068237,0.4981696307659149,0.3607461154460907,0.32032525539398193,1,1,0.0009725689888000488,0.08383721113204956,0.041393429040908813,0,0,1,1,1,7448
1,MexicoCity/MexicoCity_0000547_2015_01_266_19.42405929995902_-99.18134064792606_DZZOowbIJ4MvNNNkeIhAsg.jpg,MexicoCity:547,fused,random,1,-37,13,True,,9016,5,7426804295354750440,38,7448,0.1484375,0.17881694436073303,0.16412827372550964,0.5395630598068237,0.4767143726348877,0.3607461154460907,0.31258609890937805,1,1,0.014688670635223389,0.15960919857025146,0.06284868717193604,0,0,1,1,1,7448
1,MexicoCity/MexicoCity_0000547_2015_01_266_19.42405929995902_-99.18134064792606_DZZOowbIJ4MvNNNkeIhAsg.jpg,MexicoCity:547,fused,random,2,-5,17,True,,9016,5,7426804295354750440,38,7448,0.1484375,0.17881694436073303,0.14620307087898254,0.5395630598068237,0.4731651544570923,0.3607461154460907,0.32696208357810974,1,1,0.03261387348175049,0.23235070705413818,0.06639790534973145,0,0,1,1,1,7448
1,MexicoCity/MexicoCity_0000547_2015_01_266_19.42405929995902_-99.18134064792606_DZZOowbIJ4MvNNNkeIhAsg.jpg,MexicoCity:547,fused,random,3,-2,7,True,,9016,5,7426804295354750440,38,7448,0.1484375,0.17881694436073303,0.1713138222694397,0.5395630598068237,0.5081026554107666,0.3607461154460907,0.3367888331413269,1,1,0.007503122091293335,0.19994032382965088,0.03146040439605713,0,0,1,1,1,7448
1,MexicoCity/MexicoCity_0000547_2015_01_266_19.42405929995902_-99.18134064792606_DZZOowbIJ4MvNNNkeIhAsg.jpg,MexicoCity:547,fused,random,4,-32,1,True,,9016,5,7426804295354750440,38,7448,0.1484375,0.17881694436073303,0.14516586065292358,0.5395630598068237,0.47286951541900635,0.3607461154460907,0.32770365476608276,1,1,0.03365108370780945,0.18400990962982178,0.06669354438781738,0,0,1,1,1,7448
1,MexicoCity/MexicoCity_0000747_2014_11_653_19.43186670707519_-99.18641776793147_KwkMAV_mTO0vpOWlSiFo0w.jpg,MexicoCity:747,attention,clean,-1,0,0,True,,1904,5,5207030386143947940,38,7448,0.1484375,0.2564411461353302,0.2564411461353302,0.4492286741733551,0.4492286741733551,0.1927875280380249,0.1927875280380249,1,1,0.0,0.0,0.0,0,0,1,1,1,0
1,MexicoCity/MexicoCity_0000747_2014_11_653_19.43186670707519_-99.18641776793147_KwkMAV_mTO0vpOWlSiFo0w.jpg,MexicoCity:747,fused,clean,-1,0,0,True,,2114,5,1081424153443982488,38,7448,0.1484375,0.2564411461353302,0.2564411461353302,0.4492286741733551,0.4492286741733551,0.1927875280380249,0.1927875280380249,1,1,0.0,0.0,0.0,0,0,1,1,1,0
1,MexicoCity/MexicoCity_0000747_2014_11_653_19.43186670707519_-99.18641776793147_KwkMAV_mTO0vpOWlSiFo0w.jpg,MexicoCity:747,attention,targeted,-1,0,0,True,,1904,5,5207030386143947940,38,7448,0.1484375,0.2564411461353302,0.20101381838321686,0.4492286741733551,0.414670467376709,0.1927875280380249,0.21365664899349213,1,1,0.05542732775211334,0.14302915334701538,0.03455820679664612,0,0,1,1,1,7448
1,MexicoCity/MexicoCity_0000747_2014_11_653_19.43186670707519_-99.18641776793147_KwkMAV_mTO0vpOWlSiFo0w.jpg,MexicoCity:747,attention,random,0,-98,-4,True,,1904,5,5207030386143947940,38,7448,0.1484375,0.2564411461353302,0.23635411262512207,0.4492286741733551,0.44837725162506104,0.1927875280380249,0.21202313899993896,1,1,0.02008703351020813,0.11592984199523926,0.0008514225482940674,0,0,1,1,1,7448
1,MexicoCity/MexicoCity_0000747_2014_11_653_19.43186670707519_-99.18641776793147_KwkMAV_mTO0vpOWlSiFo0w.jpg,MexicoCity:747,attention,random,1,-51,0,True,,1904,5,5207030386143947940,38,7448,0.1484375,0.2564411461353302,0.2096799612045288,0.4492286741733551,0.4264640510082245,0.1927875280380249,0.21678408980369568,1,1,0.04676118493080139,0.13763993978500366,0.022764623165130615,0,0,1,1,1,7448
1,MexicoCity/MexicoCity_0000747_2014_11_653_19.43186670707519_-99.18641776793147_KwkMAV_mTO0vpOWlSiFo0w.jpg,MexicoCity:747,attention,random,2,-19,-5,True,,1904,5,5207030386143947940,38,7448,0.1484375,0.2564411461353302,0.215535506606102,0.4492286741733551,0.4199063181877136,0.1927875280380249,0.20437081158161163,1,1,0.04090563952922821,0.12858104705810547,0.02932235598564148,0,0,1,1,1,7448
1,MexicoCity/MexicoCity_0000747_2014_11_653_19.43186670707519_-99.18641776793147_KwkMAV_mTO0vpOWlSiFo0w.jpg,MexicoCity:747,attention,random,3,-117,-13,True,,1904,5,5207030386143947940,38,7448,0.1484375,0.2564411461353302,0.16442438960075378,0.4492286741733551,0.3964760899543762,0.1927875280380249,0.23205170035362244,1,1,0.09201675653457642,0.17815446853637695,0.05275258421897888,0,0,1,1,1,7448
1,MexicoCity/MexicoCity_0000747_2014_11_653_19.43186670707519_-99.18641776793147_KwkMAV_mTO0vpOWlSiFo0w.jpg,MexicoCity:747,attention,random,4,-9,-13,True,,1904,5,5207030386143947940,38,7448,0.1484375,0.2564411461353302,0.24115480482578278,0.4492286741733551,0.45142367482185364,0.1927875280380249,0.21026886999607086,1,1,0.015286341309547424,0.14662432670593262,-0.002195000648498535,0,0,1,1,1,7448
1,MexicoCity/MexicoCity_0000747_2014_11_653_19.43186670707519_-99.18641776793147_KwkMAV_mTO0vpOWlSiFo0w.jpg,MexicoCity:747,fused,targeted,-1,0,0,True,,2114,5,1081424153443982488,38,7448,0.1484375,0.2564411461353302,0.19693325459957123,0.4492286741733551,0.40340158343315125,0.1927875280380249,0.20646832883358002,1,1,0.05950789153575897,0.16213929653167725,0.04582709074020386,0,0,1,1,1,7448
1,MexicoCity/MexicoCity_0000747_2014_11_653_19.43186670707519_-99.18641776793147_KwkMAV_mTO0vpOWlSiFo0w.jpg,MexicoCity:747,fused,random,0,-71,-8,True,,2114,5,1081424153443982488,38,7448,0.1484375,0.2564411461353302,0.26517969369888306,0.4492286741733551,0.46144479513168335,0.1927875280380249,0.1962651014328003,1,1,-0.008738547563552856,0.10697036981582642,-0.012216120958328247,0,0,1,1,1,7448
1,MexicoCity/MexicoCity_0000747_2014_11_653_19.43186670707519_-99.18641776793147_KwkMAV_mTO0vpOWlSiFo0w.jpg,MexicoCity:747,fused,random,1,-59,-2,True,,2114,5,1081424153443982488,38,7448,0.1484375,0.2564411461353302,0.1991620808839798,0.4492286741733551,0.4153248369693756,0.1927875280380249,0.2161627560853958,1,1,0.0572790652513504,0.10267770290374756,0.03390383720397949,0,0,1,1,1,7448
1,MexicoCity/MexicoCity_0000747_2014_11_653_19.43186670707519_-99.18641776793147_KwkMAV_mTO0vpOWlSiFo0w.jpg,MexicoCity:747,fused,random,2,-133,-13,True,,2114,5,1081424153443982488,38,7448,0.1484375,0.2564411461353302,0.22827503085136414,0.4492286741733551,0.44764357805252075,0.1927875280380249,0.21936854720115662,1,1,0.028166115283966064,0.09663432836532593,0.0015850961208343506,0,0,1,1,1,7448
1,MexicoCity/MexicoCity_0000747_2014_11_653_19.43186670707519_-99.18641776793147_KwkMAV_mTO0vpOWlSiFo0w.jpg,MexicoCity:747,fused,random,3,-24,0,True,,2114,5,1081424153443982488,38,7448,0.1484375,0.2564411461353302,0.2177758514881134,0.4492286741733551,0.4313095808029175,0.1927875280380249,0.21353372931480408,1,1,0.0386652946472168,0.11502408981323242,0.017919093370437622,0,0,1,1,1,7448
1,MexicoCity/MexicoCity_0000747_2014_11_653_19.43186670707519_-99.18641776793147_KwkMAV_mTO0vpOWlSiFo0w.jpg,MexicoCity:747,fused,random,4,-10,-11,True,,2114,5,1081424153443982488,38,7448,0.1484375,0.2564411461353302,0.21427932381629944,0.4492286741733551,0.41993796825408936,0.1927875280380249,0.20565864443778992,1,1,0.04216182231903076,0.14751696586608887,0.029290705919265747,0,0,1,1,1,7448
1,Chicago/Chicago_0000010_2018_06_060_41.83751876577746_-87.67836197229565_L4l2bUV5Z-GnCjMKcTVbtA.jpg,Chicago:10,attention,clean,-1,0,0,True,,140,5,4818871505046847495,38,7448,0.1484375,0.11703529953956604,0.11703529953956604,0.4981362521648407,0.4981362521648407,0.38110095262527466,0.38110095262527466,1,1,0.0,0.0,0.0,0,0,1,1,1,0
1,Chicago/Chicago_0000010_2018_06_060_41.83751876577746_-87.67836197229565_L4l2bUV5Z-GnCjMKcTVbtA.jpg,Chicago:10,fused,clean,-1,0,0,True,,140,5,5256550199103976962,38,7448,0.1484375,0.11703529953956604,0.11703529953956604,0.4981362521648407,0.4981362521648407,0.38110095262527466,0.38110095262527466,1,1,0.0,0.0,0.0,0,0,1,1,1,0
1,Chicago/Chicago_0000010_2018_06_060_41.83751876577746_-87.67836197229565_L4l2bUV5Z-GnCjMKcTVbtA.jpg,Chicago:10,attention,targeted,-1,0,0,True,,140,5,4818871505046847495,38,7448,0.1484375,0.11703529953956604,0.027683138847351074,0.4981362521648407,0.5057885646820068,0.38110095262527466,0.47810542583465576,1,1,0.08935216069221497,0.2654684782028198,-0.007652312517166138,0,0,1,1,1,7448
1,Chicago/Chicago_0000010_2018_06_060_41.83751876577746_-87.67836197229565_L4l2bUV5Z-GnCjMKcTVbtA.jpg,Chicago:10,attention,random,0,40,0,True,,140,5,4818871505046847495,38,7448,0.1484375,0.11703529953956604,0.07952052354812622,0.4981362521648407,0.47996920347213745,0.38110095262527466,0.40044867992401123,1,1,0.03751477599143982,0.1642928123474121,0.018167048692703247,0,0,1,1,1,7448
1,Chicago/Chicago_0000010_2018_06_060_41.83751876577746_-87.67836197229565_L4l2bUV5Z-GnCjMKcTVbtA.jpg,Chicago:10,attention,random,1,-8,0,True,,140,5,4818871505046847495,38,7448,0.1484375,0.11703529953956604,-0.0049246251583099365,0.4981362521648407,0.4682495892047882,0.38110095262527466,0.47317421436309814,1,2,0.12195992469787598,0.3152017593383789,0.02988666296005249,1,1,0,1,1,7448
1,Chicago/Chicago_0000010_2018_06_060_41.83751876577746_-87.67836197229565_L4l2bUV5Z-GnCjMKcTVbtA.jpg,Chicago:10,attention,random,2,-76,0,True,,140,5,4818871505046847495,38,7448,0.1484375,0.11703529953956604,0.11082077026367188,0.4981362521648407,0.49314630031585693,0.38110095262527466,0.38232553005218506,1,1,0.006214529275894165,0.029268860816955566,0.004989951848983765,0,0,1,1,1,7448
1,Chicago/Chicago_0000010_2018_06_060_41.83751876577746_-87.67836197229565_L4l2bUV5Z-GnCjMKcTVbtA.jpg,Chicago:10,attention,random,3,-81,0,True,,140,5,4818871505046847495,38,7448,0.1484375,0.11703529953956604,0.10655707120895386,0.4981362521648407,0.5012351274490356,0.38110095262527466,0.3946780562400818,1,1,0.010478228330612183,0.028058946132659912,-0.0030988752841949463,0,0,1,1,1,7448
1,Chicago/Chicago_0000010_2018_06_060_41.83751876577746_-87.67836197229565_L4l2bUV5Z-GnCjMKcTVbtA.jpg,Chicago:10,attention,random,4,-14,0,True,,140,5,4818871505046847495,38,7448,0.1484375,0.11703529953956604,0.08836954832077026,0.4981362521648407,0.5256186723709106,0.38110095262527466,0.4372491240501404,1,1,0.028665751218795776,0.18994301557540894,-0.027482420206069946,0,0,1,1,1,7448
1,Chicago/Chicago_0000010_2018_06_060_41.83751876577746_-87.67836197229565_L4l2bUV5Z-GnCjMKcTVbtA.jpg,Chicago:10,fused,targeted,-1,0,0,True,,140,5,5256550199103976962,38,7448,0.1484375,0.11703529953956604,0.004355937242507935,0.4981362521648407,0.46749624609947205,0.38110095262527466,0.4631403088569641,1,1,0.1126793622970581,0.23667824268341064,0.030640006065368652,0,0,1,1,1,7448
1,Chicago/Chicago_0000010_2018_06_060_41.83751876577746_-87.67836197229565_L4l2bUV5Z-GnCjMKcTVbtA.jpg,Chicago:10,fused,random,0,-75,0,True,,140,5,5256550199103976962,38,7448,0.1484375,0.11703529953956604,0.10733935236930847,0.4981362521648407,0.4927983582019806,0.38110095262527466,0.3854590058326721,1,1,0.009695947170257568,0.036404430866241455,0.005337893962860107,0,0,1,1,1,7448
1,Chicago/Chicago_0000010_2018_06_060_41.83751876577746_-87.67836197229565_L4l2bUV5Z-GnCjMKcTVbtA.jpg,Chicago:10,fused,random,1,34,0,True,,140,5,5256550199103976962,38,7448,0.1484375,0.11703529953956604,0.06235092878341675,0.4981362521648407,0.4724254906177521,0.38110095262527466,0.4100745618343353,1,1,0.05468437075614929,0.15943098068237305,0.025710761547088623,0,0,1,1,1,7448
1,Chicago/Chicago_0000010_2018_06_060_41.83751876577746_-87.67836197229565_L4l2bUV5Z-GnCjMKcTVbtA.jpg,Chicago:10,fused,random,2,-48,0,True,,140,5,5256550199103976962,38,7448,0.1484375,0.11703529953956604,0.037274718284606934,0.4981362521648407,0.47189751267433167,0.38110095262527466,0.43462279438972473,1,1,0.0797605812549591,0.1591331958770752,0.026238739490509033,0,0,1,1,1,7448
1,Chicago/Chicago_0000010_2018_06_060_41.83751876577746_-87.67836197229565_L4l2bUV5Z-GnCjMKcTVbtA.jpg,Chicago:10,fused,random,3,41,0,True,,140,5,5256550199103976962,38,7448,0.1484375,0.11703529953956604,0.08700042963027954,0.4981362521648407,0.47159695625305176,0.38110095262527466,0.3845965266227722,1,1,0.0300348699092865,0.13281726837158203,0.02653929591178894,0,0,1,1,1,7448
1,Chicago/Chicago_0000010_2018_06_060_41.83751876577746_-87.67836197229565_L4l2bUV5Z-GnCjMKcTVbtA.jpg,Chicago:10,fused,random,4,-2,0,True,,140,5,5256550199103976962,38,7448,0.1484375,0.11703529953956604,0.027511537075042725,0.4981362521648407,0.4884911775588989,0.38110095262527466,0.4609796404838562,1,1,0.08952376246452332,0.22399908304214478,0.009645074605941772,0,0,1,1,1,7448
1,PRG/PRG_0001252_2019_07_258_50.06663473592907_14.4928424006106_ciOfW2OggDE1V_LH7bSO1A.jpg,PRG:1252,attention,clean,-1,0,0,True,,5460,5,3233743001320896540,38,7448,0.1484375,0.2992869019508362,0.2992869019508362,0.5722720623016357,0.5722720623016357,0.27298516035079956,0.27298516035079956,1,1,0.0,0.0,0.0,0,0,1,1,1,0
1,PRG/PRG_0001252_2019_07_258_50.06663473592907_14.4928424006106_ciOfW2OggDE1V_LH7bSO1A.jpg,PRG:1252,fused,clean,-1,0,0,True,,5460,5,1430124997638415104,38,7448,0.1484375,0.2992869019508362,0.2992869019508362,0.5722720623016357,0.5722720623016357,0.27298516035079956,0.27298516035079956,1,1,0.0,0.0,0.0,0,0,1,1,1,0
1,PRG/PRG_0001252_2019_07_258_50.06663473592907_14.4928424006106_ciOfW2OggDE1V_LH7bSO1A.jpg,PRG:1252,attention,targeted,-1,0,0,True,,5460,5,3233743001320896540,38,7448,0.1484375,0.2992869019508362,0.2585180401802063,0.5722720623016357,0.5131837129592896,0.27298516035079956,0.25466567277908325,1,1,0.04076886177062988,0.18560147285461426,0.05908834934234619,0,0,1,1,1,7448
1,PRG/PRG_0001252_2019_07_258_50.06663473592907_14.4928424006106_ciOfW2OggDE1V_LH7bSO1A.jpg,PRG:1252,attention,random,0,61,-4,True,,5460,5,3233743001320896540,38,7448,0.1484375,0.2992869019508362,0.21911320090293884,0.5722720623016357,0.4898218512535095,0.27298516035079956,0.2707086503505707,1,1,0.08017370104789734,0.11944758892059326,0.08245021104812622,0,0,1,1,1,7448
1,PRG/PRG_0001252_2019_07_258_50.06663473592907_14.4928424006106_ciOfW2OggDE1V_LH7bSO1A.jpg,PRG:1252,attention,random,1,-24,-17,True,,5460,5,3233743001320896540,38,7448,0.1484375,0.2992869019508362,0.29897165298461914,0.5722720623016357,0.5702894926071167,0.27298516035079956,0.27131783962249756,1,1,0.000315248966217041,0.16454589366912842,0.001982569694519043,0,0,1,1,1,7448
1,PRG/PRG_0001252_2019_07_258_50.06663473592907_14.4928424006106_ciOfW2OggDE1V_LH7bSO1A.jpg,PRG:1252,attention,random,2,25,2,True,,5460,5,3233743001320896540,38,7448,0.1484375,0.2992869019508362,0.26347705721855164,0.5722720623016357,0.5272461175918579,0.27298516035079956,0.2637690603733063,1,1,0.035809844732284546,0.19186019897460938,0.04502594470977783,0,0,1,1,1,7448
1,PRG/PRG_0001252_2019_07_258_50.06663473592907_14.4928424006106_ciOfW2OggDE1V_LH7bSO1A.jpg,PRG:1252,attention,random,3,-7,-6,True,,5460,5,3233743001320896540,38,7448,0.1484375,0.2992869019508362,0.2446340024471283,0.5722720623016357,0.5078964233398438,0.27298516035079956,0.26326242089271545,1,1,0.054652899503707886,0.20630419254302979,0.06437563896179199,0,0,1,1,1,7448
1,PRG/PRG_0001252_2019_07_258_50.06663473592907_14.4928424006106_ciOfW2OggDE1V_LH7bSO1A.jpg,PRG:1252,attention,random,4,17,-11,True,,5460,5,3233743001320896540,38,7448,0.1484375,0.2992869019508362,0.2736428380012512,0.5722720623016357,0.5139536261558533,0.27298516035079956,0.24031078815460205,1,1,0.02564406394958496,0.21711111068725586,0.05831843614578247,0,0,1,1,1,7448
1,PRG/PRG_0001252_2019_07_258_50.06663473592907_14.4928424006106_ciOfW2OggDE1V_LH7bSO1A.jpg,PRG:1252,fused,targeted,-1,0,0,True,,5460,5,1430124997638415104,38,7448,0.1484375,0.2992869019508362,0.2627955377101898,0.5722720623016357,0.5224894285202026,0.27298516035079956,0.2596938908100128,1,1,0.03649136424064636,0.19639241695404053,0.049782633781433105,0,0,1,1,1,7448
1,PRG/PRG_0001252_2019_07_258_50.06663473592907_14.4928424006106_ciOfW2OggDE1V_LH7bSO1A.jpg,PRG:1252,fused,random,0,69,-6,True,,5460,5,1430124997638415104,38,7448,0.1484375,0.2992869019508362,0.24463969469070435,0.5722720623016357,0.5068071484565735,0.27298516035079956,0.26216745376586914,1,1,0.054647207260131836,0.08609908819198608,0.06546491384506226,0,0,1,1,1,7448
1,PRG/PRG_0001252_2019_07_258_50.06663473592907_14.4928424006106_ciOfW2OggDE1V_LH7bSO1A.jpg,PRG:1252,fused,random,1,68,-8,True,,5460,5,1430124997638415104,38,7448,0.1484375,0.2992869019508362,0.24172371625900269,0.5722720623016357,0.49798619747161865,0.27298516035079956,0.25626248121261597,1,1,0.057563185691833496,0.08074939250946045,0.07428586483001709,0,0,1,1,1,7448
1,PRG/PRG_0001252_2019_07_258_50.06663473592907_14.4928424006106_ciOfW2OggDE1V_LH7bSO1A.jpg,PRG:1252,fused,random,2,-11,10,True,,5460,5,1430124997638415104,38,7448,0.1484375,0.2992869019508362,0.27425938844680786,0.5722720623016357,0.5336899757385254,0.27298516035079956,0.25943058729171753,1,1,0.02502751350402832,0.19629323482513428,0.03858208656311035,0,0,1,1,1,7448
1,PRG/PRG_0001252_2019_07_258_50.06663473592907_14.4928424006106_ciOfW2OggDE1V_LH7bSO1A.jpg,PRG:1252,fused,random,3,-2,-23,True,,5460,5,1430124997638415104,38,7448,0.1484375,0.2992869019508362,0.26607611775398254,0.5722720623016357,0.5229403972625732,0.27298516035079956,0.2568642795085907,1,1,0.03321078419685364,0.19166266918182373,0.0493316650390625,0,0,1,1,1,7448
1,PRG/PRG_0001252_2019_07_258_50.06663473592907_14.4928424006106_ciOfW2OggDE1V_LH7bSO1A.jpg,PRG:1252,fused,random,4,37,2,True,,5460,5,1430124997638415104,38,7448,0.1484375,0.2992869019508362,0.23080146312713623,0.5722720623016357,0.5172399878501892,0.27298516035079956,0.286438524723053,1,1,0.06848543882369995,0.19832873344421387,0.05503207445144653,0,0,1,1,1,7448
1,Lisbon/Lisbon_0002878_2009_08_166_38.72628004068211_-9.161018867670885_3dlH6pO_qnGGq6yoO1Ediw.jpg,Lisbon:2878,attention,clean,-1,0,0,True,,6062,5,158955742892776233,38,7448,0.1484375,0.21939301490783691,0.21939301490783691,0.4166277348995209,0.4166277348995209,0.19723471999168396,0.19723471999168396,1,1,0.0,0.0,0.0,0,0,1,1,1,0
1,Lisbon/Lisbon_0002878_2009_08_166_38.72628004068211_-9.161018867670885_3dlH6pO_qnGGq6yoO1Ediw.jpg,Lisbon:2878,fused,clean,-1,0,0,True,,11004,5,9142084605315370668,38,7448,0.1484375,0.21939301490783691,0.21939301490783691,0.4166277348995209,0.4166277348995209,0.19723471999168396,0.19723471999168396,1,1,0.0,0.0,0.0,0,0,1,1,1,0
1,Lisbon/Lisbon_0002878_2009_08_166_38.72628004068211_-9.161018867670885_3dlH6pO_qnGGq6yoO1Ediw.jpg,Lisbon:2878,attention,targeted,-1,0,0,True,,6062,5,158955742892776233,38,7448,0.1484375,0.21939301490783691,0.018844276666641235,0.4166277348995209,0.22672924399375916,0.19723471999168396,0.20788496732711792,1,1,0.20054873824119568,0.4219381809234619,0.18989849090576172,0,0,1,1,1,7448
1,Lisbon/Lisbon_0002878_2009_08_166_38.72628004068211_-9.161018867670885_3dlH6pO_qnGGq6yoO1Ediw.jpg,Lisbon:2878,attention,random,0,68,-3,True,,6062,5,158955742892776233,38,7448,0.1484375,0.21939301490783691,0.19634424149990082,0.4166277348995209,0.3958386778831482,0.19723471999168396,0.19949443638324738,1,1,0.023048773407936096,0.08791691064834595,0.02078905701637268,0,0,1,1,1,7448
1,Lisbon/Lisbon_0002878_2009_08_166_38.72628004068211_-9.161018867670885_3dlH6pO_qnGGq6yoO1Ediw.jpg,Lisbon:2878,attention,random,1,-38,0,True,,6062,5,158955742892776233,38,7448,0.1484375,0.21939301490783691,0.17028915882110596,0.4166277348995209,0.3607715368270874,0.19723471999168396,0.19048237800598145,1,1,0.04910385608673096,0.13230252265930176,0.05585619807243347,0,0,1,1,1,7448
1,Lisbon/Lisbon_0002878_2009_08_166_38.72628004068211_-9.161018867670885_3dlH6pO_qnGGq6yoO1Ediw.jpg,Lisbon:2878,attention,random,2,28,-18,True,,6062,5,158955742892776233,38,7448,0.1484375,0.21939301490783691,0.18044772744178772,0.4166277348995209,0.3838634788990021,0.19723471999168396,0.20341575145721436,1,1,0.038945287466049194,0.23510074615478516,0.0327642560005188,0,0,1,1,1,7448
1,Lisbon/Lisbon_0002878_2009_08_166_38.72628004068211_-9.161018867670885_3dlH6pO_qnGGq6yoO1Ediw.jpg,Lisbon:2878,attention,random,3,34,-14,True,,6062,5,158955742892776233,38,7448,0.1484375,0.21939301490783691,0.15732342004776,0.4166277348995209,0.3630775213241577,0.19723471999168396,0.2057541012763977,1,1,0.062069594860076904,0.2359222173690796,0.05355021357536316,0,0,1,1,1,7448
1,Lisbon/Lisbon_0002878_2009_08_166_38.72628004068211_-9.161018867670885_3dlH6pO_qnGGq6yoO1Ediw.jpg,Lisbon:2878,attention,random,4,-16,-24,True,,6062,5,158955742892776233,38,7448,0.1484375,0.21939301490783691,0.1453123837709427,0.4166277348995209,0.3301856517791748,0.19723471999168396,0.18487326800823212,1,1,0.07408063113689423,0.22092342376708984,0.08644208312034607,0,0,1,1,1,7448
1,Lisbon/Lisbon_0002878_2009_08_166_38.72628004068211_-9.161018867670885_3dlH6pO_qnGGq6yoO1Ediw.jpg,Lisbon:2878,fused,targeted,-1,0,0,True,,11004,5,9142084605315370668,38,7448,0.1484375,0.21939301490783691,0.04270310699939728,0.4166277348995209,0.22736968100070953,0.19723471999168396,0.18466657400131226,1,1,0.17668990790843964,0.41565585136413574,0.18925805389881134,0,0,1,1,1,7448
1,Lisbon/Lisbon_0002878_2009_08_166_38.72628004068211_-9.161018867670885_3dlH6pO_qnGGq6yoO1Ediw.jpg,Lisbon:2878,fused,random,0,1,-62,True,,11004,5,9142084605315370668,38,7448,0.1484375,0.21939301490783691,0.17098267376422882,0.4166277348995209,0.3507651090621948,0.19723471999168396,0.179782435297966,1,1,0.04841034114360809,0.25885462760925293,0.06586262583732605,0,0,1,1,1,7448
1,Lisbon/Lisbon_0002878_2009_08_166_38.72628004068211_-9.161018867670885_3dlH6pO_qnGGq6yoO1Ediw.jpg,Lisbon:2878,fused,random,1,53,-58,True,,11004,5,9142084605315370668,38,7448,0.1484375,0.21939301490783691,0.2090160846710205,0.4166277348995209,0.4152950048446655,0.19723471999168396,0.20627892017364502,1,1,0.010376930236816406,0.1642913818359375,0.0013327300548553467,0,0,1,1,1,7448
1,Lisbon/Lisbon_0002878_2009_08_166_38.72628004068211_-9.161018867670885_3dlH6pO_qnGGq6yoO1Ediw.jpg,Lisbon:2878,fused,random,2,72,-9,True,,11004,5,9142084605315370668,38,7448,0.1484375,0.21939301490783691,0.1984194666147232,0.4166277348995209,0.39352118968963623,0.19723471999168396,0.19510172307491302,1,1,0.02097354829311371,0.08485937118530273,0.023106545209884644,0,0,1,1,1,7448
1,Lisbon/Lisbon_0002878_2009_08_166_38.72628004068211_-9.161018867670885_3dlH6pO_qnGGq6yoO1Ediw.jpg,Lisbon:2878,fused,random,3,-13,-62,True,,11004,5,9142084605315370668,38,7448,0.1484375,0.21939301490783691,0.13336613774299622,0.4166277348995209,0.29905182123184204,0.19723471999168396,0.16568568348884583,1,1,0.0860268771648407,0.2258896827697754,0.11757591366767883,0,0,1,1,1,7448
1,Lisbon/Lisbon_0002878_2009_08_166_38.72628004068211_-9.161018867670885_3dlH6pO_qnGGq6yoO1Ediw.jpg,Lisbon:2878,fused,random,4,70,-54,True,,11004,5,9142084605315370668,38,7448,0.1484375,0.21939301490783691,0.1982066035270691,0.4166277348995209,0.40003731846809387,0.19723471999168396,0.20183071494102478,1,1,0.021186411380767822,0.09930980205535889,0.016590416431427002,0,0,1,1,1,7448
1,OSL/OSL_0003765_2019_10_187_59.94514003859832_10.77838887350404_0Uzd6_xRwh7rLPBk8yRw1A.jpg,OSL:3765,attention,clean,-1,0,0,True,,9604,5,7523315799026421861,38,7448,0.1484375,0.3420921862125397,0.3420921862125397,0.49676454067230225,0.49676454067230225,0.15467235445976257,0.15467235445976257,1,1,0.0,0.0,0.0,0,0,1,1,1,0
1,OSL/OSL_0003765_2019_10_187_59.94514003859832_10.77838887350404_0Uzd6_xRwh7rLPBk8yRw1A.jpg,OSL:3765,fused,clean,-1,0,0,True,,13958,5,6206542688208927089,38,7448,0.1484375,0.3420921862125397,0.3420921862125397,0.49676454067230225,0.49676454067230225,0.15467235445976257,0.15467235445976257,1,1,0.0,0.0,0.0,0,0,1,1,1,0
1,OSL/OSL_0003765_2019_10_187_59.94514003859832_10.77838887350404_0Uzd6_xRwh7rLPBk8yRw1A.jpg,OSL:3765,attention,targeted,-1,0,0,True,,9604,5,7523315799026421861,38,7448,0.1484375,0.3420921862125397,0.20843195915222168,0.49676454067230225,0.34861183166503906,0.15467235445976257,0.14017987251281738,1,1,0.133660227060318,0.3118065595626831,0.14815270900726318,0,0,1,1,1,7448
1,OSL/OSL_0003765_2019_10_187_59.94514003859832_10.77838887350404_0Uzd6_xRwh7rLPBk8yRw1A.jpg,OSL:3765,attention,random,0,-56,34,True,,9604,5,7523315799026421861,38,7448,0.1484375,0.3420921862125397,0.2796376943588257,0.49676454067230225,0.4495295286178589,0.15467235445976257,0.1698918491601944,1,1,0.06245449185371399,0.13256752490997314,0.04723501205444336,0,0,1,1,1,7448
1,OSL/OSL_0003765_2019_10_187_59.94514003859832_10.77838887350404_0Uzd6_xRwh7rLPBk8yRw1A.jpg,OSL:3765,attention,random,1,-34,-17,True,,9604,5,7523315799026421861,38,7448,0.1484375,0.3420921862125397,0.20693404972553253,0.49676454067230225,0.38499715924263,0.15467235445976257,0.17806310951709747,1,1,0.13515813648700714,0.25182974338531494,0.11176738142967224,0,0,1,1,1,7448
1,OSL/OSL_0003765_2019_10_187_59.94514003859832_10.77838887350404_0Uzd6_xRwh7rLPBk8yRw1A.jpg,OSL:3765,attention,random,2,-8,31,True,,9604,5,7523315799026421861,38,7448,0.1484375,0.3420921862125397,0.17035269737243652,0.49676454067230225,0.3092021644115448,0.15467235445976257,0.13884946703910828,1,1,0.17173948884010315,0.34549057483673096,0.18756237626075745,0,0,1,1,1,7448
1,OSL/OSL_0003765_2019_10_187_59.94514003859832_10.77838887350404_0Uzd6_xRwh7rLPBk8yRw1A.jpg,OSL:3765,attention,random,3,33,-8,True,,9604,5,7523315799026421861,38,7448,0.1484375,0.3420921862125397,0.2110234946012497,0.49676454067230225,0.36955153942108154,0.15467235445976257,0.15852804481983185,1,1,0.13106869161128998,0.2765575647354126,0.1272130012512207,0,0,1,1,1,7448
1,OSL/OSL_0003765_2019_10_187_59.94514003859832_10.77838887350404_0Uzd6_xRwh7rLPBk8yRw1A.jpg,OSL:3765,attention,random,4,24,48,True,,9604,5,7523315799026421861,38,7448,0.1484375,0.3420921862125397,0.19348075985908508,0.49676454067230225,0.33455950021743774,0.15467235445976257,0.14107874035835266,1,1,0.1486114263534546,0.2879990339279175,0.1622050404548645,0,0,1,1,1,7448
1,OSL/OSL_0003765_2019_10_187_59.94514003859832_10.77838887350404_0Uzd6_xRwh7rLPBk8yRw1A.jpg,OSL:3765,fused,targeted,-1,0,0,True,,13958,5,6206542688208927089,38,7448,0.1484375,0.3420921862125397,0.14571520686149597,0.49676454067230225,0.288003146648407,0.15467235445976257,0.142287939786911,1,1,0.1963769793510437,0.3391501307487488,0.20876139402389526,0,0,1,1,1,7448
1,OSL/OSL_0003765_2019_10_187_59.94514003859832_10.77838887350404_0Uzd6_xRwh7rLPBk8yRw1A.jpg,OSL:3765,fused,random,0,-13,-34,True,,13958,5,6206542688208927089,38,7448,0.1484375,0.3420921862125397,0.2528133690357208,0.49676454067230225,0.4011681377887726,0.15467235445976257,0.14835476875305176,1,1,0.08927881717681885,0.2987029552459717,0.09559640288352966,0,0,1,1,1,7448
1,OSL/OSL_0003765_2019_10_187_59.94514003859832_10.77838887350404_0Uzd6_xRwh7rLPBk8yRw1A.jpg,OSL:3765,fused,random,1,-18,-1,True,,13958,5,6206542688208927089,38,7448,0.1484375,0.3420921862125397,0.08870303630828857,0.49676454067230225,0.23690280318260193,0.15467235445976257,0.14819976687431335,1,1,0.2533891499042511,0.36479222774505615,0.2598617374897003,0,0,1,1,1,7448
1,OSL/OSL_0003765_2019_10_187_59.94514003859832_10.77838887350404_0Uzd6_xRwh7rLPBk8yRw1A.jpg,OSL:3765,fused,random,2,67,13,True,,13958,5,6206542688208927089,38,7448,0.1484375,0.3420921862125397,0.3130529224872589,0.49676454067230225,0.4572492241859436,0.15467235445976257,0.1441963016986847,1,1,0.02903926372528076,0.10032474994659424,0.03951531648635864,0,0,1,1,1,7448
1,OSL/OSL_0003765_2019_10_187_59.94514003859832_10.77838887350404_0Uzd6_xRwh7rLPBk8yRw1A.jpg,OSL:3765,fused,random,3,45,-39,True,,13958,5,6206542688208927089,38,7448,0.1484375,0.3420921862125397,0.26319971680641174,0.49676454067230225,0.42946386337280273,0.15467235445976257,0.166264146566391,1,1,0.07889246940612793,0.22674459218978882,0.06730067729949951,0,0,1,1,1,7448
1,OSL/OSL_0003765_2019_10_187_59.94514003859832_10.77838887350404_0Uzd6_xRwh7rLPBk8yRw1A.jpg,OSL:3765,fused,random,4,-49,-22,True,,13958,5,6206542688208927089,38,7448,0.1484375,0.3420921862125397,0.24267777800559998,0.49676454067230225,0.4144875109195709,0.15467235445976257,0.17180973291397095,1,1,0.0994144082069397,0.15624988079071045,0.08227702975273132,0,0,1,1,1,7448
1,LosAngeles/LosAngeles_0000446_2016_10_264_34.04407779332197_-118.255182669294_Au6f3n9dq5-ZkJ8MOcIzrQ.jpg,LosAngeles:446,attention,clean,-1,0,0,True,,126,5,4286712366202570046,38,7448,0.1484375,0.040839970111846924,0.040839970111846924,0.21206027269363403,0.21206027269363403,0.1712203025817871,0.1712203025817871,1,1,0.0,0.0,0.0,0,0,1,1,1,0
1,LosAngeles/LosAngeles_0000446_2016_10_264_34.04407779332197_-118.255182669294_Au6f3n9dq5-ZkJ8MOcIzrQ.jpg,LosAngeles:446,fused,clean,-1,0,0,True,,126,5,2143710674561547307,38,7448,0.1484375,0.040839970111846924,0.040839970111846924,0.21206027269363403,0.21206027269363403,0.1712203025817871,0.1712203025817871,1,1,0.0,0.0,0.0,0,0,1,1,1,0
1,LosAngeles/LosAngeles_0000446_2016_10_264_34.04407779332197_-118.255182669294_Au6f3n9dq5-ZkJ8MOcIzrQ.jpg,LosAngeles:446,attention,targeted,-1,0,0,True,,126,5,4286712366202570046,38,7448,0.1484375,0.040839970111846924,0.025465205311775208,0.21206027269363403,0.21498684585094452,0.1712203025817871,0.1895216405391693,1,1,0.015374764800071716,0.32118284702301025,-0.002926573157310486,0,0,1,1,1,7448
1,LosAngeles/LosAngeles_0000446_2016_10_264_34.04407779332197_-118.255182669294_Au6f3n9dq5-ZkJ8MOcIzrQ.jpg,LosAngeles:446,attention,random,0,16,0,True,,126,5,4286712366202570046,38,7448,0.1484375,0.040839970111846924,-0.019644513726234436,0.21206027269363403,0.2048305869102478,0.1712203025817871,0.22447510063648224,1,2,0.06048448383808136,0.33646827936172485,0.0072296857833862305,1,1,0,1,1,7448
1,LosAngeles/LosAngeles_0000446_2016_10_264_34.04407779332197_-118.255182669294_Au6f3n9dq5-ZkJ8MOcIzrQ.jpg,LosAngeles:446,attention,random,1,32,0,True,,126,5,4286712366202570046,38,7448,0.1484375,0.040839970111846924,-0.005549028515815735,0.21206027269363403,0.18110291659832,0.1712203025817871,0.18665194511413574,1,2,0.04638899862766266,0.2264842987060547,0.030957356095314026,1,1,0,1,1,7448
1,LosAngeles/LosAngeles_0000446_2016_10_264_34.04407779332197_-118.255182669294_Au6f3n9dq5-ZkJ8MOcIzrQ.jpg,LosAngeles:446,attention,random,2,-40,0,True,,126,5,4286712366202570046,38,7448,0.1484375,0.040839970111846924,0.04114153981208801,0.21206027269363403,0.20315971970558167,0.1712203025817871,0.16201817989349365,1,1,-0.00030156970024108887,0.24594354629516602,0.008900552988052368,0,0,1,1,1,7448
1,LosAngeles/LosAngeles_0000446_2016_10_264_34.04407779332197_-118.255182669294_Au6f3n9dq5-ZkJ8MOcIzrQ.jpg,LosAngeles:446,attention,random,3,-67,0,True,,126,5,4286712366202570046,38,7448,0.1484375,0.040839970111846924,0.04824179410934448,0.21206027269363403,0.21290823817253113,0.1712203025817871,0.16466644406318665,1,1,-0.007401823997497559,0.08913910388946533,-0.0008479654788970947,0,0,1,1,1,7448
1,LosAngeles/LosAngeles_0000446_2016_10_264_34.04407779332197_-118.255182669294_Au6f3n9dq5-ZkJ8MOcIzrQ.jpg,LosAngeles:446,attention,random,4,-60,0,True,,126,5,4286712366202570046,38,7448,0.1484375,0.040839970111846924,0.04296845197677612,0.21206027269363403,0.21246182918548584,0.1712203025817871,0.16949337720870972,1,1,-0.0021284818649291992,0.09817969799041748,-0.00040155649185180664,0,0,1,1,1,7448
1,LosAngeles/LosAngeles_0000446_2016_10_264_34.04407779332197_-118.255182669294_Au6f3n9dq5-ZkJ8MOcIzrQ.jpg,LosAngeles:446,fused,targeted,-1,0,0,True,,126,5,2143710674561547307,38,7448,0.1484375,0.040839970111846924,0.025465205311775208,0.21206027269363403,0.21498684585094452,0.1712203025817871,0.1895216405391693,1,1,0.015374764800071716,0.32118284702301025,-0.002926573157310486,0,0,1,1,1,7448
1,LosAngeles/LosAngeles_0000446_2016_10_264_34.04407779332197_-118.255182669294_Au6f3n9dq5-ZkJ8MOcIzrQ.jpg,LosAngeles:446,fused,random,0,-4,0,True,,126,5,2143710674561547307,38,7448,0.1484375,0.040839970111846924,0.07636758685112,0.21206027269363403,0.23524701595306396,0.1712203025817871,0.15887942910194397,1,1,-0.03552761673927307,0.2992614507675171,-0.02318674325942993,0,0,1,1,1,7448
1,LosAngeles/LosAngeles_0000446_2016_10_264_34.04407779332197_-118.255182669294_Au6f3n9dq5-ZkJ8MOcIzrQ.jpg,LosAngeles:446,fused,random,1,-73,0,True,,126,5,2143710674561547307,38,7448,0.1484375,0.040839970111846924,0.04280474781990051,0.21206027269363403,0.20766714215278625,0.1712203025817871,0.16486239433288574,1,1,-0.001964777708053589,0.07504558563232422,0.004393130540847778,0,0,1,1,1,7448
1,LosAngeles/LosAngeles_0000446_2016_10_264_34.04407779332197_-118.255182669294_Au6f3n9dq5-ZkJ8MOcIzrQ.jpg,LosAngeles:446,fused,random,2,-51,0,True,,126,5,2143710674561547307,38,7448,0.1484375,0.040839970111846924,0.03326252102851868,0.21206027269363403,0.20026028156280518,0.1712203025817871,0.1669977605342865,1,1,0.007577449083328247,0.1475837230682373,0.011799991130828857,0,0,1,1,1,7448
1,LosAngeles/LosAngeles_0000446_2016_10_264_34.04407779332197_-118.255182669294_Au6f3n9dq5-ZkJ8MOcIzrQ.jpg,LosAngeles:446,fused,random,3,-45,0,True,,126,5,2143710674561547307,38,7448,0.1484375,0.040839970111846924,0.03979533910751343,0.21206027269363403,0.194427028298378,0.1712203025817871,0.15463168919086456,1,1,0.001044631004333496,0.17658597230911255,0.017633244395256042,0,0,1,1,1,7448
1,LosAngeles/LosAngeles_0000446_2016_10_264_34.04407779332197_-118.255182669294_Au6f3n9dq5-ZkJ8MOcIzrQ.jpg,LosAngeles:446,fused,random,4,-53,0,True,,126,5,2143710674561547307,38,7448,0.1484375,0.040839970111846924,0.040104255080223083,0.21206027269363403,0.21193726360797882,0.1712203025817871,0.17183300852775574,1,1,0.0007357150316238403,0.14349526166915894,0.0001230090856552124,0,0,1,1,1,7448
1,PRS/PRS_0004507_2011_05_199_48.89512204163078_2.208915502657871_Jw59MiFEyf_VG958qC9wZA.jpg,PRS:4507,attention,clean,-1,0,0,True,,4088,5,3932083779209481077,38,7448,0.1484375,0.10322096943855286,0.10322096943855286,0.3073779344558716,0.3073779344558716,0.20415696501731873,0.20415696501731873,1,1,0.0,0.0,0.0,0,0,1,1,1,0
1,PRS/PRS_0004507_2011_05_199_48.89512204163078_2.208915502657871_Jw59MiFEyf_VG958qC9wZA.jpg,PRS:4507,fused,clean,-1,0,0,True,,8834,5,6204663538113090875,38,7448,0.1484375,0.10322096943855286,0.10322096943855286,0.3073779344558716,0.3073779344558716,0.20415696501731873,0.20415696501731873,1,1,0.0,0.0,0.0,0,0,1,1,1,0
1,PRS/PRS_0004507_2011_05_199_48.89512204163078_2.208915502657871_Jw59MiFEyf_VG958qC9wZA.jpg,PRS:4507,attention,targeted,-1,0,0,True,,4088,5,3932083779209481077,38,7448,0.1484375,0.10322096943855286,0.026187777519226074,0.3073779344558716,0.22125470638275146,0.20415696501731873,0.1950669288635254,1,1,0.07703319191932678,0.4914203882217407,0.08612322807312012,0,0,1,1,1,7448
1,PRS/PRS_0004507_2011_05_199_48.89512204163078_2.208915502657871_Jw59MiFEyf_VG958qC9wZA.jpg,PRS:4507,attention,random,0,-18,15,True,,4088,5,3932083779209481077,38,7448,0.1484375,0.10322096943855286,0.12628841400146484,0.3073779344558716,0.31602591276168823,0.20415696501731873,0.1897374987602234,1,1,-0.023067444562911987,0.34755587577819824,-0.00864797830581665,0,0,1,1,1,7448
1,PRS/PRS_0004507_2011_05_199_48.89512204163078_2.208915502657871_Jw59MiFEyf_VG958qC9wZA.jpg,PRS:4507,attention,random,1,-24,21,True,,4088,5,3932083779209481077,38,7448,0.1484375,0.10322096943855286,0.12413613498210907,0.3073779344558716,0.33206844329833984,0.20415696501731873,0.20793230831623077,1,1,-0.020915165543556213,0.2785602807998657,-0.02469050884246826,0,0,1,1,1,7448
1,PRS/PRS_0004507_2011_05_199_48.89512204163078_2.208915502657871_Jw59MiFEyf_VG958qC9wZA.jpg,PRS:4507,attention,random,2,-3,3,True,,4088,5,3932083779209481077,38,7448,0.1484375,0.10322096943855286,0.08238774538040161,0.3073779344558716,0.2847181260585785,0.20415696501731873,0.20233038067817688,1,1,0.020833224058151245,0.45788776874542236,0.02265980839729309,0,0,1,1,1,7448
1,PRS/PRS_0004507_2011_05_199_48.89512204163078_2.208915502657871_Jw59MiFEyf_VG958qC9wZA.jpg,PRS:4507,attention,random,3,5,22,True,,4088,5,3932083779209481077,38,7448,0.1484375,0.10322096943855286,0.07174760103225708,0.3073779344558716,0.2679803967475891,0.20415696501731873,0.19623279571533203,1,1,0.031473368406295776,0.4185601472854614,0.03939753770828247,0,0,1,1,1,7448
1,PRS/PRS_0004507_2011_05_199_48.89512204163078_2.208915502657871_Jw59MiFEyf_VG958qC9wZA.jpg,PRS:4507,attention,random,4,42,3,True,,4088,5,3932083779209481077,38,7448,0.1484375,0.10322096943855286,0.05890180170536041,0.3073779344558716,0.2605978846549988,0.20415696501731873,0.20169608294963837,1,1,0.044319167733192444,0.21619808673858643,0.0467800498008728,0,0,1,1,1,7448
1,PRS/PRS_0004507_2011_05_199_48.89512204163078_2.208915502657871_Jw59MiFEyf_VG958qC9wZA.jpg,PRS:4507,fused,targeted,-1,0,0,True,,8834,5,6204663538113090875,38,7448,0.1484375,0.10322096943855286,0.018558114767074585,0.3073779344558716,0.2117566466331482,0.20415696501731873,0.1931985318660736,1,1,0.08466285467147827,0.4763612747192383,0.09562128782272339,0,0,1,1,1,7448
1,PRS/PRS_0004507_2011_05_199_48.89512204163078_2.208915502657871_Jw59MiFEyf_VG958qC9wZA.jpg,PRS:4507,fused,random,0,86,14,True,,8834,5,6204663538113090875,38,7448,0.1484375,0.10322096943855286,0.08723863959312439,0.3073779344558716,0.3028177320957184,0.20415696501731873,0.215579092502594,1,1,0.015982329845428467,0.02220284938812256,0.004560202360153198,0,0,1,1,1,7448
1,PRS/PRS_0004507_2011_05_199_48.89512204163078_2.208915502657871_Jw59MiFEyf_VG958qC9wZA.jpg,PRS:4507,fused,random,1,-33,55,True,,8834,5,6204663538113090875,38,7448,0.1484375,0.10322096943855286,0.14242315292358398,0.3073779344558716,0.32915765047073364,0.20415696501731873,0.18673449754714966,1,1,-0.03920218348503113,0.24482041597366333,-0.02177971601486206,0,0,1,1,1,7448
1,PRS/PRS_0004507_2011_05_199_48.89512204163078_2.208915502657871_Jw59MiFEyf_VG958qC9wZA.jpg,PRS:4507,fused,random,2,-27,20,True,,8834,5,6204663538113090875,38,7448,0.1484375,0.10322096943855286,0.13276433944702148,0.3073779344558716,0.3137609362602234,0.20415696501731873,0.1809965968132019,1,1,-0.029543370008468628,0.3092527389526367,-0.006383001804351807,0,0,1,1,1,7448
1,PRS/PRS_0004507_2011_05_199_48.89512204163078_2.208915502657871_Jw59MiFEyf_VG958qC9wZA.jpg,PRS:4507,fused,random,3,-52,42,True,,8834,5,6204663538113090875,38,7448,0.1484375,0.10322096943855286,0.11024394631385803,0.3073779344558716,0.3182859420776367,0.20415696501731873,0.2080419957637787,1,1,-0.007022976875305176,0.09239840507507324,-0.010908007621765137,0,0,1,1,1,7448
1,PRS/PRS_0004507_2011_05_199_48.89512204163078_2.208915502657871_Jw59MiFEyf_VG958qC9wZA.jpg,PRS:4507,fused,random,4,-14,43,True,,8834,5,6204663538113090875,38,7448,0.1484375,0.10322096943855286,0.1359662264585495,0.3073779344558716,0.2954622209072113,0.20415696501731873,0.1594959944486618,1,1,-0.03274525701999664,0.41164445877075195,0.011915713548660278,0,0,1,1,1,7448
1,Chicago/Chicago_0002686_2017_10_316_41.87281236274688_-87.68629301064442_Z7l1UjUsmFbOaVl5s7pOdw.jpg,Chicago:2686,attention,clean,-1,0,0,True,,6062,5,5080520678233930658,38,7448,0.1484375,0.24148054420948029,0.24148054420948029,0.4426729381084442,0.4426729381084442,0.20119239389896393,0.20119239389896393,1,1,0.0,0.0,0.0,0,0,1,1,1,0
1,Chicago/Chicago_0002686_2017_10_316_41.87281236274688_-87.68629301064442_Z7l1UjUsmFbOaVl5s7pOdw.jpg,Chicago:2686,fused,clean,-1,0,0,True,,6062,5,6317330052333847313,38,7448,0.1484375,0.24148054420948029,0.24148054420948029,0.4426729381084442,0.4426729381084442,0.20119239389896393,0.20119239389896393,1,1,0.0,0.0,0.0,0,0,1,1,1,0
1,Chicago/Chicago_0002686_2017_10_316_41.87281236274688_-87.68629301064442_Z7l1UjUsmFbOaVl5s7pOdw.jpg,Chicago:2686,attention,targeted,-1,0,0,True,,6062,5,5080520678233930658,38,7448,0.1484375,0.24148054420948029,0.21681731939315796,0.4426729381084442,0.4199201464653015,0.20119239389896393,0.20310282707214355,1,1,0.024663224816322327,0.40182822942733765,0.0227527916431427,0,0,1,1,1,7448
1,Chicago/Chicago_0002686_2017_10_316_41.87281236274688_-87.68629301064442_Z7l1UjUsmFbOaVl5s7pOdw.jpg,Chicago:2686,attention,random,0,-6,40,True,,6062,5,5080520678233930658,38,7448,0.1484375,0.24148054420948029,0.08915352821350098,0.4426729381084442,0.35203880071640015,0.20119239389896393,0.26288527250289917,1,1,0.1523270159959793,0.37531590461730957,0.09063413739204407,0,0,1,1,1,7448
1,Chicago/Chicago_0002686_2017_10_316_41.87281236274688_-87.68629301064442_Z7l1UjUsmFbOaVl5s7pOdw.jpg,Chicago:2686,attention,random,1,96,1,True,,6062,5,5080520678233930658,38,7448,0.1484375,0.24148054420948029,0.2614184617996216,0.4426729381084442,0.46660861372947693,0.20119239389896393,0.20519013702869415,1,1,-0.019937917590141296,0.03715074062347412,-0.023935675621032715,0,0,1,1,1,7448
1,Chicago/Chicago_0002686_2017_10_316_41.87281236274688_-87.68629301064442_Z7l1UjUsmFbOaVl5s7pOdw.jpg,Chicago:2686,attention,random,2,60,15,True,,6062,5,5080520678233930658,38,7448,0.1484375,0.24148054420948029,0.2138790339231491,0.4426729381084442,0.405729204416275,0.20119239389896393,0.19185017049312592,1,1,0.027601510286331177,0.1302710771560669,0.03694373369216919,0,0,1,1,1,7448
1,Chicago/Chicago_0002686_2017_10_316_41.87281236274688_-87.68629301064442_Z7l1UjUsmFbOaVl5s7pOdw.jpg,Chicago:2686,attention,random,3,62,27,True,,6062,5,5080520678233930658,38,7448,0.1484375,0.24148054420948029,0.24493210017681122,0.4426729381084442,0.40577802062034607,0.20119239389896393,0.16084592044353485,1,1,-0.0034515559673309326,0.13211119174957275,0.036894917488098145,0,0,1,1,1,7448
1,Chicago/Chicago_0002686_2017_10_316_41.87281236274688_-87.68629301064442_Z7l1UjUsmFbOaVl5s7pOdw.jpg,Chicago:2686,attention,random,4,-4,7,True,,6062,5,5080520678233930658,38,7448,0.1484375,0.24148054420948029,0.17554971575737,0.4426729381084442,0.41668200492858887,0.20119239389896393,0.24113228917121887,1,1,0.06593082845211029,0.4098086357116699,0.025990933179855347,0,0,1,1,1,7448
1,Chicago/Chicago_0002686_2017_10_316_41.87281236274688_-87.68629301064442_Z7l1UjUsmFbOaVl5s7pOdw.jpg,Chicago:2686,fused,targeted,-1,0,0,True,,6062,5,6317330052333847313,38,7448,0.1484375,0.24148054420948029,0.17802518606185913,0.4426729381084442,0.4198305308818817,0.20119239389896393,0.24180534482002258,1,1,0.06345535814762115,0.39021944999694824,0.0228424072265625,0,0,1,1,1,7448
1,Chicago/Chicago_0002686_2017_10_316_41.87281236274688_-87.68629301064442_Z7l1UjUsmFbOaVl5s7pOdw.jpg,Chicago:2686,fused,random,0,70,40,True,,6062,5,6317330052333847313,38,7448,0.1484375,0.24148054420948029,0.2403125762939453,0.4426729381084442,0.4331282377243042,0.20119239389896393,0.1928156614303589,1,1,0.0011679679155349731,0.08955490589141846,0.009544700384140015,0,0,1,1,1,7448
1,Chicago/Chicago_0002686_2017_10_316_41.87281236274688_-87.68629301064442_Z7l1UjUsmFbOaVl5s7pOdw.jpg,Chicago:2686,fused,random,1,21,5,True,,6062,5,6317330052333847313,38,7448,0.1484375,0.24148054420948029,0.16774730384349823,0.4426729381084442,0.3883134126663208,0.20119239389896393,0.22056610882282257,1,1,0.07373324036598206,0.3981064558029175,0.05435952544212341,0,0,1,1,1,7448
1,Chicago/Chicago_0002686_2017_10_316_41.87281236274688_-87.68629301064442_Z7l1UjUsmFbOaVl5s7pOdw.jpg,Chicago:2686,fused,random,2,20,21,True,,6062,5,6317330052333847313,38,7448,0.1484375,0.24148054420948029,0.12884816527366638,0.4426729381084442,0.34502503275871277,0.20119239389896393,0.2161768674850464,1,1,0.1126323789358139,0.4101526141166687,0.09764790534973145,0,0,1,1,1,7448
1,Chicago/Chicago_0002686_2017_10_316_41.87281236274688_-87.68629301064442_Z7l1UjUsmFbOaVl5s7pOdw.jpg,Chicago:2686,fused,random,3,90,18,True,,6062,5,6317330052333847313,38,7448,0.1484375,0.24148054420948029,0.2582305371761322,0.4426729381084442,0.4619396924972534,0.20119239389896393,0.20370915532112122,1,1,-0.016749992966651917,0.03935229778289795,-0.019266754388809204,0,0,1,1,1,7448
1,Chicago/Chicago_0002686_2017_10_316_41.87281236274688_-87.68629301064442_Z7l1UjUsmFbOaVl5s7pOdw.jpg,Chicago:2686,fused,random,4,49,33,True,,6062,5,6317330052333847313,38,7448,0.1484375,0.24148054420948029,0.21624645590782166,0.4426729381084442,0.40298792719841003,0.20119239389896393,0.18674147129058838,1,1,0.02523408830165863,0.1711723804473877,0.03968501091003418,0,0,1,1,1,7448
1,Melbourne/Melbourne_0005898_2019_07_222_-37.79479919690841_144.944888341501_kY83K8CiihOvyy1-2vXj4Q.jpg,Melbourne:5898,attention,clean,-1,0,0,True,,9604,5,264973776445322121,38,7448,0.1484375,0.3339479863643646,0.3339479863643646,0.5258183479309082,0.5258183479309082,0.19187036156654358,0.19187036156654358,1,1,0.0,0.0,0.0,0,0,1,1,1,0
1,Melbourne/Melbourne_0005898_2019_07_222_-37.79479919690841_144.944888341501_kY83K8CiihOvyy1-2vXj4Q.jpg,Melbourne:5898,fused,clean,-1,0,0,True,,10794,5,1978201252719163849,38,7448,0.1484375,0.3339479863643646,0.3339479863643646,0.5258183479309082,0.5258183479309082,0.19187036156654358,0.19187036156654358,1,1,0.0,0.0,0.0,0,0,1,1,1,0
1,Melbourne/Melbourne_0005898_2019_07_222_-37.79479919690841_144.944888341501_kY83K8CiihOvyy1-2vXj4Q.jpg,Melbourne:5898,attention,targeted,-1,0,0,True,,9604,5,264973776445322121,38,7448,0.1484375,0.3339479863643646,0.2314283549785614,0.5258183479309082,0.43745067715644836,0.19187036156654358,0.20602232217788696,1,1,0.10251963138580322,0.2361401915550232,0.08836767077445984,0,0,1,1,1,7448
1,Melbourne/Melbourne_0005898_2019_07_222_-37.79479919690841_144.944888341501_kY83K8CiihOvyy1-2vXj4Q.jpg,Melbourne:5898,attention,random,0,26,38,True,,9604,5,264973776445322121,38,7448,0.1484375,0.3339479863643646,0.22183939814567566,0.5258183479309082,0.4046398103237152,0.19187036156654358,0.18280041217803955,1,1,0.11210858821868896,0.13214147090911865,0.121178537607193,0,0,1,1,1,7448
1,Melbourne/Melbourne_0005898_2019_07_222_-37.79479919690841_144.944888341501_kY83K8CiihOvyy1-2vXj4Q.jpg,Melbourne:5898,attention,random,1,-38,32,True,,9604,5,264973776445322121,38,7448,0.1484375,0.3339479863643646,0.279546856880188,0.5258183479309082,0.46993646025657654,0.19187036156654358,0.19038960337638855,1,1,0.054401129484176636,0.11070966720581055,0.055881887674331665,0,0,1,1,1,7448
1,Melbourne/Melbourne_0005898_2019_07_222_-37.79479919690841_144.944888341501_kY83K8CiihOvyy1-2vXj4Q.jpg,Melbourne:5898,attention,random,2,12,73,True,,9604,5,264973776445322121,38,7448,0.1484375,0.3339479863643646,0.29915469884872437,0.5258183479309082,0.4323264956474304,0.19187036156654358,0.13317179679870605,1,1,0.03479328751564026,0.17988479137420654,0.09349185228347778,0,0,1,1,1,7448
1,Melbourne/Melbourne_0005898_2019_07_222_-37.79479919690841_144.944888341501_kY83K8CiihOvyy1-2vXj4Q.jpg,Melbourne:5898,attention,random,3,7,105,True,,9604,5,264973776445322121,38,7448,0.1484375,0.3339479863643646,0.3068161904811859,0.5258183479309082,0.44921305775642395,0.19187036156654358,0.14239686727523804,1,1,0.02713179588317871,0.17704910039901733,0.07660529017448425,0,0,1,1,1,7448
1,Melbourne/Melbourne_0005898_2019_07_222_-37.79479919690841_144.944888341501_kY83K8CiihOvyy1-2vXj4Q.jpg,Melbourne:5898,attention,random,4,-45,68,True,,9604,5,264973776445322121,38,7448,0.1484375,0.3339479863643646,0.32518789172172546,0.5258183479309082,0.47461998462677,0.19187036156654358,0.14943209290504456,1,1,0.00876009464263916,0.13609731197357178,0.051198363304138184,0,0,1,1,1,7448
1,Melbourne/Melbourne_0005898_2019_07_222_-37.79479919690841_144.944888341501_kY83K8CiihOvyy1-2vXj4Q.jpg,Melbourne:5898,fused,targeted,-1,0,0,True,,10794,5,1978201252719163849,38,7448,0.1484375,0.3339479863643646,0.2341739982366562,0.5258183479309082,0.437839537858963,0.19187036156654358,0.20366553962230682,1,1,0.09977398812770844,0.2362462282180786,0.08797881007194519,0,0,1,1,1,7448
1,Melbourne/Melbourne_0005898_2019_07_222_-37.79479919690841_144.944888341501_kY83K8CiihOvyy1-2vXj4Q.jpg,Melbourne:5898,fused,random,0,7,20,True,,10794,5,1978201252719163849,38,7448,0.1484375,0.3339479863643646,0.2241555154323578,0.5258183479309082,0.4174436330795288,0.19187036156654358,0.19328811764717102,1,1,0.10979247093200684,0.1807926893234253,0.1083747148513794,0,0,1,1,1,7448
1,Melbourne/Melbourne_0005898_2019_07_222_-37.79479919690841_144.944888341501_kY83K8CiihOvyy1-2vXj4Q.jpg,Melbourne:5898,fused,random,1,9,28,True,,10794,5,1978201252719163849,38,7448,0.1484375,0.3339479863643646,0.23239225149154663,0.5258183479309082,0.4123057723045349,0.19187036156654358,0.17991352081298828,1,1,0.101555734872818,0.1762070655822754,0.11351257562637329,0,0,1,1,1,7448
1,Melbourne/Melbourne_0005898_2019_07_222_-37.79479919690841_144.944888341501_kY83K8CiihOvyy1-2vXj4Q.jpg,Melbourne:5898,fused,random,2,3,92,True,,10794,5,1978201252719163849,38,7448,0.1484375,0.3339479863643646,0.2898156940937042,0.5258183479309082,0.43757349252700806,0.19187036156654358,0.14775779843330383,1,1,0.0441322922706604,0.19716882705688477,0.08824485540390015,0,0,1,1,1,7448
1,Melbourne/Melbourne_0005898_2019_07_222_-37.79479919690841_144.944888341501_kY83K8CiihOvyy1-2vXj4Q.jpg,Melbourne:5898,fused,random,3,11,28,True,,10794,5,1978201252719163849,38,7448,0.1484375,0.3339479863643646,0.23452526330947876,0.5258183479309082,0.41548001766204834,0.19187036156654358,0.18095475435256958,1,1,0.09942272305488586,0.17269808053970337,0.11033833026885986,0,0,1,1,1,7448
1,Melbourne/Melbourne_0005898_2019_07_222_-37.79479919690841_144.944888341501_kY83K8CiihOvyy1-2vXj4Q.jpg,Melbourne:5898,fused,random,4,-22,87,True,,10794,5,1978201252719163849,38,7448,0.1484375,0.3339479863643646,0.303217351436615,0.5258183479309082,0.4551677703857422,0.19187036156654358,0.1519504189491272,1,1,0.030730634927749634,0.1774967908859253,0.07065057754516602,0,0,1,1,1,7448
1,Melbourne/Melbourne_0002577_2019_07_279_-37.82889784850852_144.9587471657209_qRoNemVXpFvZn01ASChe9w.jpg,Melbourne:2577,attention,clean,-1,0,0,True,,2114,5,2817141527041713530,38,7448,0.1484375,0.277016282081604,0.277016282081604,0.4487806260585785,0.4487806260585785,0.1717643439769745,0.1717643439769745,1,1,0.0,0.0,0.0,0,0,1,1,1,0
1,Melbourne/Melbourne_0002577_2019_07_279_-37.82889784850852_144.9587471657209_qRoNemVXpFvZn01ASChe9w.jpg,Melbourne:2577,fused,clean,-1,0,0,True,,5460,5,4126395443722494860,38,7448,0.1484375,0.277016282081604,0.277016282081604,0.4487806260585785,0.4487806260585785,0.1717643439769745,0.1717643439769745,1,1,0.0,0.0,0.0,0,0,1,1,1,0
1,Melbourne/Melbourne_0002577_2019_07_279_-37.82889784850852_144.9587471657209_qRoNemVXpFvZn01ASChe9w.jpg,Melbourne:2577,attention,targeted,-1,0,0,True,,2114,5,2817141527041713530,38,7448,0.1484375,0.277016282081604,0.22032006084918976,0.4487806260585785,0.4430520534515381,0.1717643439769745,0.22273199260234833,1,1,0.056696221232414246,0.32252728939056396,0.005728572607040405,0,0,1,1,1,7448
1,Melbourne/Melbourne_0002577_2019_07_279_-37.82889784850852_144.9587471657209_qRoNemVXpFvZn01ASChe9w.jpg,Melbourne:2577,attention,random,0,121,-7,True,,2114,5,2817141527041713530,38,7448,0.1484375,0.277016282081604,0.2782765030860901,0.4487806260585785,0.4594452381134033,0.1717643439769745,0.18116873502731323,1,1,-0.001260221004486084,0.025562942028045654,-0.010664612054824829,0,0,1,1,1,7448
1,Melbourne/Melbourne_0002577_2019_07_279_-37.82889784850852_144.9587471657209_qRoNemVXpFvZn01ASChe9w.jpg,Melbourne:2577,attention,random,1,83,-5,True,,2114,5,2817141527041713530,38,7448,0.1484375,0.277016282081604,0.2886691093444824,0.4487806260585785,0.45465153455734253,0.1717643439769745,0.1659824103116989,1,1,-0.011652827262878418,0.07721012830734253,-0.005870908498764038,0,0,1,1,1,7448
1,Melbourne/Melbourne_0002577_2019_07_279_-37.82889784850852_144.9587471657209_qRoNemVXpFvZn01ASChe9w.jpg,Melbourne:2577,attention,random,2,114,-2,True,,2114,5,2817141527041713530,38,7448,0.1484375,0.277016282081604,0.2797752320766449,0.4487806260585785,0.45766544342041016,0.1717643439769745,0.17789021134376526,1,1,-0.0027589499950408936,0.025072813034057617,-0.008884817361831665,0,0,1,1,1,7448
1,Melbourne/Melbourne_0002577_2019_07_279_-37.82889784850852_144.9587471657209_qRoNemVXpFvZn01ASChe9w.jpg,Melbourne:2577,attention,random,3,4,-10,True,,2114,5,2817141527041713530,38,7448,0.1484375,0.277016282081604,0.18595464527606964,0.4487806260585785,0.37279337644577026,0.1717643439769745,0.18683873116970062,1,1,0.09106163680553436,0.3398060202598572,0.07598724961280823,0,0,1,1,1,7448
1,Melbourne/Melbourne_0002577_2019_07_279_-37.82889784850852_144.9587471657209_qRoNemVXpFvZn01ASChe9w.jpg,Melbourne:2577,attention,random,4,92,-4,True,,2114,5,2817141527041713530,38,7448,0.1484375,0.277016282081604,0.27928626537323,0.4487806260585785,0.4489254057407379,0.1717643439769745,0.16963914036750793,1,1,-0.0022699832916259766,0.05223184823989868,-0.00014477968215942383,0,0,1,1,1,7448
1,Melbourne/Melbourne_0002577_2019_07_279_-37.82889784850852_144.9587471657209_qRoNemVXpFvZn01ASChe9w.jpg,Melbourne:2577,fused,targeted,-1,0,0,True,,5460,5,4126395443722494860,38,7448,0.1484375,0.277016282081604,0.23622053861618042,0.4487806260585785,0.4382075369358063,0.1717643439769745,0.20198699831962585,1,1,0.040795743465423584,0.3600919246673584,0.010573089122772217,0,0,1,1,1,7448
1,Melbourne/Melbourne_0002577_2019_07_279_-37.82889784850852_144.9587471657209_qRoNemVXpFvZn01ASChe9w.jpg,Melbourne:2577,fused,random,0,104,-9,True,,5460,5,4126395443722494860,38,7448,0.1484375,0.277016282081604,0.2698987126350403,0.4487806260585785,0.4413352906703949,0.1717643439769745,0.1714365929365158,1,1,0.007117569446563721,0.04656416177749634,0.007445335388183594,0,0,1,1,1,7448
1,Melbourne/Melbourne_0002577_2019_07_279_-37.82889784850852_144.9587471657209_qRoNemVXpFvZn01ASChe9w.jpg,Melbourne:2577,fused,random,1,13,9,True,,5460,5,4126395443722494860,38,7448,0.1484375,0.277016282081604,0.20006582140922546,0.4487806260585785,0.38898706436157227,0.1717643439769745,0.1889212429523468,1,1,0.07695046067237854,0.3149756193161011,0.059793561697006226,0,0,1,1,1,7448
1,Melbourne/Melbourne_0002577_2019_07_279_-37.82889784850852_144.9587471657209_qRoNemVXpFvZn01ASChe9w.jpg,Melbourne:2577,fused,random,2,94,28,True,,5460,5,4126395443722494860,38,7448,0.1484375,0.277016282081604,0.2762269079685211,0.4487806260585785,0.44384557008743286,0.1717643439769745,0.16761866211891174,1,1,0.0007893741130828857,0.08519285917282104,0.00493505597114563,0,0,1,1,1,7448
1,Melbourne/Melbourne_0002577_2019_07_279_-37.82889784850852_144.9587471657209_qRoNemVXpFvZn01ASChe9w.jpg,Melbourne:2577,fused,random,3,106,-3,True,,5460,5,4126395443722494860,38,7448,0.1484375,0.277016282081604,0.28591620922088623,0.4487806260585785,0.45245975255966187,0.1717643439769745,0.16654352843761444,1,1,-0.008899927139282227,0.057939350605010986,-0.003679126501083374,0,0,1,1,1,7448
1,Melbourne/Melbourne_0002577_2019_07_279_-37.82889784850852_144.9587471657209_qRoNemVXpFvZn01ASChe9w.jpg,Melbourne:2577,fused,random,4,45,-10,True,,5460,5,4126395443722494860,38,7448,0.1484375,0.277016282081604,0.21261578798294067,0.4487806260585785,0.42324790358543396,0.1717643439769745,0.2106321156024933,1,1,0.06440049409866333,0.22074449062347412,0.02553272247314453,0,0,1,1,1,7448
1,Lisbon/Lisbon_0000960_2009_08_182_38.71120662095573_-9.17000257412647_X-OiTtFJj9pcYCCDsvQFOg.jpg,Lisbon:960,attention,clean,-1,0,0,True,,7238,5,9078321838879720275,38,7448,0.1484375,0.07981368899345398,0.07981368899345398,0.34299880266189575,0.34299880266189575,0.2631851136684418,0.2631851136684418,1,1,0.0,0.0,0.0,0,0,1,1,1,0
1,Lisbon/Lisbon_0000960_2009_08_182_38.71120662095573_-9.17000257412647_X-OiTtFJj9pcYCCDsvQFOg.jpg,Lisbon:960,fused,clean,-1,0,0,True,,5460,5,2521681018318130923,38,7448,0.1484375,0.07981368899345398,0.07981368899345398,0.34299880266189575,0.34299880266189575,0.2631851136684418,0.2631851136684418,1,1,0.0,0.0,0.0,0,0,1,1,1,0
1,Lisbon/Lisbon_0000960_2009_08_182_38.71120662095573_-9.17000257412647_X-OiTtFJj9pcYCCDsvQFOg.jpg,Lisbon:960,attention,targeted,-1,0,0,True,,7238,5,9078321838879720275,38,7448,0.1484375,0.07981368899345398,0.05171024799346924,0.34299880266189575,0.2598971128463745,0.2631851136684418,0.20818686485290527,1,1,0.02810344099998474,0.3964993953704834,0.08310168981552124,0,0,1,1,1,7448
1,Lisbon/Lisbon_0000960_2009_08_182_38.71120662095573_-9.17000257412647_X-OiTtFJj9pcYCCDsvQFOg.jpg,Lisbon:960,attention,random,0,-12,-37,True,,7238,5,9078321838879720275,38,7448,0.1484375,0.07981368899345398,0.054470956325531006,0.34299880266189575,0.2604888081550598,0.2631851136684418,0.2060178518295288,1,1,0.025342732667922974,0.35643506050109863,0.08250999450683594,0,0,1,1,1,7448
1,Lisbon/Lisbon_0000960_2009_08_182_38.71120662095573_-9.17000257412647_X-OiTtFJj9pcYCCDsvQFOg.jpg,Lisbon:960,attention,random,1,96,-38,True,,7238,5,9078321838879720275,38,7448,0.1484375,0.07981368899345398,0.08326071500778198,0.34299880266189575,0.34289175271987915,0.2631851136684418,0.25963103771209717,1,1,-0.003447026014328003,0.03296029567718506,0.00010704994201660156,0,0,1,1,1,7448
1,Lisbon/Lisbon_0000960_2009_08_182_38.71120662095573_-9.17000257412647_X-OiTtFJj9pcYCCDsvQFOg.jpg,Lisbon:960,attention,random,2,111,-31,True,,7238,5,9078321838879720275,38,7448,0.1484375,0.07981368899345398,0.08775988221168518,0.34299880266189575,0.34465205669403076,0.2631851136684418,0.2568921744823456,1,1,-0.007946193218231201,0.0344085693359375,-0.0016532540321350098,0,0,1,1,1,7448
1,Lisbon/Lisbon_0000960_2009_08_182_38.71120662095573_-9.17000257412647_X-OiTtFJj9pcYCCDsvQFOg.jpg,Lisbon:960,attention,random,3,30,-10,True,,7238,5,9078321838879720275,38,7448,0.1484375,0.07981368899345398,0.039708465337753296,0.34299880266189575,0.25163009762763977,0.2631851136684418,0.21192163228988647,1,1,0.040105223655700684,0.3245791792869568,0.09136870503425598,0,0,1,1,1,7448
1,Lisbon/Lisbon_0000960_2009_08_182_38.71120662095573_-9.17000257412647_X-OiTtFJj9pcYCCDsvQFOg.jpg,Lisbon:960,attention,random,4,71,-20,True,,7238,5,9078321838879720275,38,7448,0.1484375,0.07981368899345398,0.06828232109546661,0.34299880266189575,0.3120405972003937,0.2631851136684418,0.24375827610492706,1,1,0.011531367897987366,0.07157421112060547,0.030958205461502075,0,0,1,1,1,7448
1,Lisbon/Lisbon_0000960_2009_08_182_38.71120662095573_-9.17000257412647_X-OiTtFJj9pcYCCDsvQFOg.jpg,Lisbon:960,fused,targeted,-1,0,0,True,,5460,5,2521681018318130923,38,7448,0.1484375,0.07981368899345398,-0.0019077658653259277,0.34299880266189575,0.23618772625923157,0.2631851136684418,0.2380954921245575,1,2,0.08172145485877991,0.43897271156311035,0.10681107640266418,1,1,0,1,1,7448
1,Lisbon/Lisbon_0000960_2009_08_182_38.71120662095573_-9.17000257412647_X-OiTtFJj9pcYCCDsvQFOg.jpg,Lisbon:960,fused,random,0,96,-31,True,,5460,5,2521681018318130923,38,7448,0.1484375,0.07981368899345398,0.0885167121887207,0.34299880266189575,0.33922046422958374,0.2631851136684418,0.25070375204086304,1,1,-0.008703023195266724,0.045675694942474365,0.0037783384323120117,0,0,1,1,1,7448
1,Lisbon/Lisbon_0000960_2009_08_182_38.71120662095573_-9.17000257412647_X-OiTtFJj9pcYCCDsvQFOg.jpg,Lisbon:960,fused,random,1,28,-31,True,,5460,5,2521681018318130923,38,7448,0.1484375,0.07981368899345398,0.051292091608047485,0.34299880266189575,0.2590720057487488,0.2631851136684418,0.2077799141407013,1,1,0.028521597385406494,0.2325945496559143,0.08392679691314697,0,0,1,1,1,7448
1,Lisbon/Lisbon_0000960_2009_08_182_38.71120662095573_-9.17000257412647_X-OiTtFJj9pcYCCDsvQFOg.jpg,Lisbon:960,fused,random,2,52,-3,True,,5460,5,2521681018318130923,38,7448,0.1484375,0.07981368899345398,0.04003250598907471,0.34299880266189575,0.2832593321800232,0.2631851136684418,0.2432268261909485,1,1,0.03978118300437927,0.1365709900856018,0.05973947048187256,0,0,1,1,1,7448
1,Lisbon/Lisbon_0000960_2009_08_182_38.71120662095573_-9.17000257412647_X-OiTtFJj9pcYCCDsvQFOg.jpg,Lisbon:960,fused,random,3,43,-3,True,,5460,5,2521681018318130923,38,7448,0.1484375,0.07981368899345398,0.028980404138565063,0.34299880266189575,0.2571997344493866,0.2631851136684418,0.22821933031082153,1,1,0.050833284854888916,0.2022463083267212,0.08579906821250916,0,0,1,1,1,7448
1,Lisbon/Lisbon_0000960_2009_08_182_38.71120662095573_-9.17000257412647_X-OiTtFJj9pcYCCDsvQFOg.jpg,Lisbon:960,fused,random,4,78,-37,True,,5460,5,2521681018318130923,38,7448,0.1484375,0.07981368899345398,0.09879952669143677,0.34299880266189575,0.3474057912826538,0.2631851136684418,0.24860626459121704,1,1,-0.018985837697982788,0.04936087131500244,-0.004406988620758057,0,0,1,1,1,7448
1,PRS/PRS_0003451_2012_08_133_48.87325336498916_2.307285056069851_gg9wj5Cx8HlOlQoJKaXkDg.jpg,PRS:3451,attention,clean,-1,0,0,True,,154,5,2965454258408648050,38,7448,0.1484375,0.4060218930244446,0.4060218930244446,0.5549931526184082,0.5549931526184082,0.14897125959396362,0.14897125959396362,1,1,0.0,0.0,0.0,0,0,1,1,1,0
1,PRS/PRS_0003451_2012_08_133_48.87325336498916_2.307285056069851_gg9wj5Cx8HlOlQoJKaXkDg.jpg,PRS:3451,fused,clean,-1,0,0,True,,8834,5,711950829976365482,38,7448,0.1484375,0.4060218930244446,0.4060218930244446,0.5549931526184082,0.5549931526184082,0.14897125959396362,0.14897125959396362,1,1,0.0,0.0,0.0,0,0,1,1,1,0
1,PRS/PRS_0003451_2012_08_133_48.87325336498916_2.307285056069851_gg9wj5Cx8HlOlQoJKaXkDg.jpg,PRS:3451,attention,targeted,-1,0,0,True,,154,5,2965454258408648050,38,7448,0.1484375,0.4060218930244446,0.2670394778251648,0.5549931526184082,0.4509977102279663,0.14897125959396362,0.1839582324028015,1,1,0.13898241519927979,0.3482537269592285,0.1039954423904419,0,0,1,1,1,7448
1,PRS/PRS_0003451_2012_08_133_48.87325336498916_2.307285056069851_gg9wj5Cx8HlOlQoJKaXkDg.jpg,PRS:3451,attention,random,0,-19,0,True,,154,5,2965454258408648050,38,7448,0.1484375,0.4060218930244446,0.2751375436782837,0.5549931526184082,0.45647215843200684,0.14897125959396362,0.18133462965488434,1,1,0.1308843493461609,0.3601679801940918,0.09852099418640137,0,0,1,1,1,7448
1,PRS/PRS_0003451_2012_08_133_48.87325336498916_2.307285056069851_gg9wj5Cx8HlOlQoJKaXkDg.jpg,PRS:3451,attention,random,1,28,0,True,,154,5,2965454258408648050,38,7448,0.1484375,0.4060218930244446,0.37292730808258057,0.5549931526184082,0.5408668518066406,0.14897125959396362,0.16793955862522125,1,1,0.033094584941864014,0.28742343187332153,0.014126300811767578,0,0,1,1,1,7448
1,PRS/PRS_0003451_2012_08_133_48.87325336498916_2.307285056069851_gg9wj5Cx8HlOlQoJKaXkDg.jpg,PRS:3451,attention,random,2,-62,0,True,,154,5,2965454258408648050,38,7448,0.1484375,0.4060218930244446,0.37356841564178467,0.5549931526184082,0.5324381589889526,0.14897125959396362,0.15886974334716797,1,1,0.03245347738265991,0.08313095569610596,0.022554993629455566,0,0,1,1,1,7448
1,PRS/PRS_0003451_2012_08_133_48.87325336498916_2.307285056069851_gg9wj5Cx8HlOlQoJKaXkDg.jpg,PRS:3451,attention,random,3,7,0,True,,154,5,2965454258408648050,38,7448,0.1484375,0.4060218930244446,0.3176632821559906,0.5549931526184082,0.5008620619773865,0.14897125959396362,0.18319877982139587,1,1,0.08835861086845398,0.3367155194282532,0.05413109064102173,0,0,1,1,1,7448
1,PRS/PRS_0003451_2012_08_133_48.87325336498916_2.307285056069851_gg9wj5Cx8HlOlQoJKaXkDg.jpg,PRS:3451,attention,random,4,-50,0,True,,154,5,2965454258408648050,38,7448,0.1484375,0.4060218930244446,0.3710514008998871,0.5549931526184082,0.5316405892372131,0.14897125959396362,0.16058918833732605,1,1,0.034970492124557495,0.132293701171875,0.02335256338119507,0,0,1,1,1,7448
1,PRS/PRS_0003451_2012_08_133_48.87325336498916_2.307285056069851_gg9wj5Cx8HlOlQoJKaXkDg.jpg,PRS:3451,fused,targeted,-1,0,0,True,,8834,5,711950829976365482,38,7448,0.1484375,0.4060218930244446,0.2078244686126709,0.5549931526184082,0.39691007137298584,0.14897125959396362,0.18908560276031494,1,1,0.19819742441177368,0.3728675842285156,0.15808308124542236,0,0,1,1,1,7448
1,PRS/PRS_0003451_2012_08_133_48.87325336498916_2.307285056069851_gg9wj5Cx8HlOlQoJKaXkDg.jpg,PRS:3451,fused,random,0,42,-2,True,,8834,5,711950829976365482,38,7448,0.1484375,0.4060218930244446,0.3683698773384094,0.5549931526184082,0.5239267349243164,0.14897125959396362,0.15555687248706818,1,1,0.037652015686035156,0.23823726177215576,0.031066417694091797,0,0,1,1,1,7448
1,PRS/PRS_0003451_2012_08_133_48.87325336498916_2.307285056069851_gg9wj5Cx8HlOlQoJKaXkDg.jpg,PRS:3451,fused,random,1,6,-52,True,,8834,5,711950829976365482,38,7448,0.1484375,0.4060218930244446,0.27717363834381104,0.5549931526184082,0.4359806478023529,0.14897125959396362,0.15880699455738068,1,1,0.12884825468063354,0.3236042857170105,0.1190125048160553,0,0,1,1,1,7448
1,PRS/PRS_0003451_2012_08_133_48.87325336498916_2.307285056069851_gg9wj5Cx8HlOlQoJKaXkDg.jpg,PRS:3451,fused,random,2,-96,-39,True,,8834,5,711950829976365482,38,7448,0.1484375,0.4060218930244446,0.3375556468963623,0.5549931526184082,0.49525946378707886,0.14897125959396362,0.15770381689071655,1,1,0.06846624612808228,0.07060253620147705,0.059733688831329346,0,0,1,1,1,7448
1,PRS/PRS_0003451_2012_08_133_48.87325336498916_2.307285056069851_gg9wj5Cx8HlOlQoJKaXkDg.jpg,PRS:3451,fused,random,3,-22,-32,True,,8834,5,711950829976365482,38,7448,0.1484375,0.4060218930244446,0.3294326364994049,0.5549931526184082,0.49432045221328735,0.14897125959396362,0.16488781571388245,1,1,0.07658925652503967,0.2312096357345581,0.06067270040512085,0,0,1,1,1,7448
1,PRS/PRS_0003451_2012_08_133_48.87325336498916_2.307285056069851_gg9wj5Cx8HlOlQoJKaXkDg.jpg,PRS:3451,fused,random,4,-51,0,True,,8834,5,711950829976365482,38,7448,0.1484375,0.4060218930244446,0.3541138172149658,0.5549931526184082,0.526949405670166,0.14897125959396362,0.172835573554039,1,1,0.05190807580947876,0.14839231967926025,0.028043746948242188,0,0,1,1,1,7448
1,TRT/TRT_0000337_2009_05_353_43.64477772078452_-79.57954279962773_acXywZaBuVCEXmBFNlqnLg.jpg,TRT:337,attention,clean,-1,0,0,True,,10010,5,3534725540905240765,38,7448,0.1484375,0.16648131608963013,0.16648131608963013,0.447712242603302,0.447712242603302,0.2812309265136719,0.2812309265136719,1,1,0.0,0.0,0.0,0,0,1,1,1,0
1,TRT/TRT_0000337_2009_05_353_43.64477772078452_-79.57954279962773_acXywZaBuVCEXmBFNlqnLg.jpg,TRT:337,fused,clean,-1,0,0,True,,11984,5,795581378461021152,38,7448,0.1484375,0.16648131608963013,0.16648131608963013,0.447712242603302,0.447712242603302,0.2812309265136719,0.2812309265136719,1,1,0.0,0.0,0.0,0,0,1,1,1,0
1,TRT/TRT_0000337_2009_05_353_43.64477772078452_-79.57954279962773_acXywZaBuVCEXmBFNlqnLg.jpg,TRT:337,attention,targeted,-1,0,0,True,,10010,5,3534725540905240765,38,7448,0.1484375,0.16648131608963013,0.10029163956642151,0.447712242603302,0.33343902230262756,0.2812309265136719,0.23314738273620605,1,1,0.06618967652320862,0.34374767541885376,0.11427322030067444,0,0,1,1,1,7448
1,TRT/TRT_0000337_2009_05_353_43.64477772078452_-79.57954279962773_acXywZaBuVCEXmBFNlqnLg.jpg,TRT:337,attention,random,0,-20,7,True,,10010,5,3534725540905240765,38,7448,0.1484375,0.16648131608963013,0.045831844210624695,0.447712242603302,0.2938690781593323,0.2812309265136719,0.24803723394870758,1,1,0.12064947187900543,0.3915666341781616,0.15384316444396973,0,0,1,1,1,7448
1,TRT/TRT_0000337_2009_05_353_43.64477772078452_-79.57954279962773_acXywZaBuVCEXmBFNlqnLg.jpg,TRT:337,attention,random,1,-21,-10,True,,10010,5,3534725540905240765,38,7448,0.1484375,0.16648131608963013,0.04777809977531433,0.447712242603302,0.27335572242736816,0.2812309265136719,0.22557762265205383,1,1,0.1187032163143158,0.4389899969100952,0.17435652017593384,0,0,1,1,1,7448
1,TRT/TRT_0000337_2009_05_353_43.64477772078452_-79.57954279962773_acXywZaBuVCEXmBFNlqnLg.jpg,TRT:337,attention,random,2,47,13,True,,10010,5,3534725540905240765,38,7448,0.1484375,0.16648131608963013,0.14560210704803467,0.447712242603302,0.4313955307006836,0.2812309265136719,0.2857934236526489,1,1,0.02087920904159546,0.10546958446502686,0.016316711902618408,0,0,1,1,1,7448
1,TRT/TRT_0000337_2009_05_353_43.64477772078452_-79.57954279962773_acXywZaBuVCEXmBFNlqnLg.jpg,TRT:337,attention,random,3,-14,30,True,,10010,5,3534725540905240765,38,7448,0.1484375,0.16648131608963013,0.14752334356307983,0.447712242603302,0.38102859258651733,0.2812309265136719,0.2335052490234375,1,1,0.018957972526550293,0.2840174436569214,0.06668365001678467,0,0,1,1,1,7448
1,TRT/TRT_0000337_2009_05_353_43.64477772078452_-79.57954279962773_acXywZaBuVCEXmBFNlqnLg.jpg,TRT:337,attention,random,4,1,54,True,,10010,5,3534725540905240765,38,7448,0.1484375,0.16648131608963013,0.11660945415496826,0.447712242603302,0.4105461835861206,0.2812309265136719,0.29393672943115234,1,1,0.049871861934661865,0.21436893939971924,0.037166059017181396,0,0,1,1,1,7448
1,TRT/TRT_0000337_2009_05_353_43.64477772078452_-79.57954279962773_acXywZaBuVCEXmBFNlqnLg.jpg,TRT:337,fused,targeted,-1,0,0,True,,11984,5,795581378461021152,38,7448,0.1484375,0.16648131608963013,0.07518941164016724,0.447712242603302,0.2958042621612549,0.2812309265136719,0.22061485052108765,1,1,0.09129190444946289,0.3776588439941406,0.15190798044204712,0,0,1,1,1,7448
1,TRT/TRT_0000337_2009_05_353_43.64477772078452_-79.57954279962773_acXywZaBuVCEXmBFNlqnLg.jpg,TRT:337,fused,random,0,-37,49,True,,11984,5,795581378461021152,38,7448,0.1484375,0.16648131608963013,0.17318913340568542,0.447712242603302,0.4135436415672302,0.2812309265136719,0.2403545081615448,1,1,-0.006707817316055298,0.22634637355804443,0.03416860103607178,0,0,1,1,1,7448
1,TRT/TRT_0000337_2009_05_353_43.64477772078452_-79.57954279962773_acXywZaBuVCEXmBFNlqnLg.jpg,TRT:337,fused,random,1,-38,59,True,,11984,5,795581378461021152,38,7448,0.1484375,0.16648131608963013,0.031377047300338745,0.447712242603302,0.32685133814811707,0.2812309265136719,0.2954742908477783,1,1,0.13510426878929138,0.31301581859588623,0.12086090445518494,0,0,1,1,1,7448
1,TRT/TRT_0000337_2009_05_353_43.64477772078452_-79.57954279962773_acXywZaBuVCEXmBFNlqnLg.jpg,TRT:337,fused,random,2,-82,-12,True,,11984,5,795581378461021152,38,7448,0.1484375,0.16648131608963013,0.13068696856498718,0.447712242603302,0.41094303131103516,0.2812309265136719,0.280256062746048,1,1,0.035794347524642944,0.10566061735153198,0.036769211292266846,0,0,1,1,1,7448
1,TRT/TRT_0000337_2009_05_353_43.64477772078452_-79.57954279962773_acXywZaBuVCEXmBFNlqnLg.jpg,TRT:337,fused,random,3,-64,58,True,,11984,5,795581378461021152,38,7448,0.1484375,0.16648131608963013,0.15868720412254333,0.447712242603302,0.41044434905052185,0.2812309265136719,0.2517571449279785,1,1,0.007794111967086792,0.1649240255355835,0.03726789355278015,0,0,1,1,1,7448
1,TRT/TRT_0000337_2009_05_353_43.64477772078452_-79.57954279962773_acXywZaBuVCEXmBFNlqnLg.jpg,TRT:337,fused,random,4,-6,67,True,,11984,5,795581378461021152,38,7448,0.1484375,0.16648131608963013,0.14136046171188354,0.447712242603302,0.4333893656730652,0.2812309265136719,0.29202890396118164,1,1,0.025120854377746582,0.19788557291030884,0.014322876930236816,0,0,1,1,1,7448
1,Chicago/Chicago_0004118_2009_04_023_41.89078788764298_-87.67846180650729_QQc2tRCnFoctNnQ_qG27OA.jpg,Chicago:4118,attention,clean,-1,0,0,True,,6062,5,5861483190483111291,38,7448,0.1484375,0.20753875374794006,0.20753875374794006,0.4725206196308136,0.4725206196308136,0.26498186588287354,0.26498186588287354,1,1,0.0,0.0,0.0,0,0,1,1,1,0
1,Chicago/Chicago_0004118_2009_04_023_41.89078788764298_-87.67846180650729_QQc2tRCnFoctNnQ_qG27OA.jpg,Chicago:4118,fused,clean,-1,0,0,True,,8036,5,3675983262047410599,38,7448,0.1484375,0.20753875374794006,0.20753875374794006,0.4725206196308136,0.4725206196308136,0.26498186588287354,0.26498186588287354,1,1,0.0,0.0,0.0,0,0,1,1,1,0
1,Chicago/Chicago_0004118_2009_04_023_41.89078788764298_-87.67846180650729_QQc2tRCnFoctNnQ_qG27OA.jpg,Chicago:4118,attention,targeted,-1,0,0,True,,6062,5,5861483190483111291,38,7448,0.1484375,0.20753875374794006,0.019296392798423767,0.4725206196308136,0.2458590269088745,0.26498186588287354,0.22656263411045074,1,1,0.1882423609495163,0.3990563750267029,0.2266615927219391,0,0,1,1,1,7448
1,Chicago/Chicago_0004118_2009_04_023_41.89078788764298_-87.67846180650729_QQc2tRCnFoctNnQ_qG27OA.jpg,Chicago:4118,attention,random,0,-36,7,True,,6062,5,5861483190483111291,38,7448,0.1484375,0.20753875374794006,0.08399039506912231,0.4725206196308136,0.3475314974784851,0.26498186588287354,0.2635411024093628,1,1,0.12354835867881775,0.22541379928588867,0.12498912215232849,0,0,1,1,1,7448
1,Chicago/Chicago_0004118_2009_04_023_41.89078788764298_-87.67846180650729_QQc2tRCnFoctNnQ_qG27OA.jpg,Chicago:4118,attention,random,1,61,3,True,,6062,5,5861483190483111291,38,7448,0.1484375,0.20753875374794006,0.22855894267559052,0.4725206196308136,0.45977282524108887,0.26498186588287354,0.23121388256549835,1,1,-0.02102018892765045,0.10535836219787598,0.012747794389724731,0,0,1,1,1,7448
1,Chicago/Chicago_0004118_2009_04_023_41.89078788764298_-87.67846180650729_QQc2tRCnFoctNnQ_qG27OA.jpg,Chicago:4118,attention,random,2,-21,6,True,,6062,5,5861483190483111291,38,7448,0.1484375,0.20753875374794006,0.07021874189376831,0.4725206196308136,0.3476048707962036,0.26498186588287354,0.2773861289024353,1,1,0.13732001185417175,0.3385411500930786,0.12491574883460999,0,0,1,1,1,7448
1,Chicago/Chicago_0004118_2009_04_023_41.89078788764298_-87.67846180650729_QQc2tRCnFoctNnQ_qG27OA.jpg,Chicago:4118,attention,random,3,-19,22,True,,6062,5,5861483190483111291,38,7448,0.1484375,0.20753875374794006,0.04879066348075867,0.4725206196308136,0.3324073255062103,0.26498186588287354,0.28361666202545166,1,1,0.1587480902671814,0.2897375226020813,0.14011329412460327,0,0,1,1,1,7448
1,Chicago/Chicago_0004118_2009_04_023_41.89078788764298_-87.67846180650729_QQc2tRCnFoctNnQ_qG27OA.jpg,Chicago:4118,attention,random,4,48,24,True,,6062,5,5861483190483111291,38,7448,0.1484375,0.20753875374794006,0.18566539883613586,0.4725206196308136,0.42780694365501404,0.26498186588287354,0.24214154481887817,1,1,0.0218733549118042,0.1315457820892334,0.04471367597579956,0,0,1,1,1,7448
1,Chicago/Chicago_0004118_2009_04_023_41.89078788764298_-87.67846180650729_QQc2tRCnFoctNnQ_qG27OA.jpg,Chicago:4118,fused,targeted,-1,0,0,True,,8036,5,3675983262047410599,38,7448,0.1484375,0.20753875374794006,-0.020840108394622803,0.4725206196308136,0.2588147521018982,0.26498186588287354,0.279654860496521,1,2,0.22837886214256287,0.39616626501083374,0.2137058675289154,1,1,0,1,1,7448
1,Chicago/Chicago_0004118_2009_04_023_41.89078788764298_-87.67846180650729_QQc2tRCnFoctNnQ_qG27OA.jpg,Chicago:4118,fused,random,0,-47,40,True,,8036,5,3675983262047410599,38,7448,0.1484375,0.20753875374794006,0.1453799307346344,0.4725206196308136,0.43031373620033264,0.26498186588287354,0.28493380546569824,1,1,0.062158823013305664,0.08870327472686768,0.04220688343048096,0,0,1,1,1,7448
1,Chicago/Chicago_0004118_2009_04_023_41.89078788764298_-87.67846180650729_QQc2tRCnFoctNnQ_qG27OA.jpg,Chicago:4118,fused,random,1,-32,24,True,,8036,5,3675983262047410599,38,7448,0.1484375,0.20753875374794006,0.11716687679290771,0.4725206196308136,0.37582844495773315,0.26498186588287354,0.25866156816482544,1,1,0.09037187695503235,0.19195622205734253,0.09669217467308044,0,0,1,1,1,7448
1,Chicago/Chicago_0004118_2009_04_023_41.89078788764298_-87.67846180650729_QQc2tRCnFoctNnQ_qG27OA.jpg,Chicago:4118,fused,random,2,-63,45,True,,8036,5,3675983262047410599,38,7448,0.1484375,0.20753875374794006,0.19535133242607117,0.4725206196308136,0.4685749113559723,0.26498186588287354,0.2732235789299011,1,1,0.012187421321868896,0.021576404571533203,0.003945708274841309,0,0,1,1,1,7448
1,Chicago/Chicago_0004118_2009_04_023_41.89078788764298_-87.67846180650729_QQc2tRCnFoctNnQ_qG27OA.jpg,Chicago:4118,fused,random,3,-28,41,True,,8036,5,3675983262047410599,38,7448,0.1484375,0.20753875374794006,0.08910483121871948,0.4725206196308136,0.37662795186042786,0.26498186588287354,0.2875231206417084,1,1,0.11843392252922058,0.20496225357055664,0.09589266777038574,0,0,1,1,1,7448
1,Chicago/Chicago_0004118_2009_04_023_41.89078788764298_-87.67846180650729_QQc2tRCnFoctNnQ_qG27OA.jpg,Chicago:4118,fused,random,4,28,12,True,,8036,5,3675983262047410599,38,7448,0.1484375,0.20753875374794006,0.1456180214881897,0.4725206196308136,0.3532553017139435,0.26498186588287354,0.20763728022575378,1,1,0.061920732259750366,0.2631340026855469,0.11926531791687012,0,0,1,1,1,7448
1,Lisbon/Lisbon_0003123_2009_06_049_38.72826258534669_-9.164996249525506_IdVG1Hoc92Y2wOGGN-4MWA.jpg,Lisbon:3123,attention,clean,-1,0,0,True,,7028,5,6797744006871253796,38,7448,0.1484375,0.32156902551651,0.32156902551651,0.4935402274131775,0.4935402274131775,0.17197120189666748,0.17197120189666748,1,1,0.0,0.0,0.0,0,0,1,1,1,0
1,Lisbon/Lisbon_0003123_2009_06_049_38.72826258534669_-9.164996249525506_IdVG1Hoc92Y2wOGGN-4MWA.jpg,Lisbon:3123,fused,clean,-1,0,0,True,,7028,5,2972053890752947687,38,7448,0.1484375,0.32156902551651,0.32156902551651,0.4935402274131775,0.4935402274131775,0.17197120189666748,0.17197120189666748,1,1,0.0,0.0,0.0,0,0,1,1,1,0
1,Lisbon/Lisbon_0003123_2009_06_049_38.72826258534669_-9.164996249525506_IdVG1Hoc92Y2wOGGN-4MWA.jpg,Lisbon:3123,attention,targeted,-1,0,0,True,,7028,5,6797744006871253796,38,7448,0.1484375,0.32156902551651,0.2921338677406311,0.4935402274131775,0.4519839882850647,0.17197120189666748,0.1598501354455948,1,1,0.029435157775878906,0.26618993282318115,0.04155623912811279,0,0,1,1,1,7448
1,Lisbon/Lisbon_0003123_2009_06_049_38.72826258534669_-9.164996249525506_IdVG1Hoc92Y2wOGGN-4MWA.jpg,Lisbon:3123,attention,random,0,-14,43,True,,7028,5,6797744006871253796,38,7448,0.1484375,0.32156902551651,0.2626250088214874,0.4935402274131775,0.42062997817993164,0.17197120189666748,0.1580049693584442,1,1,0.05894401669502258,0.15821599960327148,0.07291024923324585,0,0,1,1,1,7448
1,Lisbon/Lisbon_0003123_2009_06_049_38.72826258534669_-9.164996249525506_IdVG1Hoc92Y2wOGGN-4MWA.jpg,Lisbon:3123,attention,random,1,25,18,True,,7028,5,6797744006871253796,38,7448,0.1484375,0.32156902551651,0.2814576029777527,0.4935402274131775,0.43520933389663696,0.17197120189666748,0.15375173091888428,1,1,0.040111422538757324,0.27133142948150635,0.05833089351654053,0,0,1,1,1,7448
1,Lisbon/Lisbon_0003123_2009_06_049_38.72826258534669_-9.164996249525506_IdVG1Hoc92Y2wOGGN-4MWA.jpg,Lisbon:3123,attention,random,2,4,47,True,,7028,5,6797744006871253796,38,7448,0.1484375,0.32156902551651,0.24994349479675293,0.4935402274131775,0.40448248386383057,0.17197120189666748,0.15453898906707764,1,1,0.07162553071975708,0.17726773023605347,0.08905774354934692,0,0,1,1,1,7448
1,Lisbon/Lisbon_0003123_2009_06_049_38.72826258534669_-9.164996249525506_IdVG1Hoc92Y2wOGGN-4MWA.jpg,Lisbon:3123,attention,random,3,-5,77,True,,7028,5,6797744006871253796,38,7448,0.1484375,0.32156902551651,0.279773086309433,0.4935402274131775,0.43826329708099365,0.17197120189666748,0.15849021077156067,1,1,0.041795939207077026,0.10329985618591309,0.05527693033218384,0,0,1,1,1,7448
1,Lisbon/Lisbon_0003123_2009_06_049_38.72826258534669_-9.164996249525506_IdVG1Hoc92Y2wOGGN-4MWA.jpg,Lisbon:3123,attention,random,4,25,17,True,,7028,5,6797744006871253796,38,7448,0.1484375,0.32156902551651,0.2720445394515991,0.4935402274131775,0.4310958683490753,0.17197120189666748,0.159051313996315,1,1,0.04952448606491089,0.26491570472717285,0.06244435906410217,0,0,1,1,1,7448
1,Lisbon/Lisbon_0003123_2009_06_049_38.72826258534669_-9.164996249525506_IdVG1Hoc92Y2wOGGN-4MWA.jpg,Lisbon:3123,fused,targeted,-1,0,0,True,,7028,5,2972053890752947687,38,7448,0.1484375,0.32156902551651,0.2435656189918518,0.4935402274131775,0.39812344312667847,0.17197120189666748,0.15455782413482666,1,1,0.0780034065246582,0.3506317138671875,0.09541678428649902,0,0,1,1,1,7448
1,Lisbon/Lisbon_0003123_2009_06_049_38.72826258534669_-9.164996249525506_IdVG1Hoc92Y2wOGGN-4MWA.jpg,Lisbon:3123,fused,random,0,13,78,True,,7028,5,2972053890752947687,38,7448,0.1484375,0.32156902551651,0.2827160954475403,0.4935402274131775,0.44848644733428955,0.17197120189666748,0.16577033698558807,1,1,0.03885293006896973,0.09181487560272217,0.04505378007888794,0,0,1,1,1,7448
1,Lisbon/Lisbon_0003123_2009_06_049_38.72826258534669_-9.164996249525506_IdVG1Hoc92Y2wOGGN-4MWA.jpg,Lisbon:3123,fused,random,1,15,45,True,,7028,5,2972053890752947687,38,7448,0.1484375,0.32156902551651,0.23694926500320435,0.4935402274131775,0.3882594704627991,0.17197120189666748,0.15131020545959473,1,1,0.08461976051330566,0.19610810279846191,0.10528075695037842,0,0,1,1,1,7448
1,Lisbon/Lisbon_0003123_2009_06_049_38.72826258534669_-9.164996249525506_IdVG1Hoc92Y2wOGGN-4MWA.jpg,Lisbon:3123,fused,random,2,9,84,True,,7028,5,2972053890752947687,38,7448,0.1484375,0.32156902551651,0.2868792414665222,0.4935402274131775,0.44677507877349854,0.17197120189666748,0.15989583730697632,1,1,0.03468978404998779,0.08403027057647705,0.046765148639678955,0,0,1,1,1,7448
1,Lisbon/Lisbon_0003123_2009_06_049_38.72826258534669_-9.164996249525506_IdVG1Hoc92Y2wOGGN-4MWA.jpg,Lisbon:3123,fused,random,3,-4,60,True,,7028,5,2972053890752947687,38,7448,0.1484375,0.32156902551651,0.275948703289032,0.4935402274131775,0.4316791296005249,0.17197120189666748,0.15573041141033173,1,1,0.04562032222747803,0.11842721700668335,0.06186109781265259,0,0,1,1,1,7448
1,Lisbon/Lisbon_0003123_2009_06_049_38.72826258534669_-9.164996249525506_IdVG1Hoc92Y2wOGGN-4MWA.jpg,Lisbon:3123,fused,random,4,34,25,True,,7028,5,2972053890752947687,38,7448,0.1484375,0.32156902551651,0.2810574173927307,0.4935402274131775,0.4372737407684326,0.17197120189666748,0.1562163233757019,1,1,0.0405116081237793,0.2300570011138916,0.05626648664474487,0,0,1,1,1,7448
1,Rome/Rome_0002295_2008_07_113_41.90450695008018_12.48026800347222_O3khkINqxAm6awsZ_NXz1g.jpg,Rome:2295,attention,clean,-1,0,0,True,,9016,5,4589403743084977531,38,7448,0.1484375,0.27033114433288574,0.27033114433288574,0.5883088111877441,0.5883088111877441,0.3179776668548584,0.3179776668548584,1,1,0.0,0.0,0.0,0,0,1,1,1,0
1,Rome/Rome_0002295_2008_07_113_41.90450695008018_12.48026800347222_O3khkINqxAm6awsZ_NXz1g.jpg,Rome:2295,fused,clean,-1,0,0,True,,10794,5,3939730779961551256,38,7448,0.1484375,0.27033114433288574,0.27033114433288574,0.5883088111877441,0.5883088111877441,0.3179776668548584,0.3179776668548584,1,1,0.0,0.0,0.0,0,0,1,1,1,0
1,Rome/Rome_0002295_2008_07_113_41.90450695008018_12.48026800347222_O3khkINqxAm6awsZ_NXz1g.jpg,Rome:2295,attention,targeted,-1,0,0,True,,9016,5,4589403743084977531,38,7448,0.1484375,0.27033114433288574,0.17592677474021912,0.5883088111877441,0.5151312351226807,0.3179776668548584,0.33920446038246155,1,1,0.09440436959266663,0.239474356174469,0.07317757606506348,0,0,1,1,1,7448
1,Rome/Rome_0002295_2008_07_113_41.90450695008018_12.48026800347222_O3khkINqxAm6awsZ_NXz1g.jpg,Rome:2295,attention,random,0,54,-40,True,,9016,5,4589403743084977531,38,7448,0.1484375,0.27033114433288574,0.25195884704589844,0.5883088111877441,0.5710182189941406,0.3179776668548584,0.3190593719482422,1,1,0.018372297286987305,0.05674165487289429,0.017290592193603516,0,0,1,1,1,7448
1,Rome/Rome_0002295_2008_07_113_41.90450695008018_12.48026800347222_O3khkINqxAm6awsZ_NXz1g.jpg,Rome:2295,attention,random,1,69,-33,True,,9016,5,4589403743084977531,38,7448,0.1484375,0.27033114433288574,0.2511572539806366,0.5883088111877441,0.561079204082489,0.3179776668548584,0.3099219501018524,1,1,0.019173890352249146,0.0690581202507019,0.027229607105255127,0,0,1,1,1,7448
1,Rome/Rome_0002295_2008_07_113_41.90450695008018_12.48026800347222_O3khkINqxAm6awsZ_NXz1g.jpg,Rome:2295,attention,random,2,73,-39,True,,9016,5,4589403743084977531,38,7448,0.1484375,0.27033114433288574,0.23142778873443604,0.5883088111877441,0.5501294732093811,0.3179776668548584,0.31870168447494507,1,1,0.03890335559844971,0.07536059617996216,0.03817933797836304,0,0,1,1,1,7448
1,Rome/Rome_0002295_2008_07_113_41.90450695008018_12.48026800347222_O3khkINqxAm6awsZ_NXz1g.jpg,Rome:2295,attention,random,3,111,-15,True,,9016,5,4589403743084977531,38,7448,0.1484375,0.27033114433288574,0.242983877658844,0.5883088111877441,0.5908979177474976,0.3179776668548584,0.34791404008865356,1,1,0.027347266674041748,0.07503759860992432,-0.002589106559753418,0,0,1,1,1,7448
1,Rome/Rome_0002295_2008_07_113_41.90450695008018_12.48026800347222_O3khkINqxAm6awsZ_NXz1g.jpg,Rome:2295,attention,random,4,9,-30,True,,9016,5,4589403743084977531,38,7448,0.1484375,0.27033114433288574,0.23801133036613464,0.5883088111877441,0.5634855031967163,0.3179776668548584,0.32547417283058167,1,1,0.0323198139667511,0.1045076847076416,0.024823307991027832,0,0,1,1,1,7448
1,Rome/Rome_0002295_2008_07_113_41.90450695008018_12.48026800347222_O3khkINqxAm6awsZ_NXz1g.jpg,Rome:2295,fused,targeted,-1,0,0,True,,10794,5,3939730779961551256,38,7448,0.1484375,0.27033114433288574,0.18658363819122314,0.5883088111877441,0.5241107940673828,0.3179776668548584,0.33752715587615967,1,1,0.0837475061416626,0.23829615116119385,0.06419801712036133,0,0,1,1,1,7448
1,Rome/Rome_0002295_2008_07_113_41.90450695008018_12.48026800347222_O3khkINqxAm6awsZ_NXz1g.jpg,Rome:2295,fused,random,0,62,-12,True,,10794,5,3939730779961551256,38,7448,0.1484375,0.27033114433288574,0.2705523371696472,0.5883088111877441,0.5702865123748779,0.3179776668548584,0.2997341752052307,1,1,-0.0002211928367614746,0.058900654315948486,0.01802229881286621,0,0,1,1,1,7448
1,Rome/Rome_0002295_2008_07_113_41.90450695008018_12.48026800347222_O3khkINqxAm6awsZ_NXz1g.jpg,Rome:2295,fused,random,1,120,-50,True,,10794,5,3939730779961551256,38,7448,0.1484375,0.27033114433288574,0.24676337838172913,0.5883088111877441,0.590146541595459,0.3179776668548584,0.34338316321372986,1,1,0.023567765951156616,0.07407927513122559,-0.0018377304077148438,0,0,1,1,1,7448
1,Rome/Rome_0002295_2008_07_113_41.90450695008018_12.48026800347222_O3khkINqxAm6awsZ_NXz1g.jpg,Rome:2295,fused,random,2,66,-47,True,,10794,5,3939730779961551256,38,7448,0.1484375,0.27033114433288574,0.2198883295059204,0.5883088111877441,0.5480803847312927,0.3179776668548584,0.3281920552253723,1,1,0.05044281482696533,0.07017004489898682,0.040228426456451416,0,0,1,1,1,7448
1,Rome/Rome_0002295_2008_07_113_41.90450695008018_12.48026800347222_O3khkINqxAm6awsZ_NXz1g.jpg,Rome:2295,fused,random,3,63,-50,True,,10794,5,3939730779961551256,38,7448,0.1484375,0.27033114433288574,0.215052992105484,0.5883088111877441,0.5456349849700928,0.3179776668548584,0.33058199286460876,1,1,0.05527815222740173,0.06982064247131348,0.04267382621765137,0,0,1,1,1,7448
1,Rome/Rome_0002295_2008_07_113_41.90450695008018_12.48026800347222_O3khkINqxAm6awsZ_NXz1g.jpg,Rome:2295,fused,random,4,4,-42,True,,10794,5,3939730779961551256,38,7448,0.1484375,0.27033114433288574,0.21276438236236572,0.5883088111877441,0.5608142614364624,0.3179776668548584,0.3480498790740967,1,1,0.05756676197052002,0.10145062208175659,0.02749454975128174,0,0,1,1,1,7448
1,TRT/TRT_0002141_2018_07_626_43.71832463065926_-79.42617153533143_RLqvQE7RrpdParkk3QGoSg.jpg,TRT:2141,attention,clean,-1,0,0,True,,8022,5,7184407031507138066,38,7448,0.1484375,-0.04008147120475769,-0.04008147120475769,0.17782244086265564,0.17782244086265564,0.21790391206741333,0.21790391206741333,5,5,0.0,0.0,0.0,0,0,0,1,1,0
1,TRT/TRT_0002141_2018_07_626_43.71832463065926_-79.42617153533143_RLqvQE7RrpdParkk3QGoSg.jpg,TRT:2141,fused,clean,-1,0,0,True,,9016,5,7670359785448247523,38,7448,0.1484375,-0.04008147120475769,-0.04008147120475769,0.17782244086265564,0.17782244086265564,0.21790391206741333,0.21790391206741333,5,5,0.0,0.0,0.0,0,0,0,1,1,0
1,TRT/TRT_0002141_2018_07_626_43.71832463065926_-79.42617153533143_RLqvQE7RrpdParkk3QGoSg.jpg,TRT:2141,attention,targeted,-1,0,0,True,,8022,5,7184407031507138066,38,7448,0.1484375,-0.04008147120475769,-0.07324191927909851,0.17782244086265564,0.14201012253761292,0.21790391206741333,0.21525204181671143,5,21,0.03316044807434082,0.2122199535369873,0.035812318325042725,16,0,0,0,0,7448
1,TRT/TRT_0002141_2018_07_626_43.71832463065926_-79.42617153533143_RLqvQE7RrpdParkk3QGoSg.jpg,TRT:2141,attention,random,0,45,-37,True,,8022,5,7184407031507138066,38,7448,0.1484375,-0.04008147120475769,-0.03308038413524628,0.17782244086265564,0.1787286251783371,0.21790391206741333,0.21180900931358337,5,3,-0.007001087069511414,0.08502781391143799,-0.0009061843156814575,-2,0,0,1,1,7448
1,TRT/TRT_0002141_2018_07_626_43.71832463065926_-79.42617153533143_RLqvQE7RrpdParkk3QGoSg.jpg,TRT:2141,attention,random,1,32,-47,True,,8022,5,7184407031507138066,38,7448,0.1484375,-0.04008147120475769,-0.0449206680059433,0.17782244086265564,0.16899338364601135,0.21790391206741333,0.21391405165195465,5,4,0.004839196801185608,0.10611832141876221,0.008829057216644287,-1,0,0,1,1,7448
1,TRT/TRT_0002141_2018_07_626_43.71832463065926_-79.42617153533143_RLqvQE7RrpdParkk3QGoSg.jpg,TRT:2141,attention,random,2,62,-27,True,,8022,5,7184407031507138066,38,7448,0.1484375,-0.04008147120475769,-0.035108521580696106,0.17782244086265564,0.16822585463523865,0.21790391206741333,0.20333437621593475,5,5,-0.0049729496240615845,0.05243062973022461,0.009596586227416992,0,0,0,1,1,7448
1,TRT/TRT_0002141_2018_07_626_43.71832463065926_-79.42617153533143_RLqvQE7RrpdParkk3QGoSg.jpg,TRT:2141,attention,random,3,65,-47,True,,8022,5,7184407031507138066,38,7448,0.1484375,-0.04008147120475769,-0.032248079776763916,0.17782244086265564,0.18033000826835632,0.21790391206741333,0.21257808804512024,5,4,-0.007833391427993774,0.04975295066833496,-0.0025075674057006836,-1,0,0,1,1,7448
1,TRT/TRT_0002141_2018_07_626_43.71832463065926_-79.42617153533143_RLqvQE7RrpdParkk3QGoSg.jpg,TRT:2141,attention,random,4,-5,-44,True,,8022,5,7184407031507138066,38,7448,0.1484375,-0.04008147120475769,-0.048078298568725586,0.17782244086265564,0.14218690991401672,0.21790391206741333,0.1902652084827423,5,19,0.007996827363967896,0.2106868028640747,0.035635530948638916,14,0,0,0,0,7448
1,TRT/TRT_0002141_2018_07_626_43.71832463065926_-79.42617153533143_RLqvQE7RrpdParkk3QGoSg.jpg,TRT:2141,fused,targeted,-1,0,0,True,,9016,5,7670359785448247523,38,7448,0.1484375,-0.04008147120475769,-0.06378257274627686,0.17782244086265564,0.13612142205238342,0.21790391206741333,0.19990399479866028,5,24,0.023701101541519165,0.24889898300170898,0.04170101881027222,19,0,0,0,0,7448
1,TRT/TRT_0002141_2018_07_626_43.71832463065926_-79.42617153533143_RLqvQE7RrpdParkk3QGoSg.jpg,TRT:2141,fused,random,0,-9,-7,True,,9016,5,7670359785448247523,38,7448,0.1484375,-0.04008147120475769,-0.07123644649982452,0.17782244086265564,0.14157898724079132,0.21790391206741333,0.21281543374061584,5,18,0.031154975295066833,0.22552025318145752,0.03624345362186432,13,0,0,0,0,7448
1,TRT/TRT_0002141_2018_07_626_43.71832463065926_-79.42617153533143_RLqvQE7RrpdParkk3QGoSg.jpg,TRT:2141,fused,random,1,57,-48,True,,9016,5,7670359785448247523,38,7448,0.1484375,-0.04008147120475769,-0.03314664959907532,0.17782244086265564,0.17787876725196838,0.21790391206741333,0.2110254168510437,5,4,-0.006934821605682373,0.047917962074279785,-5.632638931274414e-05,-1,0,0,1,1,7448
1,TRT/TRT_0002141_2018_07_626_43.71832463065926_-79.42617153533143_RLqvQE7RrpdParkk3QGoSg.jpg,TRT:2141,fused,random,2,2,-52,True,,9016,5,7670359785448247523,38,7448,0.1484375,-0.04008147120475769,-0.046442896127700806,0.17782244086265564,0.1637934446334839,0.21790391206741333,0.2102363407611847,5,6,0.006361424922943115,0.19754576683044434,0.014028996229171753,1,0,0,0,1,7448
1,TRT/TRT_0002141_2018_07_626_43.71832463065926_-79.42617153533143_RLqvQE7RrpdParkk3QGoSg.jpg,TRT:2141,fused,random,3,29,-23,True,,9016,5,7670359785448247523,38,7448,0.1484375,-0.04008147120475769,-0.07637771964073181,0.17782244086265564,0.145249143242836,0.21790391206741333,0.2216268628835678,5,9,0.03629624843597412,0.16353654861450195,0.03257329761981964,4,0,0,0,1,7448
1,TRT/TRT_0002141_2018_07_626_43.71832463065926_-79.42617153533143_RLqvQE7RrpdParkk3QGoSg.jpg,TRT:2141,fused,random,4,13,-18,True,,9016,5,7670359785448247523,38,7448,0.1484375,-0.04008147120475769,-0.0687260627746582,0.17782244086265564,0.13176751136779785,0.21790391206741333,0.20049357414245605,5,24,0.028644591569900513,0.20696640014648438,0.04605492949485779,19,0,0,0,0,7448
1,Lisbon/Lisbon_0001803_2018_07_173_38.7178493069778_-9.215787008891224_BQ5Ew5_-qg006MPR_pXAUw.jpg,Lisbon:1803,attention,clean,-1,0,0,True,,10010,5,2078980237602594923,38,7448,0.1484375,0.17150911688804626,0.17150911688804626,0.5680505037307739,0.5680505037307739,0.39654138684272766,0.39654138684272766,1,1,0.0,0.0,0.0,0,0,1,1,1,0
1,Lisbon/Lisbon_0001803_2018_07_173_38.7178493069778_-9.215787008891224_BQ5Ew5_-qg006MPR_pXAUw.jpg,Lisbon:1803,fused,clean,-1,0,0,True,,10010,5,2300230489582727878,38,7448,0.1484375,0.17150911688804626,0.17150911688804626,0.5680505037307739,0.5680505037307739,0.39654138684272766,0.39654138684272766,1,1,0.0,0.0,0.0,0,0,1,1,1,0
1,Lisbon/Lisbon_0001803_2018_07_173_38.7178493069778_-9.215787008891224_BQ5Ew5_-qg006MPR_pXAUw.jpg,Lisbon:1803,attention,targeted,-1,0,0,True,,10010,5,2078980237602594923,38,7448,0.1484375,0.17150911688804626,0.18506649136543274,0.5680505037307739,0.4544215798377991,0.39654138684272766,0.26935508847236633,1,1,-0.013557374477386475,0.4201023578643799,0.11362892389297485,0,0,1,1,1,7448
1,Lisbon/Lisbon_0001803_2018_07_173_38.7178493069778_-9.215787008891224_BQ5Ew5_-qg006MPR_pXAUw.jpg,Lisbon:1803,attention,random,0,1,-13,True,,10010,5,2078980237602594923,38,7448,0.1484375,0.17150911688804626,0.16891762614250183,0.5680505037307739,0.4498524069786072,0.39654138684272766,0.28093478083610535,1,1,0.0025914907455444336,0.4124065637588501,0.11819809675216675,0,0,1,1,1,7448
1,Lisbon/Lisbon_0001803_2018_07_173_38.7178493069778_-9.215787008891224_BQ5Ew5_-qg006MPR_pXAUw.jpg,Lisbon:1803,attention,random,1,-29,-8,True,,10010,5,2078980237602594923,38,7448,0.1484375,0.17150911688804626,0.16156673431396484,0.5680505037307739,0.5032947063446045,0.39654138684272766,0.34172797203063965,1,1,0.009942382574081421,0.33720147609710693,0.06475579738616943,0,0,1,1,1,7448
1,Lisbon/Lisbon_0001803_2018_07_173_38.7178493069778_-9.215787008891224_BQ5Ew5_-qg006MPR_pXAUw.jpg,Lisbon:1803,attention,random,2,-32,-29,True,,10010,5,2078980237602594923,38,7448,0.1484375,0.17150911688804626,0.13426658511161804,0.5680505037307739,0.4364001452922821,0.39654138684272766,0.30213356018066406,1,1,0.03724253177642822,0.40941643714904785,0.13165035843849182,0,0,1,1,1,7448
1,Lisbon/Lisbon_0001803_2018_07_173_38.7178493069778_-9.215787008891224_BQ5Ew5_-qg006MPR_pXAUw.jpg,Lisbon:1803,attention,random,3,-79,-17,True,,10010,5,2078980237602594923,38,7448,0.1484375,0.17150911688804626,0.1990722119808197,0.5680505037307739,0.5688477754592896,0.39654138684272766,0.36977556347846985,1,1,-0.027563095092773438,0.076893150806427,-0.000797271728515625,0,0,1,1,1,7448
1,Lisbon/Lisbon_0001803_2018_07_173_38.7178493069778_-9.215787008891224_BQ5Ew5_-qg006MPR_pXAUw.jpg,Lisbon:1803,attention,random,4,-17,-8,True,,10010,5,2078980237602594923,38,7448,0.1484375,0.17150911688804626,0.15417242050170898,0.5680505037307739,0.46820467710494995,0.39654138684272766,0.31403225660324097,1,1,0.01733669638633728,0.34810757637023926,0.09984582662582397,0,0,1,1,1,7448
1,Lisbon/Lisbon_0001803_2018_07_173_38.7178493069778_-9.215787008891224_BQ5Ew5_-qg006MPR_pXAUw.jpg,Lisbon:1803,fused,targeted,-1,0,0,True,,10010,5,2300230489582727878,38,7448,0.1484375,0.17150911688804626,0.1866346001625061,0.5680505037307739,0.4750012159347534,0.39654138684272766,0.2883666157722473,1,1,-0.015125483274459839,0.3960306644439697,0.09304928779602051,0,0,1,1,1,7448
1,Lisbon/Lisbon_0001803_2018_07_173_38.7178493069778_-9.215787008891224_BQ5Ew5_-qg006MPR_pXAUw.jpg,Lisbon:1803,fused,random,0,25,-24,True,,10010,5,2300230489582727878,38,7448,0.1484375,0.17150911688804626,0.1554129421710968,0.5680505037307739,0.4777236580848694,0.39654138684272766,0.3223107159137726,1,1,0.016096174716949463,0.25693559646606445,0.09032684564590454,0,0,1,1,1,7448
1,Lisbon/Lisbon_0001803_2018_07_173_38.7178493069778_-9.215787008891224_BQ5Ew5_-qg006MPR_pXAUw.jpg,Lisbon:1803,fused,random,1,26,-5,True,,10010,5,2300230489582727878,38,7448,0.1484375,0.17150911688804626,0.15319591760635376,0.5680505037307739,0.48591285943984985,0.39654138684272766,0.3327169418334961,1,1,0.018313199281692505,0.29879212379455566,0.08213764429092407,0,0,1,1,1,7448
1,Lisbon/Lisbon_0001803_2018_07_173_38.7178493069778_-9.215787008891224_BQ5Ew5_-qg006MPR_pXAUw.jpg,Lisbon:1803,fused,random,2,-25,-67,True,,10010,5,2300230489582727878,38,7448,0.1484375,0.17150911688804626,0.19184693694114685,0.5680505037307739,0.5127190351486206,0.39654138684272766,0.32087209820747375,1,1,-0.020337820053100586,0.19069916009902954,0.05533146858215332,0,0,1,1,1,7448
1,Lisbon/Lisbon_0001803_2018_07_173_38.7178493069778_-9.215787008891224_BQ5Ew5_-qg006MPR_pXAUw.jpg,Lisbon:1803,fused,random,3,13,-4,True,,10010,5,2300230489582727878,38,7448,0.1484375,0.17150911688804626,0.19675946235656738,0.5680505037307739,0.5026618242263794,0.39654138684272766,0.305902361869812,1,1,-0.025250345468521118,0.3485737442970276,0.06538867950439453,0,0,1,1,1,7448
1,Lisbon/Lisbon_0001803_2018_07_173_38.7178493069778_-9.215787008891224_BQ5Ew5_-qg006MPR_pXAUw.jpg,Lisbon:1803,fused,random,4,5,-45,True,,10010,5,2300230489582727878,38,7448,0.1484375,0.17150911688804626,0.1781015694141388,0.5680505037307739,0.4958212673664093,0.39654138684272766,0.3177196979522705,1,1,-0.006592452526092529,0.2552614212036133,0.07222923636436462,0,0,1,1,1,7448
1,Boston/Boston_0004703_2011_08_043_42.36189791153724_-71.1107288680639_ojR--GadNeGZM1k6mcOH9Q.jpg,Boston:4703,attention,clean,-1,0,0,True,,1904,5,7804328161980550783,38,7448,0.1484375,0.2857533097267151,0.2857533097267151,0.449265718460083,0.449265718460083,0.16351240873336792,0.16351240873336792,1,1,0.0,0.0,0.0,0,0,1,1,1,0
1,Boston/Boston_0004703_2011_08_043_42.36189791153724_-71.1107288680639_ojR--GadNeGZM1k6mcOH9Q.jpg,Boston:4703,fused,clean,-1,0,0,True,,1694,5,6576176679508344128,38,7448,0.1484375,0.2857533097267151,0.2857533097267151,0.449265718460083,0.449265718460083,0.16351240873336792,0.16351240873336792,1,1,0.0,0.0,0.0,0,0,1,1,1,0
1,Boston/Boston_0004703_2011_08_043_42.36189791153724_-71.1107288680639_ojR--GadNeGZM1k6mcOH9Q.jpg,Boston:4703,attention,targeted,-1,0,0,True,,1904,5,7804328161980550783,38,7448,0.1484375,0.2857533097267151,0.21356689929962158,0.449265718460083,0.3798596262931824,0.16351240873336792,0.1662927269935608,1,1,0.0721864104270935,0.27787184715270996,0.06940609216690063,0,0,1,1,1,7448
1,Boston/Boston_0004703_2011_08_043_42.36189791153724_-71.1107288680639_ojR--GadNeGZM1k6mcOH9Q.jpg,Boston:4703,attention,random,0,15,-9,True,,1904,5,7804328161980550783,38,7448,0.1484375,0.2857533097267151,0.27966296672821045,0.449265718460083,0.42381611466407776,0.16351240873336792,0.1441531479358673,1,1,0.006090342998504639,0.30394768714904785,0.02544960379600525,0,0,1,1,1,7448
1,Boston/Boston_0004703_2011_08_043_42.36189791153724_-71.1107288680639_ojR--GadNeGZM1k6mcOH9Q.jpg,Boston:4703,attention,random,1,23,-2,True,,1904,5,7804328161980550783,38,7448,0.1484375,0.2857533097267151,0.241464763879776,0.449265718460083,0.39689183235168457,0.16351240873336792,0.15542706847190857,1,1,0.04428854584693909,0.27926087379455566,0.05237388610839844,0,0,1,1,1,7448
1,Boston/Boston_0004703_2011_08_043_42.36189791153724_-71.1107288680639_ojR--GadNeGZM1k6mcOH9Q.jpg,Boston:4703,attention,random,2,25,-11,True,,1904,5,7804328161980550783,38,7448,0.1484375,0.2857533097267151,0.2644435465335846,0.449265718460083,0.42445510625839233,0.16351240873336792,0.16001155972480774,1,1,0.021309763193130493,0.2530970573425293,0.024810612201690674,0,0,1,1,1,7448
1,Boston/Boston_0004703_2011_08_043_42.36189791153724_-71.1107288680639_ojR--GadNeGZM1k6mcOH9Q.jpg,Boston:4703,attention,random,3,28,0,True,,1904,5,7804328161980550783,38,7448,0.1484375,0.2857533097267151,0.2838628590106964,0.449265718460083,0.43807506561279297,0.16351240873336792,0.15421220660209656,1,1,0.0018904507160186768,0.22337543964385986,0.011190652847290039,0,0,1,1,1,7448
1,Boston/Boston_0004703_2011_08_043_42.36189791153724_-71.1107288680639_ojR--GadNeGZM1k6mcOH9Q.jpg,Boston:4703,attention,random,4,42,-14,True,,1904,5,7804328161980550783,38,7448,0.1484375,0.2857533097267151,0.30511271953582764,0.449265718460083,0.4457154870033264,0.16351240873336792,0.14060276746749878,1,1,-0.01935940980911255,0.14575481414794922,0.003550231456756592,0,0,1,1,1,7448
1,Boston/Boston_0004703_2011_08_043_42.36189791153724_-71.1107288680639_ojR--GadNeGZM1k6mcOH9Q.jpg,Boston:4703,fused,targeted,-1,0,0,True,,1694,5,6576176679508344128,38,7448,0.1484375,0.2857533097267151,0.12693025171756744,0.449265718460083,0.30029696226119995,0.16351240873336792,0.1733667105436325,1,1,0.15882305800914764,0.3964616060256958,0.14896875619888306,0,0,1,1,1,7448
1,Boston/Boston_0004703_2011_08_043_42.36189791153724_-71.1107288680639_ojR--GadNeGZM1k6mcOH9Q.jpg,Boston:4703,fused,random,0,-23,-7,True,,1694,5,6576176679508344128,38,7448,0.1484375,0.2857533097267151,0.20077264308929443,0.449265718460083,0.3769156336784363,0.16351240873336792,0.17614299058914185,1,1,0.08498066663742065,0.2503753900527954,0.07235008478164673,0,0,1,1,1,7448
1,Boston/Boston_0004703_2011_08_043_42.36189791153724_-71.1107288680639_ojR--GadNeGZM1k6mcOH9Q.jpg,Boston:4703,fused,random,1,-9,0,True,,1694,5,6576176679508344128,38,7448,0.1484375,0.2857533097267151,0.15457823872566223,0.449265718460083,0.33329588174819946,0.16351240873336792,0.17871764302253723,1,1,0.13117507100105286,0.3351472020149231,0.11596983671188354,0,0,1,1,1,7448
1,Boston/Boston_0004703_2011_08_043_42.36189791153724_-71.1107288680639_ojR--GadNeGZM1k6mcOH9Q.jpg,Boston:4703,fused,random,2,28,-5,True,,1694,5,6576176679508344128,38,7448,0.1484375,0.2857533097267151,0.2896261215209961,0.449265718460083,0.4289199113845825,0.16351240873336792,0.13929378986358643,1,1,-0.003872811794281006,0.2801896333694458,0.02034580707550049,0,0,1,1,1,7448
1,Boston/Boston_0004703_2011_08_043_42.36189791153724_-71.1107288680639_ojR--GadNeGZM1k6mcOH9Q.jpg,Boston:4703,fused,random,3,-25,-6,True,,1694,5,6576176679508344128,38,7448,0.1484375,0.2857533097267151,0.2053026258945465,0.449265718460083,0.37513303756713867,0.16351240873336792,0.16983041167259216,1,1,0.08045068383216858,0.21753382682800293,0.07413268089294434,0,0,1,1,1,7448
1,Boston/Boston_0004703_2011_08_043_42.36189791153724_-71.1107288680639_ojR--GadNeGZM1k6mcOH9Q.jpg,Boston:4703,fused,random,4,37,-2,True,,1694,5,6576176679508344128,38,7448,0.1484375,0.2857533097267151,0.26801931858062744,0.449265718460083,0.4197487235069275,0.16351240873336792,0.15172939002513885,1,1,0.017733991146087646,0.20745950937271118,0.029516994953155518,0,0,1,1,1,7448
1,Bangkok/Bangkok_0000498_2016_10_438_13.72009416131538_100.5489865502233_c4cAnCTk4h7M8-TXtf73IA.jpg,Bangkok:498,attention,clean,-1,0,0,True,,8036,5,3813873828246954784,38,7448,0.1484375,0.22604447603225708,0.22604447603225708,0.5096410512924194,0.5096410512924194,0.28359657526016235,0.28359657526016235,1,1,0.0,0.0,0.0,0,0,1,1,1,0
1,Bangkok/Bangkok_0000498_2016_10_438_13.72009416131538_100.5489865502233_c4cAnCTk4h7M8-TXtf73IA.jpg,Bangkok:498,fused,clean,-1,0,0,True,,8036,5,3784223269059447832,38,7448,0.1484375,0.22604447603225708,0.22604447603225708,0.5096410512924194,0.5096410512924194,0.28359657526016235,0.28359657526016235,1,1,0.0,0.0,0.0,0,0,1,1,1,0
1,Bangkok/Bangkok_0000498_2016_10_438_13.72009416131538_100.5489865502233_c4cAnCTk4h7M8-TXtf73IA.jpg,Bangkok:498,attention,targeted,-1,0,0,True,,8036,5,3813873828246954784,38,7448,0.1484375,0.22604447603225708,0.17998158931732178,0.5096410512924194,0.36632031202316284,0.28359657526016235,0.18633872270584106,1,1,0.0460628867149353,0.341124951839447,0.1433207392692566,0,0,1,1,1,7448
1,Bangkok/Bangkok_0000498_2016_10_438_13.72009416131538_100.5489865502233_c4cAnCTk4h7M8-TXtf73IA.jpg,Bangkok:498,attention,random,0,6,55,True,,8036,5,3813873828246954784,38,7448,0.1484375,0.22604447603225708,0.15994182229042053,0.5096410512924194,0.3684276342391968,0.28359657526016235,0.20848581194877625,1,1,0.06610265374183655,0.25608062744140625,0.14121341705322266,0,0,1,1,1,7448
1,Bangkok/Bangkok_0000498_2016_10_438_13.72009416131538_100.5489865502233_c4cAnCTk4h7M8-TXtf73IA.jpg,Bangkok:498,attention,random,1,82,44,True,,8036,5,3813873828246954784,38,7448,0.1484375,0.22604447603225708,0.2257695496082306,0.5096410512924194,0.48399871587753296,0.28359657526016235,0.25822916626930237,1,1,0.00027492642402648926,0.06276923418045044,0.025642335414886475,0,0,1,1,1,7448
1,Bangkok/Bangkok_0000498_2016_10_438_13.72009416131538_100.5489865502233_c4cAnCTk4h7M8-TXtf73IA.jpg,Bangkok:498,attention,random,2,24,29,True,,8036,5,3813873828246954784,38,7448,0.1484375,0.22604447603225708,0.1610797941684723,0.5096410512924194,0.4155478775501251,0.28359657526016235,0.25446808338165283,1,1,0.06496468186378479,0.20650291442871094,0.09409317374229431,0,0,1,1,1,7448
1,Bangkok/Bangkok_0000498_2016_10_438_13.72009416131538_100.5489865502233_c4cAnCTk4h7M8-TXtf73IA.jpg,Bangkok:498,attention,random,3,23,55,True,,8036,5,3813873828246954784,38,7448,0.1484375,0.22604447603225708,0.15425129234790802,0.5096410512924194,0.39735516905784607,0.28359657526016235,0.24310387670993805,1,1,0.07179318368434906,0.19922685623168945,0.11228588223457336,0,0,1,1,1,7448
1,Bangkok/Bangkok_0000498_2016_10_438_13.72009416131538_100.5489865502233_c4cAnCTk4h7M8-TXtf73IA.jpg,Bangkok:498,attention,random,4,-14,16,True,,8036,5,3813873828246954784,38,7448,0.1484375,0.22604447603225708,0.24191568791866302,0.5096410512924194,0.412700891494751,0.28359657526016235,0.17078520357608795,1,1,-0.015871211886405945,0.3617267608642578,0.09694015979766846,0,0,1,1,1,7448
1,Bangkok/Bangkok_0000498_2016_10_438_13.72009416131538_100.5489865502233_c4cAnCTk4h7M8-TXtf73IA.jpg,Bangkok:498,fused,targeted,-1,0,0,True,,8036,5,3784223269059447832,38,7448,0.1484375,0.22604447603225708,0.22469957172870636,0.5096410512924194,0.3799058496952057,0.28359657526016235,0.15520627796649933,1,1,0.0013449043035507202,0.3236328959465027,0.12973520159721375,0,0,1,1,1,7448
1,Bangkok/Bangkok_0000498_2016_10_438_13.72009416131538_100.5489865502233_c4cAnCTk4h7M8-TXtf73IA.jpg,Bangkok:498,fused,random,0,-42,50,True,,8036,5,3784223269059447832,38,7448,0.1484375,0.22604447603225708,0.2959302067756653,0.5096410512924194,0.4997466802597046,0.28359657526016235,0.2038164883852005,1,1,-0.0698857307434082,0.23498553037643433,0.009894371032714844,0,0,1,1,1,7448
1,Bangkok/Bangkok_0000498_2016_10_438_13.72009416131538_100.5489865502233_c4cAnCTk4h7M8-TXtf73IA.jpg,Bangkok:498,fused,random,1,67,48,True,,8036,5,3784223269059447832,38,7448,0.1484375,0.22604447603225708,0.21136537194252014,0.5096410512924194,0.47651755809783936,0.28359657526016235,0.2651521861553192,1,1,0.014679104089736938,0.07636642456054688,0.03312349319458008,0,0,1,1,1,7448
1,Bangkok/Bangkok_0000498_2016_10_438_13.72009416131538_100.5489865502233_c4cAnCTk4h7M8-TXtf73IA.jpg,Bangkok:498,fused,random,2,25,47,True,,8036,5,3784223269059447832,38,7448,0.1484375,0.22604447603225708,0.13354787230491638,0.5096410512924194,0.3713759183883667,0.28359657526016235,0.23782804608345032,1,1,0.0924966037273407,0.22989070415496826,0.13826513290405273,0,0,1,1,1,7448
1,Bangkok/Bangkok_0000498_2016_10_438_13.72009416131538_100.5489865502233_c4cAnCTk4h7M8-TXtf73IA.jpg,Bangkok:498,fused,random,3,92,23,True,,8036,5,3784223269059447832,38,7448,0.1484375,0.22604447603225708,0.19990050792694092,0.5096410512924194,0.48688849806785583,0.28359657526016235,0.2869879901409149,1,1,0.026143968105316162,0.052119672298431396,0.0227525532245636,0,0,1,1,1,7448
1,Bangkok/Bangkok_0000498_2016_10_438_13.72009416131538_100.5489865502233_c4cAnCTk4h7M8-TXtf73IA.jpg,Bangkok:498,fused,random,4,65,17,True,,8036,5,3784223269059447832,38,7448,0.1484375,0.22604447603225708,0.18670335412025452,0.5096410512924194,0.4549487829208374,0.28359657526016235,0.2682454288005829,1,1,0.039341121912002563,0.10015219449996948,0.05469226837158203,0,0,1,1,1,7448
1,Lisbon/Lisbon_0002518_2018_08_085_38.72336946318189_-9.136007255060465_f6GMaNuM_Mp0bVVGTpdZXw.jpg,Lisbon:2518,attention,clean,-1,0,0,True,,5460,5,5308219917922527789,38,7448,0.1484375,-0.03473305702209473,-0.03473305702209473,0.2606077790260315,0.2606077790260315,0.2953408360481262,0.2953408360481262,7,7,0.0,0.0,0.0,0,0,0,0,1,0
1,Lisbon/Lisbon_0002518_2018_08_085_38.72336946318189_-9.136007255060465_f6GMaNuM_Mp0bVVGTpdZXw.jpg,Lisbon:2518,fused,clean,-1,0,0,True,,4256,5,8603782213718362676,38,7448,0.1484375,-0.03473305702209473,-0.03473305702209473,0.2606077790260315,0.2606077790260315,0.2953408360481262,0.2953408360481262,7,7,0.0,0.0,0.0,0,0,0,0,1,0
1,Lisbon/Lisbon_0002518_2018_08_085_38.72336946318189_-9.136007255060465_f6GMaNuM_Mp0bVVGTpdZXw.jpg,Lisbon:2518,attention,targeted,-1,0,0,True,,5460,5,5308219917922527789,38,7448,0.1484375,-0.03473305702209473,-0.1091691106557846,0.2606077790260315,0.1954822689294815,0.2953408360481262,0.3046513795852661,7,25,0.07443605363368988,0.1879240870475769,0.06512551009654999,18,0,0,0,0,7448
1,Lisbon/Lisbon_0002518_2018_08_085_38.72336946318189_-9.136007255060465_f6GMaNuM_Mp0bVVGTpdZXw.jpg,Lisbon:2518,attention,random,0,-43,-37,True,,5460,5,5308219917922527789,38,7448,0.1484375,-0.03473305702209473,-0.0626249760389328,0.2606077790260315,0.24385838210582733,0.2953408360481262,0.30648335814476013,7,13,0.027891919016838074,0.0926361083984375,0.016749396920204163,6,0,0,0,0,7448
1,Lisbon/Lisbon_0002518_2018_08_085_38.72336946318189_-9.136007255060465_f6GMaNuM_Mp0bVVGTpdZXw.jpg,Lisbon:2518,attention,random,1,-18,0,True,,5460,5,5308219917922527789,38,7448,0.1484375,-0.03473305702209473,-0.1419025957584381,0.2606077790260315,0.15686246752738953,0.2953408360481262,0.29876506328582764,7,71,0.10716953873634338,0.18107646703720093,0.10374531149864197,64,0,0,0,0,7448
1,Lisbon/Lisbon_0002518_2018_08_085_38.72336946318189_-9.136007255060465_f6GMaNuM_Mp0bVVGTpdZXw.jpg,Lisbon:2518,attention,random,2,-3,-8,True,,5460,5,5308219917922527789,38,7448,0.1484375,-0.03473305702209473,-0.10237060487270355,0.2606077790260315,0.16073580086231232,0.2953408360481262,0.26310640573501587,7,47,0.06763754785060883,0.2289130687713623,0.09987197816371918,40,0,0,0,0,7448
1,Lisbon/Lisbon_0002518_2018_08_085_38.72336946318189_-9.136007255060465_f6GMaNuM_Mp0bVVGTpdZXw.jpg,Lisbon:2518,attention,random,3,32,-4,True,,5460,5,5308219917922527789,38,7448,0.1484375,-0.03473305702209473,-0.027354195713996887,0.2606077790260315,0.24026988446712494,0.2953408360481262,0.2676240801811218,7,5,-0.007378861308097839,0.14540648460388184,0.020337894558906555,-2,0,0,1,1,7448
1,Lisbon/Lisbon_0002518_2018_08_085_38.72336946318189_-9.136007255060465_f6GMaNuM_Mp0bVVGTpdZXw.jpg,Lisbon:2518,attention,random,4,-53,-25,True,,5460,5,5308219917922527789,38,7448,0.1484375,-0.03473305702209473,-0.07303565740585327,0.2606077790260315,0.22798222303390503,0.2953408360481262,0.3010178804397583,7,10,0.038302600383758545,0.1152505874633789,0.032625555992126465,3,0,0,0,1,7448
1,Lisbon/Lisbon_0002518_2018_08_085_38.72336946318189_-9.136007255060465_f6GMaNuM_Mp0bVVGTpdZXw.jpg,Lisbon:2518,fused,targeted,-1,0,0,True,,4256,5,8603782213718362676,38,7448,0.1484375,-0.03473305702209473,-0.1347832977771759,0.2606077790260315,0.1993597447872162,0.2953408360481262,0.3341430425643921,7,26,0.10005024075508118,0.1963483691215515,0.06124803423881531,19,0,0,0,0,7448
1,Lisbon/Lisbon_0002518_2018_08_085_38.72336946318189_-9.136007255060465_f6GMaNuM_Mp0bVVGTpdZXw.jpg,Lisbon:2518,fused,random,0,-14,-32,True,,4256,5,8603782213718362676,38,7448,0.1484375,-0.03473305702209473,-0.10170106589794159,0.2606077790260315,0.1894017606973648,0.2953408360481262,0.2911028265953064,7,30,0.06696800887584686,0.19604778289794922,0.07120601832866669,23,0,0,0,0,7448
1,Lisbon/Lisbon_0002518_2018_08_085_38.72336946318189_-9.136007255060465_f6GMaNuM_Mp0bVVGTpdZXw.jpg,Lisbon:2518,fused,random,1,-29,-5,True,,4256,5,8603782213718362676,38,7448,0.1484375,-0.03473305702209473,-0.1048060953617096,0.2606077790260315,0.1954658031463623,0.2953408360481262,0.3002718985080719,7,31,0.07007303833961487,0.1234738826751709,0.06514197587966919,24,0,0,0,0,7448
1,Lisbon/Lisbon_0002518_2018_08_085_38.72336946318189_-9.136007255060465_f6GMaNuM_Mp0bVVGTpdZXw.jpg,Lisbon:2518,fused,random,2,-13,-4,True,,4256,5,8603782213718362676,38,7448,0.1484375,-0.03473305702209473,-0.1486888825893402,0.2606077790260315,0.15083566308021545,0.2953408360481262,0.29952454566955566,7,92,0.11395582556724548,0.1968504786491394,0.10977211594581604,85,0,0,0,0,7448
1,Lisbon/Lisbon_0002518_2018_08_085_38.72336946318189_-9.136007255060465_f6GMaNuM_Mp0bVVGTpdZXw.jpg,Lisbon:2518,fused,random,3,-18,-27,True,,4256,5,8603782213718362676,38,7448,0.1484375,-0.03473305702209473,-0.11068987846374512,0.2606077790260315,0.18704482913017273,0.2953408360481262,0.29773470759391785,7,39,0.07595682144165039,0.16578912734985352,0.07356294989585876,32,0,0,0,0,7448
1,Lisbon/Lisbon_0002518_2018_08_085_38.72336946318189_-9.136007255060465_f6GMaNuM_Mp0bVVGTpdZXw.jpg,Lisbon:2518,fused,random,4,-23,-38,True,,4256,5,8603782213718362676,38,7448,0.1484375,-0.03473305702209473,-0.07890790700912476,0.2606077790260315,0.2262479066848755,0.2953408360481262,0.30515581369400024,7,24,0.04417484998703003,0.13100683689117432,0.034359872341156006,17,0,0,0,0,7448
1,Chicago/Chicago_0005778_2015_11_111_41.9118464606984_-87.67747607216828_J0iBmR6wp5XuJipt4Lem5A.jpg,Chicago:5778,attention,clean,-1,0,0,True,,4494,5,4564051340526895550,38,7448,0.1484375,-0.12516874074935913,-0.12516874074935913,0.2189810872077942,0.2189810872077942,0.3441498279571533,0.3441498279571533,4,4,0.0,0.0,0.0,0,0,0,1,1,0
1,Chicago/Chicago_0005778_2015_11_111_41.9118464606984_-87.67747607216828_J0iBmR6wp5XuJipt4Lem5A.jpg,Chicago:5778,fused,clean,-1,0,0,True,,4088,5,7445573873301630528,38,7448,0.1484375,-0.12516874074935913,-0.12516874074935913,0.2189810872077942,0.2189810872077942,0.3441498279571533,0.3441498279571533,4,4,0.0,0.0,0.0,0,0,0,1,1,0
1,Chicago/Chicago_0005778_2015_11_111_41.9118464606984_-87.67747607216828_J0iBmR6wp5XuJipt4Lem5A.jpg,Chicago:5778,attention,targeted,-1,0,0,True,,4494,5,4564051340526895550,38,7448,0.1484375,-0.12516874074935913,-0.0409107506275177,0.2189810872077942,0.20373842120170593,0.3441498279571533,0.24464917182922363,4,9,-0.08425799012184143,0.2715761065483093,0.015242666006088257,5,0,0,0,1,7448
1,Chicago/Chicago_0005778_2015_11_111_41.9118464606984_-87.67747607216828_J0iBmR6wp5XuJipt4Lem5A.jpg,Chicago:5778,attention,random,0,68,-23,True,,4494,5,4564051340526895550,38,7448,0.1484375,-0.12516874074935913,-0.10866032540798187,0.2189810872077942,0.23147596418857574,0.3441498279571533,0.3401362895965576,4,5,-0.01650841534137726,0.11939626932144165,-0.012494876980781555,1,0,0,1,1,7448
1,Chicago/Chicago_0005778_2015_11_111_41.9118464606984_-87.67747607216828_J0iBmR6wp5XuJipt4Lem5A.jpg,Chicago:5778,attention,random,1,117,-9,True,,4494,5,4564051340526895550,38,7448,0.1484375,-0.12516874074935913,-0.11984694004058838,0.2189810872077942,0.2339549958705902,0.3441498279571533,0.3538019359111786,4,3,-0.005321800708770752,0.06029689311981201,-0.01497390866279602,-1,0,0,1,1,7448
1,Chicago/Chicago_0005778_2015_11_111_41.9118464606984_-87.67747607216828_J0iBmR6wp5XuJipt4Lem5A.jpg,Chicago:5778,attention,random,2,75,-25,True,,4494,5,4564051340526895550,38,7448,0.1484375,-0.12516874074935913,-0.08690807223320007,0.2189810872077942,0.2474903166294098,0.3441498279571533,0.33439838886260986,4,2,-0.03826066851615906,0.11244142055511475,-0.0285092294216156,-2,0,0,1,1,7448
1,Chicago/Chicago_0005778_2015_11_111_41.9118464606984_-87.67747607216828_J0iBmR6wp5XuJipt4Lem5A.jpg,Chicago:5778,attention,random,3,105,-18,True,,4494,5,4564051340526895550,38,7448,0.1484375,-0.12516874074935913,-0.1036360114812851,0.2189810872077942,0.24015159904956818,0.3441498279571533,0.34378761053085327,4,3,-0.021532729268074036,0.07671922445297241,-0.021170511841773987,-1,0,0,1,1,7448
1,Chicago/Chicago_0005778_2015_11_111_41.9118464606984_-87.67747607216828_J0iBmR6wp5XuJipt4Lem5A.jpg,Chicago:5778,attention,random,4,29,-7,True,,4494,5,4564051340526895550,38,7448,0.1484375,-0.12516874074935913,-0.09622740745544434,0.2189810872077942,0.15890055894851685,0.3441498279571533,0.2551279664039612,4,47,-0.028941333293914795,0.3118988871574402,0.060080528259277344,43,0,0,0,0,7448
1,Chicago/Chicago_0005778_2015_11_111_41.9118464606984_-87.67747607216828_J0iBmR6wp5XuJipt4Lem5A.jpg,Chicago:5778,fused,targeted,-1,0,0,True,,4088,5,7445573873301630528,38,7448,0.1484375,-0.12516874074935913,-0.09531101584434509,0.2189810872077942,0.20341816544532776,0.3441498279571533,0.29872918128967285,4,9,-0.029857724905014038,0.2548220157623291,0.01556292176246643,5,0,0,0,1,7448
1,Chicago/Chicago_0005778_2015_11_111_41.9118464606984_-87.67747607216828_J0iBmR6wp5XuJipt4Lem5A.jpg,Chicago:5778,fused,random,0,55,-23,True,,4088,5,7445573873301630528,38,7448,0.1484375,-0.12516874074935913,-0.13124611973762512,0.2189810872077942,0.22794193029403687,0.3441498279571533,0.359188050031662,4,3,0.006077378988265991,0.11872780323028564,-0.008960843086242676,-1,0,0,1,1,7448
1,Chicago/Chicago_0005778_2015_11_111_41.9118464606984_-87.67747607216828_J0iBmR6wp5XuJipt4Lem5A.jpg,Chicago:5778,fused,random,1,50,-8,True,,4088,5,7445573873301630528,38,7448,0.1484375,-0.12516874074935913,-0.13096652925014496,0.2189810872077942,0.1904955953359604,0.3441498279571533,0.32146212458610535,4,25,0.005797788500785828,0.17024153470993042,0.0284854918718338,21,0,0,0,0,7448
1,Chicago/Chicago_0005778_2015_11_111_41.9118464606984_-87.67747607216828_J0iBmR6wp5XuJipt4Lem5A.jpg,Chicago:5778,fused,random,2,91,-2,True,,4088,5,7445573873301630528,38,7448,0.1484375,-0.12516874074935913,-0.11344237625598907,0.2189810872077942,0.24249331653118134,0.3441498279571533,0.3559356927871704,4,3,-0.011726364493370056,0.08469009399414062,-0.023512229323387146,-1,0,0,1,1,7448
1,Chicago/Chicago_0005778_2015_11_111_41.9118464606984_-87.67747607216828_J0iBmR6wp5XuJipt4Lem5A.jpg,Chicago:5778,fused,random,3,77,-7,True,,4088,5,7445573873301630528,38,7448,0.1484375,-0.12516874074935913,-0.13553208112716675,0.2189810872077942,0.2212080955505371,0.3441498279571533,0.35674017667770386,4,4,0.010363340377807617,0.10055267810821533,-0.00222700834274292,0,0,0,1,1,7448
1,Chicago/Chicago_0005778_2015_11_111_41.9118464606984_-87.67747607216828_J0iBmR6wp5XuJipt4Lem5A.jpg,Chicago:5778,fused,random,4,134,0,True,,4088,5,7445573873301630528,38,7448,0.1484375,-0.12516874074935913,-0.13214875757694244,0.2189810872077942,0.23337040841579437,0.3441498279571533,0.3655191659927368,4,3,0.006980016827583313,0.06269925832748413,-0.014389321208000183,-1,0,0,1,1,7448
1,OSL/OSL_0003384_2019_10_406_59.94111253680821_10.76223998360457_QNUZzkgxpPos6rHM1FrQig.jpg,OSL:3384,attention,clean,-1,0,0,True,,2464,5,6959050624044248221,38,7448,0.1484375,0.14979985356330872,0.14979985356330872,0.32539433240890503,0.32539433240890503,0.1755944788455963,0.1755944788455963,1,1,0.0,0.0,0.0,0,0,1,1,1,0
1,OSL/OSL_0003384_2019_10_406_59.94111253680821_10.76223998360457_QNUZzkgxpPos6rHM1FrQig.jpg,OSL:3384,fused,clean,-1,0,0,True,,4088,5,2881995902548960434,38,7448,0.1484375,0.14979985356330872,0.14979985356330872,0.32539433240890503,0.32539433240890503,0.1755944788455963,0.1755944788455963,1,1,0.0,0.0,0.0,0,0,1,1,1,0
1,OSL/OSL_0003384_2019_10_406_59.94111253680821_10.76223998360457_QNUZzkgxpPos6rHM1FrQig.jpg,OSL:3384,attention,targeted,-1,0,0,True,,2464,5,6959050624044248221,38,7448,0.1484375,0.14979985356330872,0.02134840190410614,0.32539433240890503,0.21864184737205505,0.1755944788455963,0.1972934454679489,1,1,0.12845145165920258,0.32153570652008057,0.10675248503684998,0,0,1,1,1,7448
1,OSL/OSL_0003384_2019_10_406_59.94111253680821_10.76223998360457_QNUZzkgxpPos6rHM1FrQig.jpg,OSL:3384,attention,random,0,10,31,True,,2464,5,6959050624044248221,38,7448,0.1484375,0.14979985356330872,0.1414511501789093,0.32539433240890503,0.3072648048400879,0.1755944788455963,0.1658136546611786,1,1,0.008348703384399414,0.09176355600357056,0.01812952756881714,0,0,1,1,1,7448
1,OSL/OSL_0003384_2019_10_406_59.94111253680821_10.76223998360457_QNUZzkgxpPos6rHM1FrQig.jpg,OSL:3384,attention,random,1,14,29,True,,2464,5,6959050624044248221,38,7448,0.1484375,0.14979985356330872,0.12381498515605927,0.32539433240890503,0.30157768726348877,0.1755944788455963,0.1777627021074295,1,1,0.02598486840724945,0.07998615503311157,0.02381664514541626,0,0,1,1,1,7448
1,OSL/OSL_0003384_2019_10_406_59.94111253680821_10.76223998360457_QNUZzkgxpPos6rHM1FrQig.jpg,OSL:3384,attention,random,2,9,56,True,,2464,5,6959050624044248221,38,7448,0.1484375,0.14979985356330872,0.1285225749015808,0.32539433240890503,0.2953096330165863,0.1755944788455963,0.1667870581150055,1,1,0.021277278661727905,0.08354276418685913,0.030084699392318726,0,0,1,1,1,7448
1,OSL/OSL_0003384_2019_10_406_59.94111253680821_10.76223998360457_QNUZzkgxpPos6rHM1FrQig.jpg,OSL:3384,attention,random,3,19,79,True,,2464,5,6959050624044248221,38,7448,0.1484375,0.14979985356330872,0.09214505553245544,0.32539433240890503,0.2856373190879822,0.1755944788455963,0.19349226355552673,1,1,0.05765479803085327,0.1136428713798523,0.03975701332092285,0,0,1,1,1,7448
1,OSL/OSL_0003384_2019_10_406_59.94111253680821_10.76223998360457_QNUZzkgxpPos6rHM1FrQig.jpg,OSL:3384,attention,random,4,3,14,True,,2464,5,6959050624044248221,38,7448,0.1484375,0.14979985356330872,0.10920506715774536,0.32539433240890503,0.27508801221847534,0.1755944788455963,0.16588294506072998,1,1,0.040594786405563354,0.21223187446594238,0.05030632019042969,0,0,1,1,1,7448
1,OSL/OSL_0003384_2019_10_406_59.94111253680821_10.76223998360457_QNUZzkgxpPos6rHM1FrQig.jpg,OSL:3384,fused,targeted,-1,0,0,True,,4088,5,2881995902548960434,38,7448,0.1484375,0.14979985356330872,-0.00783585011959076,0.32539433240890503,0.21566829085350037,0.1755944788455963,0.22350414097309113,1,2,0.15763570368289948,0.30489760637283325,0.10972604155540466,1,1,0,1,1,7448
1,OSL/OSL_0003384_2019_10_406_59.94111253680821_10.76223998360457_QNUZzkgxpPos6rHM1FrQig.jpg,OSL:3384,fused,random,0,25,4,True,,4088,5,2881995902548960434,38,7448,0.1484375,0.14979985356330872,0.0554351806640625,0.32539433240890503,0.24463528394699097,0.1755944788455963,0.18920010328292847,1,1,0.09436467289924622,0.2741051912307739,0.08075904846191406,0,0,1,1,1,7448
1,OSL/OSL_0003384_2019_10_406_59.94111253680821_10.76223998360457_QNUZzkgxpPos6rHM1FrQig.jpg,OSL:3384,fused,random,1,21,127,True,,4088,5,2881995902548960434,38,7448,0.1484375,0.14979985356330872,0.16556216776371002,0.32539433240890503,0.34618550539016724,0.1755944788455963,0.18062333762645721,1,1,-0.015762314200401306,0.07584559917449951,-0.020791172981262207,0,0,1,1,1,7448
1,OSL/OSL_0003384_2019_10_406_59.94111253680821_10.76223998360457_QNUZzkgxpPos6rHM1FrQig.jpg,OSL:3384,fused,random,2,25,71,True,,4088,5,2881995902548960434,38,7448,0.1484375,0.14979985356330872,0.11991114914417267,0.32539433240890503,0.30297109484672546,0.1755944788455963,0.1830599457025528,1,1,0.029888704419136047,0.07628560066223145,0.022423237562179565,0,0,1,1,1,7448
1,OSL/OSL_0003384_2019_10_406_59.94111253680821_10.76223998360457_QNUZzkgxpPos6rHM1FrQig.jpg,OSL:3384,fused,random,3,0,136,True,,4088,5,2881995902548960434,38,7448,0.1484375,0.14979985356330872,0.1693483591079712,0.32539433240890503,0.3609628677368164,0.1755944788455963,0.19161450862884521,1,1,-0.019548505544662476,0.10915488004684448,-0.03556853532791138,0,0,1,1,1,7448
1,OSL/OSL_0003384_2019_10_406_59.94111253680821_10.76223998360457_QNUZzkgxpPos6rHM1FrQig.jpg,OSL:3384,fused,random,4,23,2,True,,4088,5,2881995902548960434,38,7448,0.1484375,0.14979985356330872,0.06710869073867798,0.32539433240890503,0.25330448150634766,0.1755944788455963,0.18619579076766968,1,1,0.08269116282463074,0.2928254008293152,0.07208985090255737,0,0,1,1,1,7448
1,Bangkok/Bangkok_0001242_2017_05_368_13.72927792900936_100.5056863190026_3hejvgCpEwFxwQknvxtlhQ.jpg,Bangkok:1242,attention,clean,-1,0,0,True,,1904,5,3892655621846104108,38,7448,0.1484375,0.32528990507125854,0.32528990507125854,0.4829410910606384,0.4829410910606384,0.15765118598937988,0.15765118598937988,1,1,0.0,0.0,0.0,0,0,1,1,1,0
1,Bangkok/Bangkok_0001242_2017_05_368_13.72927792900936_100.5056863190026_3hejvgCpEwFxwQknvxtlhQ.jpg,Bangkok:1242,fused,clean,-1,0,0,True,,8036,5,6109751917243994444,38,7448,0.1484375,0.32528990507125854,0.32528990507125854,0.4829410910606384,0.4829410910606384,0.15765118598937988,0.15765118598937988,1,1,0.0,0.0,0.0,0,0,1,1,1,0
1,Bangkok/Bangkok_0001242_2017_05_368_13.72927792900936_100.5056863190026_3hejvgCpEwFxwQknvxtlhQ.jpg,Bangkok:1242,attention,targeted,-1,0,0,True,,1904,5,3892655621846104108,38,7448,0.1484375,0.32528990507125854,0.24042153358459473,0.4829410910606384,0.3937751352787018,0.15765118598937988,0.15335360169410706,1,1,0.08486837148666382,0.38659048080444336,0.08916595578193665,0,0,1,1,1,7448
1,Bangkok/Bangkok_0001242_2017_05_368_13.72927792900936_100.5056863190026_3hejvgCpEwFxwQknvxtlhQ.jpg,Bangkok:1242,attention,random,0,-65,4,True,,1904,5,3892655621846104108,38,7448,0.1484375,0.32528990507125854,0.26968201994895935,0.4829410910606384,0.424067884683609,0.15765118598937988,0.15438586473464966,1,1,0.055607885122299194,0.13754189014434814,0.05887320637702942,0,0,1,1,1,7448
1,Bangkok/Bangkok_0001242_2017_05_368_13.72927792900936_100.5056863190026_3hejvgCpEwFxwQknvxtlhQ.jpg,Bangkok:1242,attention,random,1,-22,13,True,,1904,5,3892655621846104108,38,7448,0.1484375,0.32528990507125854,0.24463868141174316,0.4829410910606384,0.4136393666267395,0.15765118598937988,0.16900068521499634,1,1,0.08065122365951538,0.35713112354278564,0.06930172443389893,0,0,1,1,1,7448
1,Bangkok/Bangkok_0001242_2017_05_368_13.72927792900936_100.5056863190026_3hejvgCpEwFxwQknvxtlhQ.jpg,Bangkok:1242,attention,random,2,22,2,True,,1904,5,3892655621846104108,38,7448,0.1484375,0.32528990507125854,0.23352506756782532,0.4829410910606384,0.3675840497016907,0.15765118598937988,0.13405898213386536,1,1,0.09176483750343323,0.34518617391586304,0.11535704135894775,0,0,1,1,1,7448
1,Bangkok/Bangkok_0001242_2017_05_368_13.72927792900936_100.5056863190026_3hejvgCpEwFxwQknvxtlhQ.jpg,Bangkok:1242,attention,random,3,23,7,True,,1904,5,3892655621846104108,38,7448,0.1484375,0.32528990507125854,0.26261746883392334,0.4829410910606384,0.3947944641113281,0.15765118598937988,0.1321769803762436,1,1,0.0626724362373352,0.3094831109046936,0.0881466269493103,0,0,1,1,1,7448
1,Bangkok/Bangkok_0001242_2017_05_368_13.72927792900936_100.5056863190026_3hejvgCpEwFxwQknvxtlhQ.jpg,Bangkok:1242,attention,random,4,3,12,True,,1904,5,3892655621846104108,38,7448,0.1484375,0.32528990507125854,0.2369232028722763,0.4829410910606384,0.38386988639831543,0.15765118598937988,0.14694668352603912,1,1,0.08836670219898224,0.41487663984298706,0.099071204662323,0,0,1,1,1,7448
1,Bangkok/Bangkok_0001242_2017_05_368_13.72927792900936_100.5056863190026_3hejvgCpEwFxwQknvxtlhQ.jpg,Bangkok:1242,fused,targeted,-1,0,0,True,,8036,5,6109751917243994444,38,7448,0.1484375,0.32528990507125854,0.23195326328277588,0.4829410910606384,0.37280917167663574,0.15765118598937988,0.14085590839385986,1,1,0.09333664178848267,0.38172996044158936,0.11013191938400269,0,0,1,1,1,7448
1,Bangkok/Bangkok_0001242_2017_05_368_13.72927792900936_100.5056863190026_3hejvgCpEwFxwQknvxtlhQ.jpg,Bangkok:1242,fused,random,0,-17,23,True,,8036,5,6109751917243994444,38,7448,0.1484375,0.32528990507125854,0.2830424904823303,0.4829410910606384,0.43551933765411377,0.15765118598937988,0.15247686207294464,1,1,0.04224741458892822,0.29378509521484375,0.04742175340652466,0,0,1,1,1,7448
1,Bangkok/Bangkok_0001242_2017_05_368_13.72927792900936_100.5056863190026_3hejvgCpEwFxwQknvxtlhQ.jpg,Bangkok:1242,fused,random,1,-17,45,True,,8036,5,6109751917243994444,38,7448,0.1484375,0.32528990507125854,0.280719131231308,0.4829410910606384,0.431663453578949,0.15765118598937988,0.150944322347641,1,1,0.04457077383995056,0.25509655475616455,0.05127763748168945,0,0,1,1,1,7448
1,Bangkok/Bangkok_0001242_2017_05_368_13.72927792900936_100.5056863190026_3hejvgCpEwFxwQknvxtlhQ.jpg,Bangkok:1242,fused,random,2,55,39,True,,8036,5,6109751917243994444,38,7448,0.1484375,0.32528990507125854,0.2640569508075714,0.4829410910606384,0.4171646237373352,0.15765118598937988,0.1531076729297638,1,1,0.061232954263687134,0.17762625217437744,0.06577646732330322,0,0,1,1,1,7448
1,Bangkok/Bangkok_0001242_2017_05_368_13.72927792900936_100.5056863190026_3hejvgCpEwFxwQknvxtlhQ.jpg,Bangkok:1242,fused,random,3,-53,23,True,,8036,5,6109751917243994444,38,7448,0.1484375,0.32528990507125854,0.27731940150260925,0.4829410910606384,0.42497503757476807,0.15765118598937988,0.1476556360721588,1,1,0.04797050356864929,0.12941336631774902,0.05796605348587036,0,0,1,1,1,7448
1,Bangkok/Bangkok_0001242_2017_05_368_13.72927792900936_100.5056863190026_3hejvgCpEwFxwQknvxtlhQ.jpg,Bangkok:1242,fused,random,4,-44,53,True,,8036,5,6109751917243994444,38,7448,0.1484375,0.32528990507125854,0.2568126618862152,0.4829410910606384,0.4129883944988251,0.15765118598937988,0.15617573261260986,1,1,0.06847724318504333,0.148454487323761,0.06995269656181335,0,0,1,1,1,7448
1,Phoenix/Phoenix_0000357_2018_05_268_33.42524998962075_-112.0521742629126_DbMpKVUvTiga-OmYglVZcw.jpg,Phoenix:357,attention,clean,-1,0,0,True,,6062,5,8120558401283622010,38,7448,0.1484375,0.06125786900520325,0.06125786900520325,0.42633944749832153,0.42633944749832153,0.3650815784931183,0.3650815784931183,1,1,0.0,0.0,0.0,0,0,1,1,1,0
1,Phoenix/Phoenix_0000357_2018_05_268_33.42524998962075_-112.0521742629126_DbMpKVUvTiga-OmYglVZcw.jpg,Phoenix:357,fused,clean,-1,0,0,True,,8834,5,4021370513224205279,38,7448,0.1484375,0.06125786900520325,0.06125786900520325,0.42633944749832153,0.42633944749832153,0.3650815784931183,0.3650815784931183,1,1,0.0,0.0,0.0,0,0,1,1,1,0
1,Phoenix/Phoenix_0000357_2018_05_268_33.42524998962075_-112.0521742629126_DbMpKVUvTiga-OmYglVZcw.jpg,Phoenix:357,attention,targeted,-1,0,0,True,,6062,5,8120558401283622010,38,7448,0.1484375,0.06125786900520325,0.009868234395980835,0.42633944749832153,0.4523683786392212,0.3650815784931183,0.44250014424324036,1,1,0.05138963460922241,0.37321895360946655,-0.026028931140899658,0,0,1,1,1,7448
1,Phoenix/Phoenix_0000357_2018_05_268_33.42524998962075_-112.0521742629126_DbMpKVUvTiga-OmYglVZcw.jpg,Phoenix:357,attention,random,0,19,-107,True,,6062,5,8120558401283622010,38,7448,0.1484375,0.06125786900520325,0.06644377112388611,0.42633944749832153,0.4209490716457367,0.3650815784931183,0.3545053005218506,1,1,-0.005185902118682861,0.08497142791748047,0.005390375852584839,0,0,1,1,1,7448
1,Phoenix/Phoenix_0000357_2018_05_268_33.42524998962075_-112.0521742629126_DbMpKVUvTiga-OmYglVZcw.jpg,Phoenix:357,attention,random,1,37,-94,True,,6062,5,8120558401283622010,38,7448,0.1484375,0.06125786900520325,0.07707402110099792,0.42633944749832153,0.4196332097053528,0.3650815784931183,0.34255918860435486,1,1,-0.015816152095794678,0.09426093101501465,0.00670623779296875,0,0,1,1,1,7448
1,Phoenix/Phoenix_0000357_2018_05_268_33.42524998962075_-112.0521742629126_DbMpKVUvTiga-OmYglVZcw.jpg,Phoenix:357,attention,random,2,7,-99,True,,6062,5,8120558401283622010,38,7448,0.1484375,0.06125786900520325,0.07606977224349976,0.42633944749832153,0.4259321689605713,0.3650815784931183,0.34986239671707153,1,1,-0.014811903238296509,0.0673898458480835,0.00040727853775024414,0,0,1,1,1,7448
1,Phoenix/Phoenix_0000357_2018_05_268_33.42524998962075_-112.0521742629126_DbMpKVUvTiga-OmYglVZcw.jpg,Phoenix:357,attention,random,3,31,-40,True,,6062,5,8120558401283622010,38,7448,0.1484375,0.06125786900520325,0.05271923542022705,0.42633944749832153,0.43637293577194214,0.3650815784931183,0.3836537003517151,1,1,0.008538633584976196,0.18108898401260376,-0.010033488273620605,0,0,1,1,1,7448
1,Phoenix/Phoenix_0000357_2018_05_268_33.42524998962075_-112.0521742629126_DbMpKVUvTiga-OmYglVZcw.jpg,Phoenix:357,attention,random,4,30,-30,True,,6062,5,8120558401283622010,38,7448,0.1484375,0.06125786900520325,0.010834306478500366,0.42633944749832153,0.442586749792099,0.3650815784931183,0.43175244331359863,1,1,0.05042356252670288,0.2556036710739136,-0.016247302293777466,0,0,1,1,1,7448
1,Phoenix/Phoenix_0000357_2018_05_268_33.42524998962075_-112.0521742629126_DbMpKVUvTiga-OmYglVZcw.jpg,Phoenix:357,fused,targeted,-1,0,0,True,,8834,5,4021370513224205279,38,7448,0.1484375,0.06125786900520325,0.009448379278182983,0.42633944749832153,0.451079398393631,0.3650815784931183,0.441631019115448,1,1,0.051809489727020264,0.4143710732460022,-0.024739950895309448,0,0,1,1,1,7448
1,Phoenix/Phoenix_0000357_2018_05_268_33.42524998962075_-112.0521742629126_DbMpKVUvTiga-OmYglVZcw.jpg,Phoenix:357,fused,random,0,8,-99,True,,8834,5,4021370513224205279,38,7448,0.1484375,0.06125786900520325,0.07088172435760498,0.42633944749832153,0.41332903504371643,0.3650815784931183,0.34244731068611145,1,1,-0.009623855352401733,0.06754124164581299,0.013010412454605103,0,0,1,1,1,7448
1,Phoenix/Phoenix_0000357_2018_05_268_33.42524998962075_-112.0521742629126_DbMpKVUvTiga-OmYglVZcw.jpg,Phoenix:357,fused,random,1,15,-25,True,,8834,5,4021370513224205279,38,7448,0.1484375,0.06125786900520325,0.018880069255828857,0.42633944749832153,0.45031192898750305,0.3650815784931183,0.4314318597316742,1,1,0.04237779974937439,0.26765644550323486,-0.02397248148918152,0,0,1,1,1,7448
1,Phoenix/Phoenix_0000357_2018_05_268_33.42524998962075_-112.0521742629126_DbMpKVUvTiga-OmYglVZcw.jpg,Phoenix:357,fused,random,2,8,-29,True,,8834,5,4021370513224205279,38,7448,0.1484375,0.06125786900520325,0.03092324733734131,0.42633944749832153,0.46688276529312134,0.3650815784931183,0.43595951795578003,1,1,0.03033462166786194,0.26799583435058594,-0.040543317794799805,0,0,1,1,1,7448
1,Phoenix/Phoenix_0000357_2018_05_268_33.42524998962075_-112.0521742629126_DbMpKVUvTiga-OmYglVZcw.jpg,Phoenix:357,fused,random,3,5,-113,True,,8834,5,4021370513224205279,38,7448,0.1484375,0.06125786900520325,0.08113816380500793,0.42633944749832153,0.42351391911506653,0.3650815784931183,0.3423757553100586,1,1,-0.019880294799804688,0.0680508017539978,0.002825528383255005,0,0,1,1,1,7448
1,Phoenix/Phoenix_0000357_2018_05_268_33.42524998962075_-112.0521742629126_DbMpKVUvTiga-OmYglVZcw.jpg,Phoenix:357,fused,random,4,42,-67,True,,8834,5,4021370513224205279,38,7448,0.1484375,0.06125786900520325,0.07205334305763245,0.42633944749832153,0.4409298002719879,0.3650815784931183,0.36887645721435547,1,1,-0.0107954740524292,0.10539233684539795,-0.014590352773666382,0,0,1,1,1,7448
1,Bangkok/Bangkok_0002687_2020_08_313_13.74498854684226_100.5576948974601_S16hJh73PdCmM3QjuCcYQQ.jpg,Bangkok:2687,attention,clean,-1,0,0,True,,4858,5,4693554988054375512,38,7448,0.1484375,0.3641601800918579,0.3641601800918579,0.535276472568512,0.535276472568512,0.17111627757549286,0.17111627757549286,1,1,0.0,0.0,0.0,0,0,1,1,1,0
1,Bangkok/Bangkok_0002687_2020_08_313_13.74498854684226_100.5576948974601_S16hJh73PdCmM3QjuCcYQQ.jpg,Bangkok:2687,fused,clean,-1,0,0,True,,14350,5,5638297521279907536,38,7448,0.1484375,0.3641601800918579,0.3641601800918579,0.535276472568512,0.535276472568512,0.17111627757549286,0.17111627757549286,1,1,0.0,0.0,0.0,0,0,1,1,1,0
1,Bangkok/Bangkok_0002687_2020_08_313_13.74498854684226_100.5576948974601_S16hJh73PdCmM3QjuCcYQQ.jpg,Bangkok:2687,attention,targeted,-1,0,0,True,,4858,5,4693554988054375512,38,7448,0.1484375,0.3641601800918579,0.2678474187850952,0.535276472568512,0.46815821528434753,0.17111627757549286,0.2003108114004135,1,1,0.0963127613067627,0.2755347490310669,0.06711825728416443,0,0,1,1,1,7448
1,Bangkok/Bangkok_0002687_2020_08_313_13.74498854684226_100.5576948974601_S16hJh73PdCmM3QjuCcYQQ.jpg,Bangkok:2687,attention,random,0,-11,-2,True,,4858,5,4693554988054375512,38,7448,0.1484375,0.3641601800918579,0.24029427766799927,0.535276472568512,0.4744202494621277,0.17111627757549286,0.23412597179412842,1,1,0.12386590242385864,0.2640649080276489,0.06085622310638428,0,0,1,1,1,7448
1,Bangkok/Bangkok_0002687_2020_08_313_13.74498854684226_100.5576948974601_S16hJh73PdCmM3QjuCcYQQ.jpg,Bangkok:2687,attention,random,1,42,-10,True,,4858,5,4693554988054375512,38,7448,0.1484375,0.3641601800918579,0.31492024660110474,0.535276472568512,0.4764459729194641,0.17111627757549286,0.16152572631835938,1,1,0.049239933490753174,0.16134601831436157,0.05883049964904785,0,0,1,1,1,7448
1,Bangkok/Bangkok_0002687_2020_08_313_13.74498854684226_100.5576948974601_S16hJh73PdCmM3QjuCcYQQ.jpg,Bangkok:2687,attention,random,2,35,-4,True,,4858,5,4693554988054375512,38,7448,0.1484375,0.3641601800918579,0.335524320602417,0.535276472568512,0.4956275224685669,0.17111627757549286,0.1601032018661499,1,1,0.028635859489440918,0.19531112909317017,0.03964895009994507,0,0,1,1,1,7448
1,Bangkok/Bangkok_0002687_2020_08_313_13.74498854684226_100.5576948974601_S16hJh73PdCmM3QjuCcYQQ.jpg,Bangkok:2687,attention,random,3,72,-16,True,,4858,5,4693554988054375512,38,7448,0.1484375,0.3641601800918579,0.3672490119934082,0.535276472568512,0.494859904050827,0.17111627757549286,0.12761089205741882,1,1,-0.003088831901550293,0.10730624198913574,0.040416568517684937,0,0,1,1,1,7448
1,Bangkok/Bangkok_0002687_2020_08_313_13.74498854684226_100.5576948974601_S16hJh73PdCmM3QjuCcYQQ.jpg,Bangkok:2687,attention,random,4,24,-38,True,,4858,5,4693554988054375512,38,7448,0.1484375,0.3641601800918579,0.3516835868358612,0.535276472568512,0.49060630798339844,0.17111627757549286,0.13892272114753723,1,1,0.012476593255996704,0.16301274299621582,0.044670164585113525,0,0,1,1,1,7448
1,Bangkok/Bangkok_0002687_2020_08_313_13.74498854684226_100.5576948974601_S16hJh73PdCmM3QjuCcYQQ.jpg,Bangkok:2687,fused,targeted,-1,0,0,True,,14350,5,5638297521279907536,38,7448,0.1484375,0.3641601800918579,0.2245379388332367,0.535276472568512,0.4526808559894562,0.17111627757549286,0.22814291715621948,1,1,0.13962224125862122,0.3287966251373291,0.08259561657905579,0,0,1,1,1,7448
1,Bangkok/Bangkok_0002687_2020_08_313_13.74498854684226_100.5576948974601_S16hJh73PdCmM3QjuCcYQQ.jpg,Bangkok:2687,fused,random,0,-33,-55,True,,14350,5,5638297521279907536,38,7448,0.1484375,0.3641601800918579,0.26153698563575745,0.535276472568512,0.4714665710926056,0.17111627757549286,0.20992958545684814,1,1,0.10262319445610046,0.2196563482284546,0.06380990147590637,0,0,1,1,1,7448
1,Bangkok/Bangkok_0002687_2020_08_313_13.74498854684226_100.5576948974601_S16hJh73PdCmM3QjuCcYQQ.jpg,Bangkok:2687,fused,random,1,17,-62,True,,14350,5,5638297521279907536,38,7448,0.1484375,0.3641601800918579,0.3199467658996582,0.535276472568512,0.48948484659194946,0.17111627757549286,0.16953808069229126,1,1,0.04421341419219971,0.15373754501342773,0.0457916259765625,0,0,1,1,1,7448
1,Bangkok/Bangkok_0002687_2020_08_313_13.74498854684226_100.5576948974601_S16hJh73PdCmM3QjuCcYQQ.jpg,Bangkok:2687,fused,random,2,-21,-98,True,,14350,5,5638297521279907536,38,7448,0.1484375,0.3641601800918579,0.33780649304389954,0.535276472568512,0.48811349272727966,0.17111627757549286,0.15030699968338013,1,1,0.026353687047958374,0.12728863954544067,0.0471629798412323,0,0,1,1,1,7448
1,Bangkok/Bangkok_0002687_2020_08_313_13.74498854684226_100.5576948974601_S16hJh73PdCmM3QjuCcYQQ.jpg,Bangkok:2687,fused,random,3,-1,-59,True,,14350,5,5638297521279907536,38,7448,0.1484375,0.3641601800918579,0.2852788269519806,0.535276472568512,0.47112324833869934,0.17111627757549286,0.18584442138671875,1,1,0.07888135313987732,0.21783512830734253,0.06415322422981262,0,0,1,1,1,7448
1,Bangkok/Bangkok_0002687_2020_08_313_13.74498854684226_100.5576948974601_S16hJh73PdCmM3QjuCcYQQ.jpg,Bangkok:2687,fused,random,4,53,-43,True,,14350,5,5638297521279907536,38,7448,0.1484375,0.3641601800918579,0.338093638420105,0.535276472568512,0.47814279794692993,0.17111627757549286,0.14004917442798615,1,1,0.02606654167175293,0.11284434795379639,0.05713367462158203,0,0,1,1,1,7448
1,Osaka/Osaka_0002479_2009_10_024_34.6862724058969_135.4719685455134_llBxSu0ehWQgPty0t_zxEQ.jpg,Osaka:2479,attention,clean,-1,0,0,True,,2114,5,6643733071531196584,38,7448,0.1484375,0.37587103247642517,0.37587103247642517,0.5238320827484131,0.5238320827484131,0.14796105027198792,0.14796105027198792,1,1,0.0,0.0,0.0,0,0,1,1,1,0
1,Osaka/Osaka_0002479_2009_10_024_34.6862724058969_135.4719685455134_llBxSu0ehWQgPty0t_zxEQ.jpg,Osaka:2479,fused,clean,-1,0,0,True,,2114,5,177500375262175495,38,7448,0.1484375,0.37587103247642517,0.37587103247642517,0.5238320827484131,0.5238320827484131,0.14796105027198792,0.14796105027198792,1,1,0.0,0.0,0.0,0,0,1,1,1,0
1,Osaka/Osaka_0002479_2009_10_024_34.6862724058969_135.4719685455134_llBxSu0ehWQgPty0t_zxEQ.jpg,Osaka:2479,attention,targeted,-1,0,0,True,,2114,5,6643733071531196584,38,7448,0.1484375,0.37587103247642517,0.2851763963699341,0.5238320827484131,0.4500733017921448,0.14796105027198792,0.1648969054222107,1,1,0.09069463610649109,0.3136070966720581,0.07375878095626831,0,0,1,1,1,7448
1,Osaka/Osaka_0002479_2009_10_024_34.6862724058969_135.4719685455134_llBxSu0ehWQgPty0t_zxEQ.jpg,Osaka:2479,attention,random,0,4,9,True,,2114,5,6643733071531196584,38,7448,0.1484375,0.37587103247642517,0.24073630571365356,0.5238320827484131,0.39645805954933167,0.14796105027198792,0.1557217538356781,1,1,0.1351347267627716,0.34640276432037354,0.12737402319908142,0,0,1,1,1,7448
1,Osaka/Osaka_0002479_2009_10_024_34.6862724058969_135.4719685455134_llBxSu0ehWQgPty0t_zxEQ.jpg,Osaka:2479,attention,random,1,48,10,True,,2114,5,6643733071531196584,38,7448,0.1484375,0.37587103247642517,0.2711610794067383,0.5238320827484131,0.41088879108428955,0.14796105027198792,0.13972771167755127,1,1,0.10470995306968689,0.1542249321937561,0.11294329166412354,0,0,1,1,1,7448
1,Osaka/Osaka_0002479_2009_10_024_34.6862724058969_135.4719685455134_llBxSu0ehWQgPty0t_zxEQ.jpg,Osaka:2479,attention,random,2,-20,9,True,,2114,5,6643733071531196584,38,7448,0.1484375,0.37587103247642517,0.23997116088867188,0.5238320827484131,0.4037168622016907,0.14796105027198792,0.1637457013130188,1,1,0.1358998715877533,0.27402937412261963,0.12011522054672241,0,0,1,1,1,7448
1,Osaka/Osaka_0002479_2009_10_024_34.6862724058969_135.4719685455134_llBxSu0ehWQgPty0t_zxEQ.jpg,Osaka:2479,attention,random,3,6,13,True,,2114,5,6643733071531196584,38,7448,0.1484375,0.37587103247642517,0.236524298787117,0.5238320827484131,0.405709445476532,0.14796105027198792,0.16918514668941498,1,1,0.13934673368930817,0.36647915840148926,0.1181226372718811,0,0,1,1,1,7448
1,Osaka/Osaka_0002479_2009_10_024_34.6862724058969_135.4719685455134_llBxSu0ehWQgPty0t_zxEQ.jpg,Osaka:2479,attention,random,4,55,2,True,,2114,5,6643733071531196584,38,7448,0.1484375,0.37587103247642517,0.27396225929260254,0.5238320827484131,0.411482572555542,0.14796105027198792,0.13752032816410065,1,1,0.10190877318382263,0.1622849702835083,0.1123495101928711,0,0,1,1,1,7448
1,Osaka/Osaka_0002479_2009_10_024_34.6862724058969_135.4719685455134_llBxSu0ehWQgPty0t_zxEQ.jpg,Osaka:2479,fused,targeted,-1,0,0,True,,2114,5,177500375262175495,38,7448,0.1484375,0.37587103247642517,0.2547094225883484,0.5238320827484131,0.41439950466156006,0.14796105027198792,0.15969008207321167,1,1,0.12116160988807678,0.3579307794570923,0.10943257808685303,0,0,1,1,1,7448
1,Osaka/Osaka_0002479_2009_10_024_34.6862724058969_135.4719685455134_llBxSu0ehWQgPty0t_zxEQ.jpg,Osaka:2479,fused,random,0,65,4,True,,2114,5,177500375262175495,38,7448,0.1484375,0.37587103247642517,0.327513188123703,0.5238320827484131,0.4694940447807312,0.14796105027198792,0.1419808566570282,1,1,0.04835784435272217,0.12393838167190552,0.054338037967681885,0,0,1,1,1,7448
1,Osaka/Osaka_0002479_2009_10_024_34.6862724058969_135.4719685455134_llBxSu0ehWQgPty0t_zxEQ.jpg,Osaka:2479,fused,random,1,97,1,True,,2114,5,177500375262175495,38,7448,0.1484375,0.37587103247642517,0.3840998709201813,0.5238320827484131,0.523656964302063,0.14796105027198792,0.1395570933818817,1,1,-0.008228838443756104,0.03618216514587402,0.00017511844635009766,0,0,1,1,1,7448
1,Osaka/Osaka_0002479_2009_10_024_34.6862724058969_135.4719685455134_llBxSu0ehWQgPty0t_zxEQ.jpg,Osaka:2479,fused,random,2,-24,4,True,,2114,5,177500375262175495,38,7448,0.1484375,0.37587103247642517,0.2626425623893738,0.5238320827484131,0.4048807919025421,0.14796105027198792,0.14223821461200714,1,1,0.11322847008705139,0.26281726360321045,0.11895129084587097,0,0,1,1,1,7448
1,Osaka/Osaka_0002479_2009_10_024_34.6862724058969_135.4719685455134_llBxSu0ehWQgPty0t_zxEQ.jpg,Osaka:2479,fused,random,3,44,6,True,,2114,5,177500375262175495,38,7448,0.1484375,0.37587103247642517,0.28233787417411804,0.5238320827484131,0.426168292760849,0.14796105027198792,0.14383041858673096,1,1,0.09353315830230713,0.17822933197021484,0.09766378998756409,0,0,1,1,1,7448
1,Osaka/Osaka_0002479_2009_10_024_34.6862724058969_135.4719685455134_llBxSu0ehWQgPty0t_zxEQ.jpg,Osaka:2479,fused,random,4,-16,2,True,,2114,5,177500375262175495,38,7448,0.1484375,0.37587103247642517,0.24667540192604065,0.5238320827484131,0.38994961977005005,0.14796105027198792,0.1432742178440094,1,1,0.12919563055038452,0.29496848583221436,0.13388246297836304,0,0,1,1,1,7448
1,Boston/Boston_0006571_2011_11_297_42.37791649963948_-71.11628167105206_W7PXaWBO0V7kne0DJX3Mzw.jpg,Boston:6571,attention,clean,-1,0,0,True,,1694,5,1137136054761451641,38,7448,0.1484375,0.16665524244308472,0.16665524244308472,0.42723503708839417,0.42723503708839417,0.26057979464530945,0.26057979464530945,1,1,0.0,0.0,0.0,0,0,1,1,1,0
1,Boston/Boston_0006571_2011_11_297_42.37791649963948_-71.11628167105206_W7PXaWBO0V7kne0DJX3Mzw.jpg,Boston:6571,fused,clean,-1,0,0,True,,11186,5,4507196980874172579,38,7448,0.1484375,0.16665524244308472,0.16665524244308472,0.42723503708839417,0.42723503708839417,0.26057979464530945,0.26057979464530945,1,1,0.0,0.0,0.0,0,0,1,1,1,0
1,Boston/Boston_0006571_2011_11_297_42.37791649963948_-71.11628167105206_W7PXaWBO0V7kne0DJX3Mzw.jpg,Boston:6571,attention,targeted,-1,0,0,True,,1694,5,1137136054761451641,38,7448,0.1484375,0.16665524244308472,0.16167601943016052,0.42723503708839417,0.4093494713306427,0.26057979464530945,0.24767345190048218,1,1,0.004979223012924194,0.17972338199615479,0.017885565757751465,0,0,1,1,1,7448
1,Boston/Boston_0006571_2011_11_297_42.37791649963948_-71.11628167105206_W7PXaWBO0V7kne0DJX3Mzw.jpg,Boston:6571,attention,random,0,-34,12,True,,1694,5,1137136054761451641,38,7448,0.1484375,0.16665524244308472,0.17111080884933472,0.42723503708839417,0.4155251085758209,0.26057979464530945,0.2444142997264862,1,1,-0.00445556640625,0.19032073020935059,0.011709928512573242,0,0,1,1,1,7448
1,Boston/Boston_0006571_2011_11_297_42.37791649963948_-71.11628167105206_W7PXaWBO0V7kne0DJX3Mzw.jpg,Boston:6571,attention,random,1,-65,12,True,,1694,5,1137136054761451641,38,7448,0.1484375,0.16665524244308472,0.18021684885025024,0.42723503708839417,0.4294717311859131,0.26057979464530945,0.24925488233566284,1,1,-0.013561606407165527,0.13345074653625488,-0.002236694097518921,0,0,1,1,1,7448
1,Boston/Boston_0006571_2011_11_297_42.37791649963948_-71.11628167105206_W7PXaWBO0V7kne0DJX3Mzw.jpg,Boston:6571,attention,random,2,-88,13,True,,1694,5,1137136054761451641,38,7448,0.1484375,0.16665524244308472,0.19959989190101624,0.42723503708839417,0.4577726125717163,0.26057979464530945,0.2581727206707001,1,1,-0.03294464945793152,0.09662050008773804,-0.030537575483322144,0,0,1,1,1,7448
1,Boston/Boston_0006571_2011_11_297_42.37791649963948_-71.11628167105206_W7PXaWBO0V7kne0DJX3Mzw.jpg,Boston:6571,attention,random,3,-17,0,True,,1694,5,1137136054761451641,38,7448,0.1484375,0.16665524244308472,0.1724395751953125,0.42723503708839417,0.409429669380188,0.26057979464530945,0.2369900941848755,1,1,-0.005784332752227783,0.24492931365966797,0.017805367708206177,0,0,1,1,1,7448
1,Boston/Boston_0006571_2011_11_297_42.37791649963948_-71.11628167105206_W7PXaWBO0V7kne0DJX3Mzw.jpg,Boston:6571,attention,random,4,-72,14,True,,1694,5,1137136054761451641,38,7448,0.1484375,0.16665524244308472,0.19537043571472168,0.42723503708839417,0.4429379105567932,0.26057979464530945,0.24756747484207153,1,1,-0.028715193271636963,0.10208785533905029,-0.015702873468399048,0,0,1,1,1,7448
1,Boston/Boston_0006571_2011_11_297_42.37791649963948_-71.11628167105206_W7PXaWBO0V7kne0DJX3Mzw.jpg,Boston:6571,fused,targeted,-1,0,0,True,,11186,5,4507196980874172579,38,7448,0.1484375,0.16665524244308472,0.0973774641752243,0.42723503708839417,0.31704121828079224,0.26057979464530945,0.21966375410556793,1,1,0.06927777826786041,0.18187499046325684,0.11019381880760193,0,0,1,1,1,7448
1,Boston/Boston_0006571_2011_11_297_42.37791649963948_-71.11628167105206_W7PXaWBO0V7kne0DJX3Mzw.jpg,Boston:6571,fused,random,0,-83,-82,True,,11186,5,4507196980874172579,38,7448,0.1484375,0.16665524244308472,0.160336434841156,0.42723503708839417,0.42268216609954834,0.26057979464530945,0.26234573125839233,1,1,0.006318807601928711,0.11950600147247314,0.004552870988845825,0,0,1,1,1,7448
1,Boston/Boston_0006571_2011_11_297_42.37791649963948_-71.11628167105206_W7PXaWBO0V7kne0DJX3Mzw.jpg,Boston:6571,fused,random,1,-96,-56,True,,11186,5,4507196980874172579,38,7448,0.1484375,0.16665524244308472,0.1697743833065033,0.42723503708839417,0.40472903847694397,0.26057979464530945,0.23495465517044067,1,1,-0.003119140863418579,0.15593039989471436,0.022505998611450195,0,0,1,1,1,7448
1,Boston/Boston_0006571_2011_11_297_42.37791649963948_-71.11628167105206_W7PXaWBO0V7kne0DJX3Mzw.jpg,Boston:6571,fused,random,2,-74,-79,True,,11186,5,4507196980874172579,38,7448,0.1484375,0.16665524244308472,0.17428484559059143,0.42723503708839417,0.43286511301994324,0.26057979464530945,0.2585802674293518,1,1,-0.007629603147506714,0.13707751035690308,-0.005630075931549072,0,0,1,1,1,7448
1,Boston/Boston_0006571_2011_11_297_42.37791649963948_-71.11628167105206_W7PXaWBO0V7kne0DJX3Mzw.jpg,Boston:6571,fused,random,3,-105,-52,True,,11186,5,4507196980874172579,38,7448,0.1484375,0.16665524244308472,0.1617540717124939,0.42723503708839417,0.4189916253089905,0.26057979464530945,0.2572375535964966,1,1,0.00490117073059082,0.10452413558959961,0.008243411779403687,0,0,1,1,1,7448
1,Boston/Boston_0006571_2011_11_297_42.37791649963948_-71.11628167105206_W7PXaWBO0V7kne0DJX3Mzw.jpg,Boston:6571,fused,random,4,-29,-37,True,,11186,5,4507196980874172579,38,7448,0.1484375,0.16665524244308472,0.13319087028503418,0.42723503708839417,0.3452785611152649,0.26057979464530945,0.2120876908302307,1,1,0.03346437215805054,0.14274084568023682,0.08195647597312927,0,0,1,1,1,7448
1,Chicago/Chicago_0003185_2016_10_232_41.87894460160553_-87.66347422080628_gY6oF-Gm6J_r9kmHXsjl2A.jpg,Chicago:3185,attention,clean,-1,0,0,True,,6062,5,4839451024130715573,38,7448,0.1484375,0.18872308731079102,0.18872308731079102,0.5531449317932129,0.5531449317932129,0.3644218444824219,0.3644218444824219,1,1,0.0,0.0,0.0,0,0,1,1,1,0
1,Chicago/Chicago_0003185_2016_10_232_41.87894460160553_-87.66347422080628_gY6oF-Gm6J_r9kmHXsjl2A.jpg,Chicago:3185,fused,clean,-1,0,0,True,,11186,5,8106484002943791650,38,7448,0.1484375,0.18872308731079102,0.18872308731079102,0.5531449317932129,0.5531449317932129,0.3644218444824219,0.3644218444824219,1,1,0.0,0.0,0.0,0,0,1,1,1,0
1,Chicago/Chicago_0003185_2016_10_232_41.87894460160553_-87.66347422080628_gY6oF-Gm6J_r9kmHXsjl2A.jpg,Chicago:3185,attention,targeted,-1,0,0,True,,6062,5,4839451024130715573,38,7448,0.1484375,0.18872308731079102,0.16899722814559937,0.5531449317932129,0.5276995897293091,0.3644218444824219,0.3587023615837097,1,1,0.01972585916519165,0.1107093095779419,0.02544534206390381,0,0,1,1,1,7448
1,Chicago/Chicago_0003185_2016_10_232_41.87894460160553_-87.66347422080628_gY6oF-Gm6J_r9kmHXsjl2A.jpg,Chicago:3185,attention,random,0,33,-72,True,,6062,5,4839451024130715573,38,7448,0.1484375,0.18872308731079102,0.1752679944038391,0.5531449317932129,0.533245325088501,0.3644218444824219,0.35797733068466187,1,1,0.013455092906951904,0.04886138439178467,0.019899606704711914,0,0,1,1,1,7448
1,Chicago/Chicago_0003185_2016_10_232_41.87894460160553_-87.66347422080628_gY6oF-Gm6J_r9kmHXsjl2A.jpg,Chicago:3185,attention,random,1,35,-28,True,,6062,5,4839451024130715573,38,7448,0.1484375,0.18872308731079102,0.16522318124771118,0.5531449317932129,0.5264648199081421,0.3644218444824219,0.3612416386604309,1,1,0.023499906063079834,0.07562172412872314,0.0266801118850708,0,0,1,1,1,7448
1,Chicago/Chicago_0003185_2016_10_232_41.87894460160553_-87.66347422080628_gY6oF-Gm6J_r9kmHXsjl2A.jpg,Chicago:3185,attention,random,2,38,-119,True,,6062,5,4839451024130715573,38,7448,0.1484375,0.18872308731079102,0.15356451272964478,0.5531449317932129,0.5365300178527832,0.3644218444824219,0.3829655051231384,1,1,0.03515857458114624,0.07266664505004883,0.016614913940429688,0,0,1,1,1,7448
1,Chicago/Chicago_0003185_2016_10_232_41.87894460160553_-87.66347422080628_gY6oF-Gm6J_r9kmHXsjl2A.jpg,Chicago:3185,attention,random,3,21,-39,True,,6062,5,4839451024130715573,38,7448,0.1484375,0.18872308731079102,0.1757308840751648,0.5531449317932129,0.5135363936424255,0.3644218444824219,0.33780550956726074,1,1,0.01299220323562622,0.10186958312988281,0.039608538150787354,0,0,1,1,1,7448
1,Chicago/Chicago_0003185_2016_10_232_41.87894460160553_-87.66347422080628_gY6oF-Gm6J_r9kmHXsjl2A.jpg,Chicago:3185,attention,random,4,42,-40,True,,6062,5,4839451024130715573,38,7448,0.1484375,0.18872308731079102,0.18848496675491333,0.5531449317932129,0.5252895355224609,0.3644218444824219,0.3368045687675476,1,1,0.00023812055587768555,0.08285188674926758,0.027855396270751953,0,0,1,1,1,7448
1,Chicago/Chicago_0003185_2016_10_232_41.87894460160553_-87.66347422080628_gY6oF-Gm6J_r9kmHXsjl2A.jpg,Chicago:3185,fused,targeted,-1,0,0,True,,11186,5,8106484002943791650,38,7448,0.1484375,0.18872308731079102,0.20787325501441956,0.5531449317932129,0.5132440328598022,0.3644218444824219,0.3053707778453827,1,1,-0.01915016770362854,0.2104848027229309,0.039900898933410645,0,0,1,1,1,7448
1,Chicago/Chicago_0003185_2016_10_232_41.87894460160553_-87.66347422080628_gY6oF-Gm6J_r9kmHXsjl2A.jpg,Chicago:3185,fused,random,0,27,8,True,,11186,5,8106484002943791650,38,7448,0.1484375,0.18872308731079102,0.18913504481315613,0.5531449317932129,0.5494073629379272,0.3644218444824219,0.3602723181247711,1,1,-0.0004119575023651123,0.09555363655090332,0.0037375688552856445,0,0,1,1,1,7448
1,Chicago/Chicago_0003185_2016_10_232_41.87894460160553_-87.66347422080628_gY6oF-Gm6J_r9kmHXsjl2A.jpg,Chicago:3185,fused,random,1,-49,72,True,,11186,5,8106484002943791650,38,7448,0.1484375,0.18872308731079102,0.22012466192245483,0.5531449317932129,0.5583670735359192,0.3644218444824219,0.33824241161346436,1,1,-0.03140157461166382,0.12120890617370605,-0.005222141742706299,0,0,1,1,1,7448
1,Chicago/Chicago_0003185_2016_10_232_41.87894460160553_-87.66347422080628_gY6oF-Gm6J_r9kmHXsjl2A.jpg,Chicago:3185,fused,random,2,-24,3,True,,11186,5,8106484002943791650,38,7448,0.1484375,0.18872308731079102,0.21423602104187012,0.5531449317932129,0.533986508846283,0.3644218444824219,0.31975048780441284,1,1,-0.0255129337310791,0.1890319585800171,0.01915842294692993,0,0,1,1,1,7448
1,Chicago/Chicago_0003185_2016_10_232_41.87894460160553_-87.66347422080628_gY6oF-Gm6J_r9kmHXsjl2A.jpg,Chicago:3185,fused,random,3,-51,52,True,,11186,5,8106484002943791650,38,7448,0.1484375,0.18872308731079102,0.2141243815422058,0.5531449317932129,0.5360130667686462,0.3644218444824219,0.32188868522644043,1,1,-0.025401294231414795,0.11173713207244873,0.01713186502456665,0,0,1,1,1,7448
1,Chicago/Chicago_0003185_2016_10_232_41.87894460160553_-87.66347422080628_gY6oF-Gm6J_r9kmHXsjl2A.jpg,Chicago:3185,fused,random,4,-3,39,True,,11186,5,8106484002943791650,38,7448,0.1484375,0.18872308731079102,0.1945759356021881,0.5531449317932129,0.544498085975647,0.3644218444824219,0.34992215037345886,1,1,-0.005852848291397095,0.1131829023361206,0.008646845817565918,0,0,1,1,1,7448
1,Rome/Rome_0001536_2014_10_304_41.89345121332601_12.50233860546191_jz9ORo_1FLkZ5-BjcUBxKQ.jpg,Rome:1536,attention,clean,-1,0,0,True,,8022,5,3540918129961014592,38,7448,0.1484375,0.24553456902503967,0.24553456902503967,0.4623337686061859,0.4623337686061859,0.21679919958114624,0.21679919958114624,1,1,0.0,0.0,0.0,0,0,1,1,1,0
1,Rome/Rome_0001536_2014_10_304_41.89345121332601_12.50233860546191_jz9ORo_1FLkZ5-BjcUBxKQ.jpg,Rome:1536,fused,clean,-1,0,0,True,,9604,5,216663287100714226,38,7448,0.1484375,0.24553456902503967,0.24553456902503967,0.4623337686061859,0.4623337686061859,0.21679919958114624,0.21679919958114624,1,1,0.0,0.0,0.0,0,0,1,1,1,0
1,Rome/Rome_0001536_2014_10_304_41.89345121332601_12.50233860546191_jz9ORo_1FLkZ5-BjcUBxKQ.jpg,Rome:1536,attention,targeted,-1,0,0,True,,8022,5,3540918129961014592,38,7448,0.1484375,0.24553456902503967,0.19593998789787292,0.4623337686061859,0.3854898512363434,0.21679919958114624,0.18954986333847046,1,1,0.04959458112716675,0.2585163712501526,0.07684391736984253,0,0,1,1,1,7448
1,Rome/Rome_0001536_2014_10_304_41.89345121332601_12.50233860546191_jz9ORo_1FLkZ5-BjcUBxKQ.jpg,Rome:1536,attention,random,0,-39,6,True,,8022,5,3540918129961014592,38,7448,0.1484375,0.24553456902503967,0.21718095242977142,0.4623337686061859,0.4130890369415283,0.21679919958114624,0.1959080845117569,1,1,0.02835361659526825,0.16106611490249634,0.04924473166465759,0,0,1,1,1,7448
1,Rome/Rome_0001536_2014_10_304_41.89345121332601_12.50233860546191_jz9ORo_1FLkZ5-BjcUBxKQ.jpg,Rome:1536,attention,random,1,-6,-11,True,,8022,5,3540918129961014592,38,7448,0.1484375,0.24553456902503967,0.2088140845298767,0.4623337686061859,0.41430920362472534,0.21679919958114624,0.20549511909484863,1,1,0.036720484495162964,0.2052978277206421,0.04802456498146057,0,0,1,1,1,7448
1,Rome/Rome_0001536_2014_10_304_41.89345121332601_12.50233860546191_jz9ORo_1FLkZ5-BjcUBxKQ.jpg,Rome:1536,attention,random,2,-23,24,True,,8022,5,3540918129961014592,38,7448,0.1484375,0.24553456902503967,0.16806986927986145,0.4623337686061859,0.36543264985084534,0.21679919958114624,0.1973627805709839,1,1,0.07746469974517822,0.2209797501564026,0.09690111875534058,0,0,1,1,1,7448
1,Rome/Rome_0001536_2014_10_304_41.89345121332601_12.50233860546191_jz9ORo_1FLkZ5-BjcUBxKQ.jpg,Rome:1536,attention,random,3,-6,32,True,,8022,5,3540918129961014592,38,7448,0.1484375,0.24553456902503967,0.16148510575294495,0.4623337686061859,0.3815431594848633,0.21679919958114624,0.22005805373191833,1,1,0.08404946327209473,0.25161826610565186,0.08079060912132263,0,0,1,1,1,7448
1,Rome/Rome_0001536_2014_10_304_41.89345121332601_12.50233860546191_jz9ORo_1FLkZ5-BjcUBxKQ.jpg,Rome:1536,attention,random,4,43,-2,True,,8022,5,3540918129961014592,38,7448,0.1484375,0.24553456902503967,0.25907349586486816,0.4623337686061859,0.4543546140193939,0.21679919958114624,0.19528111815452576,1,1,-0.013538926839828491,0.233869731426239,0.007979154586791992,0,0,1,1,1,7448
1,Rome/Rome_0001536_2014_10_304_41.89345121332601_12.50233860546191_jz9ORo_1FLkZ5-BjcUBxKQ.jpg,Rome:1536,fused,targeted,-1,0,0,True,,9604,5,216663287100714226,38,7448,0.1484375,0.24553456902503967,0.21068361401557922,0.4623337686061859,0.4177999794483185,0.21679919958114624,0.20711636543273926,1,1,0.03485095500946045,0.24617433547973633,0.04453378915786743,0,0,1,1,1,7448
1,Rome/Rome_0001536_2014_10_304_41.89345121332601_12.50233860546191_jz9ORo_1FLkZ5-BjcUBxKQ.jpg,Rome:1536,fused,random,0,-18,5,True,,9604,5,216663287100714226,38,7448,0.1484375,0.24553456902503967,0.21000178158283234,0.4623337686061859,0.40592479705810547,0.21679919958114624,0.19592301547527313,1,1,0.035532787442207336,0.23362195491790771,0.056408971548080444,0,0,1,1,1,7448
1,Rome/Rome_0001536_2014_10_304_41.89345121332601_12.50233860546191_jz9ORo_1FLkZ5-BjcUBxKQ.jpg,Rome:1536,fused,random,1,-40,12,True,,9604,5,216663287100714226,38,7448,0.1484375,0.24553456902503967,0.22736391425132751,0.4623337686061859,0.425119012594223,0.21679919958114624,0.1977550983428955,1,1,0.018170654773712158,0.15122181177139282,0.03721475601196289,0,0,1,1,1,7448
1,Rome/Rome_0001536_2014_10_304_41.89345121332601_12.50233860546191_jz9ORo_1FLkZ5-BjcUBxKQ.jpg,Rome:1536,fused,random,2,-4,2,True,,9604,5,216663287100714226,38,7448,0.1484375,0.24553456902503967,0.1867113709449768,0.4623337686061859,0.40562206506729126,0.21679919958114624,0.21891069412231445,1,1,0.058823198080062866,0.2558016777038574,0.05671170353889465,0,0,1,1,1,7448
1,Rome/Rome_0001536_2014_10_304_41.89345121332601_12.50233860546191_jz9ORo_1FLkZ5-BjcUBxKQ.jpg,Rome:1536,fused,random,3,-31,52,True,,9604,5,216663287100714226,38,7448,0.1484375,0.24553456902503967,0.17333245277404785,0.4623337686061859,0.3978504538536072,0.21679919958114624,0.22451800107955933,1,1,0.07220211625099182,0.19020652770996094,0.06448331475257874,0,0,1,1,1,7448
1,Rome/Rome_0001536_2014_10_304_41.89345121332601_12.50233860546191_jz9ORo_1FLkZ5-BjcUBxKQ.jpg,Rome:1536,fused,random,4,39,-11,True,,9604,5,216663287100714226,38,7448,0.1484375,0.24553456902503967,0.23935160040855408,0.4623337686061859,0.4224735498428345,0.21679919958114624,0.1831219494342804,1,1,0.006182968616485596,0.2183389663696289,0.03986021876335144,0,0,1,1,1,7448
1,Osaka/Osaka_0002129_2016_06_370_34.68015766213297_135.472095364613_0llLMANL5DEKySzoh8b0qA.jpg,Osaka:2129,attention,clean,-1,0,0,True,,6440,5,7167344449245539764,38,7448,0.1484375,0.45563021302223206,0.45563021302223206,0.6874131560325623,0.6874131560325623,0.2317829430103302,0.2317829430103302,1,1,0.0,0.0,0.0,0,0,1,1,1,0
1,Osaka/Osaka_0002129_2016_06_370_34.68015766213297_135.472095364613_0llLMANL5DEKySzoh8b0qA.jpg,Osaka:2129,fused,clean,-1,0,0,True,,9604,5,3947805668929250499,38,7448,0.1484375,0.45563021302223206,0.45563021302223206,0.6874131560325623,0.6874131560325623,0.2317829430103302,0.2317829430103302,1,1,0.0,0.0,0.0,0,0,1,1,1,0
1,Osaka/Osaka_0002129_2016_06_370_34.68015766213297_135.472095364613_0llLMANL5DEKySzoh8b0qA.jpg,Osaka:2129,attention,targeted,-1,0,0,True,,6440,5,7167344449245539764,38,7448,0.1484375,0.45563021302223206,0.2718140184879303,0.6874131560325623,0.5193014740943909,0.2317829430103302,0.24748745560646057,1,1,0.18381619453430176,0.29946768283843994,0.1681116819381714,0,0,1,1,1,7448
1,Osaka/Osaka_0002129_2016_06_370_34.68015766213297_135.472095364613_0llLMANL5DEKySzoh8b0qA.jpg,Osaka:2129,attention,random,0,-20,11,True,,6440,5,7167344449245539764,38,7448,0.1484375,0.45563021302223206,0.30906519293785095,0.6874131560325623,0.5212910175323486,0.2317829430103302,0.21222582459449768,1,1,0.1465650200843811,0.2940530776977539,0.16612213850021362,0,0,1,1,1,7448
1,Osaka/Osaka_0002129_2016_06_370_34.68015766213297_135.472095364613_0llLMANL5DEKySzoh8b0qA.jpg,Osaka:2129,attention,random,1,41,41,True,,6440,5,7167344449245539764,38,7448,0.1484375,0.45563021302223206,0.40848052501678467,0.6874131560325623,0.6323106288909912,0.2317829430103302,0.22383010387420654,1,1,0.04714968800544739,0.1441504955291748,0.055102527141571045,0,0,1,1,1,7448
1,Osaka/Osaka_0002129_2016_06_370_34.68015766213297_135.472095364613_0llLMANL5DEKySzoh8b0qA.jpg,Osaka:2129,attention,random,2,-34,18,True,,6440,5,7167344449245539764,38,7448,0.1484375,0.45563021302223206,0.337127685546875,0.6874131560325623,0.552183985710144,0.2317829430103302,0.21505630016326904,1,1,0.11850252747535706,0.21753966808319092,0.1352291703224182,0,0,1,1,1,7448
1,Osaka/Osaka_0002129_2016_06_370_34.68015766213297_135.472095364613_0llLMANL5DEKySzoh8b0qA.jpg,Osaka:2129,attention,random,3,-36,40,True,,6440,5,7167344449245539764,38,7448,0.1484375,0.45563021302223206,0.34493374824523926,0.6874131560325623,0.5413583517074585,0.2317829430103302,0.19642461836338043,1,1,0.1106964647769928,0.24946379661560059,0.14605480432510376,0,0,1,1,1,7448
1,Osaka/Osaka_0002129_2016_06_370_34.68015766213297_135.472095364613_0llLMANL5DEKySzoh8b0qA.jpg,Osaka:2129,attention,random,4,-38,20,True,,6440,5,7167344449245539764,38,7448,0.1484375,0.45563021302223206,0.34891143441200256,0.6874131560325623,0.5397374629974365,0.2317829430103302,0.19082602858543396,1,1,0.10671877861022949,0.21335458755493164,0.14767569303512573,0,0,1,1,1,7448
1,Osaka/Osaka_0002129_2016_06_370_34.68015766213297_135.472095364613_0llLMANL5DEKySzoh8b0qA.jpg,Osaka:2129,fused,targeted,-1,0,0,True,,9604,5,3947805668929250499,38,7448,0.1484375,0.45563021302223206,0.2570713758468628,0.6874131560325623,0.5092117786407471,0.2317829430103302,0.2521404027938843,1,1,0.19855883717536926,0.302165150642395,0.17820137739181519,0,0,1,1,1,7448
1,Osaka/Osaka_0002129_2016_06_370_34.68015766213297_135.472095364613_0llLMANL5DEKySzoh8b0qA.jpg,Osaka:2129,fused,random,0,-35,19,True,,9604,5,3947805668929250499,38,7448,0.1484375,0.45563021302223206,0.34541407227516174,0.6874131560325623,0.5518670678138733,0.2317829430103302,0.20645299553871155,1,1,0.11021614074707031,0.21605265140533447,0.13554608821868896,0,0,1,1,1,7448
1,Osaka/Osaka_0002129_2016_06_370_34.68015766213297_135.472095364613_0llLMANL5DEKySzoh8b0qA.jpg,Osaka:2129,fused,random,1,2,36,True,,9604,5,3947805668929250499,38,7448,0.1484375,0.45563021302223206,0.36147341132164,0.6874131560325623,0.544765830039978,0.2317829430103302,0.183292418718338,1,1,0.09415680170059204,0.22181475162506104,0.14264732599258423,0,0,1,1,1,7448
1,Osaka/Osaka_0002129_2016_06_370_34.68015766213297_135.472095364613_0llLMANL5DEKySzoh8b0qA.jpg,Osaka:2129,fused,random,2,-37,4,True,,9604,5,3947805668929250499,38,7448,0.1484375,0.45563021302223206,0.3450982868671417,0.6874131560325623,0.5389360189437866,0.2317829430103302,0.1938377320766449,1,1,0.11053192615509033,0.2062389850616455,0.14847713708877563,0,0,1,1,1,7448
1,Osaka/Osaka_0002129_2016_06_370_34.68015766213297_135.472095364613_0llLMANL5DEKySzoh8b0qA.jpg,Osaka:2129,fused,random,3,-52,66,True,,9604,5,3947805668929250499,38,7448,0.1484375,0.45563021302223206,0.37307190895080566,0.6874131560325623,0.5899327397346497,0.2317829430103302,0.2168608456850052,1,1,0.08255830407142639,0.14827919006347656,0.0974804162979126,0,0,1,1,1,7448
1,Osaka/Osaka_0002129_2016_06_370_34.68015766213297_135.472095364613_0llLMANL5DEKySzoh8b0qA.jpg,Osaka:2129,fused,random,4,-27,10,True,,9604,5,3947805668929250499,38,7448,0.1484375,0.45563021302223206,0.3354976177215576,0.6874131560325623,0.5342521667480469,0.2317829430103302,0.19875454902648926,1,1,0.12013259530067444,0.2456626296043396,0.15316098928451538,0,0,1,1,1,7448
1,Bangkok/Bangkok_0002966_2017_06_078_13.74927584591671_100.4897897808369_rVd4ebOUkx1eTpqAVNmB1g.jpg,Bangkok:2966,attention,clean,-1,0,0,True,,2114,5,1794850182669049897,38,7448,0.1484375,0.08431917428970337,0.08431917428970337,0.3300762176513672,0.3300762176513672,0.24575704336166382,0.24575704336166382,1,1,0.0,0.0,0.0,0,0,1,1,1,0
1,Bangkok/Bangkok_0002966_2017_06_078_13.74927584591671_100.4897897808369_rVd4ebOUkx1eTpqAVNmB1g.jpg,Bangkok:2966,fused,clean,-1,0,0,True,,2324,5,5717118275872777662,38,7448,0.1484375,0.08431917428970337,0.08431917428970337,0.3300762176513672,0.3300762176513672,0.24575704336166382,0.24575704336166382,1,1,0.0,0.0,0.0,0,0,1,1,1,0
1,Bangkok/Bangkok_0002966_2017_06_078_13.74927584591671_100.4897897808369_rVd4ebOUkx1eTpqAVNmB1g.jpg,Bangkok:2966,attention,targeted,-1,0,0,True,,2114,5,1794850182669049897,38,7448,0.1484375,0.08431917428970337,0.012470781803131104,0.3300762176513672,0.2596883475780487,0.24575704336166382,0.2472175657749176,1,1,0.07184839248657227,0.22723770141601562,0.07038787007331848,0,0,1,1,1,7448
1,Bangkok/Bangkok_0002966_2017_06_078_13.74927584591671_100.4897897808369_rVd4ebOUkx1eTpqAVNmB1g.jpg,Bangkok:2966,attention,random,0,37,1,True,,2114,5,1794850182669049897,38,7448,0.1484375,0.08431917428970337,0.05953213572502136,0.3300762176513672,0.3256166875362396,0.24575704336166382,0.26608455181121826,1,1,0.024787038564682007,0.17639297246932983,0.0044595301151275635,0,0,1,1,1,7448
1,Bangkok/Bangkok_0002966_2017_06_078_13.74927584591671_100.4897897808369_rVd4ebOUkx1eTpqAVNmB1g.jpg,Bangkok:2966,attention,random,1,80,5,True,,2114,5,1794850182669049897,38,7448,0.1484375,0.08431917428970337,0.10189783573150635,0.3300762176513672,0.33081990480422974,0.24575704336166382,0.2289220690727234,1,1,-0.01757866144180298,0.08865928649902344,-0.0007436871528625488,0,0,1,1,1,7448
1,Bangkok/Bangkok_0002966_2017_06_078_13.74927584591671_100.4897897808369_rVd4ebOUkx1eTpqAVNmB1g.jpg,Bangkok:2966,attention,random,2,49,0,True,,2114,5,1794850182669049897,38,7448,0.1484375,0.08431917428970337,0.10527889430522919,0.3300762176513672,0.3546150326728821,0.24575704336166382,0.2493361383676529,1,1,-0.020959720015525818,0.16001015901565552,-0.024538815021514893,0,0,1,1,1,7448
1,Bangkok/Bangkok_0002966_2017_06_078_13.74927584591671_100.4897897808369_rVd4ebOUkx1eTpqAVNmB1g.jpg,Bangkok:2966,attention,random,3,82,3,True,,2114,5,1794850182669049897,38,7448,0.1484375,0.08431917428970337,0.10477569699287415,0.3300762176513672,0.3300165832042694,0.24575704336166382,0.22524088621139526,1,1,-0.020456522703170776,0.07742595672607422,5.963444709777832e-05,0,0,1,1,1,7448
1,Bangkok/Bangkok_0002966_2017_06_078_13.74927584591671_100.4897897808369_rVd4ebOUkx1eTpqAVNmB1g.jpg,Bangkok:2966,attention,random,4,-5,12,True,,2114,5,1794850182669049897,38,7448,0.1484375,0.08431917428970337,0.05007205903530121,0.3300762176513672,0.2704293429851532,0.24575704336166382,0.220357283949852,1,1,0.03424711525440216,0.20508253574371338,0.05964687466621399,0,0,1,1,1,7448
1,Bangkok/Bangkok_0002966_2017_06_078_13.74927584591671_100.4897897808369_rVd4ebOUkx1eTpqAVNmB1g.jpg,Bangkok:2966,fused,targeted,-1,0,0,True,,2324,5,5717118275872777662,38,7448,0.1484375,0.08431917428970337,0.022090554237365723,0.3300762176513672,0.2751554250717163,0.24575704336166382,0.2530648708343506,1,1,0.062228620052337646,0.2455543875694275,0.05492079257965088,0,0,1,1,1,7448
1,Bangkok/Bangkok_0002966_2017_06_078_13.74927584591671_100.4897897808369_rVd4ebOUkx1eTpqAVNmB1g.jpg,Bangkok:2966,fused,random,0,72,3,True,,2324,5,5717118275872777662,38,7448,0.1484375,0.08431917428970337,0.12355546653270721,0.3300762176513672,0.3500378727912903,0.24575704336166382,0.22648240625858307,1,1,-0.039236292243003845,0.084259033203125,-0.019961655139923096,0,0,1,1,1,7448
1,Bangkok/Bangkok_0002966_2017_06_078_13.74927584591671_100.4897897808369_rVd4ebOUkx1eTpqAVNmB1g.jpg,Bangkok:2966,fused,random,1,73,8,True,,2324,5,5717118275872777662,38,7448,0.1484375,0.08431917428970337,0.11857046186923981,0.3300762176513672,0.3399859368801117,0.24575704336166382,0.2214154750108719,1,1,-0.03425128757953644,0.09502637386322021,-0.009909719228744507,0,0,1,1,1,7448
1,Bangkok/Bangkok_0002966_2017_06_078_13.74927584591671_100.4897897808369_rVd4ebOUkx1eTpqAVNmB1g.jpg,Bangkok:2966,fused,random,2,-19,3,True,,2324,5,5717118275872777662,38,7448,0.1484375,0.08431917428970337,0.011218875646591187,0.3300762176513672,0.2852449417114258,0.24575704336166382,0.2740260660648346,1,1,0.07310029864311218,0.19195151329040527,0.044831275939941406,0,0,1,1,1,7448
1,Bangkok/Bangkok_0002966_2017_06_078_13.74927584591671_100.4897897808369_rVd4ebOUkx1eTpqAVNmB1g.jpg,Bangkok:2966,fused,random,3,27,11,True,,2324,5,5717118275872777662,38,7448,0.1484375,0.08431917428970337,0.0033330321311950684,0.3300762176513672,0.3018034100532532,0.24575704336166382,0.2984703779220581,1,1,0.0809861421585083,0.1764136552810669,0.028272807598114014,0,0,1,1,1,7448
1,Bangkok/Bangkok_0002966_2017_06_078_13.74927584591671_100.4897897808369_rVd4ebOUkx1eTpqAVNmB1g.jpg,Bangkok:2966,fused,random,4,107,12,True,,2324,5,5717118275872777662,38,7448,0.1484375,0.08431917428970337,0.0722946971654892,0.3300762176513672,0.2948376536369324,0.24575704336166382,0.22254295647144318,1,1,0.012024477124214172,0.04830425977706909,0.035238564014434814,0,0,1,1,1,7448
1,PRG/PRG_0001216_2012_04_290_50.06665816039804_14.40980554382894_Jk-pvXjSWsUojVvlMdD6gA.jpg,PRG:1216,attention,clean,-1,0,0,True,,11186,5,4263152039518783790,38,7448,0.1484375,0.18283215165138245,0.18283215165138245,0.3947080969810486,0.3947080969810486,0.21187594532966614,0.21187594532966614,1,1,0.0,0.0,0.0,0,0,1,1,1,0
1,PRG/PRG_0001216_2012_04_290_50.06665816039804_14.40980554382894_Jk-pvXjSWsUojVvlMdD6gA.jpg,PRG:1216,fused,clean,-1,0,0,True,,5460,5,3682395027171815300,38,7448,0.1484375,0.18283215165138245,0.18283215165138245,0.3947080969810486,0.3947080969810486,0.21187594532966614,0.21187594532966614,1,1,0.0,0.0,0.0,0,0,1,1,1,0
1,PRG/PRG_0001216_2012_04_290_50.06665816039804_14.40980554382894_Jk-pvXjSWsUojVvlMdD6gA.jpg,PRG:1216,attention,targeted,-1,0,0,True,,11186,5,4263152039518783790,38,7448,0.1484375,0.18283215165138245,0.18338707089424133,0.3947080969810486,0.3862653374671936,0.21187594532966614,0.20287826657295227,1,1,-0.0005549192428588867,0.2385053038597107,0.00844275951385498,0,0,1,1,1,7448
1,PRG/PRG_0001216_2012_04_290_50.06665816039804_14.40980554382894_Jk-pvXjSWsUojVvlMdD6gA.jpg,PRG:1216,attention,random,0,5,66,True,,11186,5,4263152039518783790,38,7448,0.1484375,0.18283215165138245,0.1728011816740036,0.3947080969810486,0.3943035304546356,0.21187594532966614,0.22150234878063202,1,1,0.010030969977378845,0.14907431602478027,0.00040456652641296387,0,0,1,1,1,7448
1,PRG/PRG_0001216_2012_04_290_50.06665816039804_14.40980554382894_Jk-pvXjSWsUojVvlMdD6gA.jpg,PRG:1216,attention,random,1,-8,74,True,,11186,5,4263152039518783790,38,7448,0.1484375,0.18283215165138245,0.19413386285305023,0.3947080969810486,0.4047445058822632,0.21187594532966614,0.21061064302921295,1,1,-0.011301711201667786,0.11142885684967041,-0.0100364089012146,0,0,1,1,1,7448
1,PRG/PRG_0001216_2012_04_290_50.06665816039804_14.40980554382894_Jk-pvXjSWsUojVvlMdD6gA.jpg,PRG:1216,attention,random,2,-5,59,True,,11186,5,4263152039518783790,38,7448,0.1484375,0.18283215165138245,0.18938225507736206,0.3947080969810486,0.3897015154361725,0.21187594532966614,0.20031926035881042,1,1,-0.006550103425979614,0.14442861080169678,0.005006581544876099,0,0,1,1,1,7448
1,PRG/PRG_0001216_2012_04_290_50.06665816039804_14.40980554382894_Jk-pvXjSWsUojVvlMdD6gA.jpg,PRG:1216,attention,random,3,-21,31,True,,11186,5,4263152039518783790,38,7448,0.1484375,0.18283215165138245,0.16296665370464325,0.3947080969810486,0.3513099253177643,0.21187594532966614,0.18834327161312103,1,1,0.019865497946739197,0.1574462652206421,0.0433981716632843,0,0,1,1,1,7448
1,PRG/PRG_0001216_2012_04_290_50.06665816039804_14.40980554382894_Jk-pvXjSWsUojVvlMdD6gA.jpg,PRG:1216,attention,random,4,10,57,True,,11186,5,4263152039518783790,38,7448,0.1484375,0.18283215165138245,0.18260188400745392,0.3947080969810486,0.3884790539741516,0.21187594532966614,0.2058771699666977,1,1,0.00023026764392852783,0.1462392807006836,0.006229043006896973,0,0,1,1,1,7448
1,PRG/PRG_0001216_2012_04_290_50.06665816039804_14.40980554382894_Jk-pvXjSWsUojVvlMdD6gA.jpg,PRG:1216,fused,targeted,-1,0,0,True,,5460,5,3682395027171815300,38,7448,0.1484375,0.18283215165138245,0.011870801448822021,0.3947080969810486,0.2519875764846802,0.21187594532966614,0.24011677503585815,1,1,0.17096135020256042,0.3041762113571167,0.1427205204963684,0,0,1,1,1,7448
1,PRG/PRG_0001216_2012_04_290_50.06665816039804_14.40980554382894_Jk-pvXjSWsUojVvlMdD6gA.jpg,PRG:1216,fused,random,0,-25,-8,True,,5460,5,3682395027171815300,38,7448,0.1484375,0.18283215165138245,0.0276699960231781,0.3947080969810486,0.27620136737823486,0.21187594532966614,0.24853137135505676,1,1,0.15516215562820435,0.23955786228179932,0.11850672960281372,0,0,1,1,1,7448
1,PRG/PRG_0001216_2012_04_290_50.06665816039804_14.40980554382894_Jk-pvXjSWsUojVvlMdD6gA.jpg,PRG:1216,fused,random,1,-30,-37,True,,5460,5,3682395027171815300,38,7448,0.1484375,0.18283215165138245,0.14059947431087494,0.3947080969810486,0.37184783816337585,0.21187594532966614,0.23124836385250092,1,1,0.04223267734050751,0.166528582572937,0.02286025881767273,0,0,1,1,1,7448
1,PRG/PRG_0001216_2012_04_290_50.06665816039804_14.40980554382894_Jk-pvXjSWsUojVvlMdD6gA.jpg,PRG:1216,fused,random,2,15,-10,True,,5460,5,3682395027171815300,38,7448,0.1484375,0.18283215165138245,0.07023626565933228,0.3947080969810486,0.2921389937400818,0.21187594532966614,0.2219027280807495,1,1,0.11259588599205017,0.254797101020813,0.1025691032409668,0,0,1,1,1,7448
1,PRG/PRG_0001216_2012_04_290_50.06665816039804_14.40980554382894_Jk-pvXjSWsUojVvlMdD6gA.jpg,PRG:1216,fused,random,3,35,-28,True,,5460,5,3682395027171815300,38,7448,0.1484375,0.18283215165138245,0.164338156580925,0.3947080969810486,0.36546096205711365,0.21187594532966614,0.20112280547618866,1,1,0.01849399507045746,0.1515558958053589,0.029247134923934937,0,0,1,1,1,7448
1,PRG/PRG_0001216_2012_04_290_50.06665816039804_14.40980554382894_Jk-pvXjSWsUojVvlMdD6gA.jpg,PRG:1216,fused,random,4,34,-39,True,,5460,5,3682395027171815300,38,7448,0.1484375,0.18283215165138245,0.16640909016132355,0.3947080969810486,0.3592406213283539,0.21187594532966614,0.19283153116703033,1,1,0.0164230614900589,0.18455862998962402,0.0354674756526947,0,0,1,1,1,7448
1,Minneapolis/Minneapolis_0000352_2019_06_110_44.94140331063444_-93.2201476525162_3Y6xx0QGKxhcfCQI-FWTyg.jpg,Minneapolis:352,attention,clean,-1,0,0,True,,9016,5,6545497497711611746,38,7448,0.1484375,0.05647638440132141,0.05647638440132141,0.31823182106018066,0.31823182106018066,0.26175543665885925,0.26175543665885925,1,1,0.0,0.0,0.0,0,0,1,1,1,0
1,Minneapolis/Minneapolis_0000352_2019_06_110_44.94140331063444_-93.2201476525162_3Y6xx0QGKxhcfCQI-FWTyg.jpg,Minneapolis:352,fused,clean,-1,0,0,True,,9016,5,3129646773347079830,38,7448,0.1484375,0.05647638440132141,0.05647638440132141,0.31823182106018066,0.31823182106018066,0.26175543665885925,0.26175543665885925,1,1,0.0,0.0,0.0,0,0,1,1,1,0
1,Minneapolis/Minneapolis_0000352_2019_06_110_44.94140331063444_-93.2201476525162_3Y6xx0QGKxhcfCQI-FWTyg.jpg,Minneapolis:352,attention,targeted,-1,0,0,True,,9016,5,6545497497711611746,38,7448,0.1484375,0.05647638440132141,0.01985180377960205,0.31823182106018066,0.28522056341171265,0.26175543665885925,0.2653687596321106,1,1,0.03662458062171936,0.3244030475616455,0.03301125764846802,0,0,1,1,1,7448
1,Minneapolis/Minneapolis_0000352_2019_06_110_44.94140331063444_-93.2201476525162_3Y6xx0QGKxhcfCQI-FWTyg.jpg,Minneapolis:352,attention,random,0,4,-33,True,,9016,5,6545497497711611746,38,7448,0.1484375,0.05647638440132141,0.028066277503967285,0.31823182106018066,0.28556305170059204,0.26175543665885925,0.25749677419662476,1,1,0.028410106897354126,0.23787140846252441,0.03266876935958862,0,0,1,1,1,7448
1,Minneapolis/Minneapolis_0000352_2019_06_110_44.94140331063444_-93.2201476525162_3Y6xx0QGKxhcfCQI-FWTyg.jpg,Minneapolis:352,attention,random,1,-12,-44,True,,9016,5,6545497497711611746,38,7448,0.1484375,0.05647638440132141,0.040902167558670044,0.31823182106018066,0.2871239483356476,0.26175543665885925,0.24622178077697754,1,1,0.015574216842651367,0.21257483959197998,0.03110787272453308,0,0,1,1,1,7448
1,Minneapolis/Minneapolis_0000352_2019_06_110_44.94140331063444_-93.2201476525162_3Y6xx0QGKxhcfCQI-FWTyg.jpg,Minneapolis:352,attention,random,2,-4,-39,True,,9016,5,6545497497711611746,38,7448,0.1484375,0.05647638440132141,0.008656620979309082,0.31823182106018066,0.26229745149612427,0.26175543665885925,0.2536408305168152,1,1,0.04781976342201233,0.20750373601913452,0.055934369564056396,0,0,1,1,1,7448
1,Minneapolis/Minneapolis_0000352_2019_06_110_44.94140331063444_-93.2201476525162_3Y6xx0QGKxhcfCQI-FWTyg.jpg,Minneapolis:352,attention,random,3,-30,-63,True,,9016,5,6545497497711611746,38,7448,0.1484375,0.05647638440132141,0.0012299418449401855,0.31823182106018066,0.2646951675415039,0.26175543665885925,0.2634652256965637,1,1,0.055246442556381226,0.17413043975830078,0.05353665351867676,0,0,1,1,1,7448
1,Minneapolis/Minneapolis_0000352_2019_06_110_44.94140331063444_-93.2201476525162_3Y6xx0QGKxhcfCQI-FWTyg.jpg,Minneapolis:352,attention,random,4,-62,-11,True,,9016,5,6545497497711611746,38,7448,0.1484375,0.05647638440132141,0.060964107513427734,0.31823182106018066,0.3272600769996643,0.26175543665885925,0.2662959694862366,1,1,-0.004487723112106323,0.10240662097930908,-0.009028255939483643,0,0,1,1,1,7448
1,Minneapolis/Minneapolis_0000352_2019_06_110_44.94140331063444_-93.2201476525162_3Y6xx0QGKxhcfCQI-FWTyg.jpg,Minneapolis:352,fused,targeted,-1,0,0,True,,9016,5,3129646773347079830,38,7448,0.1484375,0.05647638440132141,0.018627196550369263,0.31823182106018066,0.2899184226989746,0.26175543665885925,0.27129122614860535,1,1,0.03784918785095215,0.3022027015686035,0.028313398361206055,0,0,1,1,1,7448
1,Minneapolis/Minneapolis_0000352_2019_06_110_44.94140331063444_-93.2201476525162_3Y6xx0QGKxhcfCQI-FWTyg.jpg,Minneapolis:352,fused,random,0,-51,-59,True,,9016,5,3129646773347079830,38,7448,0.1484375,0.05647638440132141,0.02802470326423645,0.31823182106018066,0.27901068329811096,0.26175543665885925,0.2509859800338745,1,1,0.02845168113708496,0.11522817611694336,0.0392211377620697,0,0,1,1,1,7448
1,Minneapolis/Minneapolis_0000352_2019_06_110_44.94140331063444_-93.2201476525162_3Y6xx0QGKxhcfCQI-FWTyg.jpg,Minneapolis:352,fused,random,1,-59,-8,True,,9016,5,3129646773347079830,38,7448,0.1484375,0.05647638440132141,0.05661174654960632,0.31823182106018066,0.32295235991477966,0.26175543665885925,0.26634061336517334,1,1,-0.0001353621482849121,0.13000130653381348,-0.004720538854598999,0,0,1,1,1,7448
1,Minneapolis/Minneapolis_0000352_2019_06_110_44.94140331063444_-93.2201476525162_3Y6xx0QGKxhcfCQI-FWTyg.jpg,Minneapolis:352,fused,random,2,32,-35,True,,9016,5,3129646773347079830,38,7448,0.1484375,0.05647638440132141,0.07184170186519623,0.31823182106018066,0.29196038842201233,0.26175543665885925,0.2201186865568161,1,1,-0.015365317463874817,0.23218315839767456,0.026271432638168335,0,0,1,1,1,7448
1,Minneapolis/Minneapolis_0000352_2019_06_110_44.94140331063444_-93.2201476525162_3Y6xx0QGKxhcfCQI-FWTyg.jpg,Minneapolis:352,fused,random,3,30,-52,True,,9016,5,3129646773347079830,38,7448,0.1484375,0.05647638440132141,0.03327900171279907,0.31823182106018066,0.25791114568710327,0.26175543665885925,0.2246321439743042,1,1,0.02319738268852234,0.21190112829208374,0.06032067537307739,0,0,1,1,1,7448
1,Minneapolis/Minneapolis_0000352_2019_06_110_44.94140331063444_-93.2201476525162_3Y6xx0QGKxhcfCQI-FWTyg.jpg,Minneapolis:352,fused,random,4,-19,-3,True,,9016,5,3129646773347079830,38,7448,0.1484375,0.05647638440132141,0.053111761808395386,0.31823182106018066,0.30980783700942993,0.26175543665885925,0.25669607520103455,1,1,0.0033646225929260254,0.28280651569366455,0.008423984050750732,0,0,1,1,1,7448
1,Minneapolis/Minneapolis_0000181_2013_08_170_44.9393019199174_-93.2089173792444_Pvm455jFuSx8A_s9c896cQ.jpg,Minneapolis:181,attention,clean,-1,0,0,True,,12572,5,7867457300825250543,38,7448,0.1484375,0.1862480640411377,0.1862480640411377,0.5707746148109436,0.5707746148109436,0.3845265507698059,0.3845265507698059,1,1,0.0,0.0,0.0,0,0,1,1,1,0
1,Minneapolis/Minneapolis_0000181_2013_08_170_44.9393019199174_-93.2089173792444_Pvm455jFuSx8A_s9c896cQ.jpg,Minneapolis:181,fused,clean,-1,0,0,True,,5460,5,8221097071943933781,38,7448,0.1484375,0.1862480640411377,0.1862480640411377,0.5707746148109436,0.5707746148109436,0.3845265507698059,0.3845265507698059,1,1,0.0,0.0,0.0,0,0,1,1,1,0
1,Minneapolis/Minneapolis_0000181_2013_08_170_44.9393019199174_-93.2089173792444_Pvm455jFuSx8A_s9c896cQ.jpg,Minneapolis:181,attention,targeted,-1,0,0,True,,12572,5,7867457300825250543,38,7448,0.1484375,0.1862480640411377,0.18197989463806152,0.5707746148109436,0.5246270895004272,0.3845265507698059,0.3426471948623657,1,1,0.004268169403076172,0.31153517961502075,0.04614752531051636,0,0,1,1,1,7448
1,Minneapolis/Minneapolis_0000181_2013_08_170_44.9393019199174_-93.2089173792444_Pvm455jFuSx8A_s9c896cQ.jpg,Minneapolis:181,attention,random,0,-58,-73,True,,12572,5,7867457300825250543,38,7448,0.1484375,0.1862480640411377,0.14197510480880737,0.5707746148109436,0.5329467058181763,0.3845265507698059,0.3909716010093689,1,1,0.04427295923233032,0.07860326766967773,0.037827908992767334,0,0,1,1,1,7448
1,Minneapolis/Minneapolis_0000181_2013_08_170_44.9393019199174_-93.2089173792444_Pvm455jFuSx8A_s9c896cQ.jpg,Minneapolis:181,attention,random,1,24,-98,True,,12572,5,7867457300825250543,38,7448,0.1484375,0.1862480640411377,0.09580424427986145,0.5707746148109436,0.471035361289978,0.3845265507698059,0.3752311170101166,1,1,0.09044381976127625,0.22613638639450073,0.09973925352096558,0,0,1,1,1,7448
1,Minneapolis/Minneapolis_0000181_2013_08_170_44.9393019199174_-93.2089173792444_Pvm455jFuSx8A_s9c896cQ.jpg,Minneapolis:181,attention,random,2,5,-7,True,,12572,5,7867457300825250543,38,7448,0.1484375,0.1862480640411377,0.15353280305862427,0.5707746148109436,0.48452380299568176,0.3845265507698059,0.3309909999370575,1,1,0.03271526098251343,0.2760917544364929,0.08625081181526184,0,0,1,1,1,7448
1,Minneapolis/Minneapolis_0000181_2013_08_170_44.9393019199174_-93.2089173792444_Pvm455jFuSx8A_s9c896cQ.jpg,Minneapolis:181,attention,random,3,53,-45,True,,12572,5,7867457300825250543,38,7448,0.1484375,0.1862480640411377,0.18530306220054626,0.5707746148109436,0.5269256830215454,0.3845265507698059,0.34162262082099915,1,1,0.0009450018405914307,0.10669565200805664,0.04384893178939819,0,0,1,1,1,7448
1,Minneapolis/Minneapolis_0000181_2013_08_170_44.9393019199174_-93.2089173792444_Pvm455jFuSx8A_s9c896cQ.jpg,Minneapolis:181,attention,random,4,-53,-94,True,,12572,5,7867457300825250543,38,7448,0.1484375,0.1862480640411377,0.11524072289466858,0.5707746148109436,0.5224969387054443,0.3845265507698059,0.40725621581077576,1,1,0.07100734114646912,0.12163776159286499,0.04827767610549927,0,0,1,1,1,7448
1,Minneapolis/Minneapolis_0000181_2013_08_170_44.9393019199174_-93.2089173792444_Pvm455jFuSx8A_s9c896cQ.jpg,Minneapolis:181,fused,targeted,-1,0,0,True,,5460,5,8221097071943933781,38,7448,0.1484375,0.1862480640411377,0.14049506187438965,0.5707746148109436,0.48286378383636475,0.3845265507698059,0.3423687219619751,1,1,0.04575300216674805,0.35255855321884155,0.08791083097457886,0,0,1,1,1,7448
1,Minneapolis/Minneapolis_0000181_2013_08_170_44.9393019199174_-93.2089173792444_Pvm455jFuSx8A_s9c896cQ.jpg,Minneapolis:181,fused,random,0,-84,25,True,,5460,5,8221097071943933781,38,7448,0.1484375,0.1862480640411377,0.15908858180046082,0.5707746148109436,0.5483625531196594,0.3845265507698059,0.3892739713191986,1,1,0.02715948224067688,0.044029831886291504,0.02241206169128418,0,0,1,1,1,7448
1,Minneapolis/Minneapolis_0000181_2013_08_170_44.9393019199174_-93.2089173792444_Pvm455jFuSx8A_s9c896cQ.jpg,Minneapolis:181,fused,random,1,7,13,True,,5460,5,8221097071943933781,38,7448,0.1484375,0.1862480640411377,0.10866132378578186,0.5707746148109436,0.46409401297569275,0.3845265507698059,0.3554326891899109,1,1,0.07758674025535583,0.2769685983657837,0.10668060183525085,0,0,1,1,1,7448
1,Minneapolis/Minneapolis_0000181_2013_08_170_44.9393019199174_-93.2089173792444_Pvm455jFuSx8A_s9c896cQ.jpg,Minneapolis:181,fused,random,2,35,26,True,,5460,5,8221097071943933781,38,7448,0.1484375,0.1862480640411377,0.20506587624549866,0.5707746148109436,0.5232558250427246,0.3845265507698059,0.31818994879722595,1,1,-0.018817812204360962,0.16949719190597534,0.047518789768218994,0,0,1,1,1,7448
1,Minneapolis/Minneapolis_0000181_2013_08_170_44.9393019199174_-93.2089173792444_Pvm455jFuSx8A_s9c896cQ.jpg,Minneapolis:181,fused,random,3,-13,39,True,,5460,5,8221097071943933781,38,7448,0.1484375,0.1862480640411377,0.1062425971031189,0.5707746148109436,0.4558422565460205,0.3845265507698059,0.3495996594429016,1,1,0.0800054669380188,0.26263535022735596,0.1149323582649231,0,0,1,1,1,7448
1,Minneapolis/Minneapolis_0000181_2013_08_170_44.9393019199174_-93.2089173792444_Pvm455jFuSx8A_s9c896cQ.jpg,Minneapolis:181,fused,random,4,-20,11,True,,5460,5,8221097071943933781,38,7448,0.1484375,0.1862480640411377,0.1250089406967163,0.5707746148109436,0.48789894580841064,0.3845265507698059,0.36289000511169434,1,1,0.06123912334442139,0.24906611442565918,0.08287566900253296,0,0,1,1,1,7448
1,Lisbon/Lisbon_0000307_2014_08_109_38.70594976253807_-9.187956813133654_1uhn5b859hKFDJcz7aTLgQ.jpg,Lisbon:307,attention,clean,-1,0,0,True,,140,5,4967940446356421929,38,7448,0.1484375,0.40273383259773254,0.40273383259773254,0.7032908201217651,0.7032908201217651,0.3005569875240326,0.3005569875240326,1,1,0.0,0.0,0.0,0,0,1,1,1,0
1,Lisbon/Lisbon_0000307_2014_08_109_38.70594976253807_-9.187956813133654_1uhn5b859hKFDJcz7aTLgQ.jpg,Lisbon:307,fused,clean,-1,0,0,True,,154,5,3626268485548323408,38,7448,0.1484375,0.40273383259773254,0.40273383259773254,0.7032908201217651,0.7032908201217651,0.3005569875240326,0.3005569875240326,1,1,0.0,0.0,0.0,0,0,1,1,1,0
1,Lisbon/Lisbon_0000307_2014_08_109_38.70594976253807_-9.187956813133654_1uhn5b859hKFDJcz7aTLgQ.jpg,Lisbon:307,attention,targeted,-1,0,0,True,,140,5,4967940446356421929,38,7448,0.1484375,0.40273383259773254,0.23141586780548096,0.7032908201217651,0.5245779752731323,0.3005569875240326,0.29316210746765137,1,1,0.1713179647922516,0.23439663648605347,0.1787128448486328,0,0,1,1,1,7448
1,Lisbon/Lisbon_0000307_2014_08_109_38.70594976253807_-9.187956813133654_1uhn5b859hKFDJcz7aTLgQ.jpg,Lisbon:307,attention,random,0,-4,0,True,,140,5,4967940446356421929,38,7448,0.1484375,0.40273383259773254,0.24263808131217957,0.7032908201217651,0.536159873008728,0.3005569875240326,0.29352179169654846,1,1,0.16009575128555298,0.24095791578292847,0.1671309471130371,0,0,1,1,1,7448
1,Lisbon/Lisbon_0000307_2014_08_109_38.70594976253807_-9.187956813133654_1uhn5b859hKFDJcz7aTLgQ.jpg,Lisbon:307,attention,random,1,124,0,True,,140,5,4967940446356421929,38,7448,0.1484375,0.40273383259773254,0.41227462887763977,0.7032908201217651,0.685199499130249,0.3005569875240326,0.27292487025260925,1,1,-0.009540796279907227,0.07381594181060791,0.018091320991516113,0,0,1,1,1,7448
1,Lisbon/Lisbon_0000307_2014_08_109_38.70594976253807_-9.187956813133654_1uhn5b859hKFDJcz7aTLgQ.jpg,Lisbon:307,attention,random,2,3,0,True,,140,5,4967940446356421929,38,7448,0.1484375,0.40273383259773254,0.23465615510940552,0.7032908201217651,0.514373779296875,0.3005569875240326,0.2797176241874695,1,1,0.16807767748832703,0.2660226821899414,0.18891704082489014,0,0,1,1,1,7448
1,Lisbon/Lisbon_0000307_2014_08_109_38.70594976253807_-9.187956813133654_1uhn5b859hKFDJcz7aTLgQ.jpg,Lisbon:307,attention,random,3,-7,0,True,,140,5,4967940446356421929,38,7448,0.1484375,0.40273383259773254,0.23765581846237183,0.7032908201217651,0.542171061038971,0.3005569875240326,0.3045152425765991,1,1,0.16507801413536072,0.23900914192199707,0.1611197590827942,0,0,1,1,1,7448
1,Lisbon/Lisbon_0000307_2014_08_109_38.70594976253807_-9.187956813133654_1uhn5b859hKFDJcz7aTLgQ.jpg,Lisbon:307,attention,random,4,12,0,True,,140,5,4967940446356421929,38,7448,0.1484375,0.40273383259773254,0.2753206193447113,0.7032908201217651,0.5691866874694824,0.3005569875240326,0.2938660681247711,1,1,0.12741321325302124,0.2218647003173828,0.13410413265228271,0,0,1,1,1,7448
1,Lisbon/Lisbon_0000307_2014_08_109_38.70594976253807_-9.187956813133654_1uhn5b859hKFDJcz7aTLgQ.jpg,Lisbon:307,fused,targeted,-1,0,0,True,,154,5,3626268485548323408,38,7448,0.1484375,0.40273383259773254,0.2496671974658966,0.7032908201217651,0.5236110687255859,0.3005569875240326,0.27394387125968933,1,1,0.15306663513183594,0.23358356952667236,0.1796797513961792,0,0,1,1,1,7448
1,Lisbon/Lisbon_0000307_2014_08_109_38.70594976253807_-9.187956813133654_1uhn5b859hKFDJcz7aTLgQ.jpg,Lisbon:307,fused,random,0,29,0,True,,154,5,3626268485548323408,38,7448,0.1484375,0.40273383259773254,0.3114335536956787,0.7032908201217651,0.5943595170974731,0.3005569875240326,0.28292596340179443,1,1,0.09130027890205383,0.2321351170539856,0.10893130302429199,0,0,1,1,1,7448
1,Lisbon/Lisbon_0000307_2014_08_109_38.70594976253807_-9.187956813133654_1uhn5b859hKFDJcz7aTLgQ.jpg,Lisbon:307,fused,random,1,96,0,True,,154,5,3626268485548323408,38,7448,0.1484375,0.40273383259773254,0.3752153515815735,0.7032908201217651,0.664097785949707,0.3005569875240326,0.28888243436813354,1,1,0.027518481016159058,0.1419946551322937,0.039193034172058105,0,0,1,1,1,7448
1,Lisbon/Lisbon_0000307_2014_08_109_38.70594976253807_-9.187956813133654_1uhn5b859hKFDJcz7aTLgQ.jpg,Lisbon:307,fused,random,2,59,0,True,,154,5,3626268485548323408,38,7448,0.1484375,0.40273383259773254,0.25677168369293213,0.7032908201217651,0.5774997472763062,0.3005569875240326,0.320728063583374,1,1,0.14596214890480042,0.22048503160476685,0.12579107284545898,0,0,1,1,1,7448
1,Lisbon/Lisbon_0000307_2014_08_109_38.70594976253807_-9.187956813133654_1uhn5b859hKFDJcz7aTLgQ.jpg,Lisbon:307,fused,random,3,35,0,True,,154,5,3626268485548323408,38,7448,0.1484375,0.40273383259773254,0.3042936623096466,0.7032908201217651,0.5910114645957947,0.3005569875240326,0.28671780228614807,1,1,0.09844017028808594,0.22659647464752197,0.11227935552597046,0,0,1,1,1,7448
1,Lisbon/Lisbon_0000307_2014_08_109_38.70594976253807_-9.187956813133654_1uhn5b859hKFDJcz7aTLgQ.jpg,Lisbon:307,fused,random,4,-16,0,True,,154,5,3626268485548323408,38,7448,0.1484375,0.40273383259773254,0.29317331314086914,0.7032908201217651,0.5778146982192993,0.3005569875240326,0.2846413850784302,1,1,0.1095605194568634,0.1809070110321045,0.12547612190246582,0,0,1,1,1,7448
1,London/London_0004801_2009_08_272_51.50907263310649_-0.1458233007158824_5Udkc0LssatATzP14hIPkQ.jpg,London:4801,attention,clean,-1,0,0,True,,12768,5,2105962114996094564,38,7448,0.1484375,0.3190985918045044,0.3190985918045044,0.5209156274795532,0.5209156274795532,0.20181703567504883,0.20181703567504883,1,1,0.0,0.0,0.0,0,0,1,1,1,0
1,London/London_0004801_2009_08_272_51.50907263310649_-0.1458233007158824_5Udkc0LssatATzP14hIPkQ.jpg,London:4801,fused,clean,-1,0,0,True,,14350,5,846313461149421523,38,7448,0.1484375,0.3190985918045044,0.3190985918045044,0.5209156274795532,0.5209156274795532,0.20181703567504883,0.20181703567504883,1,1,0.0,0.0,0.0,0,0,1,1,1,0
1,London/London_0004801_2009_08_272_51.50907263310649_-0.1458233007158824_5Udkc0LssatATzP14hIPkQ.jpg,London:4801,attention,targeted,-1,0,0,True,,12768,5,2105962114996094564,38,7448,0.1484375,0.3190985918045044,0.23805275559425354,0.5209156274795532,0.47940364480018616,0.20181703567504883,0.24135088920593262,1,1,0.08104583621025085,0.25633299350738525,0.041511982679367065,0,0,1,1,1,7448
1,London/London_0004801_2009_08_272_51.50907263310649_-0.1458233007158824_5Udkc0LssatATzP14hIPkQ.jpg,London:4801,attention,random,0,51,49,True,,12768,5,2105962114996094564,38,7448,0.1484375,0.3190985918045044,0.19486328959465027,0.5209156274795532,0.41597992181777954,0.20181703567504883,0.22111663222312927,1,1,0.12423530220985413,0.16152501106262207,0.10493570566177368,0,0,1,1,1,7448
1,London/London_0004801_2009_08_272_51.50907263310649_-0.1458233007158824_5Udkc0LssatATzP14hIPkQ.jpg,London:4801,attention,random,1,-9,9,True,,12768,5,2105962114996094564,38,7448,0.1484375,0.3190985918045044,0.30391740798950195,0.5209156274795532,0.5180711150169373,0.20181703567504883,0.2141537219285965,1,1,0.015181183815002441,0.17193889617919922,0.002844512462615967,0,0,1,1,1,7448
1,London/London_0004801_2009_08_272_51.50907263310649_-0.1458233007158824_5Udkc0LssatATzP14hIPkQ.jpg,London:4801,attention,random,2,-42,31,True,,12768,5,2105962114996094564,38,7448,0.1484375,0.3190985918045044,0.28854265809059143,0.5209156274795532,0.5052399635314941,0.20181703567504883,0.2166973054409027,1,1,0.030555933713912964,0.11230522394180298,0.015675663948059082,0,0,1,1,1,7448
1,London/London_0004801_2009_08_272_51.50907263310649_-0.1458233007158824_5Udkc0LssatATzP14hIPkQ.jpg,London:4801,attention,random,3,-35,17,True,,12768,5,2105962114996094564,38,7448,0.1484375,0.3190985918045044,0.2862744927406311,0.5209156274795532,0.49797719717025757,0.20181703567504883,0.21170270442962646,1,1,0.03282409906387329,0.1512095332145691,0.022938430309295654,0,0,1,1,1,7448
1,London/London_0004801_2009_08_272_51.50907263310649_-0.1458233007158824_5Udkc0LssatATzP14hIPkQ.jpg,London:4801,attention,random,4,-52,112,True,,12768,5,2105962114996094564,38,7448,0.1484375,0.3190985918045044,0.31891298294067383,0.5209156274795532,0.5163533687591553,0.20181703567504883,0.19744038581848145,1,1,0.0001856088638305664,0.08262979984283447,0.004562258720397949,0,0,1,1,1,7448
1,London/London_0004801_2009_08_272_51.50907263310649_-0.1458233007158824_5Udkc0LssatATzP14hIPkQ.jpg,London:4801,fused,targeted,-1,0,0,True,,14350,5,846313461149421523,38,7448,0.1484375,0.3190985918045044,0.24723631143569946,0.5209156274795532,0.46345651149749756,0.20181703567504883,0.2162202000617981,1,1,0.07186228036880493,0.28090018033981323,0.057459115982055664,0,0,1,1,1,7448
1,London/London_0004801_2009_08_272_51.50907263310649_-0.1458233007158824_5Udkc0LssatATzP14hIPkQ.jpg,London:4801,fused,random,0,-52,23,True,,14350,5,846313461149421523,38,7448,0.1484375,0.3190985918045044,0.30435478687286377,0.5209156274795532,0.5205291509628296,0.20181703567504883,0.21617436408996582,1,1,0.014743804931640625,0.14508843421936035,0.0003864765167236328,0,0,1,1,1,7448
1,London/London_0004801_2009_08_272_51.50907263310649_-0.1458233007158824_5Udkc0LssatATzP14hIPkQ.jpg,London:4801,fused,random,1,-56,62,True,,14350,5,846313461149421523,38,7448,0.1484375,0.3190985918045044,0.2718527913093567,0.5209156274795532,0.49041837453842163,0.20181703567504883,0.21856558322906494,1,1,0.047245800495147705,0.10933554172515869,0.030497252941131592,0,0,1,1,1,7448
1,London/London_0004801_2009_08_272_51.50907263310649_-0.1458233007158824_5Udkc0LssatATzP14hIPkQ.jpg,London:4801,fused,random,2,-21,59,True,,14350,5,846313461149421523,38,7448,0.1484375,0.3190985918045044,0.26180440187454224,0.5209156274795532,0.4632592797279358,0.20181703567504883,0.20145487785339355,1,1,0.05729418992996216,0.13089776039123535,0.05765634775161743,0,0,1,1,1,7448
1,London/London_0004801_2009_08_272_51.50907263310649_-0.1458233007158824_5Udkc0LssatATzP14hIPkQ.jpg,London:4801,fused,random,3,36,16,True,,14350,5,846313461149421523,38,7448,0.1484375,0.3190985918045044,0.27813130617141724,0.5209156274795532,0.4893144965171814,0.20181703567504883,0.21118319034576416,1,1,0.04096728563308716,0.1488783359527588,0.031601130962371826,0,0,1,1,1,7448
1,London/London_0004801_2009_08_272_51.50907263310649_-0.1458233007158824_5Udkc0LssatATzP14hIPkQ.jpg,London:4801,fused,random,4,-56,5,True,,14350,5,846313461149421523,38,7448,0.1484375,0.3190985918045044,0.29013413190841675,0.5209156274795532,0.4971991181373596,0.20181703567504883,0.20706498622894287,1,1,0.028964459896087646,0.17108666896820068,0.023716509342193604,0,0,1,1,1,7448
1,Rome/Rome_0002066_2016_06_251_41.90131812421017_12.46404936131252_3r42JbVeNvPSFfGJt_4rxQ.jpg,Rome:2066,attention,clean,-1,0,0,True,,7224,5,7639048708326322853,38,7448,0.1484375,0.3434896469116211,0.3434896469116211,0.6304654479026794,0.6304654479026794,0.28697580099105835,0.28697580099105835,1,1,0.0,0.0,0.0,0,0,1,1,1,0
1,Rome/Rome_0002066_2016_06_251_41.90131812421017_12.46404936131252_3r42JbVeNvPSFfGJt_4rxQ.jpg,Rome:2066,fused,clean,-1,0,0,True,,126,5,5599919097606308857,38,7448,0.1484375,0.3434896469116211,0.3434896469116211,0.6304654479026794,0.6304654479026794,0.28697580099105835,0.28697580099105835,1,1,0.0,0.0,0.0,0,0,1,1,1,0
1,Rome/Rome_0002066_2016_06_251_41.90131812421017_12.46404936131252_3r42JbVeNvPSFfGJt_4rxQ.jpg,Rome:2066,attention,targeted,-1,0,0,True,,7224,5,7639048708326322853,38,7448,0.1484375,0.3434896469116211,0.31167566776275635,0.6304654479026794,0.6079303026199341,0.28697580099105835,0.29625463485717773,1,1,0.031813979148864746,0.1566205620765686,0.02253514528274536,0,0,1,1,1,7448
1,Rome/Rome_0002066_2016_06_251_41.90131812421017_12.46404936131252_3r42JbVeNvPSFfGJt_4rxQ.jpg,Rome:2066,attention,random,0,30,-53,True,,7224,5,7639048708326322853,38,7448,0.1484375,0.3434896469116211,0.33063018321990967,0.6304654479026794,0.6123745441436768,0.28697580099105835,0.2817443609237671,1,1,0.012859463691711426,0.08830130100250244,0.018090903759002686,0,0,1,1,1,7448
1,Rome/Rome_0002066_2016_06_251_41.90131812421017_12.46404936131252_3r42JbVeNvPSFfGJt_4rxQ.jpg,Rome:2066,attention,random,1,33,-24,True,,7224,5,7639048708326322853,38,7448,0.1484375,0.3434896469116211,0.3594017028808594,0.6304654479026794,0.6377003788948059,0.28697580099105835,0.27829867601394653,1,1,-0.01591205596923828,0.10195350646972656,-0.007234930992126465,0,0,1,1,1,7448
1,Rome/Rome_0002066_2016_06_251_41.90131812421017_12.46404936131252_3r42JbVeNvPSFfGJt_4rxQ.jpg,Rome:2066,attention,random,2,49,-74,True,,7224,5,7639048708326322853,38,7448,0.1484375,0.3434896469116211,0.2989858090877533,0.6304654479026794,0.596986711025238,0.28697580099105835,0.29800090193748474,1,1,0.0445038378238678,0.10700428485870361,0.033478736877441406,0,0,1,1,1,7448
1,Rome/Rome_0002066_2016_06_251_41.90131812421017_12.46404936131252_3r42JbVeNvPSFfGJt_4rxQ.jpg,Rome:2066,attention,random,3,14,-79,True,,7224,5,7639048708326322853,38,7448,0.1484375,0.3434896469116211,0.33860844373703003,0.6304654479026794,0.612794041633606,0.28697580099105835,0.2741855978965759,1,1,0.0048812031745910645,0.09653937816619873,0.017671406269073486,0,0,1,1,1,7448
1,Rome/Rome_0002066_2016_06_251_41.90131812421017_12.46404936131252_3r42JbVeNvPSFfGJt_4rxQ.jpg,Rome:2066,attention,random,4,30,-37,True,,7224,5,7639048708326322853,38,7448,0.1484375,0.3434896469116211,0.3199325203895569,0.6304654479026794,0.6173457503318787,0.28697580099105835,0.2974132299423218,1,1,0.02355712652206421,0.09344696998596191,0.013119697570800781,0,0,1,1,1,7448
1,Rome/Rome_0002066_2016_06_251_41.90131812421017_12.46404936131252_3r42JbVeNvPSFfGJt_4rxQ.jpg,Rome:2066,fused,targeted,-1,0,0,True,,126,5,5599919097606308857,38,7448,0.1484375,0.3434896469116211,0.2885625958442688,0.6304654479026794,0.573815107345581,0.28697580099105835,0.28525251150131226,1,1,0.054927051067352295,0.1358804702758789,0.05665034055709839,0,0,1,1,1,7448
1,Rome/Rome_0002066_2016_06_251_41.90131812421017_12.46404936131252_3r42JbVeNvPSFfGJt_4rxQ.jpg,Rome:2066,fused,random,0,85,0,True,,126,5,5599919097606308857,38,7448,0.1484375,0.3434896469116211,0.3522707223892212,0.6304654479026794,0.6110266447067261,0.28697580099105835,0.2587559223175049,1,1,-0.008781075477600098,0.0911831259727478,0.01943880319595337,0,0,1,1,1,7448
1,Rome/Rome_0002066_2016_06_251_41.90131812421017_12.46404936131252_3r42JbVeNvPSFfGJt_4rxQ.jpg,Rome:2066,fused,random,1,35,0,True,,126,5,5599919097606308857,38,7448,0.1484375,0.3434896469116211,0.29831981658935547,0.6304654479026794,0.5948925614356995,0.28697580099105835,0.296572744846344,1,1,0.045169830322265625,0.17041999101638794,0.03557288646697998,0,0,1,1,1,7448
1,Rome/Rome_0002066_2016_06_251_41.90131812421017_12.46404936131252_3r42JbVeNvPSFfGJt_4rxQ.jpg,Rome:2066,fused,random,2,63,0,True,,126,5,5599919097606308857,38,7448,0.1484375,0.3434896469116211,0.38359537720680237,0.6304654479026794,0.6489427089691162,0.28697580099105835,0.26534733176231384,1,1,-0.040105730295181274,0.10847914218902588,-0.018477261066436768,0,0,1,1,1,7448
1,Rome/Rome_0002066_2016_06_251_41.90131812421017_12.46404936131252_3r42JbVeNvPSFfGJt_4rxQ.jpg,Rome:2066,fused,random,3,51,0,True,,126,5,5599919097606308857,38,7448,0.1484375,0.3434896469116211,0.33361828327178955,0.6304654479026794,0.6184502840042114,0.28697580099105835,0.2848320007324219,1,1,0.009871363639831543,0.1365499496459961,0.012015163898468018,0,0,1,1,1,7448
1,Rome/Rome_0002066_2016_06_251_41.90131812421017_12.46404936131252_3r42JbVeNvPSFfGJt_4rxQ.jpg,Rome:2066,fused,random,4,45,0,True,,126,5,5599919097606308857,38,7448,0.1484375,0.3434896469116211,0.320133775472641,0.6304654479026794,0.5886352062225342,0.28697580099105835,0.2685014307498932,1,1,0.023355871438980103,0.1724611520767212,0.041830241680145264,0,0,1,1,1,7448
1,Medellin/Medellin_0000612_2013_12_311_6.241935344901555_-75.57949806687454_fFhxiiV9eZ7T1eDmO8zxOg.jpg,Medellin:612,attention,clean,-1,0,0,True,,2114,5,3183225912746061459,38,7448,0.1484375,0.22522297501564026,0.22522297501564026,0.451263964176178,0.451263964176178,0.22604098916053772,0.22604098916053772,1,1,0.0,0.0,0.0,0,0,1,1,1,0
1,Medellin/Medellin_0000612_2013_12_311_6.241935344901555_-75.57949806687454_fFhxiiV9eZ7T1eDmO8zxOg.jpg,Medellin:612,fused,clean,-1,0,0,True,,11004,5,6004668793230505509,38,7448,0.1484375,0.22522297501564026,0.22522297501564026,0.451263964176178,0.451263964176178,0.22604098916053772,0.22604098916053772,1,1,0.0,0.0,0.0,0,0,1,1,1,0
1,Medellin/Medellin_0000612_2013_12_311_6.241935344901555_-75.57949806687454_fFhxiiV9eZ7T1eDmO8zxOg.jpg,Medellin:612,attention,targeted,-1,0,0,True,,2114,5,3183225912746061459,38,7448,0.1484375,0.22522297501564026,0.07598191499710083,0.451263964176178,0.2690630555152893,0.22604098916053772,0.19308114051818848,1,1,0.14924106001853943,0.3799510598182678,0.18220090866088867,0,0,1,1,1,7448
1,Medellin/Medellin_0000612_2013_12_311_6.241935344901555_-75.57949806687454_fFhxiiV9eZ7T1eDmO8zxOg.jpg,Medellin:612,attention,random,0,56,10,True,,2114,5,3183225912746061459,38,7448,0.1484375,0.22522297501564026,0.2159036099910736,0.451263964176178,0.44170325994491577,0.22604098916053772,0.22579964995384216,1,1,0.00931936502456665,0.10009217262268066,0.009560704231262207,0,0,1,1,1,7448
1,Medellin/Medellin_0000612_2013_12_311_6.241935344901555_-75.57949806687454_fFhxiiV9eZ7T1eDmO8zxOg.jpg,Medellin:612,attention,random,1,66,1,True,,2114,5,3183225912746061459,38,7448,0.1484375,0.22522297501564026,0.20430263876914978,0.451263964176178,0.4321642518043518,0.22604098916053772,0.22786161303520203,1,1,0.02092033624649048,0.10962188243865967,0.019099712371826172,0,0,1,1,1,7448
1,Medellin/Medellin_0000612_2013_12_311_6.241935344901555_-75.57949806687454_fFhxiiV9eZ7T1eDmO8zxOg.jpg,Medellin:612,attention,random,2,62,3,True,,2114,5,3183225912746061459,38,7448,0.1484375,0.22522297501564026,0.21308109164237976,0.451263964176178,0.4331778287887573,0.22604098916053772,0.22009673714637756,1,1,0.012141883373260498,0.11235898733139038,0.018086135387420654,0,0,1,1,1,7448
1,Medellin/Medellin_0000612_2013_12_311_6.241935344901555_-75.57949806687454_fFhxiiV9eZ7T1eDmO8zxOg.jpg,Medellin:612,attention,random,3,34,1,True,,2114,5,3183225912746061459,38,7448,0.1484375,0.22522297501564026,0.1664939522743225,0.451263964176178,0.37189194560050964,0.22604098916053772,0.20539799332618713,1,1,0.05872902274131775,0.17518234252929688,0.07937201857566833,0,0,1,1,1,7448
1,Medellin/Medellin_0000612_2013_12_311_6.241935344901555_-75.57949806687454_fFhxiiV9eZ7T1eDmO8zxOg.jpg,Medellin:612,attention,random,4,60,2,True,,2114,5,3183225912746061459,38,7448,0.1484375,0.22522297501564026,0.20932689309120178,0.451263964176178,0.4285426139831543,0.22604098916053772,0.21921572089195251,1,1,0.015896081924438477,0.12246990203857422,0.02272135019302368,0,0,1,1,1,7448
1,Medellin/Medellin_0000612_2013_12_311_6.241935344901555_-75.57949806687454_fFhxiiV9eZ7T1eDmO8zxOg.jpg,Medellin:612,fused,targeted,-1,0,0,True,,11004,5,6004668793230505509,38,7448,0.1484375,0.22522297501564026,0.06052194535732269,0.451263964176178,0.24531610310077667,0.22604098916053772,0.18479415774345398,1,1,0.16470102965831757,0.31172066926956177,0.2059478610754013,0,0,1,1,1,7448
1,Medellin/Medellin_0000612_2013_12_311_6.241935344901555_-75.57949806687454_fFhxiiV9eZ7T1eDmO8zxOg.jpg,Medellin:612,fused,random,0,1,-19,True,,11004,5,6004668793230505509,38,7448,0.1484375,0.22522297501564026,0.1211928129196167,0.451263964176178,0.30354321002960205,0.22604098916053772,0.18235039710998535,1,1,0.10403016209602356,0.2711803913116455,0.14772075414657593,0,0,1,1,1,7448
1,Medellin/Medellin_0000612_2013_12_311_6.241935344901555_-75.57949806687454_fFhxiiV9eZ7T1eDmO8zxOg.jpg,Medellin:612,fused,random,1,14,-28,True,,11004,5,6004668793230505509,38,7448,0.1484375,0.22522297501564026,0.13992337882518768,0.451263964176178,0.31050989031791687,0.22604098916053772,0.1705865114927292,1,1,0.08529959619045258,0.23788654804229736,0.1407540738582611,0,0,1,1,1,7448
1,Medellin/Medellin_0000612_2013_12_311_6.241935344901555_-75.57949806687454_fFhxiiV9eZ7T1eDmO8zxOg.jpg,Medellin:612,fused,random,2,-52,-6,True,,11004,5,6004668793230505509,38,7448,0.1484375,0.22522297501564026,0.17128881812095642,0.451263964176178,0.38270771503448486,0.22604098916053772,0.21141889691352844,1,1,0.05393415689468384,0.17143476009368896,0.06855624914169312,0,0,1,1,1,7448
1,Medellin/Medellin_0000612_2013_12_311_6.241935344901555_-75.57949806687454_fFhxiiV9eZ7T1eDmO8zxOg.jpg,Medellin:612,fused,random,3,-3,-67,True,,11004,5,6004668793230505509,38,7448,0.1484375,0.22522297501564026,0.1436511129140854,0.451263964176178,0.3337094187736511,0.22604098916053772,0.19005830585956573,1,1,0.08157186210155487,0.33640360832214355,0.11755454540252686,0,0,1,1,1,7448
1,Medellin/Medellin_0000612_2013_12_311_6.241935344901555_-75.57949806687454_fFhxiiV9eZ7T1eDmO8zxOg.jpg,Medellin:612,fused,random,4,46,-16,True,,11004,5,6004668793230505509,38,7448,0.1484375,0.22522297501564026,0.1979668140411377,0.451263964176178,0.4047483801841736,0.22604098916053772,0.2067815661430359,1,1,0.027256160974502563,0.10955852270126343,0.046515583992004395,0,0,1,1,1,7448
1,Chicago/Chicago_0004490_2017_10_353_41.89499355426129_-87.62251936077243_KDjERcQy8ruBiuDSGylNqA.jpg,Chicago:4490,attention,clean,-1,0,0,True,,154,5,950589688255160410,38,7448,0.1484375,0.3492480516433716,0.3492480516433716,0.6524615287780762,0.6524615287780762,0.3032134771347046,0.3032134771347046,1,1,0.0,0.0,0.0,0,0,1,1,1,0
1,Chicago/Chicago_0004490_2017_10_353_41.89499355426129_-87.62251936077243_KDjERcQy8ruBiuDSGylNqA.jpg,Chicago:4490,fused,clean,-1,0,0,True,,154,5,4871580560283690401,38,7448,0.1484375,0.3492480516433716,0.3492480516433716,0.6524615287780762,0.6524615287780762,0.3032134771347046,0.3032134771347046,1,1,0.0,0.0,0.0,0,0,1,1,1,0
1,Chicago/Chicago_0004490_2017_10_353_41.89499355426129_-87.62251936077243_KDjERcQy8ruBiuDSGylNqA.jpg,Chicago:4490,attention,targeted,-1,0,0,True,,154,5,950589688255160410,38,7448,0.1484375,0.3492480516433716,0.26027917861938477,0.6524615287780762,0.5334615707397461,0.3032134771347046,0.27318239212036133,1,1,0.08896887302398682,0.30115389823913574,0.11899995803833008,0,0,1,1,1,7448
1,Chicago/Chicago_0004490_2017_10_353_41.89499355426129_-87.62251936077243_KDjERcQy8ruBiuDSGylNqA.jpg,Chicago:4490,attention,random,0,-77,0,True,,154,5,950589688255160410,38,7448,0.1484375,0.3492480516433716,0.3221639394760132,0.6524615287780762,0.6209031939506531,0.3032134771347046,0.2987392544746399,1,1,0.0270841121673584,0.05986905097961426,0.031558334827423096,0,0,1,1,1,7448
1,Chicago/Chicago_0004490_2017_10_353_41.89499355426129_-87.62251936077243_KDjERcQy8ruBiuDSGylNqA.jpg,Chicago:4490,attention,random,1,-45,0,True,,154,5,950589688255160410,38,7448,0.1484375,0.3492480516433716,0.3019920885562897,0.6524615287780762,0.6206117272377014,0.3032134771347046,0.31861963868141174,1,1,0.04725596308708191,0.09682589769363403,0.031849801540374756,0,0,1,1,1,7448
1,Chicago/Chicago_0004490_2017_10_353_41.89499355426129_-87.62251936077243_KDjERcQy8ruBiuDSGylNqA.jpg,Chicago:4490,attention,random,2,-12,0,True,,154,5,950589688255160410,38,7448,0.1484375,0.3492480516433716,0.28758254647254944,0.6524615287780762,0.547722339630127,0.3032134771347046,0.2601397931575775,1,1,0.061665505170822144,0.2939866781234741,0.10473918914794922,0,0,1,1,1,7448
1,Chicago/Chicago_0004490_2017_10_353_41.89499355426129_-87.62251936077243_KDjERcQy8ruBiuDSGylNqA.jpg,Chicago:4490,attention,random,3,-14,0,True,,154,5,950589688255160410,38,7448,0.1484375,0.3492480516433716,0.28695541620254517,0.6524615287780762,0.5700857639312744,0.3032134771347046,0.28313034772872925,1,1,0.062292635440826416,0.2208261489868164,0.08237576484680176,0,0,1,1,1,7448
1,Chicago/Chicago_0004490_2017_10_353_41.89499355426129_-87.62251936077243_KDjERcQy8ruBiuDSGylNqA.jpg,Chicago:4490,attention,random,4,58,0,True,,154,5,950589688255160410,38,7448,0.1484375,0.3492480516433716,0.33906248211860657,0.6524615287780762,0.635716438293457,0.3032134771347046,0.29665395617485046,1,1,0.010185569524765015,0.08689665794372559,0.01674509048461914,0,0,1,1,1,7448
1,Chicago/Chicago_0004490_2017_10_353_41.89499355426129_-87.62251936077243_KDjERcQy8ruBiuDSGylNqA.jpg,Chicago:4490,fused,targeted,-1,0,0,True,,154,5,4871580560283690401,38,7448,0.1484375,0.3492480516433716,0.25589248538017273,0.6524615287780762,0.5276522636413574,0.3032134771347046,0.2717597782611847,1,1,0.09335556626319885,0.32136070728302,0.12480926513671875,0,0,1,1,1,7448
1,Chicago/Chicago_0004490_2017_10_353_41.89499355426129_-87.62251936077243_KDjERcQy8ruBiuDSGylNqA.jpg,Chicago:4490,fused,random,0,-32,0,True,,154,5,4871580560283690401,38,7448,0.1484375,0.3492480516433716,0.2620234787464142,0.6524615287780762,0.5886030793190002,0.3032134771347046,0.32657960057258606,1,1,0.0872245728969574,0.12885570526123047,0.06385844945907593,0,0,1,1,1,7448
1,Chicago/Chicago_0004490_2017_10_353_41.89499355426129_-87.62251936077243_KDjERcQy8ruBiuDSGylNqA.jpg,Chicago:4490,fused,random,1,66,0,True,,154,5,4871580560283690401,38,7448,0.1484375,0.3492480516433716,0.3320501446723938,0.6524615287780762,0.6359070539474487,0.3032134771347046,0.30385690927505493,1,1,0.017197906970977783,0.0676349401473999,0.01655447483062744,0,0,1,1,1,7448
1,Chicago/Chicago_0004490_2017_10_353_41.89499355426129_-87.62251936077243_KDjERcQy8ruBiuDSGylNqA.jpg,Chicago:4490,fused,random,2,48,0,True,,154,5,4871580560283690401,38,7448,0.1484375,0.3492480516433716,0.3389382064342499,0.6524615287780762,0.6355689764022827,0.3032134771347046,0.29663076996803284,1,1,0.010309845209121704,0.12560832500457764,0.016892552375793457,0,0,1,1,1,7448
1,Chicago/Chicago_0004490_2017_10_353_41.89499355426129_-87.62251936077243_KDjERcQy8ruBiuDSGylNqA.jpg,Chicago:4490,fused,random,3,-45,0,True,,154,5,4871580560283690401,38,7448,0.1484375,0.3492480516433716,0.3167799115180969,0.6524615287780762,0.6286218762397766,0.3032134771347046,0.3118419647216797,1,1,0.03246814012527466,0.1019086241722107,0.02383965253829956,0,0,1,1,1,7448
1,Chicago/Chicago_0004490_2017_10_353_41.89499355426129_-87.62251936077243_KDjERcQy8ruBiuDSGylNqA.jpg,Chicago:4490,fused,random,4,17,0,True,,154,5,4871580560283690401,38,7448,0.1484375,0.3492480516433716,0.2950003147125244,0.6524615287780762,0.5938388109207153,0.3032134771347046,0.2988384962081909,1,1,0.05424773693084717,0.24675440788269043,0.05862271785736084,0,0,1,1,1,7448
1,Phoenix/Phoenix_0004383_2011_03_098_33.46755977608167_-112.0571141903428_BJ6H6arU3t2O0bMGgue_Xw.jpg,Phoenix:4383,attention,clean,-1,0,0,True,,11004,5,2609301785311701641,38,7448,0.1484375,0.1932588815689087,0.1932588815689087,0.4868471622467041,0.4868471622467041,0.2935882806777954,0.2935882806777954,1,1,0.0,0.0,0.0,0,0,1,1,1,0
1,Phoenix/Phoenix_0004383_2011_03_098_33.46755977608167_-112.0571141903428_BJ6H6arU3t2O0bMGgue_Xw.jpg,Phoenix:4383,fused,clean,-1,0,0,True,,11004,5,2895010261979715716,38,7448,0.1484375,0.1932588815689087,0.1932588815689087,0.4868471622467041,0.4868471622467041,0.2935882806777954,0.2935882806777954,1,1,0.0,0.0,0.0,0,0,1,1,1,0
1,Phoenix/Phoenix_0004383_2011_03_098_33.46755977608167_-112.0571141903428_BJ6H6arU3t2O0bMGgue_Xw.jpg,Phoenix:4383,attention,targeted,-1,0,0,True,,11004,5,2609301785311701641,38,7448,0.1484375,0.1932588815689087,0.18072426319122314,0.4868471622467041,0.4737818241119385,0.2935882806777954,0.29305756092071533,1,1,0.012534618377685547,0.20698320865631104,0.013065338134765625,0,0,1,1,1,7448
1,Phoenix/Phoenix_0004383_2011_03_098_33.46755977608167_-112.0571141903428_BJ6H6arU3t2O0bMGgue_Xw.jpg,Phoenix:4383,attention,random,0,-12,-103,True,,11004,5,2609301785311701641,38,7448,0.1484375,0.1932588815689087,0.17300629615783691,0.4868471622467041,0.45859265327453613,0.2935882806777954,0.2855863571166992,1,1,0.020252585411071777,0.10156619548797607,0.02825450897216797,0,0,1,1,1,7448
1,Phoenix/Phoenix_0004383_2011_03_098_33.46755977608167_-112.0571141903428_BJ6H6arU3t2O0bMGgue_Xw.jpg,Phoenix:4383,attention,random,1,-48,-10,True,,11004,5,2609301785311701641,38,7448,0.1484375,0.1932588815689087,0.2005031406879425,0.4868471622467041,0.5056220293045044,0.2935882806777954,0.3051188886165619,1,1,-0.0072442591190338135,0.1486760973930359,-0.018774867057800293,0,0,1,1,1,7448
1,Phoenix/Phoenix_0004383_2011_03_098_33.46755977608167_-112.0571141903428_BJ6H6arU3t2O0bMGgue_Xw.jpg,Phoenix:4383,attention,random,2,-58,-51,True,,11004,5,2609301785311701641,38,7448,0.1484375,0.1932588815689087,0.22600117325782776,0.4868471622467041,0.49200132489204407,0.2935882806777954,0.2660001516342163,1,1,-0.03274229168891907,0.10062211751937866,-0.005154162645339966,0,0,1,1,1,7448
1,Phoenix/Phoenix_0004383_2011_03_098_33.46755977608167_-112.0571141903428_BJ6H6arU3t2O0bMGgue_Xw.jpg,Phoenix:4383,attention,random,3,-53,-60,True,,11004,5,2609301785311701641,38,7448,0.1484375,0.1932588815689087,0.2314426302909851,0.4868471622467041,0.4953906536102295,0.2935882806777954,0.2639480233192444,1,1,-0.038183748722076416,0.07863873243331909,-0.00854349136352539,0,0,1,1,1,7448
1,Phoenix/Phoenix_0004383_2011_03_098_33.46755977608167_-112.0571141903428_BJ6H6arU3t2O0bMGgue_Xw.jpg,Phoenix:4383,attention,random,4,-2,-12,True,,11004,5,2609301785311701641,38,7448,0.1484375,0.1932588815689087,0.21001270413398743,0.4868471622467041,0.5056924819946289,0.2935882806777954,0.2956797778606415,1,1,-0.016753822565078735,0.17058229446411133,-0.018845319747924805,0,0,1,1,1,7448
1,Phoenix/Phoenix_0004383_2011_03_098_33.46755977608167_-112.0571141903428_BJ6H6arU3t2O0bMGgue_Xw.jpg,Phoenix:4383,fused,targeted,-1,0,0,True,,11004,5,2895010261979715716,38,7448,0.1484375,0.1932588815689087,0.17821982502937317,0.4868471622467041,0.4701281487941742,0.2935882806777954,0.291908323764801,1,1,0.015039056539535522,0.22159892320632935,0.016719013452529907,0,0,1,1,1,7448
1,Phoenix/Phoenix_0004383_2011_03_098_33.46755977608167_-112.0571141903428_BJ6H6arU3t2O0bMGgue_Xw.jpg,Phoenix:4383,fused,random,0,-50,-138,True,,11004,5,2895010261979715716,38,7448,0.1484375,0.1932588815689087,0.14790400862693787,0.4868471622467041,0.4374214708805084,0.2935882806777954,0.28951746225357056,1,1,0.045354872941970825,0.0702444314956665,0.04942569136619568,0,0,1,1,1,7448
1,Phoenix/Phoenix_0004383_2011_03_098_33.46755977608167_-112.0571141903428_BJ6H6arU3t2O0bMGgue_Xw.jpg,Phoenix:4383,fused,random,1,-1,-33,True,,11004,5,2895010261979715716,38,7448,0.1484375,0.1932588815689087,0.15941834449768066,0.4868471622467041,0.483256995677948,0.2935882806777954,0.32383865118026733,1,1,0.03384053707122803,0.10415935516357422,0.0035901665687561035,0,0,1,1,1,7448
1,Phoenix/Phoenix_0004383_2011_03_098_33.46755977608167_-112.0571141903428_BJ6H6arU3t2O0bMGgue_Xw.jpg,Phoenix:4383,fused,random,2,-50,-100,True,,11004,5,2895010261979715716,38,7448,0.1484375,0.1932588815689087,0.19817215204238892,0.4868471622467041,0.4866263270378113,0.2935882806777954,0.28845417499542236,1,1,-0.004913270473480225,0.06448507308959961,0.00022083520889282227,0,0,1,1,1,7448
1,Phoenix/Phoenix_0004383_2011_03_098_33.46755977608167_-112.0571141903428_BJ6H6arU3t2O0bMGgue_Xw.jpg,Phoenix:4383,fused,random,3,-7,-19,True,,11004,5,2895010261979715716,38,7448,0.1484375,0.1932588815689087,0.17291894555091858,0.4868471622467041,0.48684436082839966,0.2935882806777954,0.3139254152774811,1,1,0.020339936017990112,0.14606720209121704,2.8014183044433594e-06,0,0,1,1,1,7448
1,Phoenix/Phoenix_0004383_2011_03_098_33.46755977608167_-112.0571141903428_BJ6H6arU3t2O0bMGgue_Xw.jpg,Phoenix:4383,fused,random,4,-38,-85,True,,11004,5,2895010261979715716,38,7448,0.1484375,0.1932588815689087,0.21182528138160706,0.4868471622467041,0.493765652179718,0.2935882806777954,0.28194037079811096,1,1,-0.018566399812698364,0.07628250122070312,-0.006918489933013916,0,0,1,1,1,7448
1,London/London_0000881_2016_08_079_51.49052279418894_-0.1678955496967318_mRwJxlDODHDJQW9KlujLyA.jpg,London:881,attention,clean,-1,0,0,True,,6440,5,5249288119911393549,38,7448,0.1484375,0.33410972356796265,0.33410972356796265,0.7027732133865356,0.7027732133865356,0.368663489818573,0.368663489818573,1,1,0.0,0.0,0.0,0,0,1,1,1,0
1,London/London_0000881_2016_08_079_51.49052279418894_-0.1678955496967318_mRwJxlDODHDJQW9KlujLyA.jpg,London:881,fused,clean,-1,0,0,True,,6440,5,5862418489424262794,38,7448,0.1484375,0.33410972356796265,0.33410972356796265,0.7027732133865356,0.7027732133865356,0.368663489818573,0.368663489818573,1,1,0.0,0.0,0.0,0,0,1,1,1,0
1,London/London_0000881_2016_08_079_51.49052279418894_-0.1678955496967318_mRwJxlDODHDJQW9KlujLyA.jpg,London:881,attention,targeted,-1,0,0,True,,6440,5,5249288119911393549,38,7448,0.1484375,0.33410972356796265,0.36735984683036804,0.7027732133865356,0.6907875537872314,0.368663489818573,0.3234277069568634,1,1,-0.033250123262405396,0.11204135417938232,0.0119856595993042,0,0,1,1,1,7448
1,London/London_0000881_2016_08_079_51.49052279418894_-0.1678955496967318_mRwJxlDODHDJQW9KlujLyA.jpg,London:881,attention,random,0,-12,36,True,,6440,5,5249288119911393549,38,7448,0.1484375,0.33410972356796265,0.32915639877319336,0.7027732133865356,0.6726926565170288,0.368663489818573,0.34353625774383545,1,1,0.004953324794769287,0.12431049346923828,0.030080556869506836,0,0,1,1,1,7448
1,London/London_0000881_2016_08_079_51.49052279418894_-0.1678955496967318_mRwJxlDODHDJQW9KlujLyA.jpg,London:881,attention,random,1,-11,45,True,,6440,5,5249288119911393549,38,7448,0.1484375,0.33410972356796265,0.36063680052757263,0.7027732133865356,0.7038856744766235,0.368663489818573,0.3432488739490509,1,1,-0.026527076959609985,0.11059200763702393,-0.0011124610900878906,0,0,1,1,1,7448
1,London/London_0000881_2016_08_079_51.49052279418894_-0.1678955496967318_mRwJxlDODHDJQW9KlujLyA.jpg,London:881,attention,random,2,-33,18,True,,6440,5,5249288119911393549,38,7448,0.1484375,0.33410972356796265,0.34631162881851196,0.7027732133865356,0.6815391778945923,0.368663489818573,0.3352275490760803,1,1,-0.012201905250549316,0.08729755878448486,0.02123403549194336,0,0,1,1,1,7448
1,London/London_0000881_2016_08_079_51.49052279418894_-0.1678955496967318_mRwJxlDODHDJQW9KlujLyA.jpg,London:881,attention,random,3,-6,17,True,,6440,5,5249288119911393549,38,7448,0.1484375,0.33410972356796265,0.354729026556015,0.7027732133865356,0.6917592883110046,0.368663489818573,0.3370302617549896,1,1,-0.020619302988052368,0.165391206741333,0.011013925075531006,0,0,1,1,1,7448
1,London/London_0000881_2016_08_079_51.49052279418894_-0.1678955496967318_mRwJxlDODHDJQW9KlujLyA.jpg,London:881,attention,random,4,-91,39,True,,6440,5,5249288119911393549,38,7448,0.1484375,0.33410972356796265,0.2708665132522583,0.7027732133865356,0.6484512090682983,0.368663489818573,0.37758469581604004,1,1,0.06324321031570435,0.06626605987548828,0.054322004318237305,0,0,1,1,1,7448
1,London/London_0000881_2016_08_079_51.49052279418894_-0.1678955496967318_mRwJxlDODHDJQW9KlujLyA.jpg,London:881,fused,targeted,-1,0,0,True,,6440,5,5862418489424262794,38,7448,0.1484375,0.33410972356796265,0.36735984683036804,0.7027732133865356,0.6907875537872314,0.368663489818573,0.3234277069568634,1,1,-0.033250123262405396,0.11204135417938232,0.0119856595993042,0,0,1,1,1,7448
1,London/London_0000881_2016_08_079_51.49052279418894_-0.1678955496967318_mRwJxlDODHDJQW9KlujLyA.jpg,London:881,fused,random,0,-87,2,True,,6440,5,5862418489424262794,38,7448,0.1484375,0.33410972356796265,0.29627725481987,0.7027732133865356,0.6620919704437256,0.368663489818573,0.3658147156238556,1,1,0.03783246874809265,0.07539284229278564,0.04068124294281006,0,0,1,1,1,7448
1,London/London_0000881_2016_08_079_51.49052279418894_-0.1678955496967318_mRwJxlDODHDJQW9KlujLyA.jpg,London:881,fused,random,1,-19,40,True,,6440,5,5862418489424262794,38,7448,0.1484375,0.33410972356796265,0.34654903411865234,0.7027732133865356,0.6987985372543335,0.368663489818573,0.35224950313568115,1,1,-0.012439310550689697,0.07670199871063232,0.0039746761322021484,0,0,1,1,1,7448
1,London/London_0000881_2016_08_079_51.49052279418894_-0.1678955496967318_mRwJxlDODHDJQW9KlujLyA.jpg,London:881,fused,random,2,-83,6,True,,6440,5,5862418489424262794,38,7448,0.1484375,0.33410972356796265,0.27763745188713074,0.7027732133865356,0.6702072620391846,0.368663489818573,0.39256981015205383,1,1,0.05647227168083191,0.08347088098526001,0.032565951347351074,0,0,1,1,1,7448
1,London/London_0000881_2016_08_079_51.49052279418894_-0.1678955496967318_mRwJxlDODHDJQW9KlujLyA.jpg,London:881,fused,random,3,-43,43,True,,6440,5,5862418489424262794,38,7448,0.1484375,0.33410972356796265,0.33768707513809204,0.7027732133865356,0.6739416122436523,0.368663489818573,0.3362545371055603,1,1,-0.0035773515701293945,0.056476712226867676,0.0288316011428833,0,0,1,1,1,7448
1,London/London_0000881_2016_08_079_51.49052279418894_-0.1678955496967318_mRwJxlDODHDJQW9KlujLyA.jpg,London:881,fused,random,4,-27,44,True,,6440,5,5862418489424262794,38,7448,0.1484375,0.33410972356796265,0.36065131425857544,0.7027732133865356,0.7026025056838989,0.368663489818573,0.3419511914253235,1,1,-0.026541590690612793,0.058825790882110596,0.00017070770263671875,0,0,1,1,1,7448
1,Brussels/Brussels_0002530_2019_03_030_50.86089065277829_4.341250613701981_SSy991jO3fV9zStrBxi8hw.jpg,Brussels:2530,attention,clean,-1,0,0,True,,14350,5,2747209084518593392,38,7448,0.1484375,0.0621049702167511,0.0621049702167511,0.26492276787757874,0.26492276787757874,0.20281779766082764,0.20281779766082764,1,1,0.0,0.0,0.0,0,0,1,1,1,0
1,Brussels/Brussels_0002530_2019_03_030_50.86089065277829_4.341250613701981_SSy991jO3fV9zStrBxi8hw.jpg,Brussels:2530,fused,clean,-1,0,0,True,,15932,5,3307956659937199143,38,7448,0.1484375,0.0621049702167511,0.0621049702167511,0.26492276787757874,0.26492276787757874,0.20281779766082764,0.20281779766082764,1,1,0.0,0.0,0.0,0,0,1,1,1,0
1,Brussels/Brussels_0002530_2019_03_030_50.86089065277829_4.341250613701981_SSy991jO3fV9zStrBxi8hw.jpg,Brussels:2530,attention,targeted,-1,0,0,True,,14350,5,2747209084518593392,38,7448,0.1484375,0.0621049702167511,-0.038884103298187256,0.26492276787757874,0.11153590679168701,0.20281779766082764,0.15042001008987427,1,14,0.10098907351493835,0.38920825719833374,0.15338686108589172,13,1,0,0,0,7448
1,Brussels/Brussels_0002530_2019_03_030_50.86089065277829_4.341250613701981_SSy991jO3fV9zStrBxi8hw.jpg,Brussels:2530,attention,random,0,27,47,True,,14350,5,2747209084518593392,38,7448,0.1484375,0.0621049702167511,0.0473591685295105,0.26492276787757874,0.216526597738266,0.20281779766082764,0.1691674292087555,1,1,0.0147458016872406,0.14832741022109985,0.048396170139312744,0,0,1,1,1,7448
1,Brussels/Brussels_0002530_2019_03_030_50.86089065277829_4.341250613701981_SSy991jO3fV9zStrBxi8hw.jpg,Brussels:2530,attention,random,1,41,62,True,,14350,5,2747209084518593392,38,7448,0.1484375,0.0621049702167511,0.04735782742500305,0.26492276787757874,0.2459254264831543,0.20281779766082764,0.19856759905815125,1,1,0.014747142791748047,0.11645537614822388,0.01899734139442444,0,0,1,1,1,7448
1,Brussels/Brussels_0002530_2019_03_030_50.86089065277829_4.341250613701981_SSy991jO3fV9zStrBxi8hw.jpg,Brussels:2530,attention,random,2,-52,98,True,,14350,5,2747209084518593392,38,7448,0.1484375,0.0621049702167511,0.059431806206703186,0.26492276787757874,0.2826923131942749,0.20281779766082764,0.22326050698757172,1,1,0.0026731640100479126,0.11632853746414185,-0.017769545316696167,0,0,1,1,1,7448
1,Brussels/Brussels_0002530_2019_03_030_50.86089065277829_4.341250613701981_SSy991jO3fV9zStrBxi8hw.jpg,Brussels:2530,attention,random,3,66,60,True,,14350,5,2747209084518593392,38,7448,0.1484375,0.0621049702167511,0.05358181893825531,0.26492276787757874,0.2644173502922058,0.20281779766082764,0.2108355313539505,1,1,0.008523151278495789,0.08578717708587646,0.0005054175853729248,0,0,1,1,1,7448
1,Brussels/Brussels_0002530_2019_03_030_50.86089065277829_4.341250613701981_SSy991jO3fV9zStrBxi8hw.jpg,Brussels:2530,attention,random,4,-5,101,True,,14350,5,2747209084518593392,38,7448,0.1484375,0.0621049702167511,0.08912776410579681,0.26492276787757874,0.2805582582950592,0.20281779766082764,0.1914304941892624,1,1,-0.027022793889045715,0.1351279616355896,-0.01563549041748047,0,0,1,1,1,7448
1,Brussels/Brussels_0002530_2019_03_030_50.86089065277829_4.341250613701981_SSy991jO3fV9zStrBxi8hw.jpg,Brussels:2530,fused,targeted,-1,0,0,True,,15932,5,3307956659937199143,38,7448,0.1484375,0.0621049702167511,-0.06702279299497604,0.26492276787757874,0.11569038778543472,0.20281779766082764,0.18271318078041077,1,10,0.12912776321172714,0.3595939874649048,0.149232380092144,9,1,0,0,1,7448
1,Brussels/Brussels_0002530_2019_03_030_50.86089065277829_4.341250613701981_SSy991jO3fV9zStrBxi8hw.jpg,Brussels:2530,fused,random,0,16,82,True,,15932,5,3307956659937199143,38,7448,0.1484375,0.0621049702167511,0.06601010262966156,0.26492276787757874,0.24524840712547302,0.20281779766082764,0.17923830449581146,1,1,-0.0039051324129104614,0.13628417253494263,0.019674360752105713,0,0,1,1,1,7448
1,Brussels/Brussels_0002530_2019_03_030_50.86089065277829_4.341250613701981_SSy991jO3fV9zStrBxi8hw.jpg,Brussels:2530,fused,random,1,45,42,True,,15932,5,3307956659937199143,38,7448,0.1484375,0.0621049702167511,0.057656124234199524,0.26492276787757874,0.25727081298828125,0.20281779766082764,0.19961468875408173,1,1,0.004448845982551575,0.1368657350540161,0.007651954889297485,0,0,1,1,1,7448
1,Brussels/Brussels_0002530_2019_03_030_50.86089065277829_4.341250613701981_SSy991jO3fV9zStrBxi8hw.jpg,Brussels:2530,fused,random,2,44,103,True,,15932,5,3307956659937199143,38,7448,0.1484375,0.0621049702167511,0.07823961973190308,0.26492276787757874,0.2728939354419708,0.20281779766082764,0.19465431571006775,1,1,-0.016134649515151978,0.06755751371383667,-0.00797116756439209,0,0,1,1,1,7448
1,Brussels/Brussels_0002530_2019_03_030_50.86089065277829_4.341250613701981_SSy991jO3fV9zStrBxi8hw.jpg,Brussels:2530,fused,random,3,42,69,True,,15932,5,3307956659937199143,38,7448,0.1484375,0.0621049702167511,0.05604808032512665,0.26492276787757874,0.25121113657951355,0.20281779766082764,0.1951630562543869,1,1,0.006056889891624451,0.1135948896408081,0.013711631298065186,0,0,1,1,1,7448
1,Brussels/Brussels_0002530_2019_03_030_50.86089065277829_4.341250613701981_SSy991jO3fV9zStrBxi8hw.jpg,Brussels:2530,fused,random,4,8,70,True,,15932,5,3307956659937199143,38,7448,0.1484375,0.0621049702167511,0.05384393036365509,0.26492276787757874,0.22838014364242554,0.20281779766082764,0.17453621327877045,1,1,0.008261039853096008,0.14910590648651123,0.0365426242351532,0,0,1,1,1,7448
1,MexicoCity/MexicoCity_0000831_2017_01_421_19.43490016438329_-99.16351756404356_UXlwW-S6Epmp3t7N831QEA.jpg,MexicoCity:831,attention,clean,-1,0,0,True,,154,5,1548298087270032152,38,7448,0.1484375,0.12347877025604248,0.12347877025604248,0.2964305579662323,0.2964305579662323,0.17295178771018982,0.17295178771018982,1,1,0.0,0.0,0.0,0,0,1,1,1,0
1,MexicoCity/MexicoCity_0000831_2017_01_421_19.43490016438329_-99.16351756404356_UXlwW-S6Epmp3t7N831QEA.jpg,MexicoCity:831,fused,clean,-1,0,0,True,,4494,5,4786620576258414905,38,7448,0.1484375,0.12347877025604248,0.12347877025604248,0.2964305579662323,0.2964305579662323,0.17295178771018982,0.17295178771018982,1,1,0.0,0.0,0.0,0,0,1,1,1,0
1,MexicoCity/MexicoCity_0000831_2017_01_421_19.43490016438329_-99.16351756404356_UXlwW-S6Epmp3t7N831QEA.jpg,MexicoCity:831,attention,targeted,-1,0,0,True,,154,5,1548298087270032152,38,7448,0.1484375,0.12347877025604248,0.04139341413974762,0.2964305579662323,0.22060631215572357,0.17295178771018982,0.17921289801597595,1,1,0.08208535611629486,0.40261948108673096,0.07582424581050873,0,0,1,1,1,7448
1,MexicoCity/MexicoCity_0000831_2017_01_421_19.43490016438329_-99.16351756404356_UXlwW-S6Epmp3t7N831QEA.jpg,MexicoCity:831,attention,random,0,-23,0,True,,154,5,1548298087270032152,38,7448,0.1484375,0.12347877025604248,0.04243747889995575,0.2964305579662323,0.20219260454177856,0.17295178771018982,0.15975512564182281,1,1,0.08104129135608673,0.375643253326416,0.09423795342445374,0,0,1,1,1,7448
1,MexicoCity/MexicoCity_0000831_2017_01_421_19.43490016438329_-99.16351756404356_UXlwW-S6Epmp3t7N831QEA.jpg,MexicoCity:831,attention,random,1,38,0,True,,154,5,1548298087270032152,38,7448,0.1484375,0.12347877025604248,0.10353650152683258,0.2964305579662323,0.28878289461135864,0.17295178771018982,0.18524639308452606,1,1,0.0199422687292099,0.15274745225906372,0.007647663354873657,0,0,1,1,1,7448
1,MexicoCity/MexicoCity_0000831_2017_01_421_19.43490016438329_-99.16351756404356_UXlwW-S6Epmp3t7N831QEA.jpg,MexicoCity:831,attention,random,2,-15,0,True,,154,5,1548298087270032152,38,7448,0.1484375,0.12347877025604248,-0.006092667579650879,0.2964305579662323,0.16157609224319458,0.17295178771018982,0.16766875982284546,1,3,0.12957143783569336,0.410534143447876,0.13485446572303772,2,1,0,1,1,7448
1,MexicoCity/MexicoCity_0000831_2017_01_421_19.43490016438329_-99.16351756404356_UXlwW-S6Epmp3t7N831QEA.jpg,MexicoCity:831,attention,random,3,-48,0,True,,154,5,1548298087270032152,38,7448,0.1484375,0.12347877025604248,0.081048384308815,0.2964305579662323,0.24790059030056,0.17295178771018982,0.166852205991745,1,1,0.04243038594722748,0.21784722805023193,0.0485299676656723,0,0,1,1,1,7448
1,MexicoCity/MexicoCity_0000831_2017_01_421_19.43490016438329_-99.16351756404356_UXlwW-S6Epmp3t7N831QEA.jpg,MexicoCity:831,attention,random,4,-10,0,True,,154,5,1548298087270032152,38,7448,0.1484375,0.12347877025604248,0.030810192227363586,0.2964305579662323,0.1912042498588562,0.17295178771018982,0.16039405763149261,1,1,0.0926685780286789,0.4133428931236267,0.1052263081073761,0,0,1,1,1,7448
1,MexicoCity/MexicoCity_0000831_2017_01_421_19.43490016438329_-99.16351756404356_UXlwW-S6Epmp3t7N831QEA.jpg,MexicoCity:831,fused,targeted,-1,0,0,True,,4494,5,4786620576258414905,38,7448,0.1484375,0.12347877025604248,0.028193116188049316,0.2964305579662323,0.19742056727409363,0.17295178771018982,0.1692274510860443,1,1,0.09528565406799316,0.3615626096725464,0.09900999069213867,0,0,1,1,1,7448
1,MexicoCity/MexicoCity_0000831_2017_01_421_19.43490016438329_-99.16351756404356_UXlwW-S6Epmp3t7N831QEA.jpg,MexicoCity:831,fused,random,0,80,1,True,,4494,5,4786620576258414905,38,7448,0.1484375,0.12347877025604248,0.1280868947505951,0.2964305579662323,0.29707658290863037,0.17295178771018982,0.16898968815803528,1,1,-0.004608124494552612,0.04864734411239624,-0.0006460249423980713,0,0,1,1,1,7448
1,MexicoCity/MexicoCity_0000831_2017_01_421_19.43490016438329_-99.16351756404356_UXlwW-S6Epmp3t7N831QEA.jpg,MexicoCity:831,fused,random,1,7,10,True,,4494,5,4786620576258414905,38,7448,0.1484375,0.12347877025604248,0.0856122076511383,0.2964305579662323,0.25698667764663696,0.17295178771018982,0.17137446999549866,1,1,0.037866562604904175,0.327562153339386,0.03944388031959534,0,0,1,1,1,7448
1,MexicoCity/MexicoCity_0000831_2017_01_421_19.43490016438329_-99.16351756404356_UXlwW-S6Epmp3t7N831QEA.jpg,MexicoCity:831,fused,random,2,-48,4,True,,4494,5,4786620576258414905,38,7448,0.1484375,0.12347877025604248,0.10424569249153137,0.2964305579662323,0.2616756856441498,0.17295178771018982,0.1574299931526184,1,1,0.01923307776451111,0.22781413793563843,0.03475487232208252,0,0,1,1,1,7448
1,MexicoCity/MexicoCity_0000831_2017_01_421_19.43490016438329_-99.16351756404356_UXlwW-S6Epmp3t7N831QEA.jpg,MexicoCity:831,fused,random,3,31,2,True,,4494,5,4786620576258414905,38,7448,0.1484375,0.12347877025604248,0.10338263213634491,0.2964305579662323,0.2703593373298645,0.17295178771018982,0.1669767051935196,1,1,0.02009613811969757,0.18141615390777588,0.026071220636367798,0,0,1,1,1,7448
1,MexicoCity/MexicoCity_0000831_2017_01_421_19.43490016438329_-99.16351756404356_UXlwW-S6Epmp3t7N831QEA.jpg,MexicoCity:831,fused,random,4,-52,6,True,,4494,5,4786620576258414905,38,7448,0.1484375,0.12347877025604248,0.109230637550354,0.2964305579662323,0.26549363136291504,0.17295178771018982,0.15626299381256104,1,1,0.014248132705688477,0.22264766693115234,0.03093692660331726,0,0,1,1,1,7448
